Metric,Expected,Observed,Absolute_Difference
Accuracy,0.9969,0.996875,2.5000000000052758e-05
Macro_F1,0.8065,0.8064746828624799,2.5317137520075583e-05
Weighted_F1,0.997,0.9970281200005328,2.812000053276087e-05
