Metric,Expected,Observed,Absolute_Difference
Accuracy,0.9952,0.995225,2.5000000000052758e-05
Macro_F1,0.7423,0.742293666099453,6.33390054693983e-06
Weighted_F1,0.9959,0.9958840729741343,1.5927025865725142e-05
