Model,Test_Events,Errors,Overall_Error_Rate,Mean_Confidence_Correct,Mean_Confidence_Errors,Median_Confidence_Errors,Fraction_Errors_Above_0.99,Error_Detection_AUROC,Error_Detection_AUPRC
Decision Tree,80000,250,0.003125,0.9999244845485737,0.9717440676486799,1.0,0.896,0.7205588965517241,0.1528052095828154
Random Forest,80000,382,0.004775,0.9917739512316084,0.6829053154122565,0.6388164664589371,0.08376963350785341,0.9788893307164747,0.3910150854927026
