event_id,configuration_id,generator,report_text,report_characters,report_words
UNSW-OFFICIAL-442,A0_template,deterministic_template,"Prediction Summary
The detector predicted Shellcode with confidence 0.7559.

Evidence
- ct_dst_src_ltm = 1; SHAP=0.065428; supports predicted class.
- sbytes = 684; SHAP=0.053514; supports predicted class.
- Service = unspecified; SHAP=0.046728; supports predicted class.
- dmean = 45; SHAP=0.032896; supports predicted class.
- Service is not http; SHAP=0.032821; supports predicted class.

Risk and Policy
The predicted operational stage is Advanced Intrusion. The confidence-weighted risk score is 6.4250, corresponding to the Block policy zone.

Recommended Action
Block the suspected source and initiate investigation.

Human Review
No mandatory confidence-based referral.

Limitations
This report describes the detector output and supplied evidence. It does not establish that the predicted class is ground truth.",819,109
UNSW-OFFICIAL-578,A0_template,deterministic_template,"Prediction Summary
The detector predicted Shellcode with confidence 0.9499.

Evidence
- smean = 161; SHAP=0.106775; supports predicted class.
- Protocol = udp; SHAP=0.106062; supports predicted class.
- sbytes = 322; SHAP=0.095455; supports predicted class.
- ct_dst_src_ltm = 1; SHAP=0.072197; supports predicted class.
- ct_dst_sport_ltm = 1; SHAP=0.046070; supports predicted class.

Risk and Policy
The predicted operational stage is Advanced Intrusion. The confidence-weighted risk score is 8.0744, corresponding to the Isolation policy zone.

Recommended Action
Isolate the affected asset and escalate to incident response.

Human Review
No mandatory confidence-based referral.

Limitations
This report describes the detector output and supplied evidence. It does not establish that the predicted class is ground truth.",825,110
UNSW-OFFICIAL-822,A0_template,deterministic_template,"Prediction Summary
The detector predicted Exploits with confidence 0.5474.

Evidence
- dinpkt = 17.7852; SHAP=0.039732; supports predicted class.
- dload = 580209; SHAP=0.039629; supports predicted class.
- dloss = 116; SHAP=0.035998; supports predicted class.
- sttl = 254; SHAP=-0.032058; opposes predicted class.
- dmean = 1307; SHAP=0.031393; supports predicted class.

Risk and Policy
The predicted operational stage is Exploitation. The confidence-weighted risk score is 3.5582, corresponding to the Alert policy zone.

Recommended Action
Raise a SOC alert and enrich the event context.

Human Review
Detector confidence below the fixed 0.70 threshold.

Limitations
This report describes the detector output and supplied evidence. It does not establish that the predicted class is ground truth.",800,112
UNSW-OFFICIAL-862,A0_template,deterministic_template,"Prediction Summary
The detector predicted Backdoor with confidence 0.4711.

Evidence
- ct_src_ltm = 11; SHAP=0.070665; supports predicted class.
- Protocol is not udp; SHAP=0.026709; supports predicted class.
- ct_dst_sport_ltm = 2; SHAP=0.025333; supports predicted class.
- sbytes = 200; SHAP=0.024697; supports predicted class.
- ct_dst_src_ltm = 6; SHAP=0.018927; supports predicted class.

Risk and Policy
The predicted operational stage is Command and Control. The confidence-weighted risk score is 3.7692, corresponding to the Alert policy zone.

Recommended Action
Raise a SOC alert and enrich the event context.

Human Review
Detector confidence below the fixed 0.70 threshold.

Limitations
This report describes the detector output and supplied evidence. It does not establish that the predicted class is ground truth.",828,115
UNSW-OFFICIAL-957,A0_template,deterministic_template,"Prediction Summary
The detector predicted Exploits with confidence 0.3625.

Evidence
- dload = 11647.9; SHAP=0.028200; supports predicted class.
- sinpkt = 16.7204; SHAP=0.024958; supports predicted class.
- sload = 34267.8; SHAP=0.024759; supports predicted class.
- ct_srv_dst = 1; SHAP=0.023809; supports predicted class.
- rate = 97.4995; SHAP=0.022821; supports predicted class.

Risk and Policy
The predicted operational stage is Exploitation. The confidence-weighted risk score is 2.3565, corresponding to the Alert policy zone.

Recommended Action
Raise a SOC alert and enrich the event context.

Human Review
Detector confidence below the fixed 0.70 threshold.

Limitations
This report describes the detector output and supplied evidence. It does not establish that the predicted class is ground truth.",811,112
UNSW-OFFICIAL-966,A0_template,deterministic_template,"Prediction Summary
The detector predicted Fuzzers with confidence 0.4442.

Evidence
- Protocol = udp; SHAP=0.081984; supports predicted class.
- ct_dst_src_ltm = 2; SHAP=0.062382; supports predicted class.
- ct_srv_src = 3; SHAP=0.042438; supports predicted class.
- ct_srv_dst = 2; SHAP=0.024724; supports predicted class.
- sload = 6.6e+07; SHAP=0.019887; supports predicted class.

Risk and Policy
The predicted operational stage is Exploitation. The confidence-weighted risk score is 2.8876, corresponding to the Alert policy zone.

Recommended Action
Raise a SOC alert and enrich the event context.

Human Review
Detector confidence below the fixed 0.70 threshold.

Limitations
This report describes the detector output and supplied evidence. It does not establish that the predicted class is ground truth.",811,112
UNSW-OFFICIAL-1294,A0_template,deterministic_template,"Prediction Summary
The detector predicted Fuzzers with confidence 0.4301.

Evidence
- smean = 53; SHAP=0.054717; supports predicted class.
- sbytes = 532; SHAP=0.047774; supports predicted class.
- sjit = 16274.1; SHAP=0.020908; supports predicted class.
- ackdat = 0.078321; SHAP=0.019428; supports predicted class.
- dinpkt = 338.222; SHAP=0.019197; supports predicted class.

Risk and Policy
The predicted operational stage is Exploitation. The confidence-weighted risk score is 2.7958, corresponding to the Alert policy zone.

Recommended Action
Raise a SOC alert and enrich the event context.

Human Review
Detector confidence below the fixed 0.70 threshold.

Limitations
This report describes the detector output and supplied evidence. It does not establish that the predicted class is ground truth.",805,112
UNSW-OFFICIAL-1319,A0_template,deterministic_template,"Prediction Summary
The detector predicted Shellcode with confidence 0.2860.

Evidence
- ct_dst_src_ltm = 1; SHAP=0.046651; supports predicted class.
- sbytes = 912; SHAP=0.032124; supports predicted class.
- smean = 91; SHAP=0.025341; supports predicted class.
- Service = unspecified; SHAP=0.020952; supports predicted class.
- sjit = 13291.6; SHAP=-0.018699; opposes predicted class.

Risk and Policy
The predicted operational stage is Advanced Intrusion. The confidence-weighted risk score is 2.4311, corresponding to the Alert policy zone.

Recommended Action
Raise a SOC alert and enrich the event context.

Human Review
Detector confidence below the fixed 0.70 threshold.

Limitations
This report describes the detector output and supplied evidence. It does not establish that the predicted class is ground truth.",819,113
UNSW-OFFICIAL-1468,A0_template,deterministic_template,"Prediction Summary
The detector predicted DoS with confidence 0.6832.

Evidence
- sttl = 254; SHAP=0.087562; supports predicted class.
- sloss = 14; SHAP=0.043217; supports predicted class.
- sbytes = 19789; SHAP=0.043141; supports predicted class.
- dbytes = 1844; SHAP=0.038687; supports predicted class.
- spkts = 34; SHAP=0.038458; supports predicted class.

Risk and Policy
The predicted operational stage is Impact / Availability. The confidence-weighted risk score is 4.7824, corresponding to the Alert policy zone.

Recommended Action
Raise a SOC alert and enrich the event context.

Human Review
Detector confidence below the fixed 0.70 threshold.

Limitations
This report describes the detector output and supplied evidence. It does not establish that the predicted class is ground truth.",798,114
UNSW-OFFICIAL-1587,A0_template,deterministic_template,"Prediction Summary
The detector predicted Exploits with confidence 0.4899.

Evidence
- dtcpb = 4.19464e+09; SHAP=0.031865; supports predicted class.
- sbytes = 1282; SHAP=0.024898; supports predicted class.
- ct_srv_dst = 1; SHAP=0.022620; supports predicted class.
- An application service is identified; SHAP=0.020238; supports predicted class.
- smean = 128; SHAP=0.020073; supports predicted class.

Risk and Policy
The predicted operational stage is Exploitation. The confidence-weighted risk score is 3.1846, corresponding to the Alert policy zone.

Recommended Action
Raise a SOC alert and enrich the event context.

Human Review
Detector confidence below the fixed 0.70 threshold.

Limitations
This report describes the detector output and supplied evidence. It does not establish that the predicted class is ground truth.",830,114
UNSW-OFFICIAL-1645,A0_template,deterministic_template,"Prediction Summary
The detector predicted DoS with confidence 0.2897.

Evidence
- Protocol is not udp; SHAP=0.025444; supports predicted class.
- sbytes = 180; SHAP=0.020385; supports predicted class.
- ct_dst_sport_ltm = 10; SHAP=0.011988; supports predicted class.
- smean = 90; SHAP=0.011698; supports predicted class.
- ct_src_ltm = 10; SHAP=-0.010283; opposes predicted class.

Risk and Policy
The predicted operational stage is Impact / Availability. The confidence-weighted risk score is 2.0282, corresponding to the Alert policy zone.

Recommended Action
Raise a SOC alert and enrich the event context.

Human Review
Detector confidence below the fixed 0.70 threshold.

Limitations
This report describes the detector output and supplied evidence. It does not establish that the predicted class is ground truth.",818,115
UNSW-OFFICIAL-1779,A0_template,deterministic_template,"Prediction Summary
The detector predicted Fuzzers with confidence 0.9094.

Evidence
- sloss = 3; SHAP=0.070818; supports predicted class.
- spkts = 12; SHAP=0.066586; supports predicted class.
- dbytes = 822; SHAP=0.063493; supports predicted class.
- sbytes = 1046; SHAP=0.060234; supports predicted class.
- dmean = 82; SHAP=0.055128; supports predicted class.

Risk and Policy
The predicted operational stage is Exploitation. The confidence-weighted risk score is 5.9111, corresponding to the Block policy zone.

Recommended Action
Block the suspected source and initiate investigation.

Human Review
No mandatory confidence-based referral.

Limitations
This report describes the detector output and supplied evidence. It does not establish that the predicted class is ground truth.",785,107
UNSW-OFFICIAL-1860,A0_template,deterministic_template,"Prediction Summary
The detector predicted Backdoor with confidence 0.2684.

Evidence
- Protocol is not udp; SHAP=0.022765; supports predicted class.
- sbytes = 200; SHAP=0.015549; supports predicted class.
- ct_dst_sport_ltm = 2; SHAP=0.010563; supports predicted class.
- smean = 100; SHAP=0.007614; supports predicted class.
- ct_dst_src_ltm = 4; SHAP=0.007161; supports predicted class.

Risk and Policy
The predicted operational stage is Command and Control. The confidence-weighted risk score is 2.1474, corresponding to the Alert policy zone.

Recommended Action
Raise a SOC alert and enrich the event context.

Human Review
Detector confidence below the fixed 0.70 threshold.

Limitations
This report describes the detector output and supplied evidence. It does not establish that the predicted class is ground truth.",824,115
UNSW-OFFICIAL-2180,A0_template,deterministic_template,"Prediction Summary
The detector predicted Fuzzers with confidence 0.5810.

Evidence
- smean = 52; SHAP=0.035399; supports predicted class.
- sbytes = 518; SHAP=0.031295; supports predicted class.
- dpkts = 6; SHAP=0.031254; supports predicted class.
- dmean = 45; SHAP=0.030894; supports predicted class.
- dbytes = 268; SHAP=0.028907; supports predicted class.

Risk and Policy
The predicted operational stage is Exploitation. The confidence-weighted risk score is 3.7768, corresponding to the Alert policy zone.

Recommended Action
Raise a SOC alert and enrich the event context.

Human Review
Detector confidence below the fixed 0.70 threshold.

Limitations
This report describes the detector output and supplied evidence. It does not establish that the predicted class is ground truth.",789,112
UNSW-OFFICIAL-2362,A0_template,deterministic_template,"Prediction Summary
The detector predicted Backdoor with confidence 0.2942.

Evidence
- Protocol is not udp; SHAP=0.023358; supports predicted class.
- sbytes = 200; SHAP=0.016420; supports predicted class.
- ct_dst_sport_ltm = 3; SHAP=0.013386; supports predicted class.
- ct_dst_src_ltm = 5; SHAP=0.010251; supports predicted class.
- ct_srv_src = 5; SHAP=0.008642; supports predicted class.

Risk and Policy
The predicted operational stage is Command and Control. The confidence-weighted risk score is 2.3535, corresponding to the Alert policy zone.

Recommended Action
Raise a SOC alert and enrich the event context.

Human Review
Detector confidence below the fixed 0.70 threshold.

Limitations
This report describes the detector output and supplied evidence. It does not establish that the predicted class is ground truth.",827,115
UNSW-OFFICIAL-2491,A0_template,deterministic_template,"Prediction Summary
The detector predicted Backdoor with confidence 0.3473.

Evidence
- Protocol is not udp; SHAP=0.035764; supports predicted class.
- Protocol = any; SHAP=0.026722; supports predicted class.
- sbytes = 200; SHAP=0.019626; supports predicted class.
- ct_srv_dst = 6; SHAP=0.016017; supports predicted class.
- ct_dst_src_ltm = 6; SHAP=0.015918; supports predicted class.

Risk and Policy
The predicted operational stage is Command and Control. The confidence-weighted risk score is 2.7781, corresponding to the Alert policy zone.

Recommended Action
Raise a SOC alert and enrich the event context.

Human Review
Detector confidence below the fixed 0.70 threshold.

Limitations
This report describes the detector output and supplied evidence. It does not establish that the predicted class is ground truth.",821,115
UNSW-OFFICIAL-2673,A0_template,deterministic_template,"Prediction Summary
The detector predicted Normal with confidence 0.8249.

Evidence
- sbytes = 1064; SHAP=0.087794; supports predicted class.
- ct_srv_src = 36; SHAP=0.084738; supports predicted class.
- ct_srv_dst = 36; SHAP=0.079077; supports predicted class.
- ct_dst_src_ltm = 36; SHAP=0.077483; supports predicted class.
- smean = 532; SHAP=0.060249; supports predicted class.

Risk and Policy
The predicted operational stage is Normal. The confidence-weighted risk score is 0.0000, corresponding to the Monitor policy zone.

Recommended Action
Log the event and continue monitoring.

Human Review
No mandatory confidence-based referral.

Limitations
This report describes the detector output and supplied evidence. It does not establish that the predicted class is ground truth.",783,106
UNSW-OFFICIAL-2751,A0_template,deterministic_template,"Prediction Summary
The detector predicted Reconnaissance with confidence 0.3652.

Evidence
- An application service is identified; SHAP=0.032781; supports predicted class.
- sbytes = 470; SHAP=0.024343; supports predicted class.
- Service = http; SHAP=0.023715; supports predicted class.
- ct_dst_src_ltm = 1; SHAP=0.014210; supports predicted class.
- sttl = 254; SHAP=0.013844; supports predicted class.

Risk and Policy
The predicted operational stage is Reconnaissance. The confidence-weighted risk score is 1.0957, corresponding to the Monitor policy zone.

Recommended Action
Log the event and continue monitoring.

Human Review
Detector confidence below the fixed 0.70 threshold.

Limitations
This report describes the detector output and supplied evidence. It does not establish that the predicted class is ground truth.",828,111
UNSW-OFFICIAL-2840,A0_template,deterministic_template,"Prediction Summary
The detector predicted DoS with confidence 0.3078.

Evidence
- Protocol is not udp; SHAP=0.023256; supports predicted class.
- spkts = 4; SHAP=0.012884; supports predicted class.
- sbytes = 360; SHAP=0.012552; supports predicted class.
- dur = 1.00765; SHAP=0.011982; supports predicted class.
- rate = 2.97722; SHAP=0.011365; supports predicted class.

Risk and Policy
The predicted operational stage is Impact / Availability. The confidence-weighted risk score is 2.1546, corresponding to the Alert policy zone.

Recommended Action
Raise a SOC alert and enrich the event context.

Human Review
Detector confidence below the fixed 0.70 threshold.

Limitations
This report describes the detector output and supplied evidence. It does not establish that the predicted class is ground truth.",808,115
UNSW-OFFICIAL-2842,A0_template,deterministic_template,"Prediction Summary
The detector predicted DoS with confidence 0.3078.

Evidence
- Protocol is not udp; SHAP=0.023256; supports predicted class.
- spkts = 4; SHAP=0.012884; supports predicted class.
- sbytes = 360; SHAP=0.012552; supports predicted class.
- dur = 1.00765; SHAP=0.011982; supports predicted class.
- rate = 2.97722; SHAP=0.011365; supports predicted class.

Risk and Policy
The predicted operational stage is Impact / Availability. The confidence-weighted risk score is 2.1546, corresponding to the Alert policy zone.

Recommended Action
Raise a SOC alert and enrich the event context.

Human Review
Detector confidence below the fixed 0.70 threshold.

Limitations
This report describes the detector output and supplied evidence. It does not establish that the predicted class is ground truth.",808,115
UNSW-OFFICIAL-2854,A0_template,deterministic_template,"Prediction Summary
The detector predicted Generic with confidence 0.3215.

Evidence
- sbytes = 92; SHAP=0.063563; supports predicted class.
- ct_src_ltm = 19; SHAP=0.056839; supports predicted class.
- smean = 46; SHAP=0.032682; supports predicted class.
- Service is not dns; SHAP=-0.027845; opposes predicted class.
- sload = 7.36e+07; SHAP=0.026977; supports predicted class.

Risk and Policy
The predicted operational stage is Exploitation. The confidence-weighted risk score is 2.0898, corresponding to the Alert policy zone.

Recommended Action
Raise a SOC alert and enrich the event context.

Human Review
Detector confidence below the fixed 0.70 threshold.

Limitations
This report describes the detector output and supplied evidence. It does not establish that the predicted class is ground truth.",806,113
UNSW-OFFICIAL-2866,A0_template,deterministic_template,"Prediction Summary
The detector predicted Backdoor with confidence 0.3181.

Evidence
- Protocol is not udp; SHAP=0.021064; supports predicted class.
- sbytes = 200; SHAP=0.016082; supports predicted class.
- ct_dst_sport_ltm = 3; SHAP=0.015327; supports predicted class.
- ct_src_dport_ltm = 3; SHAP=0.012274; supports predicted class.
- ct_dst_src_ltm = 4; SHAP=0.009562; supports predicted class.

Risk and Policy
The predicted operational stage is Command and Control. The confidence-weighted risk score is 2.5451, corresponding to the Alert policy zone.

Recommended Action
Raise a SOC alert and enrich the event context.

Human Review
Detector confidence below the fixed 0.70 threshold.

Limitations
This report describes the detector output and supplied evidence. It does not establish that the predicted class is ground truth.",833,115
UNSW-OFFICIAL-2899,A0_template,deterministic_template,"Prediction Summary
The detector predicted Reconnaissance with confidence 0.3208.

Evidence
- smean = 54; SHAP=-0.038280; opposes predicted class.
- dmean = 44; SHAP=0.027903; supports predicted class.
- sbytes = 542; SHAP=-0.025288; opposes predicted class.
- ct_dst_src_ltm = 1; SHAP=0.022325; supports predicted class.
- dbytes = 354; SHAP=0.021978; supports predicted class.

Risk and Policy
The predicted operational stage is Reconnaissance. The confidence-weighted risk score is 0.9625, corresponding to the Monitor policy zone.

Recommended Action
Log the event and continue monitoring.

Human Review
Detector confidence below the fixed 0.70 threshold.

Limitations
This report describes the detector output and supplied evidence. It does not establish that the predicted class is ground truth.",800,109
UNSW-OFFICIAL-2905,A0_template,deterministic_template,"Prediction Summary
The detector predicted Backdoor with confidence 0.4604.

Evidence
- ct_src_ltm = 11; SHAP=0.072963; supports predicted class.
- Protocol is not udp; SHAP=0.026055; supports predicted class.
- ct_dst_sport_ltm = 2; SHAP=0.025786; supports predicted class.
- sbytes = 200; SHAP=0.022590; supports predicted class.
- ct_srv_dst = 5; SHAP=0.018783; supports predicted class.

Risk and Policy
The predicted operational stage is Command and Control. The confidence-weighted risk score is 3.6833, corresponding to the Alert policy zone.

Recommended Action
Raise a SOC alert and enrich the event context.

Human Review
Detector confidence below the fixed 0.70 threshold.

Limitations
This report describes the detector output and supplied evidence. It does not establish that the predicted class is ground truth.",824,115
UNSW-OFFICIAL-2942,A0_template,deterministic_template,"Prediction Summary
The detector predicted DoS with confidence 0.2751.

Evidence
- Protocol is not udp; SHAP=0.021611; supports predicted class.
- sbytes = 200; SHAP=0.017289; supports predicted class.
- ct_dst_sport_ltm = 2; SHAP=0.010038; supports predicted class.
- smean = 100; SHAP=0.009639; supports predicted class.
- ct_dst_src_ltm = 3; SHAP=0.007137; supports predicted class.

Risk and Policy
The predicted operational stage is Impact / Availability. The confidence-weighted risk score is 1.9258, corresponding to the Monitor policy zone.

Recommended Action
Log the event and continue monitoring.

Human Review
Detector confidence below the fixed 0.70 threshold.

Limitations
This report describes the detector output and supplied evidence. It does not establish that the predicted class is ground truth.",814,112
UNSW-OFFICIAL-3205,A0_template,deterministic_template,"Prediction Summary
The detector predicted Backdoor with confidence 0.2774.

Evidence
- Protocol is not udp; SHAP=0.033544; supports predicted class.
- sbytes = 200; SHAP=0.017501; supports predicted class.
- ct_dst_src_ltm = 5; SHAP=0.012442; supports predicted class.
- ct_srv_dst = 5; SHAP=0.010376; supports predicted class.
- ct_srv_src = 5; SHAP=0.008903; supports predicted class.

Risk and Policy
The predicted operational stage is Command and Control. The confidence-weighted risk score is 2.2188, corresponding to the Alert policy zone.

Recommended Action
Raise a SOC alert and enrich the event context.

Human Review
Detector confidence below the fixed 0.70 threshold.

Limitations
This report describes the detector output and supplied evidence. It does not establish that the predicted class is ground truth.",821,115
UNSW-OFFICIAL-3580,A0_template,deterministic_template,"Prediction Summary
The detector predicted Exploits with confidence 0.4123.

Evidence
- ackdat = 0.008034; SHAP=0.033817; supports predicted class.
- tcprtt = 0.027466; SHAP=0.029046; supports predicted class.
- sinpkt = 17.6971; SHAP=0.028577; supports predicted class.
- dinpkt = 28.609; SHAP=0.026692; supports predicted class.
- dur = 0.162486; SHAP=0.024992; supports predicted class.

Risk and Policy
The predicted operational stage is Exploitation. The confidence-weighted risk score is 2.6802, corresponding to the Alert policy zone.

Recommended Action
Raise a SOC alert and enrich the event context.

Human Review
Detector confidence below the fixed 0.70 threshold.

Limitations
This report describes the detector output and supplied evidence. It does not establish that the predicted class is ground truth.",816,112
UNSW-OFFICIAL-3606,A0_template,deterministic_template,"Prediction Summary
The detector predicted Shellcode with confidence 0.2867.

Evidence
- ct_dst_src_ltm = 1; SHAP=0.057378; supports predicted class.
- sbytes = 982; SHAP=0.024227; supports predicted class.
- Service = unspecified; SHAP=0.020269; supports predicted class.
- smean = 98; SHAP=0.020171; supports predicted class.
- ct_srv_dst = 6; SHAP=-0.018790; opposes predicted class.

Risk and Policy
The predicted operational stage is Advanced Intrusion. The confidence-weighted risk score is 2.4368, corresponding to the Alert policy zone.

Recommended Action
Raise a SOC alert and enrich the event context.

Human Review
Detector confidence below the fixed 0.70 threshold.

Limitations
This report describes the detector output and supplied evidence. It does not establish that the predicted class is ground truth.",819,113
UNSW-OFFICIAL-3778,A0_template,deterministic_template,"Prediction Summary
The detector predicted Analysis with confidence 0.3791.

Evidence
- Protocol is not udp; SHAP=0.032383; supports predicted class.
- ct_dst_src_ltm = 3; SHAP=0.024647; supports predicted class.
- Protocol = unas; SHAP=0.024316; supports predicted class.
- sbytes = 200; SHAP=0.019345; supports predicted class.
- ct_srv_dst = 3; SHAP=0.016395; supports predicted class.

Risk and Policy
The predicted operational stage is Reconnaissance. The confidence-weighted risk score is 1.1374, corresponding to the Monitor policy zone.

Recommended Action
Log the event and continue monitoring.

Human Review
Detector confidence below the fixed 0.70 threshold.

Limitations
This report describes the detector output and supplied evidence. It does not establish that the predicted class is ground truth.",810,110
UNSW-OFFICIAL-3979,A0_template,deterministic_template,"Prediction Summary
The detector predicted Reconnaissance with confidence 0.9517.

Evidence
- sbytes = 168; SHAP=0.185328; supports predicted class.
- smean = 84; SHAP=0.161849; supports predicted class.
- Protocol = udp; SHAP=0.096370; supports predicted class.
- sload = 8.4e+07; SHAP=0.049026; supports predicted class.
- ct_dst_src_ltm = 1; SHAP=0.028072; supports predicted class.

Risk and Policy
The predicted operational stage is Reconnaissance. The confidence-weighted risk score is 2.8552, corresponding to the Alert policy zone.

Recommended Action
Raise a SOC alert and enrich the event context.

Human Review
No mandatory confidence-based referral.

Limitations
This report describes the detector output and supplied evidence. It does not establish that the predicted class is ground truth.",802,109
UNSW-OFFICIAL-4165,A0_template,deterministic_template,"Prediction Summary
The detector predicted Backdoor with confidence 0.4697.

Evidence
- ct_src_ltm = 12; SHAP=0.059324; supports predicted class.
- Protocol is not udp; SHAP=0.026405; supports predicted class.
- sbytes = 200; SHAP=0.022035; supports predicted class.
- ct_dst_sport_ltm = 2; SHAP=0.021109; supports predicted class.
- ct_srv_dst = 5; SHAP=0.019401; supports predicted class.

Risk and Policy
The predicted operational stage is Command and Control. The confidence-weighted risk score is 3.7576, corresponding to the Alert policy zone.

Recommended Action
Raise a SOC alert and enrich the event context.

Human Review
Detector confidence below the fixed 0.70 threshold.

Limitations
This report describes the detector output and supplied evidence. It does not establish that the predicted class is ground truth.",824,115
UNSW-OFFICIAL-4195,A0_template,deterministic_template,"Prediction Summary
The detector predicted Backdoor with confidence 0.5218.

Evidence
- ct_src_ltm = 10; SHAP=0.083918; supports predicted class.
- Protocol is not udp; SHAP=0.029177; supports predicted class.
- ct_dst_sport_ltm = 2; SHAP=0.026149; supports predicted class.
- sbytes = 200; SHAP=0.022997; supports predicted class.
- ct_dst_src_ltm = 5; SHAP=0.021030; supports predicted class.

Risk and Policy
The predicted operational stage is Command and Control. The confidence-weighted risk score is 4.1745, corresponding to the Alert policy zone.

Recommended Action
Raise a SOC alert and enrich the event context.

Human Review
Detector confidence below the fixed 0.70 threshold.

Limitations
This report describes the detector output and supplied evidence. It does not establish that the predicted class is ground truth.",828,115
UNSW-OFFICIAL-4263,A0_template,deterministic_template,"Prediction Summary
The detector predicted Worms with confidence 0.3400.

Evidence
- smean = 1025; SHAP=0.068827; supports predicted class.
- sbytes = 2050; SHAP=0.053061; supports predicted class.
- Protocol = udp; SHAP=0.023004; supports predicted class.
- ct_dst_ltm = 1; SHAP=-0.020963; opposes predicted class.
- sload = 1.36667e+09; SHAP=0.019142; supports predicted class.

Risk and Policy
The predicted operational stage is Advanced Intrusion. The confidence-weighted risk score is 2.8900, corresponding to the Alert policy zone.

Recommended Action
Raise a SOC alert and enrich the event context.

Human Review
Detector confidence below the fixed 0.70 threshold.

Limitations
This report describes the detector output and supplied evidence. It does not establish that the predicted class is ground truth.",812,113
UNSW-OFFICIAL-4309,A0_template,deterministic_template,"Prediction Summary
The detector predicted Backdoor with confidence 0.3473.

Evidence
- Protocol is not udp; SHAP=0.035764; supports predicted class.
- Protocol = any; SHAP=0.026722; supports predicted class.
- sbytes = 200; SHAP=0.019626; supports predicted class.
- ct_srv_dst = 6; SHAP=0.016017; supports predicted class.
- ct_dst_src_ltm = 6; SHAP=0.015918; supports predicted class.

Risk and Policy
The predicted operational stage is Command and Control. The confidence-weighted risk score is 2.7781, corresponding to the Alert policy zone.

Recommended Action
Raise a SOC alert and enrich the event context.

Human Review
Detector confidence below the fixed 0.70 threshold.

Limitations
This report describes the detector output and supplied evidence. It does not establish that the predicted class is ground truth.",821,115
UNSW-OFFICIAL-4395,A0_template,deterministic_template,"Prediction Summary
The detector predicted Exploits with confidence 0.7486.

Evidence
- sbytes = 1970; SHAP=0.054505; supports predicted class.
- An application service is identified; SHAP=0.045858; supports predicted class.
- smean = 141; SHAP=0.042716; supports predicted class.
- dmean = 66; SHAP=0.038185; supports predicted class.
- dloss = 4; SHAP=0.037461; supports predicted class.

Risk and Policy
The predicted operational stage is Exploitation. The confidence-weighted risk score is 4.8657, corresponding to the Alert policy zone.

Recommended Action
Raise a SOC alert and enrich the event context.

Human Review
No mandatory confidence-based referral.

Limitations
This report describes the detector output and supplied evidence. It does not establish that the predicted class is ground truth.",804,111
UNSW-OFFICIAL-4466,A0_template,deterministic_template,"Prediction Summary
The detector predicted Backdoor with confidence 0.3974.

Evidence
- ct_src_ltm = 19; SHAP=0.029359; supports predicted class.
- Protocol = wb-expak; SHAP=0.025115; supports predicted class.
- Protocol is not udp; SHAP=0.024862; supports predicted class.
- sbytes = 200; SHAP=0.019687; supports predicted class.
- ct_dst_sport_ltm = 2; SHAP=0.016185; supports predicted class.

Risk and Policy
The predicted operational stage is Command and Control. The confidence-weighted risk score is 3.1788, corresponding to the Alert policy zone.

Recommended Action
Raise a SOC alert and enrich the event context.

Human Review
Detector confidence below the fixed 0.70 threshold.

Limitations
This report describes the detector output and supplied evidence. It does not establish that the predicted class is ground truth.",829,115
UNSW-OFFICIAL-4496,A0_template,deterministic_template,"Prediction Summary
The detector predicted Backdoor with confidence 0.3192.

Evidence
- Protocol is not udp; SHAP=0.031649; supports predicted class.
- sbytes = 200; SHAP=0.019213; supports predicted class.
- Protocol = nsfnet-igp; SHAP=0.018855; supports predicted class.
- ct_dst_src_ltm = 4; SHAP=0.015678; supports predicted class.
- ct_srv_dst = 4; SHAP=0.011458; supports predicted class.

Risk and Policy
The predicted operational stage is Command and Control. The confidence-weighted risk score is 2.5540, corresponding to the Alert policy zone.

Recommended Action
Raise a SOC alert and enrich the event context.

Human Review
Detector confidence below the fixed 0.70 threshold.

Limitations
This report describes the detector output and supplied evidence. It does not establish that the predicted class is ground truth.",828,115
UNSW-OFFICIAL-4719,A0_template,deterministic_template,"Prediction Summary
The detector predicted Exploits with confidence 0.7878.

Evidence
- sbytes = 11680; SHAP=0.060612; supports predicted class.
- smean = 730; SHAP=0.043851; supports predicted class.
- dmean = 162; SHAP=0.039461; supports predicted class.
- sload = 246992; SHAP=0.036728; supports predicted class.
- dloss = 2; SHAP=0.029203; supports predicted class.

Risk and Policy
The predicted operational stage is Exploitation. The confidence-weighted risk score is 5.1207, corresponding to the Block policy zone.

Recommended Action
Block the suspected source and initiate investigation.

Human Review
No mandatory confidence-based referral.

Limitations
This report describes the detector output and supplied evidence. It does not establish that the predicted class is ground truth.",791,107
UNSW-OFFICIAL-4748,A0_template,deterministic_template,"Prediction Summary
The detector predicted Shellcode with confidence 0.9653.

Evidence
- Protocol = udp; SHAP=0.117500; supports predicted class.
- smean = 172; SHAP=0.109636; supports predicted class.
- sbytes = 344; SHAP=0.099791; supports predicted class.
- ct_dst_src_ltm = 1; SHAP=0.064431; supports predicted class.
- ct_dst_sport_ltm = 1; SHAP=0.040184; supports predicted class.

Risk and Policy
The predicted operational stage is Advanced Intrusion. The confidence-weighted risk score is 8.2054, corresponding to the Isolation policy zone.

Recommended Action
Isolate the affected asset and escalate to incident response.

Human Review
No mandatory confidence-based referral.

Limitations
This report describes the detector output and supplied evidence. It does not establish that the predicted class is ground truth.",825,110
UNSW-OFFICIAL-4896,A0_template,deterministic_template,"Prediction Summary
The detector predicted Exploits with confidence 0.8424.

Evidence
- sbytes = 2270; SHAP=0.111847; supports predicted class.
- smean = 227; SHAP=0.106076; supports predicted class.
- sload = 81110.5; SHAP=0.077092; supports predicted class.
- rate = 74.4406; SHAP=0.031246; supports predicted class.
- tcprtt = 0.052327; SHAP=0.028279; supports predicted class.

Risk and Policy
The predicted operational stage is Exploitation. The confidence-weighted risk score is 5.4757, corresponding to the Block policy zone.

Recommended Action
Block the suspected source and initiate investigation.

Human Review
No mandatory confidence-based referral.

Limitations
This report describes the detector output and supplied evidence. It does not establish that the predicted class is ground truth.",802,107
UNSW-OFFICIAL-5208,A0_template,deterministic_template,"Prediction Summary
The detector predicted Backdoor with confidence 0.5333.

Evidence
- ct_src_ltm = 11; SHAP=0.073017; supports predicted class.
- ct_dst_sport_ltm = 2; SHAP=0.030366; supports predicted class.
- Protocol is not udp; SHAP=0.027312; supports predicted class.
- ct_dst_src_ltm = 2; SHAP=0.025885; supports predicted class.
- Protocol = unas; SHAP=0.024593; supports predicted class.

Risk and Policy
The predicted operational stage is Command and Control. The confidence-weighted risk score is 4.2664, corresponding to the Alert policy zone.

Recommended Action
Raise a SOC alert and enrich the event context.

Human Review
Detector confidence below the fixed 0.70 threshold.

Limitations
This report describes the detector output and supplied evidence. It does not establish that the predicted class is ground truth.",831,115
UNSW-OFFICIAL-5249,A0_template,deterministic_template,"Prediction Summary
The detector predicted Backdoor with confidence 0.3264.

Evidence
- Protocol is not udp; SHAP=0.021339; supports predicted class.
- sbytes = 200; SHAP=0.015896; supports predicted class.
- ct_dst_src_ltm = 5; SHAP=0.014529; supports predicted class.
- ct_srv_dst = 5; SHAP=0.009983; supports predicted class.
- ct_dst_ltm = 2; SHAP=0.009923; supports predicted class.

Risk and Policy
The predicted operational stage is Command and Control. The confidence-weighted risk score is 2.6114, corresponding to the Alert policy zone.

Recommended Action
Raise a SOC alert and enrich the event context.

Human Review
Detector confidence below the fixed 0.70 threshold.

Limitations
This report describes the detector output and supplied evidence. It does not establish that the predicted class is ground truth.",821,115
UNSW-OFFICIAL-5298,A0_template,deterministic_template,"Prediction Summary
The detector predicted Worms with confidence 0.4895.

Evidence
- sbytes = 1302; SHAP=0.086364; supports predicted class.
- smean = 130; SHAP=0.051034; supports predicted class.
- An application service is identified; SHAP=0.047716; supports predicted class.
- tcprtt = 0.239367; SHAP=-0.043152; opposes predicted class.
- Service = http; SHAP=0.040530; supports predicted class.

Risk and Policy
The predicted operational stage is Advanced Intrusion. The confidence-weighted risk score is 4.1603, corresponding to the Alert policy zone.

Recommended Action
Raise a SOC alert and enrich the event context.

Human Review
Detector confidence below the fixed 0.70 threshold.

Limitations
This report describes the detector output and supplied evidence. It does not establish that the predicted class is ground truth.",831,115
UNSW-OFFICIAL-5355,A0_template,deterministic_template,"Prediction Summary
The detector predicted Backdoor with confidence 0.3356.

Evidence
- Protocol is not udp; SHAP=0.022014; supports predicted class.
- sbytes = 200; SHAP=0.016696; supports predicted class.
- ct_dst_src_ltm = 7; SHAP=0.016037; supports predicted class.
- ct_dst_sport_ltm = 3; SHAP=0.014688; supports predicted class.
- ct_srv_src = 7; SHAP=0.013153; supports predicted class.

Risk and Policy
The predicted operational stage is Command and Control. The confidence-weighted risk score is 2.6851, corresponding to the Alert policy zone.

Recommended Action
Raise a SOC alert and enrich the event context.

Human Review
Detector confidence below the fixed 0.70 threshold.

Limitations
This report describes the detector output and supplied evidence. It does not establish that the predicted class is ground truth.",827,115
UNSW-OFFICIAL-5529,A0_template,deterministic_template,"Prediction Summary
The detector predicted Backdoor with confidence 0.2709.

Evidence
- Protocol is not udp; SHAP=0.021063; supports predicted class.
- sbytes = 200; SHAP=0.014788; supports predicted class.
- ct_dst_sport_ltm = 2; SHAP=0.010257; supports predicted class.
- ct_dst_src_ltm = 6; SHAP=0.010212; supports predicted class.
- dpkts = 0; SHAP=0.007161; supports predicted class.

Risk and Policy
The predicted operational stage is Command and Control. The confidence-weighted risk score is 2.1670, corresponding to the Alert policy zone.

Recommended Action
Raise a SOC alert and enrich the event context.

Human Review
Detector confidence below the fixed 0.70 threshold.

Limitations
This report describes the detector output and supplied evidence. It does not establish that the predicted class is ground truth.",822,115
UNSW-OFFICIAL-5562,A0_template,deterministic_template,"Prediction Summary
The detector predicted Backdoor with confidence 0.3982.

Evidence
- ct_src_ltm = 12; SHAP=0.046328; supports predicted class.
- Protocol is not udp; SHAP=0.022979; supports predicted class.
- sbytes = 200; SHAP=0.020177; supports predicted class.
- ct_dst_sport_ltm = 3; SHAP=0.020022; supports predicted class.
- ct_dst_src_ltm = 7; SHAP=0.019414; supports predicted class.

Risk and Policy
The predicted operational stage is Command and Control. The confidence-weighted risk score is 3.1860, corresponding to the Alert policy zone.

Recommended Action
Raise a SOC alert and enrich the event context.

Human Review
Detector confidence below the fixed 0.70 threshold.

Limitations
This report describes the detector output and supplied evidence. It does not establish that the predicted class is ground truth.",828,115
UNSW-OFFICIAL-5574,A0_template,deterministic_template,"Prediction Summary
The detector predicted Backdoor with confidence 0.4150.

Evidence
- ct_src_ltm = 10; SHAP=0.053172; supports predicted class.
- Protocol is not udp; SHAP=0.023741; supports predicted class.
- sbytes = 200; SHAP=0.018681; supports predicted class.
- ct_dst_src_ltm = 7; SHAP=0.016759; supports predicted class.
- ct_dst_sport_ltm = 2; SHAP=0.015607; supports predicted class.

Risk and Policy
The predicted operational stage is Command and Control. The confidence-weighted risk score is 3.3198, corresponding to the Alert policy zone.

Recommended Action
Raise a SOC alert and enrich the event context.

Human Review
Detector confidence below the fixed 0.70 threshold.

Limitations
This report describes the detector output and supplied evidence. It does not establish that the predicted class is ground truth.",828,115
UNSW-OFFICIAL-5722,A0_template,deterministic_template,"Prediction Summary
The detector predicted Backdoor with confidence 0.2684.

Evidence
- Protocol is not udp; SHAP=0.022765; supports predicted class.
- sbytes = 200; SHAP=0.015549; supports predicted class.
- ct_dst_sport_ltm = 2; SHAP=0.010563; supports predicted class.
- smean = 100; SHAP=0.007614; supports predicted class.
- ct_dst_src_ltm = 4; SHAP=0.007161; supports predicted class.

Risk and Policy
The predicted operational stage is Command and Control. The confidence-weighted risk score is 2.1474, corresponding to the Alert policy zone.

Recommended Action
Raise a SOC alert and enrich the event context.

Human Review
Detector confidence below the fixed 0.70 threshold.

Limitations
This report describes the detector output and supplied evidence. It does not establish that the predicted class is ground truth.",824,115
UNSW-OFFICIAL-6122,A0_template,deterministic_template,"Prediction Summary
The detector predicted DoS with confidence 0.6186.

Evidence
- dmean = 129; SHAP=0.043109; supports predicted class.
- response_body_len = 95; SHAP=0.041403; supports predicted class.
- dbytes = 1030; SHAP=0.039838; supports predicted class.
- sttl = 62; SHAP=0.033908; supports predicted class.
- dloss = 2; SHAP=0.030404; supports predicted class.

Risk and Policy
The predicted operational stage is Impact / Availability. The confidence-weighted risk score is 4.3305, corresponding to the Alert policy zone.

Recommended Action
Raise a SOC alert and enrich the event context.

Human Review
Detector confidence below the fixed 0.70 threshold.

Limitations
This report describes the detector output and supplied evidence. It does not establish that the predicted class is ground truth.",805,114
UNSW-OFFICIAL-6144,A0_template,deterministic_template,"Prediction Summary
The detector predicted Shellcode with confidence 0.2878.

Evidence
- Service = unspecified; SHAP=0.024052; supports predicted class.
- smean = 102; SHAP=0.023688; supports predicted class.
- sbytes = 1018; SHAP=0.020896; supports predicted class.
- ct_dst_src_ltm = 1; SHAP=0.018048; supports predicted class.
- Service is not http; SHAP=0.015848; supports predicted class.

Risk and Policy
The predicted operational stage is Advanced Intrusion. The confidence-weighted risk score is 2.4466, corresponding to the Alert policy zone.

Recommended Action
Raise a SOC alert and enrich the event context.

Human Review
Detector confidence below the fixed 0.70 threshold.

Limitations
This report describes the detector output and supplied evidence. It does not establish that the predicted class is ground truth.",826,114
UNSW-OFFICIAL-6304,A0_template,deterministic_template,"Prediction Summary
The detector predicted Worms with confidence 0.5528.

Evidence
- sbytes = 1302; SHAP=0.079389; supports predicted class.
- smean = 130; SHAP=0.054984; supports predicted class.
- An application service is identified; SHAP=0.044866; supports predicted class.
- ct_flw_http_mthd = 1; SHAP=0.042658; supports predicted class.
- Service = http; SHAP=0.039901; supports predicted class.

Risk and Policy
The predicted operational stage is Advanced Intrusion. The confidence-weighted risk score is 4.6986, corresponding to the Alert policy zone.

Recommended Action
Raise a SOC alert and enrich the event context.

Human Review
Detector confidence below the fixed 0.70 threshold.

Limitations
This report describes the detector output and supplied evidence. It does not establish that the predicted class is ground truth.",834,115
UNSW-OFFICIAL-6482,A0_template,deterministic_template,"Prediction Summary
The detector predicted Worms with confidence 0.4935.

Evidence
- Service = http; SHAP=0.040784; supports predicted class.
- trans_depth = 1; SHAP=0.039641; supports predicted class.
- An application service is identified; SHAP=0.037958; supports predicted class.
- ct_flw_http_mthd = 1; SHAP=0.037617; supports predicted class.
- sbytes = 8682; SHAP=0.026126; supports predicted class.

Risk and Policy
The predicted operational stage is Advanced Intrusion. The confidence-weighted risk score is 4.1947, corresponding to the Alert policy zone.

Recommended Action
Raise a SOC alert and enrich the event context.

Human Review
Detector confidence below the fixed 0.70 threshold.

Limitations
This report describes the detector output and supplied evidence. It does not establish that the predicted class is ground truth.",838,115
UNSW-OFFICIAL-6546,A0_template,deterministic_template,"Prediction Summary
The detector predicted DoS with confidence 0.2855.

Evidence
- Protocol is not udp; SHAP=0.020335; supports predicted class.
- sbytes = 180; SHAP=0.017333; supports predicted class.
- ct_dst_sport_ltm = 3; SHAP=0.013033; supports predicted class.
- smean = 90; SHAP=0.010431; supports predicted class.
- ct_dst_src_ltm = 3; SHAP=0.008071; supports predicted class.

Risk and Policy
The predicted operational stage is Impact / Availability. The confidence-weighted risk score is 1.9987, corresponding to the Monitor policy zone.

Recommended Action
Log the event and continue monitoring.

Human Review
Detector confidence below the fixed 0.70 threshold.

Limitations
This report describes the detector output and supplied evidence. It does not establish that the predicted class is ground truth.",813,112
UNSW-OFFICIAL-6585,A0_template,deterministic_template,"Prediction Summary
The detector predicted Backdoor with confidence 0.3356.

Evidence
- Protocol is not udp; SHAP=0.030516; supports predicted class.
- ct_src_ltm = 6; SHAP=0.020899; supports predicted class.
- sbytes = 200; SHAP=0.016683; supports predicted class.
- ct_dst_src_ltm = 6; SHAP=0.014194; supports predicted class.
- Protocol = unas; SHAP=0.012787; supports predicted class.

Risk and Policy
The predicted operational stage is Command and Control. The confidence-weighted risk score is 2.6851, corresponding to the Alert policy zone.

Recommended Action
Raise a SOC alert and enrich the event context.

Human Review
Detector confidence below the fixed 0.70 threshold.

Limitations
This report describes the detector output and supplied evidence. It does not establish that the predicted class is ground truth.",822,115
UNSW-OFFICIAL-6668,A0_template,deterministic_template,"Prediction Summary
The detector predicted Exploits with confidence 0.4566.

Evidence
- dmean = 1283; SHAP=0.061805; supports predicted class.
- dbytes = 482584; SHAP=0.034101; supports predicted class.
- dloss = 185; SHAP=0.030561; supports predicted class.
- dttl = 252; SHAP=0.023567; supports predicted class.
- dload = 691755; SHAP=0.023445; supports predicted class.

Risk and Policy
The predicted operational stage is Exploitation. The confidence-weighted risk score is 2.9679, corresponding to the Alert policy zone.

Recommended Action
Raise a SOC alert and enrich the event context.

Human Review
Detector confidence below the fixed 0.70 threshold.

Limitations
This report describes the detector output and supplied evidence. It does not establish that the predicted class is ground truth.",799,112
UNSW-OFFICIAL-6765,A0_template,deterministic_template,"Prediction Summary
The detector predicted Backdoor with confidence 0.2753.

Evidence
- Protocol is not udp; SHAP=0.023434; supports predicted class.
- sbytes = 200; SHAP=0.016543; supports predicted class.
- ct_dst_sport_ltm = 3; SHAP=0.010651; supports predicted class.
- ct_dst_src_ltm = 6; SHAP=0.008930; supports predicted class.
- smean = 100; SHAP=0.007871; supports predicted class.

Risk and Policy
The predicted operational stage is Command and Control. The confidence-weighted risk score is 2.2020, corresponding to the Alert policy zone.

Recommended Action
Raise a SOC alert and enrich the event context.

Human Review
Detector confidence below the fixed 0.70 threshold.

Limitations
This report describes the detector output and supplied evidence. It does not establish that the predicted class is ground truth.",824,115
UNSW-OFFICIAL-7009,A0_template,deterministic_template,"Prediction Summary
The detector predicted Backdoor with confidence 0.4774.

Evidence
- ct_src_ltm = 18; SHAP=0.043431; supports predicted class.
- ct_dst_sport_ltm = 3; SHAP=0.027882; supports predicted class.
- Protocol is not udp; SHAP=0.024319; supports predicted class.
- sbytes = 200; SHAP=0.022607; supports predicted class.
- Protocol = pgm; SHAP=0.021786; supports predicted class.

Risk and Policy
The predicted operational stage is Command and Control. The confidence-weighted risk score is 3.8194, corresponding to the Alert policy zone.

Recommended Action
Raise a SOC alert and enrich the event context.

Human Review
Detector confidence below the fixed 0.70 threshold.

Limitations
This report describes the detector output and supplied evidence. It does not establish that the predicted class is ground truth.",824,115
UNSW-OFFICIAL-7010,A0_template,deterministic_template,"Prediction Summary
The detector predicted Backdoor with confidence 0.2874.

Evidence
- Protocol is not udp; SHAP=0.035032; supports predicted class.
- sbytes = 200; SHAP=0.018913; supports predicted class.
- ct_dst_src_ltm = 7; SHAP=0.011570; supports predicted class.
- Protocol = idrp; SHAP=0.011487; supports predicted class.
- ct_srv_src = 7; SHAP=0.010866; supports predicted class.

Risk and Policy
The predicted operational stage is Command and Control. The confidence-weighted risk score is 2.2995, corresponding to the Alert policy zone.

Recommended Action
Raise a SOC alert and enrich the event context.

Human Review
Detector confidence below the fixed 0.70 threshold.

Limitations
This report describes the detector output and supplied evidence. It does not establish that the predicted class is ground truth.",822,115
UNSW-OFFICIAL-7015,A0_template,deterministic_template,"Prediction Summary
The detector predicted Backdoor with confidence 0.3407.

Evidence
- Protocol is not udp; SHAP=0.024439; supports predicted class.
- Protocol = mobile; SHAP=0.018274; supports predicted class.
- sbytes = 200; SHAP=0.016685; supports predicted class.
- ct_srv_src = 5; SHAP=0.015364; supports predicted class.
- ct_dst_sport_ltm = 3; SHAP=0.015160; supports predicted class.

Risk and Policy
The predicted operational stage is Command and Control. The confidence-weighted risk score is 2.7254, corresponding to the Alert policy zone.

Recommended Action
Raise a SOC alert and enrich the event context.

Human Review
Detector confidence below the fixed 0.70 threshold.

Limitations
This report describes the detector output and supplied evidence. It does not establish that the predicted class is ground truth.",826,115
UNSW-OFFICIAL-7340,A0_template,deterministic_template,"Prediction Summary
The detector predicted Backdoor with confidence 0.3009.

Evidence
- Protocol is not udp; SHAP=0.023884; supports predicted class.
- sbytes = 200; SHAP=0.016107; supports predicted class.
- ct_dst_sport_ltm = 2; SHAP=0.012643; supports predicted class.
- ct_dst_src_ltm = 6; SHAP=0.010316; supports predicted class.
- dpkts = 0; SHAP=0.007596; supports predicted class.

Risk and Policy
The predicted operational stage is Command and Control. The confidence-weighted risk score is 2.4074, corresponding to the Alert policy zone.

Recommended Action
Raise a SOC alert and enrich the event context.

Human Review
Detector confidence below the fixed 0.70 threshold.

Limitations
This report describes the detector output and supplied evidence. It does not establish that the predicted class is ground truth.",822,115
UNSW-OFFICIAL-7367,A0_template,deterministic_template,"Prediction Summary
The detector predicted Fuzzers with confidence 0.4642.

Evidence
- Protocol = udp; SHAP=0.109470; supports predicted class.
- ct_dst_src_ltm = 4; SHAP=0.072804; supports predicted class.
- ct_srv_dst = 4; SHAP=0.052075; supports predicted class.
- ct_src_dport_ltm = 1; SHAP=-0.038504; opposes predicted class.
- smean = 156; SHAP=0.034487; supports predicted class.

Risk and Policy
The predicted operational stage is Exploitation. The confidence-weighted risk score is 3.0171, corresponding to the Alert policy zone.

Recommended Action
Raise a SOC alert and enrich the event context.

Human Review
Detector confidence below the fixed 0.70 threshold.

Limitations
This report describes the detector output and supplied evidence. It does not establish that the predicted class is ground truth.",813,112
UNSW-OFFICIAL-7394,A0_template,deterministic_template,"Prediction Summary
The detector predicted DoS with confidence 0.2705.

Evidence
- Protocol is not udp; SHAP=0.018976; supports predicted class.
- sbytes = 200; SHAP=0.016152; supports predicted class.
- ct_dst_sport_ltm = 2; SHAP=0.010275; supports predicted class.
- smean = 100; SHAP=0.008436; supports predicted class.
- sloss = 0; SHAP=0.006244; supports predicted class.

Risk and Policy
The predicted operational stage is Impact / Availability. The confidence-weighted risk score is 1.8938, corresponding to the Monitor policy zone.

Recommended Action
Log the event and continue monitoring.

Human Review
Detector confidence below the fixed 0.70 threshold.

Limitations
This report describes the detector output and supplied evidence. It does not establish that the predicted class is ground truth.",805,112
UNSW-OFFICIAL-7562,A0_template,deterministic_template,"Prediction Summary
The detector predicted Exploits with confidence 0.4766.

Evidence
- smean = 114; SHAP=0.055045; supports predicted class.
- sbytes = 1144; SHAP=0.054372; supports predicted class.
- sload = 19522.4; SHAP=0.026066; supports predicted class.
- An application service is identified; SHAP=0.024883; supports predicted class.
- dinpkt = 78.2424; SHAP=0.017834; supports predicted class.

Risk and Policy
The predicted operational stage is Exploitation. The confidence-weighted risk score is 3.0982, corresponding to the Alert policy zone.

Recommended Action
Raise a SOC alert and enrich the event context.

Human Review
Detector confidence below the fixed 0.70 threshold.

Limitations
This report describes the detector output and supplied evidence. It does not establish that the predicted class is ground truth.",828,114
UNSW-OFFICIAL-7657,A0_template,deterministic_template,"Prediction Summary
The detector predicted Backdoor with confidence 0.2963.

Evidence
- Protocol is not udp; SHAP=0.023260; supports predicted class.
- sbytes = 200; SHAP=0.016225; supports predicted class.
- ct_dst_sport_ltm = 2; SHAP=0.011832; supports predicted class.
- ct_dst_src_ltm = 4; SHAP=0.011577; supports predicted class.
- smean = 100; SHAP=0.008313; supports predicted class.

Risk and Policy
The predicted operational stage is Command and Control. The confidence-weighted risk score is 2.3707, corresponding to the Alert policy zone.

Recommended Action
Raise a SOC alert and enrich the event context.

Human Review
Detector confidence below the fixed 0.70 threshold.

Limitations
This report describes the detector output and supplied evidence. It does not establish that the predicted class is ground truth.",824,115
UNSW-OFFICIAL-7727,A0_template,deterministic_template,"Prediction Summary
The detector predicted Fuzzers with confidence 0.3561.

Evidence
- ct_dst_src_ltm = 1; SHAP=-0.045564; opposes predicted class.
- sbytes = 530; SHAP=0.038626; supports predicted class.
- smean = 53; SHAP=0.033992; supports predicted class.
- ct_srv_dst = 2; SHAP=0.021249; supports predicted class.
- ackdat = 0.026218; SHAP=0.019811; supports predicted class.

Risk and Policy
The predicted operational stage is Exploitation. The confidence-weighted risk score is 2.3144, corresponding to the Alert policy zone.

Recommended Action
Raise a SOC alert and enrich the event context.

Human Review
Detector confidence below the fixed 0.70 threshold.

Limitations
This report describes the detector output and supplied evidence. It does not establish that the predicted class is ground truth.",807,112
UNSW-OFFICIAL-7796,A0_template,deterministic_template,"Prediction Summary
The detector predicted Backdoor with confidence 0.4046.

Evidence
- ct_src_ltm = 11; SHAP=0.058358; supports predicted class.
- Protocol is not udp; SHAP=0.022780; supports predicted class.
- ct_dst_sport_ltm = 3; SHAP=0.020456; supports predicted class.
- sbytes = 200; SHAP=0.019777; supports predicted class.
- ct_dst_src_ltm = 6; SHAP=0.013505; supports predicted class.

Risk and Policy
The predicted operational stage is Command and Control. The confidence-weighted risk score is 3.2369, corresponding to the Alert policy zone.

Recommended Action
Raise a SOC alert and enrich the event context.

Human Review
Detector confidence below the fixed 0.70 threshold.

Limitations
This report describes the detector output and supplied evidence. It does not establish that the predicted class is ground truth.",828,115
UNSW-OFFICIAL-7890,A0_template,deterministic_template,"Prediction Summary
The detector predicted Fuzzers with confidence 0.5436.

Evidence
- ct_dst_src_ltm = 3; SHAP=0.047378; supports predicted class.
- ct_srv_dst = 3; SHAP=0.045964; supports predicted class.
- sloss = 3; SHAP=0.041281; supports predicted class.
- sbytes = 1592; SHAP=0.035565; supports predicted class.
- spkts = 12; SHAP=0.034957; supports predicted class.

Risk and Policy
The predicted operational stage is Exploitation. The confidence-weighted risk score is 3.5332, corresponding to the Alert policy zone.

Recommended Action
Raise a SOC alert and enrich the event context.

Human Review
Detector confidence below the fixed 0.70 threshold.

Limitations
This report describes the detector output and supplied evidence. It does not establish that the predicted class is ground truth.",800,112
UNSW-OFFICIAL-8100,A0_template,deterministic_template,"Prediction Summary
The detector predicted Shellcode with confidence 0.5630.

Evidence
- ct_dst_src_ltm = 1; SHAP=0.065104; supports predicted class.
- ct_srv_dst = 1; SHAP=0.038358; supports predicted class.
- dbytes = 268; SHAP=0.034719; supports predicted class.
- dpkts = 6; SHAP=0.032531; supports predicted class.
- dmean = 45; SHAP=0.030333; supports predicted class.

Risk and Policy
The predicted operational stage is Advanced Intrusion. The confidence-weighted risk score is 4.7854, corresponding to the Alert policy zone.

Recommended Action
Raise a SOC alert and enrich the event context.

Human Review
Detector confidence below the fixed 0.70 threshold.

Limitations
This report describes the detector output and supplied evidence. It does not establish that the predicted class is ground truth.",807,113
UNSW-OFFICIAL-8207,A0_template,deterministic_template,"Prediction Summary
The detector predicted Backdoor with confidence 0.4411.

Evidence
- Protocol is not udp; SHAP=0.024580; supports predicted class.
- sttl = 254; SHAP=0.016900; supports predicted class.
- Protocol = sctp; SHAP=0.015056; supports predicted class.
- dmean = 220; SHAP=0.014402; supports predicted class.
- sbytes = 536; SHAP=0.013789; supports predicted class.

Risk and Policy
The predicted operational stage is Command and Control. The confidence-weighted risk score is 3.5285, corresponding to the Alert policy zone.

Recommended Action
Raise a SOC alert and enrich the event context.

Human Review
Detector confidence below the fixed 0.70 threshold.

Limitations
This report describes the detector output and supplied evidence. It does not establish that the predicted class is ground truth.",811,115
UNSW-OFFICIAL-8497,A0_template,deterministic_template,"Prediction Summary
The detector predicted Exploits with confidence 0.8251.

Evidence
- synack = 0.007142; SHAP=0.074484; supports predicted class.
- sbytes = 1294; SHAP=0.059552; supports predicted class.
- smean = 129; SHAP=0.042692; supports predicted class.
- sload = 46926.6; SHAP=0.040935; supports predicted class.
- tcprtt = 0.053521; SHAP=0.035617; supports predicted class.

Risk and Policy
The predicted operational stage is Exploitation. The confidence-weighted risk score is 5.3629, corresponding to the Block policy zone.

Recommended Action
Block the suspected source and initiate investigation.

Human Review
No mandatory confidence-based referral.

Limitations
This report describes the detector output and supplied evidence. It does not establish that the predicted class is ground truth.",805,107
UNSW-OFFICIAL-8748,A0_template,deterministic_template,"Prediction Summary
The detector predicted Backdoor with confidence 0.3959.

Evidence
- Protocol is not udp; SHAP=0.035155; supports predicted class.
- dur = 2.88851; SHAP=0.016014; supports predicted class.
- rate = 28.0421; SHAP=0.015344; supports predicted class.
- Protocol = ospf; SHAP=0.014269; supports predicted class.
- sload = 14357.6; SHAP=0.013249; supports predicted class.

Risk and Policy
The predicted operational stage is Command and Control. The confidence-weighted risk score is 3.1671, corresponding to the Alert policy zone.

Recommended Action
Raise a SOC alert and enrich the event context.

Human Review
Detector confidence below the fixed 0.70 threshold.

Limitations
This report describes the detector output and supplied evidence. It does not establish that the predicted class is ground truth.",820,115
UNSW-OFFICIAL-8793,A0_template,deterministic_template,"Prediction Summary
The detector predicted Worms with confidence 0.6115.

Evidence
- sbytes = 1302; SHAP=0.090733; supports predicted class.
- smean = 130; SHAP=0.065308; supports predicted class.
- ackdat = 0.034041; SHAP=-0.052004; opposes predicted class.
- An application service is identified; SHAP=0.051128; supports predicted class.
- Service = http; SHAP=0.050344; supports predicted class.

Risk and Policy
The predicted operational stage is Advanced Intrusion. The confidence-weighted risk score is 5.1978, corresponding to the Block policy zone.

Recommended Action
Block the suspected source and initiate investigation.

Human Review
Detector confidence below the fixed 0.70 threshold.

Limitations
This report describes the detector output and supplied evidence. It does not establish that the predicted class is ground truth.",838,113
UNSW-OFFICIAL-8891,A0_template,deterministic_template,"Prediction Summary
The detector predicted Worms with confidence 0.4593.

Evidence
- dpkts = 204; SHAP=0.034787; supports predicted class.
- Service = http; SHAP=0.033234; supports predicted class.
- dloss = 100; SHAP=0.029871; supports predicted class.
- sbytes = 1988; SHAP=0.028794; supports predicted class.
- ct_flw_http_mthd = 1; SHAP=0.026781; supports predicted class.

Risk and Policy
The predicted operational stage is Advanced Intrusion. The confidence-weighted risk score is 3.9044, corresponding to the Alert policy zone.

Recommended Action
Raise a SOC alert and enrich the event context.

Human Review
Detector confidence below the fixed 0.70 threshold.

Limitations
This report describes the detector output and supplied evidence. It does not establish that the predicted class is ground truth.",809,113
UNSW-OFFICIAL-8897,A0_template,deterministic_template,"Prediction Summary
The detector predicted Reconnaissance with confidence 0.5954.

Evidence
- smean = 85; SHAP=0.073467; supports predicted class.
- sbytes = 848; SHAP=0.067395; supports predicted class.
- An application service is identified; SHAP=0.043880; supports predicted class.
- Service = http; SHAP=0.034119; supports predicted class.
- ct_flw_http_mthd = 1; SHAP=0.023908; supports predicted class.

Risk and Policy
The predicted operational stage is Reconnaissance. The confidence-weighted risk score is 1.7861, corresponding to the Monitor policy zone.

Recommended Action
Log the event and continue monitoring.

Human Review
Detector confidence below the fixed 0.70 threshold.

Limitations
This report describes the detector output and supplied evidence. It does not establish that the predicted class is ground truth.",830,111
UNSW-OFFICIAL-8900,A0_template,deterministic_template,"Prediction Summary
The detector predicted Exploits with confidence 0.3622.

Evidence
- sbytes = 1620; SHAP=0.067652; supports predicted class.
- smean = 162; SHAP=0.054230; supports predicted class.
- ct_srv_dst = 1; SHAP=0.037675; supports predicted class.
- ct_dst_src_ltm = 1; SHAP=0.030359; supports predicted class.
- sload = 28707.8; SHAP=0.022675; supports predicted class.

Risk and Policy
The predicted operational stage is Exploitation. The confidence-weighted risk score is 2.3545, corresponding to the Alert policy zone.

Recommended Action
Raise a SOC alert and enrich the event context.

Human Review
Detector confidence below the fixed 0.70 threshold.

Limitations
This report describes the detector output and supplied evidence. It does not establish that the predicted class is ground truth.",808,112
UNSW-OFFICIAL-8909,A0_template,deterministic_template,"Prediction Summary
The detector predicted DoS with confidence 0.3252.

Evidence
- sbytes = 788; SHAP=0.042845; supports predicted class.
- dmean = 126; SHAP=0.022092; supports predicted class.
- sttl = 62; SHAP=0.020232; supports predicted class.
- dloss = 2; SHAP=0.018928; supports predicted class.
- ct_dst_src_ltm = 1; SHAP=0.014888; supports predicted class.

Risk and Policy
The predicted operational stage is Impact / Availability. The confidence-weighted risk score is 2.2761, corresponding to the Alert policy zone.

Recommended Action
Raise a SOC alert and enrich the event context.

Human Review
Detector confidence below the fixed 0.70 threshold.

Limitations
This report describes the detector output and supplied evidence. It does not establish that the predicted class is ground truth.",800,114
UNSW-OFFICIAL-9004,A0_template,deterministic_template,"Prediction Summary
The detector predicted Fuzzers with confidence 0.2548.

Evidence
- Protocol = udp; SHAP=0.052691; supports predicted class.
- ct_dst_src_ltm = 1; SHAP=-0.047812; opposes predicted class.
- ct_srv_dst = 1; SHAP=-0.047399; opposes predicted class.
- sbytes = 808; SHAP=0.043528; supports predicted class.
- smean = 404; SHAP=0.039162; supports predicted class.

Risk and Policy
The predicted operational stage is Exploitation. The confidence-weighted risk score is 1.6565, corresponding to the Monitor policy zone.

Recommended Action
Log the event and continue monitoring.

Human Review
Detector confidence below the fixed 0.70 threshold.

Limitations
This report describes the detector output and supplied evidence. It does not establish that the predicted class is ground truth.",798,109
UNSW-OFFICIAL-9757,A0_template,deterministic_template,"Prediction Summary
The detector predicted Backdoor with confidence 0.6225.

Evidence
- ct_dst_ltm = 4; SHAP=0.039762; supports predicted class.
- Protocol is not udp; SHAP=0.032215; supports predicted class.
- sbytes = 19040; SHAP=0.029177; supports predicted class.
- sjit = 1011.99; SHAP=0.026138; supports predicted class.
- dur = 59.4057; SHAP=0.025617; supports predicted class.

Risk and Policy
The predicted operational stage is Command and Control. The confidence-weighted risk score is 4.9798, corresponding to the Alert policy zone.

Recommended Action
Raise a SOC alert and enrich the event context.

Human Review
Detector confidence below the fixed 0.70 threshold.

Limitations
This report describes the detector output and supplied evidence. It does not establish that the predicted class is ground truth.",818,115
UNSW-OFFICIAL-9931,A0_template,deterministic_template,"Prediction Summary
The detector predicted DoS with confidence 0.8413.

Evidence
- Service = dns; SHAP=0.136223; supports predicted class.
- An application service is identified; SHAP=0.117238; supports predicted class.
- sbytes = 168; SHAP=0.058792; supports predicted class.
- smean = 84; SHAP=0.044320; supports predicted class.
- ct_srv_dst = 1; SHAP=0.039080; supports predicted class.

Risk and Policy
The predicted operational stage is Impact / Availability. The confidence-weighted risk score is 5.8894, corresponding to the Block policy zone.

Recommended Action
Block the suspected source and initiate investigation.

Human Review
No mandatory confidence-based referral.

Limitations
This report describes the detector output and supplied evidence. It does not establish that the predicted class is ground truth.",821,111
UNSW-OFFICIAL-10015,A0_template,deterministic_template,"Prediction Summary
The detector predicted Shellcode with confidence 0.5125.

Evidence
- ct_dst_src_ltm = 1; SHAP=0.052374; supports predicted class.
- Service = unspecified; SHAP=0.039498; supports predicted class.
- Service is not http; SHAP=0.028197; supports predicted class.
- sbytes = 888; SHAP=0.024214; supports predicted class.
- sloss = 2; SHAP=0.022554; supports predicted class.

Risk and Policy
The predicted operational stage is Advanced Intrusion. The confidence-weighted risk score is 4.3560, corresponding to the Alert policy zone.

Recommended Action
Raise a SOC alert and enrich the event context.

Human Review
Detector confidence below the fixed 0.70 threshold.

Limitations
This report describes the detector output and supplied evidence. It does not establish that the predicted class is ground truth.",823,114
UNSW-OFFICIAL-10029,A0_template,deterministic_template,"Prediction Summary
The detector predicted Reconnaissance with confidence 0.5137.

Evidence
- smean = 81; SHAP=0.066687; supports predicted class.
- sbytes = 810; SHAP=0.054668; supports predicted class.
- ct_dst_src_ltm = 1; SHAP=0.036651; supports predicted class.
- An application service is identified; SHAP=0.032554; supports predicted class.
- ct_srv_src = 8; SHAP=-0.031289; opposes predicted class.

Risk and Policy
The predicted operational stage is Reconnaissance. The confidence-weighted risk score is 1.5411, corresponding to the Monitor policy zone.

Recommended Action
Log the event and continue monitoring.

Human Review
Detector confidence below the fixed 0.70 threshold.

Limitations
This report describes the detector output and supplied evidence. It does not establish that the predicted class is ground truth.",828,111
UNSW-OFFICIAL-10238,A0_template,deterministic_template,"Prediction Summary
The detector predicted Backdoor with confidence 0.5116.

Evidence
- Protocol is not udp; SHAP=0.079499; supports predicted class.
- ct_src_ltm = 9; SHAP=0.049284; supports predicted class.
- Protocol = sctp; SHAP=0.041104; supports predicted class.
- smean = 76; SHAP=0.032557; supports predicted class.
- sbytes = 152; SHAP=0.024079; supports predicted class.

Risk and Policy
The predicted operational stage is Command and Control. The confidence-weighted risk score is 4.0926, corresponding to the Alert policy zone.

Recommended Action
Raise a SOC alert and enrich the event context.

Human Review
Detector confidence below the fixed 0.70 threshold.

Limitations
This report describes the detector output and supplied evidence. It does not establish that the predicted class is ground truth.",814,115
UNSW-OFFICIAL-10272,A0_template,deterministic_template,"Prediction Summary
The detector predicted Reconnaissance with confidence 0.9967.

Evidence
- sbytes = 564; SHAP=0.086009; supports predicted class.
- smean = 56; SHAP=0.068306; supports predicted class.
- dmean = 44; SHAP=0.046143; supports predicted class.
- sjit = 5619.65; SHAP=0.043878; supports predicted class.
- dbytes = 354; SHAP=0.041464; supports predicted class.

Risk and Policy
The predicted operational stage is Reconnaissance. The confidence-weighted risk score is 2.9901, corresponding to the Alert policy zone.

Recommended Action
Raise a SOC alert and enrich the event context.

Human Review
No mandatory confidence-based referral.

Limitations
This report describes the detector output and supplied evidence. It does not establish that the predicted class is ground truth.",791,109
UNSW-OFFICIAL-10450,A0_template,deterministic_template,"Prediction Summary
The detector predicted Exploits with confidence 0.9043.

Evidence
- dbytes = 35058; SHAP=0.071124; supports predicted class.
- sttl = 62; SHAP=0.068499; supports predicted class.
- dmean = 1096; SHAP=0.067123; supports predicted class.
- dloss = 14; SHAP=0.059864; supports predicted class.
- dpkts = 32; SHAP=0.050717; supports predicted class.

Risk and Policy
The predicted operational stage is Exploitation. The confidence-weighted risk score is 5.8777, corresponding to the Block policy zone.

Recommended Action
Block the suspected source and initiate investigation.

Human Review
No mandatory confidence-based referral.

Limitations
This report describes the detector output and supplied evidence. It does not establish that the predicted class is ground truth.",787,107
UNSW-OFFICIAL-10690,A0_template,deterministic_template,"Prediction Summary
The detector predicted Worms with confidence 0.7944.

Evidence
- sbytes = 1296; SHAP=0.090401; supports predicted class.
- smean = 130; SHAP=0.066957; supports predicted class.
- An application service is identified; SHAP=0.059468; supports predicted class.
- Service = http; SHAP=0.054759; supports predicted class.
- trans_depth = 1; SHAP=0.050956; supports predicted class.

Risk and Policy
The predicted operational stage is Advanced Intrusion. The confidence-weighted risk score is 6.7523, corresponding to the Block policy zone.

Recommended Action
Block the suspected source and initiate investigation.

Human Review
No mandatory confidence-based referral.

Limitations
This report describes the detector output and supplied evidence. It does not establish that the predicted class is ground truth.",824,110
UNSW-OFFICIAL-10762,A0_template,deterministic_template,"Prediction Summary
The detector predicted Fuzzers with confidence 0.3535.

Evidence
- ct_dst_src_ltm = 1; SHAP=-0.045993; opposes predicted class.
- sbytes = 738; SHAP=0.035893; supports predicted class.
- smean = 74; SHAP=0.026007; supports predicted class.
- ct_srv_src = 5; SHAP=0.025266; supports predicted class.
- Service = unspecified; SHAP=0.019477; supports predicted class.

Risk and Policy
The predicted operational stage is Exploitation. The confidence-weighted risk score is 2.2980, corresponding to the Alert policy zone.

Recommended Action
Raise a SOC alert and enrich the event context.

Human Review
Detector confidence below the fixed 0.70 threshold.

Limitations
This report describes the detector output and supplied evidence. It does not establish that the predicted class is ground truth.",811,112
UNSW-OFFICIAL-10832,A0_template,deterministic_template,"Prediction Summary
The detector predicted DoS with confidence 0.4426.

Evidence
- dbytes = 3278; SHAP=0.048098; supports predicted class.
- spkts = 416; SHAP=0.040572; supports predicted class.
- sbytes = 565707; SHAP=0.040268; supports predicted class.
- sloss = 205; SHAP=0.032163; supports predicted class.
- dpkts = 76; SHAP=0.023740; supports predicted class.

Risk and Policy
The predicted operational stage is Impact / Availability. The confidence-weighted risk score is 3.0985, corresponding to the Alert policy zone.

Recommended Action
Raise a SOC alert and enrich the event context.

Human Review
Detector confidence below the fixed 0.70 threshold.

Limitations
This report describes the detector output and supplied evidence. It does not establish that the predicted class is ground truth.",801,114
UNSW-OFFICIAL-10870,A0_template,deterministic_template,"Prediction Summary
The detector predicted Reconnaissance with confidence 0.9414.

Evidence
- sbytes = 168; SHAP=0.176791; supports predicted class.
- smean = 84; SHAP=0.148765; supports predicted class.
- Protocol = udp; SHAP=0.108962; supports predicted class.
- sload = 8.4e+07; SHAP=0.050766; supports predicted class.
- ct_srv_dst = 1; SHAP=0.042294; supports predicted class.

Risk and Policy
The predicted operational stage is Reconnaissance. The confidence-weighted risk score is 2.8242, corresponding to the Alert policy zone.

Recommended Action
Raise a SOC alert and enrich the event context.

Human Review
No mandatory confidence-based referral.

Limitations
This report describes the detector output and supplied evidence. It does not establish that the predicted class is ground truth.",798,109
UNSW-OFFICIAL-11213,A0_template,deterministic_template,"Prediction Summary
The detector predicted Backdoor with confidence 0.3317.

Evidence
- Protocol is not udp; SHAP=0.032793; supports predicted class.
- dur = 7.85664; SHAP=0.015101; supports predicted class.
- spkts = 40; SHAP=0.011380; supports predicted class.
- Protocol = ospf; SHAP=0.011158; supports predicted class.
- rate = 4.96395; SHAP=0.009657; supports predicted class.

Risk and Policy
The predicted operational stage is Command and Control. The confidence-weighted risk score is 2.6537, corresponding to the Alert policy zone.

Recommended Action
Raise a SOC alert and enrich the event context.

Human Review
Detector confidence below the fixed 0.70 threshold.

Limitations
This report describes the detector output and supplied evidence. It does not establish that the predicted class is ground truth.",815,115
UNSW-OFFICIAL-11343,A0_template,deterministic_template,"Prediction Summary
The detector predicted Shellcode with confidence 0.7766.

Evidence
- Protocol = udp; SHAP=0.100531; supports predicted class.
- smean = 101; SHAP=0.081981; supports predicted class.
- sbytes = 202; SHAP=0.078008; supports predicted class.
- ct_dst_src_ltm = 1; SHAP=0.064333; supports predicted class.
- ct_srv_dst = 1; SHAP=0.043911; supports predicted class.

Risk and Policy
The predicted operational stage is Advanced Intrusion. The confidence-weighted risk score is 6.6007, corresponding to the Block policy zone.

Recommended Action
Block the suspected source and initiate investigation.

Human Review
No mandatory confidence-based referral.

Limitations
This report describes the detector output and supplied evidence. It does not establish that the predicted class is ground truth.",808,108
UNSW-OFFICIAL-11434,A0_template,deterministic_template,"Prediction Summary
The detector predicted Reconnaissance with confidence 0.6564.

Evidence
- smean = 88; SHAP=0.055038; supports predicted class.
- sbytes = 882; SHAP=0.053702; supports predicted class.
- dmean = 44; SHAP=0.027486; supports predicted class.
- dloss = 1; SHAP=0.026626; supports predicted class.
- sload = 5057.47; SHAP=0.025621; supports predicted class.

Risk and Policy
The predicted operational stage is Reconnaissance. The confidence-weighted risk score is 1.9692, corresponding to the Monitor policy zone.

Recommended Action
Log the event and continue monitoring.

Human Review
Detector confidence below the fixed 0.70 threshold.

Limitations
This report describes the detector output and supplied evidence. It does not establish that the predicted class is ground truth.",794,109
UNSW-OFFICIAL-11472,A0_template,deterministic_template,"Prediction Summary
The detector predicted Exploits with confidence 0.4322.

Evidence
- ct_srv_src = 5; SHAP=0.042293; supports predicted class.
- ct_srv_dst = 1; SHAP=0.027133; supports predicted class.
- An application service is identified; SHAP=0.023113; supports predicted class.
- ct_dst_src_ltm = 1; SHAP=0.020629; supports predicted class.
- sload = 11720.8; SHAP=0.020590; supports predicted class.

Risk and Policy
The predicted operational stage is Exploitation. The confidence-weighted risk score is 2.8095, corresponding to the Alert policy zone.

Recommended Action
Raise a SOC alert and enrich the event context.

Human Review
Detector confidence below the fixed 0.70 threshold.

Limitations
This report describes the detector output and supplied evidence. It does not establish that the predicted class is ground truth.",834,114
UNSW-OFFICIAL-12960,A0_template,deterministic_template,"Prediction Summary
The detector predicted Exploits with confidence 1.0000.

Evidence
- sttl = 62; SHAP=0.102586; supports predicted class.
- An application service is identified; SHAP=0.064106; supports predicted class.
- dmean = 134; SHAP=0.060426; supports predicted class.
- sbytes = 364; SHAP=0.042939; supports predicted class.
- Service = ftp-data; SHAP=0.039322; supports predicted class.

Risk and Policy
The predicted operational stage is Exploitation. The confidence-weighted risk score is 6.5000, corresponding to the Block policy zone.

Recommended Action
Block the suspected source and initiate investigation.

Human Review
No mandatory confidence-based referral.

Limitations
This report describes the detector output and supplied evidence. It does not establish that the predicted class is ground truth.",818,109
UNSW-OFFICIAL-13342,A0_template,deterministic_template,"Prediction Summary
The detector predicted Generic with confidence 1.0000.

Evidence
- Service = dns; SHAP=0.114276; supports predicted class.
- sbytes = 114; SHAP=0.099634; supports predicted class.
- An application service is identified; SHAP=0.076075; supports predicted class.
- ct_srv_dst = 39; SHAP=0.074800; supports predicted class.
- ct_dst_sport_ltm = 22; SHAP=0.059328; supports predicted class.

Risk and Policy
The predicted operational stage is Exploitation. The confidence-weighted risk score is 6.5000, corresponding to the Block policy zone.

Recommended Action
Block the suspected source and initiate investigation.

Human Review
No mandatory confidence-based referral.

Limitations
This report describes the detector output and supplied evidence. It does not establish that the predicted class is ground truth.",828,109
UNSW-OFFICIAL-15213,A0_template,deterministic_template,"Prediction Summary
The detector predicted Generic with confidence 1.0000.

Evidence
- Service = dns; SHAP=0.114447; supports predicted class.
- sbytes = 114; SHAP=0.099384; supports predicted class.
- ct_srv_dst = 34; SHAP=0.076233; supports predicted class.
- An application service is identified; SHAP=0.076135; supports predicted class.
- ct_dst_sport_ltm = 21; SHAP=0.058882; supports predicted class.

Risk and Policy
The predicted operational stage is Exploitation. The confidence-weighted risk score is 6.5000, corresponding to the Block policy zone.

Recommended Action
Block the suspected source and initiate investigation.

Human Review
No mandatory confidence-based referral.

Limitations
This report describes the detector output and supplied evidence. It does not establish that the predicted class is ground truth.",828,109
UNSW-OFFICIAL-15415,A0_template,deterministic_template,"Prediction Summary
The detector predicted Generic with confidence 1.0000.

Evidence
- Service = dns; SHAP=0.114275; supports predicted class.
- sbytes = 114; SHAP=0.099540; supports predicted class.
- An application service is identified; SHAP=0.075972; supports predicted class.
- ct_srv_dst = 35; SHAP=0.074874; supports predicted class.
- ct_dst_sport_ltm = 20; SHAP=0.059390; supports predicted class.

Risk and Policy
The predicted operational stage is Exploitation. The confidence-weighted risk score is 6.5000, corresponding to the Block policy zone.

Recommended Action
Block the suspected source and initiate investigation.

Human Review
No mandatory confidence-based referral.

Limitations
This report describes the detector output and supplied evidence. It does not establish that the predicted class is ground truth.",828,109
UNSW-OFFICIAL-15513,A0_template,deterministic_template,"Prediction Summary
The detector predicted Generic with confidence 0.9933.

Evidence
- Service = dns; SHAP=0.112973; supports predicted class.
- sbytes = 114; SHAP=0.100283; supports predicted class.
- An application service is identified; SHAP=0.078002; supports predicted class.
- ct_srv_dst = 45; SHAP=0.073382; supports predicted class.
- ct_dst_sport_ltm = 25; SHAP=0.066753; supports predicted class.

Risk and Policy
The predicted operational stage is Exploitation. The confidence-weighted risk score is 6.4567, corresponding to the Block policy zone.

Recommended Action
Block the suspected source and initiate investigation.

Human Review
No mandatory confidence-based referral.

Limitations
This report describes the detector output and supplied evidence. It does not establish that the predicted class is ground truth.",828,109
UNSW-OFFICIAL-15593,A0_template,deterministic_template,"Prediction Summary
The detector predicted Generic with confidence 1.0000.

Evidence
- Service = dns; SHAP=0.115590; supports predicted class.
- sbytes = 114; SHAP=0.101824; supports predicted class.
- An application service is identified; SHAP=0.080148; supports predicted class.
- ct_srv_dst = 31; SHAP=0.073361; supports predicted class.
- ct_dst_sport_ltm = 13; SHAP=0.060416; supports predicted class.

Risk and Policy
The predicted operational stage is Exploitation. The confidence-weighted risk score is 6.5000, corresponding to the Block policy zone.

Recommended Action
Block the suspected source and initiate investigation.

Human Review
No mandatory confidence-based referral.

Limitations
This report describes the detector output and supplied evidence. It does not establish that the predicted class is ground truth.",828,109
UNSW-OFFICIAL-16778,A0_template,deterministic_template,"Prediction Summary
The detector predicted Generic with confidence 1.0000.

Evidence
- Service = dns; SHAP=0.115780; supports predicted class.
- sbytes = 114; SHAP=0.100291; supports predicted class.
- An application service is identified; SHAP=0.079874; supports predicted class.
- ct_srv_dst = 18; SHAP=0.072470; supports predicted class.
- ct_dst_sport_ltm = 18; SHAP=0.060218; supports predicted class.

Risk and Policy
The predicted operational stage is Exploitation. The confidence-weighted risk score is 6.5000, corresponding to the Block policy zone.

Recommended Action
Block the suspected source and initiate investigation.

Human Review
No mandatory confidence-based referral.

Limitations
This report describes the detector output and supplied evidence. It does not establish that the predicted class is ground truth.",828,109
UNSW-OFFICIAL-17774,A0_template,deterministic_template,"Prediction Summary
The detector predicted Exploits with confidence 0.5191.

Evidence
- sttl = 254; SHAP=-0.077617; opposes predicted class.
- sbytes = 31148; SHAP=0.039063; supports predicted class.
- sload = 282096; SHAP=0.031340; supports predicted class.
- smean = 820; SHAP=0.029792; supports predicted class.
- dbytes = 1954; SHAP=0.029010; supports predicted class.

Risk and Policy
The predicted operational stage is Exploitation. The confidence-weighted risk score is 3.3741, corresponding to the Alert policy zone.

Recommended Action
Raise a SOC alert and enrich the event context.

Human Review
Detector confidence below the fixed 0.70 threshold.

Limitations
This report describes the detector output and supplied evidence. It does not establish that the predicted class is ground truth.",799,112
UNSW-OFFICIAL-18095,A0_template,deterministic_template,"Prediction Summary
The detector predicted Generic with confidence 1.0000.

Evidence
- Service = dns; SHAP=0.115350; supports predicted class.
- sbytes = 114; SHAP=0.100277; supports predicted class.
- An application service is identified; SHAP=0.079798; supports predicted class.
- ct_srv_dst = 25; SHAP=0.073167; supports predicted class.
- ct_dst_sport_ltm = 25; SHAP=0.060282; supports predicted class.

Risk and Policy
The predicted operational stage is Exploitation. The confidence-weighted risk score is 6.5000, corresponding to the Block policy zone.

Recommended Action
Block the suspected source and initiate investigation.

Human Review
No mandatory confidence-based referral.

Limitations
This report describes the detector output and supplied evidence. It does not establish that the predicted class is ground truth.",828,109
UNSW-OFFICIAL-19389,A0_template,deterministic_template,"Prediction Summary
The detector predicted Generic with confidence 1.0000.

Evidence
- Service = dns; SHAP=0.160559; supports predicted class.
- sbytes = 114; SHAP=0.122999; supports predicted class.
- An application service is identified; SHAP=0.109828; supports predicted class.
- Protocol = udp; SHAP=0.073638; supports predicted class.
- smean = 57; SHAP=0.063985; supports predicted class.

Risk and Policy
The predicted operational stage is Exploitation. The confidence-weighted risk score is 6.5000, corresponding to the Block policy zone.

Recommended Action
Block the suspected source and initiate investigation.

Human Review
No mandatory confidence-based referral.

Limitations
This report describes the detector output and supplied evidence. It does not establish that the predicted class is ground truth.",816,109
UNSW-OFFICIAL-20794,A0_template,deterministic_template,"Prediction Summary
The detector predicted Generic with confidence 1.0000.

Evidence
- Service = dns; SHAP=0.114627; supports predicted class.
- sbytes = 114; SHAP=0.100276; supports predicted class.
- An application service is identified; SHAP=0.079238; supports predicted class.
- ct_srv_dst = 35; SHAP=0.074332; supports predicted class.
- ct_dst_sport_ltm = 22; SHAP=0.061068; supports predicted class.

Risk and Policy
The predicted operational stage is Exploitation. The confidence-weighted risk score is 6.5000, corresponding to the Block policy zone.

Recommended Action
Block the suspected source and initiate investigation.

Human Review
No mandatory confidence-based referral.

Limitations
This report describes the detector output and supplied evidence. It does not establish that the predicted class is ground truth.",828,109
UNSW-OFFICIAL-20956,A0_template,deterministic_template,"Prediction Summary
The detector predicted Generic with confidence 1.0000.

Evidence
- Service = dns; SHAP=0.115117; supports predicted class.
- sbytes = 114; SHAP=0.100985; supports predicted class.
- An application service is identified; SHAP=0.079804; supports predicted class.
- ct_srv_dst = 35; SHAP=0.072784; supports predicted class.
- ct_dst_sport_ltm = 16; SHAP=0.060896; supports predicted class.

Risk and Policy
The predicted operational stage is Exploitation. The confidence-weighted risk score is 6.5000, corresponding to the Block policy zone.

Recommended Action
Block the suspected source and initiate investigation.

Human Review
No mandatory confidence-based referral.

Limitations
This report describes the detector output and supplied evidence. It does not establish that the predicted class is ground truth.",828,109
UNSW-OFFICIAL-22460,A0_template,deterministic_template,"Prediction Summary
The detector predicted Fuzzers with confidence 0.5445.

Evidence
- spkts = 16; SHAP=0.045279; supports predicted class.
- ct_srv_dst = 1; SHAP=-0.040604; opposes predicted class.
- sloss = 4; SHAP=0.038848; supports predicted class.
- dbytes = 700; SHAP=0.038775; supports predicted class.
- sbytes = 1576; SHAP=0.033101; supports predicted class.

Risk and Policy
The predicted operational stage is Exploitation. The confidence-weighted risk score is 3.5392, corresponding to the Alert policy zone.

Recommended Action
Raise a SOC alert and enrich the event context.

Human Review
Detector confidence below the fixed 0.70 threshold.

Limitations
This report describes the detector output and supplied evidence. It does not establish that the predicted class is ground truth.",794,112
UNSW-OFFICIAL-22782,A0_template,deterministic_template,"Prediction Summary
The detector predicted Generic with confidence 1.0000.

Evidence
- Service = dns; SHAP=0.115128; supports predicted class.
- sbytes = 114; SHAP=0.099406; supports predicted class.
- ct_srv_dst = 29; SHAP=0.076244; supports predicted class.
- An application service is identified; SHAP=0.076196; supports predicted class.
- ct_dst_sport_ltm = 25; SHAP=0.058708; supports predicted class.

Risk and Policy
The predicted operational stage is Exploitation. The confidence-weighted risk score is 6.5000, corresponding to the Block policy zone.

Recommended Action
Block the suspected source and initiate investigation.

Human Review
No mandatory confidence-based referral.

Limitations
This report describes the detector output and supplied evidence. It does not establish that the predicted class is ground truth.",828,109
UNSW-OFFICIAL-25473,A0_template,deterministic_template,"Prediction Summary
The detector predicted Normal with confidence 1.0000.

Evidence
- ct_state_ttl = 0; SHAP=0.140692; supports predicted class.
- sttl = 31; SHAP=0.136562; supports predicted class.
- dttl = 29; SHAP=0.083063; supports predicted class.
- ackdat = 0.000103; SHAP=0.068877; supports predicted class.
- tcprtt = 0.000551; SHAP=0.064210; supports predicted class.

Risk and Policy
The predicted operational stage is Normal. The confidence-weighted risk score is 0.0000, corresponding to the Monitor policy zone.

Recommended Action
Log the event and continue monitoring.

Human Review
No mandatory confidence-based referral.

Limitations
This report describes the detector output and supplied evidence. It does not establish that the predicted class is ground truth.",778,106
UNSW-OFFICIAL-29954,A0_template,deterministic_template,"Prediction Summary
The detector predicted Normal with confidence 1.0000.

Evidence
- ct_state_ttl = 0; SHAP=0.124988; supports predicted class.
- sttl = 31; SHAP=0.117000; supports predicted class.
- dttl = 29; SHAP=0.063887; supports predicted class.
- ackdat = 0.000125; SHAP=0.041508; supports predicted class.
- dload = 675621; SHAP=0.039921; supports predicted class.

Risk and Policy
The predicted operational stage is Normal. The confidence-weighted risk score is 0.0000, corresponding to the Monitor policy zone.

Recommended Action
Log the event and continue monitoring.

Human Review
No mandatory confidence-based referral.

Limitations
This report describes the detector output and supplied evidence. It does not establish that the predicted class is ground truth.",775,106
UNSW-OFFICIAL-33099,A0_template,deterministic_template,"Prediction Summary
The detector predicted Normal with confidence 1.0000.

Evidence
- ct_state_ttl = 0; SHAP=0.144705; supports predicted class.
- sttl = 31; SHAP=0.135422; supports predicted class.
- dttl = 29; SHAP=0.081329; supports predicted class.
- ackdat = 0.000136; SHAP=0.074681; supports predicted class.
- synack = 0.000563; SHAP=0.057738; supports predicted class.

Risk and Policy
The predicted operational stage is Normal. The confidence-weighted risk score is 0.0000, corresponding to the Monitor policy zone.

Recommended Action
Log the event and continue monitoring.

Human Review
No mandatory confidence-based referral.

Limitations
This report describes the detector output and supplied evidence. It does not establish that the predicted class is ground truth.",778,106
UNSW-OFFICIAL-33218,A0_template,deterministic_template,"Prediction Summary
The detector predicted Normal with confidence 1.0000.

Evidence
- sttl = 31; SHAP=0.169588; supports predicted class.
- ct_state_ttl = 0; SHAP=0.118915; supports predicted class.
- dttl = 29; SHAP=0.066788; supports predicted class.
- dmean = 76; SHAP=0.044650; supports predicted class.
- dinpkt = 90.6357; SHAP=0.034376; supports predicted class.

Risk and Policy
The predicted operational stage is Normal. The confidence-weighted risk score is 0.0000, corresponding to the Monitor policy zone.

Recommended Action
Log the event and continue monitoring.

Human Review
No mandatory confidence-based referral.

Limitations
This report describes the detector output and supplied evidence. It does not establish that the predicted class is ground truth.",770,106
UNSW-OFFICIAL-34459,A0_template,deterministic_template,"Prediction Summary
The detector predicted Normal with confidence 1.0000.

Evidence
- ct_state_ttl = 0; SHAP=0.130196; supports predicted class.
- sttl = 31; SHAP=0.118262; supports predicted class.
- dttl = 29; SHAP=0.065859; supports predicted class.
- ackdat = 0.000262; SHAP=0.041024; supports predicted class.
- dload = 595276; SHAP=0.039643; supports predicted class.

Risk and Policy
The predicted operational stage is Normal. The confidence-weighted risk score is 0.0000, corresponding to the Monitor policy zone.

Recommended Action
Log the event and continue monitoring.

Human Review
No mandatory confidence-based referral.

Limitations
This report describes the detector output and supplied evidence. It does not establish that the predicted class is ground truth.",775,106
UNSW-OFFICIAL-34555,A0_template,deterministic_template,"Prediction Summary
The detector predicted Normal with confidence 1.0000.

Evidence
- sttl = 31; SHAP=0.146169; supports predicted class.
- ct_state_ttl = 0; SHAP=0.120299; supports predicted class.
- dload = 749384; SHAP=0.063112; supports predicted class.
- dttl = 29; SHAP=0.051309; supports predicted class.
- dmean = 76; SHAP=0.041205; supports predicted class.

Risk and Policy
The predicted operational stage is Normal. The confidence-weighted risk score is 0.0000, corresponding to the Monitor policy zone.

Recommended Action
Log the event and continue monitoring.

Human Review
No mandatory confidence-based referral.

Limitations
This report describes the detector output and supplied evidence. It does not establish that the predicted class is ground truth.",768,106
UNSW-OFFICIAL-35071,A0_template,deterministic_template,"Prediction Summary
The detector predicted Normal with confidence 1.0000.

Evidence
- ct_state_ttl = 0; SHAP=0.142403; supports predicted class.
- sttl = 31; SHAP=0.129194; supports predicted class.
- dttl = 29; SHAP=0.067321; supports predicted class.
- ackdat = 0.00013; SHAP=0.052941; supports predicted class.
- dload = 1.35926e+06; SHAP=0.048620; supports predicted class.

Risk and Policy
The predicted operational stage is Normal. The confidence-weighted risk score is 0.0000, corresponding to the Monitor policy zone.

Recommended Action
Log the event and continue monitoring.

Human Review
No mandatory confidence-based referral.

Limitations
This report describes the detector output and supplied evidence. It does not establish that the predicted class is ground truth.",779,106
UNSW-OFFICIAL-35319,A0_template,deterministic_template,"Prediction Summary
The detector predicted Normal with confidence 1.0000.

Evidence
- ct_state_ttl = 0; SHAP=0.136560; supports predicted class.
- sttl = 31; SHAP=0.117979; supports predicted class.
- dttl = 29; SHAP=0.067265; supports predicted class.
- dload = 1.51373e+07; SHAP=0.045407; supports predicted class.
- ackdat = 0.000122; SHAP=0.043615; supports predicted class.

Risk and Policy
The predicted operational stage is Normal. The confidence-weighted risk score is 0.0000, corresponding to the Monitor policy zone.

Recommended Action
Log the event and continue monitoring.

Human Review
No mandatory confidence-based referral.

Limitations
This report describes the detector output and supplied evidence. It does not establish that the predicted class is ground truth.",780,106
UNSW-OFFICIAL-36330,A0_template,deterministic_template,"Prediction Summary
The detector predicted Normal with confidence 0.9933.

Evidence
- ct_state_ttl = 0; SHAP=0.147352; supports predicted class.
- sttl = 31; SHAP=0.123923; supports predicted class.
- dttl = 29; SHAP=0.079683; supports predicted class.
- ackdat = 0.000285; SHAP=0.064658; supports predicted class.
- tcprtt = 0.000903; SHAP=0.047152; supports predicted class.

Risk and Policy
The predicted operational stage is Normal. The confidence-weighted risk score is 0.0000, corresponding to the Monitor policy zone.

Recommended Action
Log the event and continue monitoring.

Human Review
No mandatory confidence-based referral.

Limitations
This report describes the detector output and supplied evidence. It does not establish that the predicted class is ground truth.",778,106
UNSW-OFFICIAL-36644,A0_template,deterministic_template,"Prediction Summary
The detector predicted Normal with confidence 1.0000.

Evidence
- sttl = 31; SHAP=0.141677; supports predicted class.
- ct_state_ttl = 0; SHAP=0.121812; supports predicted class.
- dload = 578055; SHAP=0.080135; supports predicted class.
- dttl = 29; SHAP=0.048042; supports predicted class.
- rate = 2676.18; SHAP=0.044215; supports predicted class.

Risk and Policy
The predicted operational stage is Normal. The confidence-weighted risk score is 0.0000, corresponding to the Monitor policy zone.

Recommended Action
Log the event and continue monitoring.

Human Review
No mandatory confidence-based referral.

Limitations
This report describes the detector output and supplied evidence. It does not establish that the predicted class is ground truth.",772,106
UNSW-OFFICIAL-40504,A0_template,deterministic_template,"Prediction Summary
The detector predicted Analysis with confidence 0.7825.

Evidence
- ct_srv_dst = 3; SHAP=0.061981; supports predicted class.
- sttl = 62; SHAP=0.049511; supports predicted class.
- response_body_len = 213; SHAP=0.045892; supports predicted class.
- ct_dst_src_ltm = 3; SHAP=0.044212; supports predicted class.
- ct_srv_src = 3; SHAP=0.043918; supports predicted class.

Risk and Policy
The predicted operational stage is Reconnaissance. The confidence-weighted risk score is 2.3474, corresponding to the Alert policy zone.

Recommended Action
Raise a SOC alert and enrich the event context.

Human Review
No mandatory confidence-based referral.

Limitations
This report describes the detector output and supplied evidence. It does not establish that the predicted class is ground truth.",805,109
UNSW-OFFICIAL-42048,A0_template,deterministic_template,"Prediction Summary
The detector predicted Fuzzers with confidence 0.6962.

Evidence
- dmean = 55; SHAP=0.054990; supports predicted class.
- spkts = 14; SHAP=0.053612; supports predicted class.
- sloss = 4; SHAP=0.051135; supports predicted class.
- dbytes = 768; SHAP=0.046369; supports predicted class.
- sttl = 254; SHAP=0.037759; supports predicted class.

Risk and Policy
The predicted operational stage is Exploitation. The confidence-weighted risk score is 4.5251, corresponding to the Alert policy zone.

Recommended Action
Raise a SOC alert and enrich the event context.

Human Review
Detector confidence below the fixed 0.70 threshold.

Limitations
This report describes the detector output and supplied evidence. It does not establish that the predicted class is ground truth.",787,112
UNSW-OFFICIAL-42451,A0_template,deterministic_template,"Prediction Summary
The detector predicted Normal with confidence 1.0000.

Evidence
- sttl = 0; SHAP=0.135574; supports predicted class.
- Protocol = arp; SHAP=0.095587; supports predicted class.
- sbytes = 46; SHAP=0.085201; supports predicted class.
- smean = 46; SHAP=0.081056; supports predicted class.
- is_sm_ips_ports = 1; SHAP=0.068670; supports predicted class.

Risk and Policy
The predicted operational stage is Normal. The confidence-weighted risk score is 0.0000, corresponding to the Monitor policy zone.

Recommended Action
Log the event and continue monitoring.

Human Review
No mandatory confidence-based referral.

Limitations
This report describes the detector output and supplied evidence. It does not establish that the predicted class is ground truth.",772,106
UNSW-OFFICIAL-43110,A0_template,deterministic_template,"Prediction Summary
The detector predicted Normal with confidence 0.5132.

Evidence
- sbytes = 1066; SHAP=0.062191; supports predicted class.
- smean = 533; SHAP=0.040925; supports predicted class.
- ct_srv_src = 26; SHAP=0.037294; supports predicted class.
- ct_srv_dst = 26; SHAP=0.034394; supports predicted class.
- Protocol = udp; SHAP=0.033960; supports predicted class.

Risk and Policy
The predicted operational stage is Normal. The confidence-weighted risk score is 0.0000, corresponding to the Monitor policy zone.

Recommended Action
Log the event and continue monitoring.

Human Review
Detector confidence below the fixed 0.70 threshold.

Limitations
This report describes the detector output and supplied evidence. It does not establish that the predicted class is ground truth.",790,109
UNSW-OFFICIAL-43373,A0_template,deterministic_template,"Prediction Summary
The detector predicted Fuzzers with confidence 0.6918.

Evidence
- ct_dst_src_ltm = 11; SHAP=0.074538; supports predicted class.
- ct_srv_dst = 11; SHAP=0.057004; supports predicted class.
- ct_src_dport_ltm = 2; SHAP=0.052255; supports predicted class.
- ct_srv_src = 11; SHAP=0.050218; supports predicted class.
- sbytes = 1612; SHAP=0.038079; supports predicted class.

Risk and Policy
The predicted operational stage is Exploitation. The confidence-weighted risk score is 4.4966, corresponding to the Alert policy zone.

Recommended Action
Raise a SOC alert and enrich the event context.

Human Review
Detector confidence below the fixed 0.70 threshold.

Limitations
This report describes the detector output and supplied evidence. It does not establish that the predicted class is ground truth.",818,112
UNSW-OFFICIAL-43394,A0_template,deterministic_template,"Prediction Summary
The detector predicted Fuzzers with confidence 0.9110.

Evidence
- Protocol = udp; SHAP=0.106375; supports predicted class.
- sbytes = 1772; SHAP=0.078803; supports predicted class.
- smean = 886; SHAP=0.077500; supports predicted class.
- ct_srv_dst = 32; SHAP=0.064931; supports predicted class.
- ct_srv_src = 32; SHAP=0.055821; supports predicted class.

Risk and Policy
The predicted operational stage is Exploitation. The confidence-weighted risk score is 5.9218, corresponding to the Block policy zone.

Recommended Action
Block the suspected source and initiate investigation.

Human Review
No mandatory confidence-based referral.

Limitations
This report describes the detector output and supplied evidence. It does not establish that the predicted class is ground truth.",799,107
UNSW-OFFICIAL-43864,A0_template,deterministic_template,"Prediction Summary
The detector predicted Shellcode with confidence 0.7048.

Evidence
- stcpb = 4.28626e+09; SHAP=-0.058068; opposes predicted class.
- sbytes = 720; SHAP=0.046059; supports predicted class.
- ct_dst_src_ltm = 1; SHAP=0.041027; supports predicted class.
- Service = unspecified; SHAP=0.040788; supports predicted class.
- dmean = 45; SHAP=0.033347; supports predicted class.

Risk and Policy
The predicted operational stage is Advanced Intrusion. The confidence-weighted risk score is 5.9911, corresponding to the Block policy zone.

Recommended Action
Block the suspected source and initiate investigation.

Human Review
No mandatory confidence-based referral.

Limitations
This report describes the detector output and supplied evidence. It does not establish that the predicted class is ground truth.",819,108
UNSW-OFFICIAL-43895,A0_template,deterministic_template,"Prediction Summary
The detector predicted Exploits with confidence 0.7045.

Evidence
- sttl = 62; SHAP=0.074118; supports predicted class.
- smean = 1220; SHAP=0.040099; supports predicted class.
- sbytes = 283028; SHAP=0.040083; supports predicted class.
- dbytes = 3010; SHAP=0.039887; supports predicted class.
- dpkts = 50; SHAP=0.035506; supports predicted class.

Risk and Policy
The predicted operational stage is Exploitation. The confidence-weighted risk score is 4.5793, corresponding to the Alert policy zone.

Recommended Action
Raise a SOC alert and enrich the event context.

Human Review
No mandatory confidence-based referral.

Limitations
This report describes the detector output and supplied evidence. It does not establish that the predicted class is ground truth.",784,109
UNSW-OFFICIAL-43985,A0_template,deterministic_template,"Prediction Summary
The detector predicted Worms with confidence 0.4796.

Evidence
- Service = http; SHAP=0.049914; supports predicted class.
- sbytes = 2416; SHAP=0.036361; supports predicted class.
- dpkts = 236; SHAP=0.032547; supports predicted class.
- An application service is identified; SHAP=0.027834; supports predicted class.
- sttl = 254; SHAP=0.026676; supports predicted class.

Risk and Policy
The predicted operational stage is Advanced Intrusion. The confidence-weighted risk score is 4.0764, corresponding to the Alert policy zone.

Recommended Action
Raise a SOC alert and enrich the event context.

Human Review
Detector confidence below the fixed 0.70 threshold.

Limitations
This report describes the detector output and supplied evidence. It does not establish that the predicted class is ground truth.",824,115
UNSW-OFFICIAL-44001,A0_template,deterministic_template,"Prediction Summary
The detector predicted Exploits with confidence 0.7795.

Evidence
- sttl = 62; SHAP=0.101594; supports predicted class.
- dbytes = 1740; SHAP=0.051085; supports predicted class.
- dloss = 8; SHAP=0.048070; supports predicted class.
- dpkts = 22; SHAP=0.046033; supports predicted class.
- sbytes = 3035; SHAP=0.036064; supports predicted class.

Risk and Policy
The predicted operational stage is Exploitation. The confidence-weighted risk score is 5.0667, corresponding to the Block policy zone.

Recommended Action
Block the suspected source and initiate investigation.

Human Review
No mandatory confidence-based referral.

Limitations
This report describes the detector output and supplied evidence. It does not establish that the predicted class is ground truth.",786,107
UNSW-OFFICIAL-44015,A0_template,deterministic_template,"Prediction Summary
The detector predicted Fuzzers with confidence 0.9501.

Evidence
- sbytes = 3688; SHAP=0.057481; supports predicted class.
- dbytes = 708; SHAP=0.045942; supports predicted class.
- spkts = 20; SHAP=0.044485; supports predicted class.
- sloss = 4; SHAP=0.042026; supports predicted class.
- ct_dst_src_ltm = 2; SHAP=0.040638; supports predicted class.

Risk and Policy
The predicted operational stage is Exploitation. The confidence-weighted risk score is 6.1759, corresponding to the Block policy zone.

Recommended Action
Block the suspected source and initiate investigation.

Human Review
No mandatory confidence-based referral.

Limitations
This report describes the detector output and supplied evidence. It does not establish that the predicted class is ground truth.",793,107
UNSW-OFFICIAL-44322,A0_template,deterministic_template,"Prediction Summary
The detector predicted Fuzzers with confidence 0.2990.

Evidence
- ct_dst_src_ltm = 1; SHAP=-0.058883; opposes predicted class.
- sbytes = 1132; SHAP=0.034898; supports predicted class.
- Service = unspecified; SHAP=0.026395; supports predicted class.
- ct_srv_dst = 2; SHAP=0.020364; supports predicted class.
- Service is not http; SHAP=0.015104; supports predicted class.

Risk and Policy
The predicted operational stage is Exploitation. The confidence-weighted risk score is 1.9434, corresponding to the Monitor policy zone.

Recommended Action
Log the event and continue monitoring.

Human Review
Detector confidence below the fixed 0.70 threshold.

Limitations
This report describes the detector output and supplied evidence. It does not establish that the predicted class is ground truth.",814,110
UNSW-OFFICIAL-44403,A0_template,deterministic_template,"Prediction Summary
The detector predicted Shellcode with confidence 0.5974.

Evidence
- Service = unspecified; SHAP=0.042178; supports predicted class.
- sbytes = 728; SHAP=0.042102; supports predicted class.
- ct_dst_src_ltm = 1; SHAP=0.041883; supports predicted class.
- dpkts = 6; SHAP=0.030231; supports predicted class.
- dbytes = 268; SHAP=0.029451; supports predicted class.

Risk and Policy
The predicted operational stage is Advanced Intrusion. The confidence-weighted risk score is 5.0775, corresponding to the Block policy zone.

Recommended Action
Block the suspected source and initiate investigation.

Human Review
Detector confidence below the fixed 0.70 threshold.

Limitations
This report describes the detector output and supplied evidence. It does not establish that the predicted class is ground truth.",823,111
UNSW-OFFICIAL-44487,A0_template,deterministic_template,"Prediction Summary
The detector predicted Worms with confidence 0.7640.

Evidence
- sbytes = 1306; SHAP=0.096251; supports predicted class.
- smean = 131; SHAP=0.073001; supports predicted class.
- Service = http; SHAP=0.055931; supports predicted class.
- An application service is identified; SHAP=0.055024; supports predicted class.
- ct_flw_http_mthd = 1; SHAP=0.047628; supports predicted class.

Risk and Policy
The predicted operational stage is Advanced Intrusion. The confidence-weighted risk score is 6.4937, corresponding to the Block policy zone.

Recommended Action
Block the suspected source and initiate investigation.

Human Review
No mandatory confidence-based referral.

Limitations
This report describes the detector output and supplied evidence. It does not establish that the predicted class is ground truth.",829,110
UNSW-OFFICIAL-44627,A0_template,deterministic_template,"Prediction Summary
The detector predicted Fuzzers with confidence 0.7636.

Evidence
- ct_srv_dst = 10; SHAP=0.090123; supports predicted class.
- ct_srv_src = 10; SHAP=0.067572; supports predicted class.
- ct_dst_src_ltm = 3; SHAP=0.055517; supports predicted class.
- ct_src_dport_ltm = 3; SHAP=0.050313; supports predicted class.
- sbytes = 566; SHAP=0.050309; supports predicted class.

Risk and Policy
The predicted operational stage is Exploitation. The confidence-weighted risk score is 4.9633, corresponding to the Alert policy zone.

Recommended Action
Raise a SOC alert and enrich the event context.

Human Review
No mandatory confidence-based referral.

Limitations
This report describes the detector output and supplied evidence. It does not establish that the predicted class is ground truth.",804,109
UNSW-OFFICIAL-44897,A0_template,deterministic_template,"Prediction Summary
The detector predicted Worms with confidence 0.7885.

Evidence
- sbytes = 1282; SHAP=0.089925; supports predicted class.
- smean = 128; SHAP=0.063573; supports predicted class.
- Service = http; SHAP=0.059810; supports predicted class.
- An application service is identified; SHAP=0.055944; supports predicted class.
- ct_flw_http_mthd = 1; SHAP=0.045149; supports predicted class.

Risk and Policy
The predicted operational stage is Advanced Intrusion. The confidence-weighted risk score is 6.7023, corresponding to the Block policy zone.

Recommended Action
Block the suspected source and initiate investigation.

Human Review
No mandatory confidence-based referral.

Limitations
This report describes the detector output and supplied evidence. It does not establish that the predicted class is ground truth.",829,110
UNSW-OFFICIAL-45256,A0_template,deterministic_template,"Prediction Summary
The detector predicted Exploits with confidence 0.3762.

Evidence
- rate = 22.9598; SHAP=0.025764; supports predicted class.
- dinpkt = 0.009; SHAP=0.021026; supports predicted class.
- dpkts = 2; SHAP=0.018823; supports predicted class.
- dload = 2510.27; SHAP=0.018416; supports predicted class.
- sload = 4653.19; SHAP=0.018282; supports predicted class.

Risk and Policy
The predicted operational stage is Exploitation. The confidence-weighted risk score is 2.4450, corresponding to the Alert policy zone.

Recommended Action
Raise a SOC alert and enrich the event context.

Human Review
Detector confidence below the fixed 0.70 threshold.

Limitations
This report describes the detector output and supplied evidence. It does not establish that the predicted class is ground truth.",804,112
UNSW-OFFICIAL-45328,A0_template,deterministic_template,"Prediction Summary
The detector predicted Exploits with confidence 0.6160.

Evidence
- sbytes = 1250; SHAP=0.032683; supports predicted class.
- dmean = 310; SHAP=0.031240; supports predicted class.
- dbytes = 2482; SHAP=0.030473; supports predicted class.
- sload = 41650.7; SHAP=0.025940; supports predicted class.
- ackdat = 0.044777; SHAP=0.025813; supports predicted class.

Risk and Policy
The predicted operational stage is Exploitation. The confidence-weighted risk score is 4.0043, corresponding to the Alert policy zone.

Recommended Action
Raise a SOC alert and enrich the event context.

Human Review
Detector confidence below the fixed 0.70 threshold.

Limitations
This report describes the detector output and supplied evidence. It does not establish that the predicted class is ground truth.",806,112
UNSW-OFFICIAL-45697,A0_template,deterministic_template,"Prediction Summary
The detector predicted Reconnaissance with confidence 0.5909.

Evidence
- An application service is identified; SHAP=0.064544; supports predicted class.
- Service = http; SHAP=0.061603; supports predicted class.
- smean = 81; SHAP=0.057335; supports predicted class.
- sbytes = 808; SHAP=0.056601; supports predicted class.
- dloss = 1; SHAP=0.022177; supports predicted class.

Risk and Policy
The predicted operational stage is Reconnaissance. The confidence-weighted risk score is 1.7726, corresponding to the Monitor policy zone.

Recommended Action
Log the event and continue monitoring.

Human Review
Detector confidence below the fixed 0.70 threshold.

Limitations
This report describes the detector output and supplied evidence. It does not establish that the predicted class is ground truth.",819,111
UNSW-OFFICIAL-45795,A0_template,deterministic_template,"Prediction Summary
The detector predicted Worms with confidence 0.6402.

Evidence
- sbytes = 1292; SHAP=0.093342; supports predicted class.
- smean = 129; SHAP=0.063035; supports predicted class.
- An application service is identified; SHAP=0.051943; supports predicted class.
- ct_flw_http_mthd = 1; SHAP=0.045020; supports predicted class.
- Service = http; SHAP=0.042904; supports predicted class.

Risk and Policy
The predicted operational stage is Advanced Intrusion. The confidence-weighted risk score is 5.4415, corresponding to the Block policy zone.

Recommended Action
Block the suspected source and initiate investigation.

Human Review
Detector confidence below the fixed 0.70 threshold.

Limitations
This report describes the detector output and supplied evidence. It does not establish that the predicted class is ground truth.",841,113
UNSW-OFFICIAL-45818,A0_template,deterministic_template,"Prediction Summary
The detector predicted Exploits with confidence 0.8587.

Evidence
- sttl = 62; SHAP=0.078806; supports predicted class.
- dbytes = 1614; SHAP=0.056879; supports predicted class.
- dpkts = 22; SHAP=0.054348; supports predicted class.
- dloss = 9; SHAP=0.052493; supports predicted class.
- sbytes = 1178; SHAP=0.040739; supports predicted class.

Risk and Policy
The predicted operational stage is Exploitation. The confidence-weighted risk score is 5.5813, corresponding to the Block policy zone.

Recommended Action
Block the suspected source and initiate investigation.

Human Review
No mandatory confidence-based referral.

Limitations
This report describes the detector output and supplied evidence. It does not establish that the predicted class is ground truth.",786,107
UNSW-OFFICIAL-45887,A0_template,deterministic_template,"Prediction Summary
The detector predicted Reconnaissance with confidence 0.9332.

Evidence
- sbytes = 564; SHAP=0.077494; supports predicted class.
- smean = 56; SHAP=0.061573; supports predicted class.
- sjit = 5386.09; SHAP=0.047063; supports predicted class.
- dmean = 44; SHAP=0.042729; supports predicted class.
- dpkts = 8; SHAP=0.041827; supports predicted class.

Risk and Policy
The predicted operational stage is Reconnaissance. The confidence-weighted risk score is 2.7995, corresponding to the Alert policy zone.

Recommended Action
Raise a SOC alert and enrich the event context.

Human Review
No mandatory confidence-based referral.

Limitations
This report describes the detector output and supplied evidence. It does not establish that the predicted class is ground truth.",788,109
UNSW-OFFICIAL-45973,A0_template,deterministic_template,"Prediction Summary
The detector predicted Reconnaissance with confidence 0.9514.

Evidence
- sbytes = 168; SHAP=0.178354; supports predicted class.
- smean = 84; SHAP=0.142178; supports predicted class.
- Protocol = udp; SHAP=0.084923; supports predicted class.
- ct_dst_src_ltm = 1; SHAP=0.061891; supports predicted class.
- sload = 3.95294e+07; SHAP=0.027641; supports predicted class.

Risk and Policy
The predicted operational stage is Reconnaissance. The confidence-weighted risk score is 2.8543, corresponding to the Alert policy zone.

Recommended Action
Raise a SOC alert and enrich the event context.

Human Review
No mandatory confidence-based referral.

Limitations
This report describes the detector output and supplied evidence. It does not establish that the predicted class is ground truth.",806,109
UNSW-OFFICIAL-46039,A0_template,deterministic_template,"Prediction Summary
The detector predicted Exploits with confidence 0.6977.

Evidence
- dmean = 356; SHAP=0.053843; supports predicted class.
- dbytes = 3560; SHAP=0.045047; supports predicted class.
- smean = 137; SHAP=0.042467; supports predicted class.
- sbytes = 1642; SHAP=0.035864; supports predicted class.
- dload = 36514; SHAP=0.035252; supports predicted class.

Risk and Policy
The predicted operational stage is Exploitation. The confidence-weighted risk score is 4.5351, corresponding to the Alert policy zone.

Recommended Action
Raise a SOC alert and enrich the event context.

Human Review
Detector confidence below the fixed 0.70 threshold.

Limitations
This report describes the detector output and supplied evidence. It does not establish that the predicted class is ground truth.",798,112
UNSW-OFFICIAL-46255,A0_template,deterministic_template,"Prediction Summary
The detector predicted Normal with confidence 0.4660.

Evidence
- ct_srv_src = 20; SHAP=0.067564; supports predicted class.
- ct_dst_src_ltm = 3; SHAP=0.051182; supports predicted class.
- ct_srv_dst = 9; SHAP=0.040197; supports predicted class.
- sbytes = 504; SHAP=0.024797; supports predicted class.
- smean = 50; SHAP=0.021440; supports predicted class.

Risk and Policy
The predicted operational stage is Normal. The confidence-weighted risk score is 0.0000, corresponding to the Monitor policy zone.

Recommended Action
Log the event and continue monitoring.

Human Review
Detector confidence below the fixed 0.70 threshold.

Limitations
This report describes the detector output and supplied evidence. It does not establish that the predicted class is ground truth.",791,109
UNSW-OFFICIAL-46335,A0_template,deterministic_template,"Prediction Summary
The detector predicted Normal with confidence 0.2337.

Evidence
- sttl = 254; SHAP=-0.032258; opposes predicted class.
- Protocol = tcp; SHAP=0.024257; supports predicted class.
- tcprtt = 0; SHAP=0.023985; supports predicted class.
- dttl = 252; SHAP=-0.023615; opposes predicted class.
- swin = 255; SHAP=0.023209; supports predicted class.

Risk and Policy
The predicted operational stage is Normal. The confidence-weighted risk score is 0.0000, corresponding to the Monitor policy zone.

Recommended Action
Log the event and continue monitoring.

Human Review
Detector confidence below the fixed 0.70 threshold.

Limitations
This report describes the detector output and supplied evidence. It does not establish that the predicted class is ground truth.",776,109
UNSW-OFFICIAL-46444,A0_template,deterministic_template,"Prediction Summary
The detector predicted Exploits with confidence 0.5082.

Evidence
- dloss = 6; SHAP=0.030543; supports predicted class.
- sbytes = 988; SHAP=0.027567; supports predicted class.
- dbytes = 1312; SHAP=0.021990; supports predicted class.
- dpkts = 16; SHAP=0.021552; supports predicted class.
- dttl = 252; SHAP=0.020425; supports predicted class.

Risk and Policy
The predicted operational stage is Exploitation. The confidence-weighted risk score is 3.3035, corresponding to the Alert policy zone.

Recommended Action
Raise a SOC alert and enrich the event context.

Human Review
Detector confidence below the fixed 0.70 threshold.

Limitations
This report describes the detector output and supplied evidence. It does not establish that the predicted class is ground truth.",791,112
UNSW-OFFICIAL-46552,A0_template,deterministic_template,"Prediction Summary
The detector predicted Reconnaissance with confidence 0.9545.

Evidence
- sbytes = 564; SHAP=0.083506; supports predicted class.
- smean = 56; SHAP=0.061795; supports predicted class.
- dmean = 44; SHAP=0.045490; supports predicted class.
- synack = 0.016741; SHAP=0.043404; supports predicted class.
- sload = 6416.39; SHAP=0.042410; supports predicted class.

Risk and Policy
The predicted operational stage is Reconnaissance. The confidence-weighted risk score is 2.8635, corresponding to the Alert policy zone.

Recommended Action
Raise a SOC alert and enrich the event context.

Human Review
No mandatory confidence-based referral.

Limitations
This report describes the detector output and supplied evidence. It does not establish that the predicted class is ground truth.",797,109
UNSW-OFFICIAL-46586,A0_template,deterministic_template,"Prediction Summary
The detector predicted Exploits with confidence 0.6012.

Evidence
- smean = 122; SHAP=0.046674; supports predicted class.
- sbytes = 1216; SHAP=0.044982; supports predicted class.
- dmean = 109; SHAP=0.030027; supports predicted class.
- dbytes = 874; SHAP=0.028340; supports predicted class.
- sload = 12213.1; SHAP=0.027352; supports predicted class.

Risk and Policy
The predicted operational stage is Exploitation. The confidence-weighted risk score is 3.9080, corresponding to the Alert policy zone.

Recommended Action
Raise a SOC alert and enrich the event context.

Human Review
Detector confidence below the fixed 0.70 threshold.

Limitations
This report describes the detector output and supplied evidence. It does not establish that the predicted class is ground truth.",799,112
UNSW-OFFICIAL-46849,A0_template,deterministic_template,"Prediction Summary
The detector predicted DoS with confidence 0.2517.

Evidence
- Protocol is not udp; SHAP=0.019317; supports predicted class.
- sbytes = 200; SHAP=0.016951; supports predicted class.
- ct_dst_sport_ltm = 4; SHAP=0.011873; supports predicted class.
- smean = 100; SHAP=0.007655; supports predicted class.
- swin = 0; SHAP=0.006157; supports predicted class.

Risk and Policy
The predicted operational stage is Impact / Availability. The confidence-weighted risk score is 1.7622, corresponding to the Monitor policy zone.

Recommended Action
Log the event and continue monitoring.

Human Review
Detector confidence below the fixed 0.70 threshold.

Limitations
This report describes the detector output and supplied evidence. It does not establish that the predicted class is ground truth.",804,112
UNSW-OFFICIAL-46967,A0_template,deterministic_template,"Prediction Summary
The detector predicted Fuzzers with confidence 0.6763.

Evidence
- ct_dst_src_ltm = 2; SHAP=0.063082; supports predicted class.
- ct_srv_dst = 6; SHAP=0.052967; supports predicted class.
- ct_srv_src = 6; SHAP=0.038092; supports predicted class.
- ct_src_dport_ltm = 2; SHAP=0.036997; supports predicted class.
- dpkts = 6; SHAP=0.020897; supports predicted class.

Risk and Policy
The predicted operational stage is Exploitation. The confidence-weighted risk score is 4.3958, corresponding to the Alert policy zone.

Recommended Action
Raise a SOC alert and enrich the event context.

Human Review
Detector confidence below the fixed 0.70 threshold.

Limitations
This report describes the detector output and supplied evidence. It does not establish that the predicted class is ground truth.",811,112
UNSW-OFFICIAL-47133,A0_template,deterministic_template,"Prediction Summary
The detector predicted DoS with confidence 0.5798.

Evidence
- response_body_len = 105; SHAP=0.040891; supports predicted class.
- dmean = 127; SHAP=0.039791; supports predicted class.
- sbytes = 758; SHAP=0.038004; supports predicted class.
- sttl = 62; SHAP=0.034671; supports predicted class.
- dbytes = 1018; SHAP=0.034261; supports predicted class.

Risk and Policy
The predicted operational stage is Impact / Availability. The confidence-weighted risk score is 4.0585, corresponding to the Alert policy zone.

Recommended Action
Raise a SOC alert and enrich the event context.

Human Review
Detector confidence below the fixed 0.70 threshold.

Limitations
This report describes the detector output and supplied evidence. It does not establish that the predicted class is ground truth.",809,114
UNSW-OFFICIAL-47310,A0_template,deterministic_template,"Prediction Summary
The detector predicted Reconnaissance with confidence 0.9462.

Evidence
- sbytes = 168; SHAP=0.185628; supports predicted class.
- smean = 84; SHAP=0.164995; supports predicted class.
- Protocol = udp; SHAP=0.084955; supports predicted class.
- ct_dst_src_ltm = 1; SHAP=0.031106; supports predicted class.
- ct_srv_dst = 1; SHAP=0.028384; supports predicted class.

Risk and Policy
The predicted operational stage is Reconnaissance. The confidence-weighted risk score is 2.8386, corresponding to the Alert policy zone.

Recommended Action
Raise a SOC alert and enrich the event context.

Human Review
No mandatory confidence-based referral.

Limitations
This report describes the detector output and supplied evidence. It does not establish that the predicted class is ground truth.",801,109
UNSW-OFFICIAL-47341,A0_template,deterministic_template,"Prediction Summary
The detector predicted Worms with confidence 0.6679.

Evidence
- sbytes = 1308; SHAP=0.084804; supports predicted class.
- smean = 131; SHAP=0.058287; supports predicted class.
- An application service is identified; SHAP=0.051632; supports predicted class.
- ct_flw_http_mthd = 1; SHAP=0.049357; supports predicted class.
- Service = http; SHAP=0.046568; supports predicted class.

Risk and Policy
The predicted operational stage is Advanced Intrusion. The confidence-weighted risk score is 5.6774, corresponding to the Block policy zone.

Recommended Action
Block the suspected source and initiate investigation.

Human Review
Detector confidence below the fixed 0.70 threshold.

Limitations
This report describes the detector output and supplied evidence. It does not establish that the predicted class is ground truth.",841,113
UNSW-OFFICIAL-47369,A0_template,deterministic_template,"Prediction Summary
The detector predicted DoS with confidence 0.2277.

Evidence
- Protocol is not udp; SHAP=0.014659; supports predicted class.
- dur = 7.6e-05; SHAP=0.009140; supports predicted class.
- rate = 0; SHAP=0.008348; supports predicted class.
- ct_src_ltm = 6; SHAP=0.007527; supports predicted class.
- sbytes = 60; SHAP=-0.007320; opposes predicted class.

Risk and Policy
The predicted operational stage is Impact / Availability. The confidence-weighted risk score is 1.5936, corresponding to the Monitor policy zone.

Recommended Action
Log the event and continue monitoring.

Human Review
Detector confidence below the fixed 0.70 threshold.

Limitations
This report describes the detector output and supplied evidence. It does not establish that the predicted class is ground truth.",799,112
UNSW-OFFICIAL-47404,A0_template,deterministic_template,"Prediction Summary
The detector predicted DoS with confidence 0.2277.

Evidence
- Protocol is not udp; SHAP=0.014659; supports predicted class.
- dur = 7.6e-05; SHAP=0.009140; supports predicted class.
- rate = 0; SHAP=0.008348; supports predicted class.
- ct_src_ltm = 6; SHAP=0.007527; supports predicted class.
- sbytes = 60; SHAP=-0.007320; opposes predicted class.

Risk and Policy
The predicted operational stage is Impact / Availability. The confidence-weighted risk score is 1.5936, corresponding to the Monitor policy zone.

Recommended Action
Log the event and continue monitoring.

Human Review
Detector confidence below the fixed 0.70 threshold.

Limitations
This report describes the detector output and supplied evidence. It does not establish that the predicted class is ground truth.",799,112
UNSW-OFFICIAL-47409,A0_template,deterministic_template,"Prediction Summary
The detector predicted Shellcode with confidence 0.5151.

Evidence
- ct_dst_src_ltm = 1; SHAP=0.094667; supports predicted class.
- ct_srv_dst = 6; SHAP=-0.057888; opposes predicted class.
- Service = unspecified; SHAP=0.033298; supports predicted class.
- ct_srv_src = 6; SHAP=-0.027687; opposes predicted class.
- dmean = 45; SHAP=0.027687; supports predicted class.

Risk and Policy
The predicted operational stage is Advanced Intrusion. The confidence-weighted risk score is 4.3786, corresponding to the Alert policy zone.

Recommended Action
Raise a SOC alert and enrich the event context.

Human Review
Detector confidence below the fixed 0.70 threshold.

Limitations
This report describes the detector output and supplied evidence. It does not establish that the predicted class is ground truth.",821,113
UNSW-OFFICIAL-47850,A0_template,deterministic_template,"Prediction Summary
The detector predicted Fuzzers with confidence 0.2734.

Evidence
- ct_srv_src = 21; SHAP=0.059389; supports predicted class.
- ct_srv_dst = 16; SHAP=0.046989; supports predicted class.
- Protocol is not udp; SHAP=-0.030743; opposes predicted class.
- Service = unspecified; SHAP=0.027728; supports predicted class.
- ct_src_dport_ltm = 6; SHAP=0.023995; supports predicted class.

Risk and Policy
The predicted operational stage is Exploitation. The confidence-weighted risk score is 1.7770, corresponding to the Monitor policy zone.

Recommended Action
Log the event and continue monitoring.

Human Review
Detector confidence below the fixed 0.70 threshold.

Limitations
This report describes the detector output and supplied evidence. It does not establish that the predicted class is ground truth.",819,110
UNSW-OFFICIAL-48119,A0_template,deterministic_template,"Prediction Summary
The detector predicted Generic with confidence 0.9357.

Evidence
- Service = dns; SHAP=0.188588; supports predicted class.
- sbytes = 114; SHAP=0.132557; supports predicted class.
- An application service is identified; SHAP=0.124409; supports predicted class.
- smean = 57; SHAP=0.069762; supports predicted class.
- Protocol = udp; SHAP=0.059513; supports predicted class.

Risk and Policy
The predicted operational stage is Exploitation. The confidence-weighted risk score is 6.0823, corresponding to the Block policy zone.

Recommended Action
Block the suspected source and initiate investigation.

Human Review
No mandatory confidence-based referral.

Limitations
This report describes the detector output and supplied evidence. It does not establish that the predicted class is ground truth.",816,109
UNSW-OFFICIAL-48541,A0_template,deterministic_template,"Prediction Summary
The detector predicted Shellcode with confidence 0.5114.

Evidence
- ct_dst_src_ltm = 1; SHAP=0.093499; supports predicted class.
- Protocol = udp; SHAP=0.085365; supports predicted class.
- ct_srv_dst = 4; SHAP=-0.081627; opposes predicted class.
- sbytes = 308; SHAP=0.079219; supports predicted class.
- smean = 154; SHAP=0.067265; supports predicted class.

Risk and Policy
The predicted operational stage is Advanced Intrusion. The confidence-weighted risk score is 4.3471, corresponding to the Alert policy zone.

Recommended Action
Raise a SOC alert and enrich the event context.

Human Review
Detector confidence below the fixed 0.70 threshold.

Limitations
This report describes the detector output and supplied evidence. It does not establish that the predicted class is ground truth.",813,113
UNSW-OFFICIAL-48574,A0_template,deterministic_template,"Prediction Summary
The detector predicted Fuzzers with confidence 0.2012.

Evidence
- ct_srv_src = 19; SHAP=0.050241; supports predicted class.
- ct_srv_dst = 18; SHAP=0.046998; supports predicted class.
- Protocol is not udp; SHAP=-0.032582; opposes predicted class.
- Service = unspecified; SHAP=0.026503; supports predicted class.
- ct_src_dport_ltm = 4; SHAP=0.014719; supports predicted class.

Risk and Policy
The predicted operational stage is Exploitation. The confidence-weighted risk score is 1.3079, corresponding to the Monitor policy zone.

Recommended Action
Log the event and continue monitoring.

Human Review
Detector confidence below the fixed 0.70 threshold.

Limitations
This report describes the detector output and supplied evidence. It does not establish that the predicted class is ground truth.",819,110
UNSW-OFFICIAL-48600,A0_template,deterministic_template,"Prediction Summary
The detector predicted Fuzzers with confidence 0.7191.

Evidence
- Protocol = udp; SHAP=0.128829; supports predicted class.
- smean = 769; SHAP=0.067471; supports predicted class.
- sbytes = 1538; SHAP=0.057315; supports predicted class.
- ct_srv_dst = 4; SHAP=0.040402; supports predicted class.
- sload = 5.59273e+08; SHAP=0.032936; supports predicted class.

Risk and Policy
The predicted operational stage is Exploitation. The confidence-weighted risk score is 4.6743, corresponding to the Alert policy zone.

Recommended Action
Raise a SOC alert and enrich the event context.

Human Review
No mandatory confidence-based referral.

Limitations
This report describes the detector output and supplied evidence. It does not establish that the predicted class is ground truth.",795,109
UNSW-OFFICIAL-48615,A0_template,deterministic_template,"Prediction Summary
The detector predicted Fuzzers with confidence 0.8790.

Evidence
- sbytes = 3224; SHAP=0.058452; supports predicted class.
- ct_dst_src_ltm = 3; SHAP=0.042332; supports predicted class.
- spkts = 20; SHAP=0.041293; supports predicted class.
- sjit = 226759; SHAP=0.035497; supports predicted class.
- ct_srv_dst = 10; SHAP=0.034039; supports predicted class.

Risk and Policy
The predicted operational stage is Exploitation. The confidence-weighted risk score is 5.7134, corresponding to the Block policy zone.

Recommended Action
Block the suspected source and initiate investigation.

Human Review
No mandatory confidence-based referral.

Limitations
This report describes the detector output and supplied evidence. It does not establish that the predicted class is ground truth.",800,107
UNSW-OFFICIAL-48701,A0_template,deterministic_template,"Prediction Summary
The detector predicted DoS with confidence 0.2729.

Evidence
- Protocol is not udp; SHAP=0.021946; supports predicted class.
- sbytes = 200; SHAP=0.017615; supports predicted class.
- smean = 100; SHAP=0.010958; supports predicted class.
- ct_src_ltm = 6; SHAP=0.006403; supports predicted class.
- sloss = 0; SHAP=0.006118; supports predicted class.

Risk and Policy
The predicted operational stage is Impact / Availability. The confidence-weighted risk score is 1.9100, corresponding to the Monitor policy zone.

Recommended Action
Log the event and continue monitoring.

Human Review
Detector confidence below the fixed 0.70 threshold.

Limitations
This report describes the detector output and supplied evidence. It does not establish that the predicted class is ground truth.",799,112
UNSW-OFFICIAL-48723,A0_template,deterministic_template,"Prediction Summary
The detector predicted DoS with confidence 0.2567.

Evidence
- Protocol is not udp; SHAP=0.022009; supports predicted class.
- sbytes = 200; SHAP=0.017060; supports predicted class.
- ct_dst_sport_ltm = 6; SHAP=0.010747; supports predicted class.
- smean = 100; SHAP=0.010461; supports predicted class.
- ct_src_ltm = 6; SHAP=0.006526; supports predicted class.

Risk and Policy
The predicted operational stage is Impact / Availability. The confidence-weighted risk score is 1.7967, corresponding to the Monitor policy zone.

Recommended Action
Log the event and continue monitoring.

Human Review
Detector confidence below the fixed 0.70 threshold.

Limitations
This report describes the detector output and supplied evidence. It does not establish that the predicted class is ground truth.",810,112
UNSW-OFFICIAL-48748,A0_template,deterministic_template,"Prediction Summary
The detector predicted DoS with confidence 0.2545.

Evidence
- Protocol is not udp; SHAP=0.019722; supports predicted class.
- sbytes = 200; SHAP=0.016803; supports predicted class.
- ct_dst_sport_ltm = 4; SHAP=0.011670; supports predicted class.
- ct_src_ltm = 4; SHAP=0.009982; supports predicted class.
- smean = 100; SHAP=0.008407; supports predicted class.

Risk and Policy
The predicted operational stage is Impact / Availability. The confidence-weighted risk score is 1.7817, corresponding to the Monitor policy zone.

Recommended Action
Log the event and continue monitoring.

Human Review
Detector confidence below the fixed 0.70 threshold.

Limitations
This report describes the detector output and supplied evidence. It does not establish that the predicted class is ground truth.",810,112
UNSW-OFFICIAL-48864,A0_template,deterministic_template,"Prediction Summary
The detector predicted Backdoor with confidence 0.2616.

Evidence
- ct_srv_src = 15; SHAP=-0.032673; opposes predicted class.
- ct_src_ltm = 9; SHAP=0.023813; supports predicted class.
- Protocol is not udp; SHAP=0.022813; supports predicted class.
- sbytes = 200; SHAP=0.017201; supports predicted class.
- ct_dst_src_ltm = 7; SHAP=0.012359; supports predicted class.

Risk and Policy
The predicted operational stage is Command and Control. The confidence-weighted risk score is 2.0930, corresponding to the Alert policy zone.

Recommended Action
Raise a SOC alert and enrich the event context.

Human Review
Detector confidence below the fixed 0.70 threshold.

Limitations
This report describes the detector output and supplied evidence. It does not establish that the predicted class is ground truth.",822,115
UNSW-OFFICIAL-49168,A0_template,deterministic_template,"Prediction Summary
The detector predicted Exploits with confidence 0.6546.

Evidence
- An application service is identified; SHAP=0.062052; supports predicted class.
- Service = http; SHAP=0.033227; supports predicted class.
- rate = 85.7716; SHAP=0.032028; supports predicted class.
- dur = 0.174883; SHAP=0.030488; supports predicted class.
- sload = 33439.5; SHAP=0.028852; supports predicted class.

Risk and Policy
The predicted operational stage is Exploitation. The confidence-weighted risk score is 4.2546, corresponding to the Alert policy zone.

Recommended Action
Raise a SOC alert and enrich the event context.

Human Review
Detector confidence below the fixed 0.70 threshold.

Limitations
This report describes the detector output and supplied evidence. It does not establish that the predicted class is ground truth.",830,114
UNSW-OFFICIAL-49219,A0_template,deterministic_template,"Prediction Summary
The detector predicted Fuzzers with confidence 0.1736.

Evidence
- Protocol is not udp; SHAP=-0.031455; opposes predicted class.
- ct_dst_sport_ltm = 14; SHAP=-0.027359; opposes predicted class.
- ct_src_dport_ltm = 14; SHAP=0.025644; supports predicted class.
- Service = unspecified; SHAP=0.020194; supports predicted class.
- ct_srv_dst = 14; SHAP=0.018974; supports predicted class.

Risk and Policy
The predicted operational stage is Exploitation. The confidence-weighted risk score is 1.1284, corresponding to the Monitor policy zone.

Recommended Action
Log the event and continue monitoring.

Human Review
Detector confidence below the fixed 0.70 threshold.

Limitations
This report describes the detector output and supplied evidence. It does not establish that the predicted class is ground truth.",826,110
UNSW-OFFICIAL-49522,A0_template,deterministic_template,"Prediction Summary
The detector predicted Shellcode with confidence 0.7418.

Evidence
- Protocol = udp; SHAP=0.097093; supports predicted class.
- ct_dst_src_ltm = 1; SHAP=0.063719; supports predicted class.
- smean = 74; SHAP=0.058729; supports predicted class.
- sbytes = 148; SHAP=0.048970; supports predicted class.
- ct_srv_dst = 1; SHAP=0.044210; supports predicted class.

Risk and Policy
The predicted operational stage is Advanced Intrusion. The confidence-weighted risk score is 6.3055, corresponding to the Block policy zone.

Recommended Action
Block the suspected source and initiate investigation.

Human Review
No mandatory confidence-based referral.

Limitations
This report describes the detector output and supplied evidence. It does not establish that the predicted class is ground truth.",807,108
UNSW-OFFICIAL-49542,A0_template,deterministic_template,"Prediction Summary
The detector predicted Exploits with confidence 0.4948.

Evidence
- stcpb = 5.5797e+07; SHAP=0.038935; supports predicted class.
- An application service is identified; SHAP=0.037595; supports predicted class.
- smean = 130; SHAP=0.028431; supports predicted class.
- sload = 15682.8; SHAP=0.025948; supports predicted class.
- sbytes = 1296; SHAP=0.024532; supports predicted class.

Risk and Policy
The predicted operational stage is Exploitation. The confidence-weighted risk score is 3.2160, corresponding to the Alert policy zone.

Recommended Action
Raise a SOC alert and enrich the event context.

Human Review
Detector confidence below the fixed 0.70 threshold.

Limitations
This report describes the detector output and supplied evidence. It does not establish that the predicted class is ground truth.",830,114
UNSW-OFFICIAL-49575,A0_template,deterministic_template,"Prediction Summary
The detector predicted DoS with confidence 0.2698.

Evidence
- Protocol is not udp; SHAP=0.020255; supports predicted class.
- sbytes = 200; SHAP=0.015801; supports predicted class.
- ct_dst_sport_ltm = 2; SHAP=0.009460; supports predicted class.
- smean = 100; SHAP=0.009139; supports predicted class.
- Protocol = unas; SHAP=0.006606; supports predicted class.

Risk and Policy
The predicted operational stage is Impact / Availability. The confidence-weighted risk score is 1.8883, corresponding to the Monitor policy zone.

Recommended Action
Log the event and continue monitoring.

Human Review
Detector confidence below the fixed 0.70 threshold.

Limitations
This report describes the detector output and supplied evidence. It does not establish that the predicted class is ground truth.",811,112
UNSW-OFFICIAL-49642,A0_template,deterministic_template,"Prediction Summary
The detector predicted Shellcode with confidence 0.6948.

Evidence
- ct_dst_src_ltm = 1; SHAP=0.082520; supports predicted class.
- Protocol = udp; SHAP=0.080876; supports predicted class.
- smean = 268; SHAP=0.076676; supports predicted class.
- sbytes = 536; SHAP=0.076377; supports predicted class.
- ct_dst_sport_ltm = 1; SHAP=0.035651; supports predicted class.

Risk and Policy
The predicted operational stage is Advanced Intrusion. The confidence-weighted risk score is 5.9060, corresponding to the Block policy zone.

Recommended Action
Block the suspected source and initiate investigation.

Human Review
Detector confidence below the fixed 0.70 threshold.

Limitations
This report describes the detector output and supplied evidence. It does not establish that the predicted class is ground truth.",826,111
UNSW-OFFICIAL-49715,A0_template,deterministic_template,"Prediction Summary
The detector predicted DoS with confidence 0.2310.

Evidence
- ct_srv_src = 15; SHAP=-0.031632; opposes predicted class.
- Protocol is not udp; SHAP=0.018373; supports predicted class.
- sbytes = 200; SHAP=0.017273; supports predicted class.
- ct_dst_sport_ltm = 4; SHAP=0.011779; supports predicted class.
- smean = 100; SHAP=0.010847; supports predicted class.

Risk and Policy
The predicted operational stage is Impact / Availability. The confidence-weighted risk score is 1.6167, corresponding to the Monitor policy zone.

Recommended Action
Log the event and continue monitoring.

Human Review
Detector confidence below the fixed 0.70 threshold.

Limitations
This report describes the detector output and supplied evidence. It does not establish that the predicted class is ground truth.",811,112
UNSW-OFFICIAL-49742,A0_template,deterministic_template,"Prediction Summary
The detector predicted Fuzzers with confidence 0.4756.

Evidence
- Protocol = udp; SHAP=0.078001; supports predicted class.
- sbytes = 3808; SHAP=0.048465; supports predicted class.
- An application service is identified; SHAP=0.041789; supports predicted class.
- smean = 476; SHAP=0.036950; supports predicted class.
- dur = 4.73119; SHAP=0.026643; supports predicted class.

Risk and Policy
The predicted operational stage is Exploitation. The confidence-weighted risk score is 3.0913, corresponding to the Alert policy zone.

Recommended Action
Raise a SOC alert and enrich the event context.

Human Review
Detector confidence below the fixed 0.70 threshold.

Limitations
This report describes the detector output and supplied evidence. It does not establish that the predicted class is ground truth.",823,114
UNSW-OFFICIAL-49861,A0_template,deterministic_template,"Prediction Summary
The detector predicted Analysis with confidence 0.1903.

Evidence
- ct_srv_src = 16; SHAP=-0.024777; opposes predicted class.
- ct_srv_dst = 16; SHAP=-0.022161; opposes predicted class.
- Protocol = unas; SHAP=0.017862; supports predicted class.
- Protocol is not udp; SHAP=0.016633; supports predicted class.
- ct_dst_sport_ltm = 4; SHAP=0.012608; supports predicted class.

Risk and Policy
The predicted operational stage is Reconnaissance. The confidence-weighted risk score is 0.5709, corresponding to the Monitor policy zone.

Recommended Action
Log the event and continue monitoring.

Human Review
Detector confidence below the fixed 0.70 threshold.

Limitations
This report describes the detector output and supplied evidence. It does not establish that the predicted class is ground truth.",816,110
UNSW-OFFICIAL-49909,A0_template,deterministic_template,"Prediction Summary
The detector predicted Fuzzers with confidence 0.2111.

Evidence
- ct_srv_dst = 16; SHAP=0.046704; supports predicted class.
- ct_srv_src = 16; SHAP=0.045648; supports predicted class.
- Protocol is not udp; SHAP=-0.027308; opposes predicted class.
- Service = unspecified; SHAP=0.022957; supports predicted class.
- ct_src_dport_ltm = 4; SHAP=0.018657; supports predicted class.

Risk and Policy
The predicted operational stage is Exploitation. The confidence-weighted risk score is 1.3720, corresponding to the Monitor policy zone.

Recommended Action
Log the event and continue monitoring.

Human Review
Detector confidence below the fixed 0.70 threshold.

Limitations
This report describes the detector output and supplied evidence. It does not establish that the predicted class is ground truth.",819,110
UNSW-OFFICIAL-49945,A0_template,deterministic_template,"Prediction Summary
The detector predicted Fuzzers with confidence 0.5191.

Evidence
- sbytes = 104; SHAP=0.114563; supports predicted class.
- smean = 52; SHAP=0.098230; supports predicted class.
- Protocol = udp; SHAP=0.093583; supports predicted class.
- ct_dst_src_ltm = 1; SHAP=-0.069436; opposes predicted class.
- ct_srv_dst = 7; SHAP=0.030782; supports predicted class.

Risk and Policy
The predicted operational stage is Exploitation. The confidence-weighted risk score is 3.3743, corresponding to the Alert policy zone.

Recommended Action
Raise a SOC alert and enrich the event context.

Human Review
Detector confidence below the fixed 0.70 threshold.

Limitations
This report describes the detector output and supplied evidence. It does not establish that the predicted class is ground truth.",804,112
UNSW-OFFICIAL-49959,A0_template,deterministic_template,"Prediction Summary
The detector predicted Exploits with confidence 0.9816.

Evidence
- sttl = 62; SHAP=0.091062; supports predicted class.
- dbytes = 2256; SHAP=0.060003; supports predicted class.
- dloss = 8; SHAP=0.053242; supports predicted class.
- dpkts = 32; SHAP=0.051603; supports predicted class.
- sbytes = 114614; SHAP=0.050348; supports predicted class.

Risk and Policy
The predicted operational stage is Exploitation. The confidence-weighted risk score is 6.3803, corresponding to the Block policy zone.

Recommended Action
Block the suspected source and initiate investigation.

Human Review
No mandatory confidence-based referral.

Limitations
This report describes the detector output and supplied evidence. It does not establish that the predicted class is ground truth.",788,107
UNSW-OFFICIAL-50052,A0_template,deterministic_template,"Prediction Summary
The detector predicted Backdoor with confidence 0.2046.

Evidence
- ct_srv_src = 16; SHAP=-0.035037; opposes predicted class.
- ct_srv_dst = 16; SHAP=-0.031474; opposes predicted class.
- ct_src_ltm = 9; SHAP=0.020389; supports predicted class.
- Protocol is not udp; SHAP=0.019824; supports predicted class.
- sbytes = 200; SHAP=0.014849; supports predicted class.

Risk and Policy
The predicted operational stage is Command and Control. The confidence-weighted risk score is 1.6370, corresponding to the Monitor policy zone.

Recommended Action
Log the event and continue monitoring.

Human Review
Detector confidence below the fixed 0.70 threshold.

Limitations
This report describes the detector output and supplied evidence. It does not establish that the predicted class is ground truth.",812,112
UNSW-OFFICIAL-50062,A0_template,deterministic_template,"Prediction Summary
The detector predicted Backdoor with confidence 0.2036.

Evidence
- ct_srv_src = 16; SHAP=-0.033967; opposes predicted class.
- ct_srv_dst = 16; SHAP=-0.032014; opposes predicted class.
- ct_src_ltm = 9; SHAP=0.023322; supports predicted class.
- Protocol is not udp; SHAP=0.019362; supports predicted class.
- sbytes = 200; SHAP=0.015188; supports predicted class.

Risk and Policy
The predicted operational stage is Command and Control. The confidence-weighted risk score is 1.6285, corresponding to the Monitor policy zone.

Recommended Action
Log the event and continue monitoring.

Human Review
Detector confidence below the fixed 0.70 threshold.

Limitations
This report describes the detector output and supplied evidence. It does not establish that the predicted class is ground truth.",812,112
UNSW-OFFICIAL-50087,A0_template,deterministic_template,"Prediction Summary
The detector predicted Worms with confidence 0.4878.

Evidence
- sbytes = 1302; SHAP=0.073698; supports predicted class.
- ct_srv_dst = 3; SHAP=-0.066516; opposes predicted class.
- smean = 130; SHAP=0.052054; supports predicted class.
- An application service is identified; SHAP=0.045221; supports predicted class.
- ct_flw_http_mthd = 1; SHAP=0.042625; supports predicted class.

Risk and Policy
The predicted operational stage is Advanced Intrusion. The confidence-weighted risk score is 4.1467, corresponding to the Alert policy zone.

Recommended Action
Raise a SOC alert and enrich the event context.

Human Review
Detector confidence below the fixed 0.70 threshold.

Limitations
This report describes the detector output and supplied evidence. It does not establish that the predicted class is ground truth.",834,115
UNSW-OFFICIAL-50135,A0_template,deterministic_template,"Prediction Summary
The detector predicted DoS with confidence 0.1895.

Evidence
- ct_srv_src = 16; SHAP=-0.031281; opposes predicted class.
- ct_srv_dst = 16; SHAP=-0.029757; opposes predicted class.
- sbytes = 200; SHAP=0.015469; supports predicted class.
- Protocol is not udp; SHAP=0.015329; supports predicted class.
- ct_dst_sport_ltm = 4; SHAP=0.008923; supports predicted class.

Risk and Policy
The predicted operational stage is Impact / Availability. The confidence-weighted risk score is 1.3268, corresponding to the Monitor policy zone.

Recommended Action
Log the event and continue monitoring.

Human Review
Detector confidence below the fixed 0.70 threshold.

Limitations
This report describes the detector output and supplied evidence. It does not establish that the predicted class is ground truth.",815,112
UNSW-OFFICIAL-50360,A0_template,deterministic_template,"Prediction Summary
The detector predicted Normal with confidence 0.4323.

Evidence
- dmean = 57; SHAP=0.033576; supports predicted class.
- ct_dst_src_ltm = 1; SHAP=-0.031171; opposes predicted class.
- dloss = 4; SHAP=0.029247; supports predicted class.
- sloss = 3; SHAP=0.027401; supports predicted class.
- smean = 48; SHAP=0.023494; supports predicted class.

Risk and Policy
The predicted operational stage is Normal. The confidence-weighted risk score is 0.0000, corresponding to the Monitor policy zone.

Recommended Action
Log the event and continue monitoring.

Human Review
Detector confidence below the fixed 0.70 threshold.

Limitations
This report describes the detector output and supplied evidence. It does not establish that the predicted class is ground truth.",778,109
UNSW-OFFICIAL-50400,A0_template,deterministic_template,"Prediction Summary
The detector predicted Exploits with confidence 0.9760.

Evidence
- sttl = 62; SHAP=0.105650; supports predicted class.
- dbytes = 2128; SHAP=0.062558; supports predicted class.
- dloss = 8; SHAP=0.054978; supports predicted class.
- dpkts = 28; SHAP=0.050696; supports predicted class.
- sbytes = 83190; SHAP=0.046383; supports predicted class.

Risk and Policy
The predicted operational stage is Exploitation. The confidence-weighted risk score is 6.3438, corresponding to the Block policy zone.

Recommended Action
Block the suspected source and initiate investigation.

Human Review
No mandatory confidence-based referral.

Limitations
This report describes the detector output and supplied evidence. It does not establish that the predicted class is ground truth.",787,107
UNSW-OFFICIAL-50638,A0_template,deterministic_template,"Prediction Summary
The detector predicted DoS with confidence 0.2356.

Evidence
- Protocol is not udp; SHAP=0.021553; supports predicted class.
- sbytes = 200; SHAP=0.016935; supports predicted class.
- ct_dst_sport_ltm = 2; SHAP=0.012392; supports predicted class.
- smean = 100; SHAP=0.008705; supports predicted class.
- swin = 0; SHAP=0.005900; supports predicted class.

Risk and Policy
The predicted operational stage is Impact / Availability. The confidence-weighted risk score is 1.6493, corresponding to the Monitor policy zone.

Recommended Action
Log the event and continue monitoring.

Human Review
Detector confidence below the fixed 0.70 threshold.

Limitations
This report describes the detector output and supplied evidence. It does not establish that the predicted class is ground truth.",804,112
UNSW-OFFICIAL-50680,A0_template,deterministic_template,"Prediction Summary
The detector predicted Worms with confidence 0.5126.

Evidence
- dpkts = 696; SHAP=0.035632; supports predicted class.
- Service = http; SHAP=0.031136; supports predicted class.
- sttl = 254; SHAP=0.031013; supports predicted class.
- sbytes = 5090; SHAP=0.028887; supports predicted class.
- response_body_len = 443364; SHAP=0.027937; supports predicted class.

Risk and Policy
The predicted operational stage is Advanced Intrusion. The confidence-weighted risk score is 4.3574, corresponding to the Alert policy zone.

Recommended Action
Raise a SOC alert and enrich the event context.

Human Review
Detector confidence below the fixed 0.70 threshold.

Limitations
This report describes the detector output and supplied evidence. It does not establish that the predicted class is ground truth.",814,113
UNSW-OFFICIAL-50773,A0_template,deterministic_template,"Prediction Summary
The detector predicted Analysis with confidence 0.2631.

Evidence
- Protocol is not udp; SHAP=0.018908; supports predicted class.
- sbytes = 200; SHAP=0.013552; supports predicted class.
- Protocol = unas; SHAP=0.012162; supports predicted class.
- ct_dst_sport_ltm = 2; SHAP=0.010620; supports predicted class.
- ct_srv_dst = 7; SHAP=0.009744; supports predicted class.

Risk and Policy
The predicted operational stage is Reconnaissance. The confidence-weighted risk score is 0.7893, corresponding to the Monitor policy zone.

Recommended Action
Log the event and continue monitoring.

Human Review
Detector confidence below the fixed 0.70 threshold.

Limitations
This report describes the detector output and supplied evidence. It does not establish that the predicted class is ground truth.",812,110
UNSW-OFFICIAL-50850,A0_template,deterministic_template,"Prediction Summary
The detector predicted Fuzzers with confidence 0.6529.

Evidence
- ct_dst_src_ltm = 2; SHAP=0.079716; supports predicted class.
- ct_srv_dst = 4; SHAP=0.068889; supports predicted class.
- ct_srv_src = 4; SHAP=0.041308; supports predicted class.
- Service = unspecified; SHAP=0.026550; supports predicted class.
- Service is not http; SHAP=0.020736; supports predicted class.

Risk and Policy
The predicted operational stage is Exploitation. The confidence-weighted risk score is 4.2437, corresponding to the Alert policy zone.

Recommended Action
Raise a SOC alert and enrich the event context.

Human Review
Detector confidence below the fixed 0.70 threshold.

Limitations
This report describes the detector output and supplied evidence. It does not establish that the predicted class is ground truth.",822,113
UNSW-OFFICIAL-50947,A0_template,deterministic_template,"Prediction Summary
The detector predicted Backdoor with confidence 0.3241.

Evidence
- ct_src_ltm = 9; SHAP=0.028357; supports predicted class.
- Protocol is not udp; SHAP=0.022691; supports predicted class.
- sbytes = 200; SHAP=0.017792; supports predicted class.
- ct_dst_sport_ltm = 4; SHAP=0.016052; supports predicted class.
- ct_dst_src_ltm = 5; SHAP=0.011287; supports predicted class.

Risk and Policy
The predicted operational stage is Command and Control. The confidence-weighted risk score is 2.5927, corresponding to the Alert policy zone.

Recommended Action
Raise a SOC alert and enrich the event context.

Human Review
Detector confidence below the fixed 0.70 threshold.

Limitations
This report describes the detector output and supplied evidence. It does not establish that the predicted class is ground truth.",827,115
UNSW-OFFICIAL-51028,A0_template,deterministic_template,"Prediction Summary
The detector predicted DoS with confidence 0.2333.

Evidence
- Protocol is not udp; SHAP=0.022526; supports predicted class.
- ct_dst_sport_ltm = 2; SHAP=0.015075; supports predicted class.
- Protocol = sctp; SHAP=0.009070; supports predicted class.
- ct_dst_src_ltm = 2; SHAP=0.007629; supports predicted class.
- ct_srv_src = 2; SHAP=0.007423; supports predicted class.

Risk and Policy
The predicted operational stage is Impact / Availability. The confidence-weighted risk score is 1.6332, corresponding to the Monitor policy zone.

Recommended Action
Log the event and continue monitoring.

Human Review
Detector confidence below the fixed 0.70 threshold.

Limitations
This report describes the detector output and supplied evidence. It does not establish that the predicted class is ground truth.",820,112
UNSW-OFFICIAL-51030,A0_template,deterministic_template,"Prediction Summary
The detector predicted Reconnaissance with confidence 0.9199.

Evidence
- sbytes = 168; SHAP=0.188792; supports predicted class.
- smean = 84; SHAP=0.158848; supports predicted class.
- Protocol = udp; SHAP=0.095564; supports predicted class.
- ct_dst_src_ltm = 1; SHAP=0.045629; supports predicted class.
- sload = 9.6e+07; SHAP=0.036236; supports predicted class.

Risk and Policy
The predicted operational stage is Reconnaissance. The confidence-weighted risk score is 2.7596, corresponding to the Alert policy zone.

Recommended Action
Raise a SOC alert and enrich the event context.

Human Review
No mandatory confidence-based referral.

Limitations
This report describes the detector output and supplied evidence. It does not establish that the predicted class is ground truth.",802,109
UNSW-OFFICIAL-51121,A0_template,deterministic_template,"Prediction Summary
The detector predicted DoS with confidence 0.2388.

Evidence
- Protocol is not udp; SHAP=0.020532; supports predicted class.
- sbytes = 200; SHAP=0.017391; supports predicted class.
- ct_dst_sport_ltm = 4; SHAP=0.013618; supports predicted class.
- smean = 100; SHAP=0.009680; supports predicted class.
- swin = 0; SHAP=0.005779; supports predicted class.

Risk and Policy
The predicted operational stage is Impact / Availability. The confidence-weighted risk score is 1.6719, corresponding to the Monitor policy zone.

Recommended Action
Log the event and continue monitoring.

Human Review
Detector confidence below the fixed 0.70 threshold.

Limitations
This report describes the detector output and supplied evidence. It does not establish that the predicted class is ground truth.",804,112
UNSW-OFFICIAL-51213,A0_template,deterministic_template,"Prediction Summary
The detector predicted DoS with confidence 0.2333.

Evidence
- Protocol is not udp; SHAP=0.022526; supports predicted class.
- ct_dst_sport_ltm = 2; SHAP=0.015075; supports predicted class.
- Protocol = sctp; SHAP=0.009070; supports predicted class.
- ct_dst_src_ltm = 2; SHAP=0.007629; supports predicted class.
- ct_srv_src = 2; SHAP=0.007423; supports predicted class.

Risk and Policy
The predicted operational stage is Impact / Availability. The confidence-weighted risk score is 1.6332, corresponding to the Monitor policy zone.

Recommended Action
Log the event and continue monitoring.

Human Review
Detector confidence below the fixed 0.70 threshold.

Limitations
This report describes the detector output and supplied evidence. It does not establish that the predicted class is ground truth.",820,112
UNSW-OFFICIAL-51307,A0_template,deterministic_template,"Prediction Summary
The detector predicted DoS with confidence 0.2737.

Evidence
- Protocol is not udp; SHAP=0.019678; supports predicted class.
- sbytes = 200; SHAP=0.016157; supports predicted class.
- ct_dst_sport_ltm = 2; SHAP=0.010776; supports predicted class.
- smean = 100; SHAP=0.009273; supports predicted class.
- Protocol = unas; SHAP=0.007085; supports predicted class.

Risk and Policy
The predicted operational stage is Impact / Availability. The confidence-weighted risk score is 1.9158, corresponding to the Monitor policy zone.

Recommended Action
Log the event and continue monitoring.

Human Review
Detector confidence below the fixed 0.70 threshold.

Limitations
This report describes the detector output and supplied evidence. It does not establish that the predicted class is ground truth.",811,112
UNSW-OFFICIAL-51308,A0_template,deterministic_template,"Prediction Summary
The detector predicted Fuzzers with confidence 0.3673.

Evidence
- sbytes = 588; SHAP=0.045717; supports predicted class.
- smean = 59; SHAP=0.043228; supports predicted class.
- ct_dst_src_ltm = 1; SHAP=-0.037010; opposes predicted class.
- ct_srv_dst = 1; SHAP=-0.028360; opposes predicted class.
- ct_srv_src = 5; SHAP=0.019379; supports predicted class.

Risk and Policy
The predicted operational stage is Exploitation. The confidence-weighted risk score is 2.3877, corresponding to the Alert policy zone.

Recommended Action
Raise a SOC alert and enrich the event context.

Human Review
Detector confidence below the fixed 0.70 threshold.

Limitations
This report describes the detector output and supplied evidence. It does not establish that the predicted class is ground truth.",804,112
UNSW-OFFICIAL-51486,A0_template,deterministic_template,"Prediction Summary
The detector predicted Exploits with confidence 0.5026.

Evidence
- An application service is identified; SHAP=0.039523; supports predicted class.
- sbytes = 1302; SHAP=0.033974; supports predicted class.
- synack = 0.152666; SHAP=0.032218; supports predicted class.
- Service = http; SHAP=0.030369; supports predicted class.
- smean = 130; SHAP=0.025187; supports predicted class.

Risk and Policy
The predicted operational stage is Exploitation. The confidence-weighted risk score is 3.2671, corresponding to the Alert policy zone.

Recommended Action
Raise a SOC alert and enrich the event context.

Human Review
Detector confidence below the fixed 0.70 threshold.

Limitations
This report describes the detector output and supplied evidence. It does not establish that the predicted class is ground truth.",828,114
UNSW-OFFICIAL-51509,A0_template,deterministic_template,"Prediction Summary
The detector predicted Backdoor with confidence 0.2847.

Evidence
- Protocol is not udp; SHAP=0.021395; supports predicted class.
- sbytes = 200; SHAP=0.016774; supports predicted class.
- ct_dst_sport_ltm = 4; SHAP=0.013278; supports predicted class.
- ct_srv_dst = 9; SHAP=0.007973; supports predicted class.
- smean = 100; SHAP=0.007298; supports predicted class.

Risk and Policy
The predicted operational stage is Command and Control. The confidence-weighted risk score is 2.2774, corresponding to the Alert policy zone.

Recommended Action
Raise a SOC alert and enrich the event context.

Human Review
Detector confidence below the fixed 0.70 threshold.

Limitations
This report describes the detector output and supplied evidence. It does not establish that the predicted class is ground truth.",820,115
UNSW-OFFICIAL-51611,A0_template,deterministic_template,"Prediction Summary
The detector predicted Backdoor with confidence 0.2847.

Evidence
- Protocol is not udp; SHAP=0.021395; supports predicted class.
- sbytes = 200; SHAP=0.016774; supports predicted class.
- ct_dst_sport_ltm = 4; SHAP=0.013278; supports predicted class.
- ct_srv_dst = 9; SHAP=0.007973; supports predicted class.
- smean = 100; SHAP=0.007298; supports predicted class.

Risk and Policy
The predicted operational stage is Command and Control. The confidence-weighted risk score is 2.2774, corresponding to the Alert policy zone.

Recommended Action
Raise a SOC alert and enrich the event context.

Human Review
Detector confidence below the fixed 0.70 threshold.

Limitations
This report describes the detector output and supplied evidence. It does not establish that the predicted class is ground truth.",820,115
UNSW-OFFICIAL-51793,A0_template,deterministic_template,"Prediction Summary
The detector predicted Fuzzers with confidence 0.3240.

Evidence
- sbytes = 78; SHAP=0.075070; supports predicted class.
- Protocol is not udp; SHAP=-0.062550; opposes predicted class.
- smean = 39; SHAP=0.061033; supports predicted class.
- ct_srv_src = 9; SHAP=0.024284; supports predicted class.
- ct_dst_src_ltm = 2; SHAP=0.023275; supports predicted class.

Risk and Policy
The predicted operational stage is Exploitation. The confidence-weighted risk score is 2.1057, corresponding to the Alert policy zone.

Recommended Action
Raise a SOC alert and enrich the event context.

Human Review
Detector confidence below the fixed 0.70 threshold.

Limitations
This report describes the detector output and supplied evidence. It does not establish that the predicted class is ground truth.",808,113
UNSW-OFFICIAL-51828,A0_template,deterministic_template,"Prediction Summary
The detector predicted Exploits with confidence 0.4123.

Evidence
- sbytes = 1006; SHAP=0.042320; supports predicted class.
- smean = 101; SHAP=0.040841; supports predicted class.
- An application service is identified; SHAP=0.020491; supports predicted class.
- ackdat = 0.027435; SHAP=0.020192; supports predicted class.
- sload = 26879; SHAP=0.019524; supports predicted class.

Risk and Policy
The predicted operational stage is Exploitation. The confidence-weighted risk score is 2.6801, corresponding to the Alert policy zone.

Recommended Action
Raise a SOC alert and enrich the event context.

Human Review
Detector confidence below the fixed 0.70 threshold.

Limitations
This report describes the detector output and supplied evidence. It does not establish that the predicted class is ground truth.",827,114
UNSW-OFFICIAL-51945,A0_template,deterministic_template,"Prediction Summary
The detector predicted Analysis with confidence 0.2479.

Evidence
- Protocol is not udp; SHAP=0.019748; supports predicted class.
- Protocol = unas; SHAP=0.014745; supports predicted class.
- sbytes = 200; SHAP=0.012493; supports predicted class.
- ct_dst_src_ltm = 6; SHAP=0.012468; supports predicted class.
- ct_src_ltm = 9; SHAP=0.010864; supports predicted class.

Risk and Policy
The predicted operational stage is Reconnaissance. The confidence-weighted risk score is 0.7436, corresponding to the Monitor policy zone.

Recommended Action
Log the event and continue monitoring.

Human Review
Detector confidence below the fixed 0.70 threshold.

Limitations
This report describes the detector output and supplied evidence. It does not establish that the predicted class is ground truth.",810,110
UNSW-OFFICIAL-51980,A0_template,deterministic_template,"Prediction Summary
The detector predicted Exploits with confidence 0.6825.

Evidence
- An application service is identified; SHAP=0.073682; supports predicted class.
- sbytes = 1022; SHAP=0.052722; supports predicted class.
- Service = http; SHAP=0.050276; supports predicted class.
- smean = 102; SHAP=0.037363; supports predicted class.
- dinpkt = 39.4268; SHAP=0.036006; supports predicted class.

Risk and Policy
The predicted operational stage is Exploitation. The confidence-weighted risk score is 4.4363, corresponding to the Alert policy zone.

Recommended Action
Raise a SOC alert and enrich the event context.

Human Review
Detector confidence below the fixed 0.70 threshold.

Limitations
This report describes the detector output and supplied evidence. It does not establish that the predicted class is ground truth.",827,114
UNSW-OFFICIAL-52080,A0_template,deterministic_template,"Prediction Summary
The detector predicted DoS with confidence 0.2720.

Evidence
- Protocol is not udp; SHAP=0.013721; supports predicted class.
- ct_dst_sport_ltm = 2; SHAP=0.013096; supports predicted class.
- dpkts = 0; SHAP=0.007587; supports predicted class.
- dinpkt = 0; SHAP=0.007027; supports predicted class.
- swin = 0; SHAP=0.006707; supports predicted class.

Risk and Policy
The predicted operational stage is Impact / Availability. The confidence-weighted risk score is 1.9037, corresponding to the Monitor policy zone.

Recommended Action
Log the event and continue monitoring.

Human Review
Detector confidence below the fixed 0.70 threshold.

Limitations
This report describes the detector output and supplied evidence. It does not establish that the predicted class is ground truth.",800,112
UNSW-OFFICIAL-52108,A0_template,deterministic_template,"Prediction Summary
The detector predicted DoS with confidence 0.2661.

Evidence
- Protocol is not udp; SHAP=0.022018; supports predicted class.
- sbytes = 200; SHAP=0.017295; supports predicted class.
- smean = 100; SHAP=0.010326; supports predicted class.
- ct_dst_sport_ltm = 6; SHAP=0.006339; supports predicted class.
- sloss = 0; SHAP=0.005852; supports predicted class.

Risk and Policy
The predicted operational stage is Impact / Availability. The confidence-weighted risk score is 1.8625, corresponding to the Monitor policy zone.

Recommended Action
Log the event and continue monitoring.

Human Review
Detector confidence below the fixed 0.70 threshold.

Limitations
This report describes the detector output and supplied evidence. It does not establish that the predicted class is ground truth.",805,112
UNSW-OFFICIAL-52453,A0_template,deterministic_template,"Prediction Summary
The detector predicted Backdoor with confidence 0.2274.

Evidence
- Protocol is not udp; SHAP=0.024457; supports predicted class.
- ct_src_ltm = 13; SHAP=0.023717; supports predicted class.
- sbytes = 200; SHAP=0.017179; supports predicted class.
- rate = 90909.1; SHAP=-0.016221; opposes predicted class.
- sinpkt = 0.011; SHAP=-0.013085; opposes predicted class.

Risk and Policy
The predicted operational stage is Command and Control. The confidence-weighted risk score is 1.8189, corresponding to the Monitor policy zone.

Recommended Action
Log the event and continue monitoring.

Human Review
Detector confidence below the fixed 0.70 threshold.

Limitations
This report describes the detector output and supplied evidence. It does not establish that the predicted class is ground truth.",811,112
UNSW-OFFICIAL-52808,A0_template,deterministic_template,"Prediction Summary
The detector predicted DoS with confidence 0.2608.

Evidence
- Protocol is not udp; SHAP=0.021098; supports predicted class.
- sbytes = 200; SHAP=0.016275; supports predicted class.
- ct_dst_sport_ltm = 2; SHAP=0.011777; supports predicted class.
- smean = 100; SHAP=0.009619; supports predicted class.
- sloss = 0; SHAP=0.005969; supports predicted class.

Risk and Policy
The predicted operational stage is Impact / Availability. The confidence-weighted risk score is 1.8258, corresponding to the Monitor policy zone.

Recommended Action
Log the event and continue monitoring.

Human Review
Detector confidence below the fixed 0.70 threshold.

Limitations
This report describes the detector output and supplied evidence. It does not establish that the predicted class is ground truth.",805,112
UNSW-OFFICIAL-52914,A0_template,deterministic_template,"Prediction Summary
The detector predicted Backdoor with confidence 0.2664.

Evidence
- Protocol is not udp; SHAP=0.021334; supports predicted class.
- sbytes = 200; SHAP=0.015699; supports predicted class.
- ct_dst_sport_ltm = 3; SHAP=0.013387; supports predicted class.
- dur = 1.1e-05; SHAP=-0.008907; opposes predicted class.
- ct_src_dport_ltm = 3; SHAP=0.008104; supports predicted class.

Risk and Policy
The predicted operational stage is Command and Control. The confidence-weighted risk score is 2.1316, corresponding to the Alert policy zone.

Recommended Action
Raise a SOC alert and enrich the event context.

Human Review
Detector confidence below the fixed 0.70 threshold.

Limitations
This report describes the detector output and supplied evidence. It does not establish that the predicted class is ground truth.",828,115
UNSW-OFFICIAL-52923,A0_template,deterministic_template,"Prediction Summary
The detector predicted DoS with confidence 0.2608.

Evidence
- Protocol is not udp; SHAP=0.021098; supports predicted class.
- sbytes = 200; SHAP=0.016275; supports predicted class.
- ct_dst_sport_ltm = 2; SHAP=0.011777; supports predicted class.
- smean = 100; SHAP=0.009619; supports predicted class.
- sloss = 0; SHAP=0.005969; supports predicted class.

Risk and Policy
The predicted operational stage is Impact / Availability. The confidence-weighted risk score is 1.8258, corresponding to the Monitor policy zone.

Recommended Action
Log the event and continue monitoring.

Human Review
Detector confidence below the fixed 0.70 threshold.

Limitations
This report describes the detector output and supplied evidence. It does not establish that the predicted class is ground truth.",805,112
UNSW-OFFICIAL-52960,A0_template,deterministic_template,"Prediction Summary
The detector predicted DoS with confidence 0.2778.

Evidence
- Protocol is not udp; SHAP=0.020565; supports predicted class.
- sbytes = 200; SHAP=0.018362; supports predicted class.
- ct_dst_sport_ltm = 4; SHAP=0.014153; supports predicted class.
- smean = 100; SHAP=0.010810; supports predicted class.
- sload = 8e+07; SHAP=0.006808; supports predicted class.

Risk and Policy
The predicted operational stage is Impact / Availability. The confidence-weighted risk score is 1.9448, corresponding to the Monitor policy zone.

Recommended Action
Log the event and continue monitoring.

Human Review
Detector confidence below the fixed 0.70 threshold.

Limitations
This report describes the detector output and supplied evidence. It does not establish that the predicted class is ground truth.",809,112
UNSW-OFFICIAL-52966,A0_template,deterministic_template,"Prediction Summary
The detector predicted DoS with confidence 0.2766.

Evidence
- Protocol is not udp; SHAP=0.019962; supports predicted class.
- sbytes = 200; SHAP=0.017173; supports predicted class.
- ct_dst_sport_ltm = 2; SHAP=0.010234; supports predicted class.
- smean = 100; SHAP=0.009013; supports predicted class.
- Protocol = unas; SHAP=0.008120; supports predicted class.

Risk and Policy
The predicted operational stage is Impact / Availability. The confidence-weighted risk score is 1.9362, corresponding to the Monitor policy zone.

Recommended Action
Log the event and continue monitoring.

Human Review
Detector confidence below the fixed 0.70 threshold.

Limitations
This report describes the detector output and supplied evidence. It does not establish that the predicted class is ground truth.",811,112
UNSW-OFFICIAL-53166,A0_template,deterministic_template,"Prediction Summary
The detector predicted DoS with confidence 0.2566.

Evidence
- Protocol is not udp; SHAP=0.019393; supports predicted class.
- sbytes = 200; SHAP=0.016106; supports predicted class.
- ct_dst_sport_ltm = 2; SHAP=0.010203; supports predicted class.
- smean = 100; SHAP=0.008625; supports predicted class.
- sloss = 0; SHAP=0.006054; supports predicted class.

Risk and Policy
The predicted operational stage is Impact / Availability. The confidence-weighted risk score is 1.7962, corresponding to the Monitor policy zone.

Recommended Action
Log the event and continue monitoring.

Human Review
Detector confidence below the fixed 0.70 threshold.

Limitations
This report describes the detector output and supplied evidence. It does not establish that the predicted class is ground truth.",805,112
UNSW-OFFICIAL-53212,A0_template,deterministic_template,"Prediction Summary
The detector predicted Analysis with confidence 0.2606.

Evidence
- Protocol is not udp; SHAP=0.018957; supports predicted class.
- sbytes = 200; SHAP=0.013459; supports predicted class.
- ct_srv_dst = 9; SHAP=0.010617; supports predicted class.
- Protocol = unas; SHAP=0.010460; supports predicted class.
- ct_dst_sport_ltm = 2; SHAP=0.010332; supports predicted class.

Risk and Policy
The predicted operational stage is Reconnaissance. The confidence-weighted risk score is 0.7819, corresponding to the Monitor policy zone.

Recommended Action
Log the event and continue monitoring.

Human Review
Detector confidence below the fixed 0.70 threshold.

Limitations
This report describes the detector output and supplied evidence. It does not establish that the predicted class is ground truth.",812,110
UNSW-OFFICIAL-53380,A0_template,deterministic_template,"Prediction Summary
The detector predicted Worms with confidence 0.5419.

Evidence
- sbytes = 1302; SHAP=0.080223; supports predicted class.
- Service = http; SHAP=0.066698; supports predicted class.
- An application service is identified; SHAP=0.065335; supports predicted class.
- smean = 130; SHAP=0.055211; supports predicted class.
- trans_depth = 0; SHAP=-0.036397; opposes predicted class.

Risk and Policy
The predicted operational stage is Advanced Intrusion. The confidence-weighted risk score is 4.6058, corresponding to the Alert policy zone.

Recommended Action
Raise a SOC alert and enrich the event context.

Human Review
Detector confidence below the fixed 0.70 threshold.

Limitations
This report describes the detector output and supplied evidence. It does not establish that the predicted class is ground truth.",829,115
UNSW-OFFICIAL-53416,A0_template,deterministic_template,"Prediction Summary
The detector predicted Backdoor with confidence 0.2861.

Evidence
- Protocol is not udp; SHAP=0.021023; supports predicted class.
- sbytes = 200; SHAP=0.015917; supports predicted class.
- ct_dst_sport_ltm = 4; SHAP=0.014329; supports predicted class.
- ct_dst_src_ltm = 5; SHAP=0.011655; supports predicted class.
- dpkts = 0; SHAP=0.007513; supports predicted class.

Risk and Policy
The predicted operational stage is Command and Control. The confidence-weighted risk score is 2.2886, corresponding to the Alert policy zone.

Recommended Action
Raise a SOC alert and enrich the event context.

Human Review
Detector confidence below the fixed 0.70 threshold.

Limitations
This report describes the detector output and supplied evidence. It does not establish that the predicted class is ground truth.",822,115
UNSW-OFFICIAL-53434,A0_template,deterministic_template,"Prediction Summary
The detector predicted Exploits with confidence 0.5190.

Evidence
- dmean = 381; SHAP=0.050000; supports predicted class.
- dbytes = 3814; SHAP=0.048859; supports predicted class.
- dloss = 3; SHAP=0.034912; supports predicted class.
- dload = 40963.3; SHAP=0.032977; supports predicted class.
- ct_srv_dst = 4; SHAP=-0.024979; opposes predicted class.

Risk and Policy
The predicted operational stage is Exploitation. The confidence-weighted risk score is 3.3732, corresponding to the Alert policy zone.

Recommended Action
Raise a SOC alert and enrich the event context.

Human Review
Detector confidence below the fixed 0.70 threshold.

Limitations
This report describes the detector output and supplied evidence. It does not establish that the predicted class is ground truth.",799,112
UNSW-OFFICIAL-53474,A0_template,deterministic_template,"Prediction Summary
The detector predicted Analysis with confidence 0.3083.

Evidence
- ct_src_ltm = 12; SHAP=0.026736; supports predicted class.
- Protocol is not udp; SHAP=0.020442; supports predicted class.
- ct_dst_sport_ltm = 4; SHAP=0.019429; supports predicted class.
- Protocol = unas; SHAP=0.016257; supports predicted class.
- ct_dst_src_ltm = 5; SHAP=0.015880; supports predicted class.

Risk and Policy
The predicted operational stage is Reconnaissance. The confidence-weighted risk score is 0.9250, corresponding to the Monitor policy zone.

Recommended Action
Log the event and continue monitoring.

Human Review
Detector confidence below the fixed 0.70 threshold.

Limitations
This report describes the detector output and supplied evidence. It does not establish that the predicted class is ground truth.",819,110
UNSW-OFFICIAL-53482,A0_template,deterministic_template,"Prediction Summary
The detector predicted Analysis with confidence 0.3083.

Evidence
- ct_src_ltm = 12; SHAP=0.026736; supports predicted class.
- Protocol is not udp; SHAP=0.020442; supports predicted class.
- ct_dst_sport_ltm = 4; SHAP=0.019429; supports predicted class.
- Protocol = unas; SHAP=0.016257; supports predicted class.
- ct_dst_src_ltm = 5; SHAP=0.015880; supports predicted class.

Risk and Policy
The predicted operational stage is Reconnaissance. The confidence-weighted risk score is 0.9250, corresponding to the Monitor policy zone.

Recommended Action
Log the event and continue monitoring.

Human Review
Detector confidence below the fixed 0.70 threshold.

Limitations
This report describes the detector output and supplied evidence. It does not establish that the predicted class is ground truth.",819,110
UNSW-OFFICIAL-53516,A0_template,deterministic_template,"Prediction Summary
The detector predicted Fuzzers with confidence 0.3322.

Evidence
- ct_dst_src_ltm = 1; SHAP=-0.057678; opposes predicted class.
- smean = 53; SHAP=0.048615; supports predicted class.
- sbytes = 534; SHAP=0.035702; supports predicted class.
- ct_srv_dst = 3; SHAP=0.029411; supports predicted class.
- ackdat = 0.06253; SHAP=0.013222; supports predicted class.

Risk and Policy
The predicted operational stage is Exploitation. The confidence-weighted risk score is 2.1595, corresponding to the Alert policy zone.

Recommended Action
Raise a SOC alert and enrich the event context.

Human Review
Detector confidence below the fixed 0.70 threshold.

Limitations
This report describes the detector output and supplied evidence. It does not establish that the predicted class is ground truth.",806,112
UNSW-OFFICIAL-53541,A0_template,deterministic_template,"Prediction Summary
The detector predicted Backdoor with confidence 0.2679.

Evidence
- Protocol is not udp; SHAP=0.024317; supports predicted class.
- sbytes = 200; SHAP=0.015363; supports predicted class.
- ct_dst_sport_ltm = 2; SHAP=0.012936; supports predicted class.
- dpkts = 0; SHAP=0.007295; supports predicted class.
- sloss = 0; SHAP=0.006827; supports predicted class.

Risk and Policy
The predicted operational stage is Command and Control. The confidence-weighted risk score is 2.1430, corresponding to the Alert policy zone.

Recommended Action
Raise a SOC alert and enrich the event context.

Human Review
Detector confidence below the fixed 0.70 threshold.

Limitations
This report describes the detector output and supplied evidence. It does not establish that the predicted class is ground truth.",813,115
UNSW-OFFICIAL-53550,A0_template,deterministic_template,"Prediction Summary
The detector predicted Backdoor with confidence 0.2861.

Evidence
- Protocol is not udp; SHAP=0.021023; supports predicted class.
- sbytes = 200; SHAP=0.015917; supports predicted class.
- ct_dst_sport_ltm = 4; SHAP=0.014329; supports predicted class.
- ct_dst_src_ltm = 5; SHAP=0.011655; supports predicted class.
- dpkts = 0; SHAP=0.007513; supports predicted class.

Risk and Policy
The predicted operational stage is Command and Control. The confidence-weighted risk score is 2.2886, corresponding to the Alert policy zone.

Recommended Action
Raise a SOC alert and enrich the event context.

Human Review
Detector confidence below the fixed 0.70 threshold.

Limitations
This report describes the detector output and supplied evidence. It does not establish that the predicted class is ground truth.",822,115
UNSW-OFFICIAL-53900,A0_template,deterministic_template,"Prediction Summary
The detector predicted Analysis with confidence 0.1731.

Evidence
- ct_srv_src = 16; SHAP=-0.024430; opposes predicted class.
- ct_srv_dst = 16; SHAP=-0.020020; opposes predicted class.
- Protocol is not udp; SHAP=0.016972; supports predicted class.
- Protocol = unas; SHAP=0.011253; supports predicted class.
- sbytes = 200; SHAP=0.010744; supports predicted class.

Risk and Policy
The predicted operational stage is Reconnaissance. The confidence-weighted risk score is 0.5193, corresponding to the Monitor policy zone.

Recommended Action
Log the event and continue monitoring.

Human Review
Detector confidence below the fixed 0.70 threshold.

Limitations
This report describes the detector output and supplied evidence. It does not establish that the predicted class is ground truth.",808,110
UNSW-OFFICIAL-53984,A0_template,deterministic_template,"Prediction Summary
The detector predicted Analysis with confidence 0.3057.

Evidence
- Protocol is not udp; SHAP=0.020197; supports predicted class.
- ct_dst_src_ltm = 5; SHAP=0.015214; supports predicted class.
- ct_dst_sport_ltm = 4; SHAP=0.015082; supports predicted class.
- Protocol = unas; SHAP=0.013926; supports predicted class.
- sbytes = 200; SHAP=0.013663; supports predicted class.

Risk and Policy
The predicted operational stage is Reconnaissance. The confidence-weighted risk score is 0.9171, corresponding to the Monitor policy zone.

Recommended Action
Log the event and continue monitoring.

Human Review
Detector confidence below the fixed 0.70 threshold.

Limitations
This report describes the detector output and supplied evidence. It does not establish that the predicted class is ground truth.",816,110
UNSW-OFFICIAL-54004,A0_template,deterministic_template,"Prediction Summary
The detector predicted Analysis with confidence 0.1749.

Evidence
- ct_srv_src = 16; SHAP=-0.026645; opposes predicted class.
- ct_srv_dst = 16; SHAP=-0.022216; opposes predicted class.
- Protocol is not udp; SHAP=0.016519; supports predicted class.
- Protocol = unas; SHAP=0.012007; supports predicted class.
- sbytes = 200; SHAP=0.010698; supports predicted class.

Risk and Policy
The predicted operational stage is Reconnaissance. The confidence-weighted risk score is 0.5246, corresponding to the Monitor policy zone.

Recommended Action
Log the event and continue monitoring.

Human Review
Detector confidence below the fixed 0.70 threshold.

Limitations
This report describes the detector output and supplied evidence. It does not establish that the predicted class is ground truth.",808,110
UNSW-OFFICIAL-54105,A0_template,deterministic_template,"Prediction Summary
The detector predicted Analysis with confidence 0.1903.

Evidence
- ct_srv_src = 16; SHAP=-0.024777; opposes predicted class.
- ct_srv_dst = 16; SHAP=-0.022161; opposes predicted class.
- Protocol = unas; SHAP=0.017862; supports predicted class.
- Protocol is not udp; SHAP=0.016633; supports predicted class.
- ct_dst_sport_ltm = 4; SHAP=0.012608; supports predicted class.

Risk and Policy
The predicted operational stage is Reconnaissance. The confidence-weighted risk score is 0.5709, corresponding to the Monitor policy zone.

Recommended Action
Log the event and continue monitoring.

Human Review
Detector confidence below the fixed 0.70 threshold.

Limitations
This report describes the detector output and supplied evidence. It does not establish that the predicted class is ground truth.",816,110
UNSW-OFFICIAL-54114,A0_template,deterministic_template,"Prediction Summary
The detector predicted Fuzzers with confidence 0.6872.

Evidence
- spkts = 14; SHAP=0.055643; supports predicted class.
- dbytes = 786; SHAP=0.053245; supports predicted class.
- sloss = 4; SHAP=0.047809; supports predicted class.
- sbytes = 1490; SHAP=0.045814; supports predicted class.
- dpkts = 14; SHAP=0.032541; supports predicted class.

Risk and Policy
The predicted operational stage is Exploitation. The confidence-weighted risk score is 4.4669, corresponding to the Alert policy zone.

Recommended Action
Raise a SOC alert and enrich the event context.

Human Review
Detector confidence below the fixed 0.70 threshold.

Limitations
This report describes the detector output and supplied evidence. It does not establish that the predicted class is ground truth.",790,112
UNSW-OFFICIAL-54426,A0_template,deterministic_template,"Prediction Summary
The detector predicted Backdoor with confidence 0.2717.

Evidence
- ct_src_ltm = 11; SHAP=0.031727; supports predicted class.
- Protocol is not udp; SHAP=0.021703; supports predicted class.
- sbytes = 200; SHAP=0.018560; supports predicted class.
- ct_dst_sport_ltm = 4; SHAP=0.017290; supports predicted class.
- sload = 4.21053e+07; SHAP=-0.015805; opposes predicted class.

Risk and Policy
The predicted operational stage is Command and Control. The confidence-weighted risk score is 2.1740, corresponding to the Alert policy zone.

Recommended Action
Raise a SOC alert and enrich the event context.

Human Review
Detector confidence below the fixed 0.70 threshold.

Limitations
This report describes the detector output and supplied evidence. It does not establish that the predicted class is ground truth.",829,115
UNSW-OFFICIAL-54570,A0_template,deterministic_template,"Prediction Summary
The detector predicted Exploits with confidence 0.3604.

Evidence
- sbytes = 1136; SHAP=0.034476; supports predicted class.
- ct_dst_src_ltm = 1; SHAP=0.032654; supports predicted class.
- An application service is identified; SHAP=0.027656; supports predicted class.
- smean = 114; SHAP=0.025393; supports predicted class.
- dmean = 122; SHAP=0.022221; supports predicted class.

Risk and Policy
The predicted operational stage is Exploitation. The confidence-weighted risk score is 2.3423, corresponding to the Alert policy zone.

Recommended Action
Raise a SOC alert and enrich the event context.

Human Review
Detector confidence below the fixed 0.70 threshold.

Limitations
This report describes the detector output and supplied evidence. It does not establish that the predicted class is ground truth.",826,114
UNSW-OFFICIAL-54748,A0_template,deterministic_template,"Prediction Summary
The detector predicted Generic with confidence 0.9835.

Evidence
- Service = dns; SHAP=0.189652; supports predicted class.
- sbytes = 114; SHAP=0.134985; supports predicted class.
- An application service is identified; SHAP=0.130193; supports predicted class.
- Protocol = udp; SHAP=0.074754; supports predicted class.
- smean = 57; SHAP=0.068415; supports predicted class.

Risk and Policy
The predicted operational stage is Exploitation. The confidence-weighted risk score is 6.3926, corresponding to the Block policy zone.

Recommended Action
Block the suspected source and initiate investigation.

Human Review
No mandatory confidence-based referral.

Limitations
This report describes the detector output and supplied evidence. It does not establish that the predicted class is ground truth.",816,109
UNSW-OFFICIAL-54790,A0_template,deterministic_template,"Prediction Summary
The detector predicted DoS with confidence 0.2719.

Evidence
- Protocol is not udp; SHAP=0.019958; supports predicted class.
- sbytes = 200; SHAP=0.016336; supports predicted class.
- smean = 100; SHAP=0.009479; supports predicted class.
- ct_dst_sport_ltm = 2; SHAP=0.008702; supports predicted class.
- sload = 8e+07; SHAP=0.008094; supports predicted class.

Risk and Policy
The predicted operational stage is Impact / Availability. The confidence-weighted risk score is 1.9033, corresponding to the Monitor policy zone.

Recommended Action
Log the event and continue monitoring.

Human Review
Detector confidence below the fixed 0.70 threshold.

Limitations
This report describes the detector output and supplied evidence. It does not establish that the predicted class is ground truth.",809,112
UNSW-OFFICIAL-54966,A0_template,deterministic_template,"Prediction Summary
The detector predicted Exploits with confidence 0.6156.

Evidence
- dmean = 1297; SHAP=0.038700; supports predicted class.
- dloss = 184; SHAP=0.036755; supports predicted class.
- dbytes = 482406; SHAP=0.036046; supports predicted class.
- dload = 1.12457e+06; SHAP=0.033772; supports predicted class.
- sbytes = 3006; SHAP=0.030918; supports predicted class.

Risk and Policy
The predicted operational stage is Exploitation. The confidence-weighted risk score is 4.0016, corresponding to the Alert policy zone.

Recommended Action
Raise a SOC alert and enrich the event context.

Human Review
Detector confidence below the fixed 0.70 threshold.

Limitations
This report describes the detector output and supplied evidence. It does not establish that the predicted class is ground truth.",807,112
UNSW-OFFICIAL-55189,A0_template,deterministic_template,"Prediction Summary
The detector predicted Fuzzers with confidence 0.2051.

Evidence
- ct_srv_src = 23; SHAP=0.045335; supports predicted class.
- ct_srv_dst = 18; SHAP=0.040564; supports predicted class.
- Protocol is not udp; SHAP=-0.029632; opposes predicted class.
- Service = unspecified; SHAP=0.024279; supports predicted class.
- ct_dst_src_ltm = 4; SHAP=0.021648; supports predicted class.

Risk and Policy
The predicted operational stage is Exploitation. The confidence-weighted risk score is 1.3328, corresponding to the Monitor policy zone.

Recommended Action
Log the event and continue monitoring.

Human Review
Detector confidence below the fixed 0.70 threshold.

Limitations
This report describes the detector output and supplied evidence. It does not establish that the predicted class is ground truth.",817,110
UNSW-OFFICIAL-55191,A0_template,deterministic_template,"Prediction Summary
The detector predicted Backdoor with confidence 0.3000.

Evidence
- ct_src_ltm = 10; SHAP=0.033807; supports predicted class.
- Protocol is not udp; SHAP=0.025178; supports predicted class.
- sbytes = 200; SHAP=0.019156; supports predicted class.
- ct_dst_src_ltm = 7; SHAP=0.014406; supports predicted class.
- smean = 100; SHAP=0.009464; supports predicted class.

Risk and Policy
The predicted operational stage is Command and Control. The confidence-weighted risk score is 2.3997, corresponding to the Alert policy zone.

Recommended Action
Raise a SOC alert and enrich the event context.

Human Review
Detector confidence below the fixed 0.70 threshold.

Limitations
This report describes the detector output and supplied evidence. It does not establish that the predicted class is ground truth.",819,115
UNSW-OFFICIAL-55269,A0_template,deterministic_template,"Prediction Summary
The detector predicted Fuzzers with confidence 0.4413.

Evidence
- ct_dst_src_ltm = 1; SHAP=-0.063633; opposes predicted class.
- sbytes = 534; SHAP=0.032417; supports predicted class.
- ct_srv_dst = 3; SHAP=0.029271; supports predicted class.
- smean = 53; SHAP=0.023167; supports predicted class.
- dpkts = 6; SHAP=0.022099; supports predicted class.

Risk and Policy
The predicted operational stage is Exploitation. The confidence-weighted risk score is 2.8685, corresponding to the Alert policy zone.

Recommended Action
Raise a SOC alert and enrich the event context.

Human Review
Detector confidence below the fixed 0.70 threshold.

Limitations
This report describes the detector output and supplied evidence. It does not establish that the predicted class is ground truth.",799,112
UNSW-OFFICIAL-55337,A0_template,deterministic_template,"Prediction Summary
The detector predicted Fuzzers with confidence 0.2911.

Evidence
- Protocol = udp; SHAP=0.056264; supports predicted class.
- sbytes = 92; SHAP=0.054834; supports predicted class.
- smean = 46; SHAP=0.052176; supports predicted class.
- ct_dst_src_ltm = 1; SHAP=-0.036611; opposes predicted class.
- ct_srv_dst = 15; SHAP=0.036248; supports predicted class.

Risk and Policy
The predicted operational stage is Exploitation. The confidence-weighted risk score is 1.8919, corresponding to the Monitor policy zone.

Recommended Action
Log the event and continue monitoring.

Human Review
Detector confidence below the fixed 0.70 threshold.

Limitations
This report describes the detector output and supplied evidence. It does not establish that the predicted class is ground truth.",797,109
UNSW-OFFICIAL-55418,A0_template,deterministic_template,"Prediction Summary
The detector predicted Exploits with confidence 0.5646.

Evidence
- smean = 106; SHAP=0.037645; supports predicted class.
- sbytes = 1272; SHAP=0.034284; supports predicted class.
- sloss = 6; SHAP=0.031508; supports predicted class.
- dinpkt = 0.01; SHAP=0.030086; supports predicted class.
- An application service is identified; SHAP=0.024195; supports predicted class.

Risk and Policy
The predicted operational stage is Exploitation. The confidence-weighted risk score is 3.6701, corresponding to the Alert policy zone.

Recommended Action
Raise a SOC alert and enrich the event context.

Human Review
Detector confidence below the fixed 0.70 threshold.

Limitations
This report describes the detector output and supplied evidence. It does not establish that the predicted class is ground truth.",819,114
UNSW-OFFICIAL-55526,A0_template,deterministic_template,"Prediction Summary
The detector predicted Shellcode with confidence 0.6281.

Evidence
- Protocol = udp; SHAP=0.090018; supports predicted class.
- sbytes = 528; SHAP=0.080507; supports predicted class.
- ct_dst_src_ltm = 1; SHAP=0.079353; supports predicted class.
- smean = 264; SHAP=0.072627; supports predicted class.
- ct_srv_dst = 2; SHAP=-0.043425; opposes predicted class.

Risk and Policy
The predicted operational stage is Advanced Intrusion. The confidence-weighted risk score is 5.3386, corresponding to the Block policy zone.

Recommended Action
Block the suspected source and initiate investigation.

Human Review
Detector confidence below the fixed 0.70 threshold.

Limitations
This report describes the detector output and supplied evidence. It does not establish that the predicted class is ground truth.",820,111
UNSW-OFFICIAL-55890,A0_template,deterministic_template,"Prediction Summary
The detector predicted DoS with confidence 0.2613.

Evidence
- Protocol is not udp; SHAP=0.019339; supports predicted class.
- sbytes = 200; SHAP=0.016034; supports predicted class.
- ct_dst_sport_ltm = 2; SHAP=0.010153; supports predicted class.
- smean = 100; SHAP=0.008463; supports predicted class.
- ct_src_ltm = 4; SHAP=0.006266; supports predicted class.

Risk and Policy
The predicted operational stage is Impact / Availability. The confidence-weighted risk score is 1.8292, corresponding to the Monitor policy zone.

Recommended Action
Log the event and continue monitoring.

Human Review
Detector confidence below the fixed 0.70 threshold.

Limitations
This report describes the detector output and supplied evidence. It does not establish that the predicted class is ground truth.",810,112
UNSW-OFFICIAL-55989,A0_template,deterministic_template,"Prediction Summary
The detector predicted Fuzzers with confidence 0.2185.

Evidence
- ct_srv_src = 23; SHAP=0.052624; supports predicted class.
- ct_srv_dst = 18; SHAP=0.052314; supports predicted class.
- Protocol is not udp; SHAP=-0.033412; opposes predicted class.
- Service = unspecified; SHAP=0.029695; supports predicted class.
- ct_src_dport_ltm = 8; SHAP=0.025561; supports predicted class.

Risk and Policy
The predicted operational stage is Exploitation. The confidence-weighted risk score is 1.4202, corresponding to the Monitor policy zone.

Recommended Action
Log the event and continue monitoring.

Human Review
Detector confidence below the fixed 0.70 threshold.

Limitations
This report describes the detector output and supplied evidence. It does not establish that the predicted class is ground truth.",819,110
UNSW-OFFICIAL-56041,A0_template,deterministic_template,"Prediction Summary
The detector predicted Exploits with confidence 0.7757.

Evidence
- sttl = 62; SHAP=0.061727; supports predicted class.
- dbytes = 27492; SHAP=0.052451; supports predicted class.
- dmean = 1057; SHAP=0.047891; supports predicted class.
- dload = 356558; SHAP=0.040841; supports predicted class.
- dloss = 11; SHAP=0.035585; supports predicted class.

Risk and Policy
The predicted operational stage is Exploitation. The confidence-weighted risk score is 5.0418, corresponding to the Block policy zone.

Recommended Action
Block the suspected source and initiate investigation.

Human Review
No mandatory confidence-based referral.

Limitations
This report describes the detector output and supplied evidence. It does not establish that the predicted class is ground truth.",791,107
UNSW-OFFICIAL-56043,A0_template,deterministic_template,"Prediction Summary
The detector predicted Fuzzers with confidence 0.2183.

Evidence
- ct_srv_src = 23; SHAP=0.052476; supports predicted class.
- ct_srv_dst = 18; SHAP=0.052378; supports predicted class.
- Protocol is not udp; SHAP=-0.033456; opposes predicted class.
- Service = unspecified; SHAP=0.029681; supports predicted class.
- ct_src_dport_ltm = 8; SHAP=0.025703; supports predicted class.

Risk and Policy
The predicted operational stage is Exploitation. The confidence-weighted risk score is 1.4192, corresponding to the Monitor policy zone.

Recommended Action
Log the event and continue monitoring.

Human Review
Detector confidence below the fixed 0.70 threshold.

Limitations
This report describes the detector output and supplied evidence. It does not establish that the predicted class is ground truth.",819,110
UNSW-OFFICIAL-56217,A0_template,deterministic_template,"Prediction Summary
The detector predicted DoS with confidence 0.2389.

Evidence
- Protocol is not udp; SHAP=0.021296; supports predicted class.
- sbytes = 200; SHAP=0.016424; supports predicted class.
- smean = 100; SHAP=0.010024; supports predicted class.
- ct_dst_sport_ltm = 6; SHAP=0.007970; supports predicted class.
- ct_src_ltm = 6; SHAP=0.007455; supports predicted class.

Risk and Policy
The predicted operational stage is Impact / Availability. The confidence-weighted risk score is 1.6723, corresponding to the Monitor policy zone.

Recommended Action
Log the event and continue monitoring.

Human Review
Detector confidence below the fixed 0.70 threshold.

Limitations
This report describes the detector output and supplied evidence. It does not establish that the predicted class is ground truth.",810,112
UNSW-OFFICIAL-56979,A0_template,deterministic_template,"Prediction Summary
The detector predicted DoS with confidence 0.2449.

Evidence
- Protocol is not udp; SHAP=0.020575; supports predicted class.
- sbytes = 200; SHAP=0.017966; supports predicted class.
- ct_dst_sport_ltm = 4; SHAP=0.014613; supports predicted class.
- smean = 100; SHAP=0.009136; supports predicted class.
- ct_src_dport_ltm = 4; SHAP=0.007447; supports predicted class.

Risk and Policy
The predicted operational stage is Impact / Availability. The confidence-weighted risk score is 1.7142, corresponding to the Monitor policy zone.

Recommended Action
Log the event and continue monitoring.

Human Review
Detector confidence below the fixed 0.70 threshold.

Limitations
This report describes the detector output and supplied evidence. It does not establish that the predicted class is ground truth.",816,112
UNSW-OFFICIAL-57049,A0_template,deterministic_template,"Prediction Summary
The detector predicted Backdoor with confidence 0.2618.

Evidence
- Protocol is not udp; SHAP=0.024174; supports predicted class.
- sbytes = 200; SHAP=0.016542; supports predicted class.
- ct_dst_src_ltm = 6; SHAP=0.007362; supports predicted class.
- dpkts = 0; SHAP=0.007206; supports predicted class.
- smean = 100; SHAP=0.007199; supports predicted class.

Risk and Policy
The predicted operational stage is Command and Control. The confidence-weighted risk score is 2.0948, corresponding to the Alert policy zone.

Recommended Action
Raise a SOC alert and enrich the event context.

Human Review
Detector confidence below the fixed 0.70 threshold.

Limitations
This report describes the detector output and supplied evidence. It does not establish that the predicted class is ground truth.",813,115
UNSW-OFFICIAL-57299,A0_template,deterministic_template,"Prediction Summary
The detector predicted Analysis with confidence 0.2348.

Evidence
- ct_srv_src = 15; SHAP=-0.022622; opposes predicted class.
- Protocol is not udp; SHAP=0.017748; supports predicted class.
- Protocol = unas; SHAP=0.015220; supports predicted class.
- sbytes = 200; SHAP=0.011731; supports predicted class.
- ct_dst_src_ltm = 4; SHAP=0.011546; supports predicted class.

Risk and Policy
The predicted operational stage is Reconnaissance. The confidence-weighted risk score is 0.7044, corresponding to the Monitor policy zone.

Recommended Action
Log the event and continue monitoring.

Human Review
Detector confidence below the fixed 0.70 threshold.

Limitations
This report describes the detector output and supplied evidence. It does not establish that the predicted class is ground truth.",811,110
UNSW-OFFICIAL-57328,A0_template,deterministic_template,"Prediction Summary
The detector predicted Backdoor with confidence 0.2402.

Evidence
- ct_srv_src = 15; SHAP=-0.031147; opposes predicted class.
- ct_src_ltm = 9; SHAP=0.024977; supports predicted class.
- Protocol is not udp; SHAP=0.021186; supports predicted class.
- ct_dst_sport_ltm = 4; SHAP=0.014741; supports predicted class.
- sbytes = 200; SHAP=0.014725; supports predicted class.

Risk and Policy
The predicted operational stage is Command and Control. The confidence-weighted risk score is 1.9216, corresponding to the Monitor policy zone.

Recommended Action
Log the event and continue monitoring.

Human Review
Detector confidence below the fixed 0.70 threshold.

Limitations
This report describes the detector output and supplied evidence. It does not establish that the predicted class is ground truth.",817,112
UNSW-OFFICIAL-57391,A0_template,deterministic_template,"Prediction Summary
The detector predicted Analysis with confidence 0.2348.

Evidence
- ct_srv_src = 15; SHAP=-0.022622; opposes predicted class.
- Protocol is not udp; SHAP=0.017748; supports predicted class.
- Protocol = unas; SHAP=0.015220; supports predicted class.
- sbytes = 200; SHAP=0.011731; supports predicted class.
- ct_dst_src_ltm = 4; SHAP=0.011546; supports predicted class.

Risk and Policy
The predicted operational stage is Reconnaissance. The confidence-weighted risk score is 0.7044, corresponding to the Monitor policy zone.

Recommended Action
Log the event and continue monitoring.

Human Review
Detector confidence below the fixed 0.70 threshold.

Limitations
This report describes the detector output and supplied evidence. It does not establish that the predicted class is ground truth.",811,110
UNSW-OFFICIAL-57852,A0_template,deterministic_template,"Prediction Summary
The detector predicted DoS with confidence 0.5246.

Evidence
- sttl = 254; SHAP=0.072643; supports predicted class.
- dbytes = 1774; SHAP=0.030962; supports predicted class.
- dloss = 8; SHAP=0.028219; supports predicted class.
- dmean = 89; SHAP=0.022400; supports predicted class.
- Service = smtp; SHAP=0.022142; supports predicted class.

Risk and Policy
The predicted operational stage is Impact / Availability. The confidence-weighted risk score is 3.6722, corresponding to the Alert policy zone.

Recommended Action
Raise a SOC alert and enrich the event context.

Human Review
Detector confidence below the fixed 0.70 threshold.

Limitations
This report describes the detector output and supplied evidence. It does not establish that the predicted class is ground truth.",797,114
UNSW-OFFICIAL-57874,A0_template,deterministic_template,"Prediction Summary
The detector predicted Backdoor with confidence 0.2648.

Evidence
- Protocol is not udp; SHAP=0.024048; supports predicted class.
- sbytes = 200; SHAP=0.016812; supports predicted class.
- ct_dst_src_ltm = 6; SHAP=0.009053; supports predicted class.
- smean = 100; SHAP=0.007333; supports predicted class.
- Service = unspecified; SHAP=0.007082; supports predicted class.

Risk and Policy
The predicted operational stage is Command and Control. The confidence-weighted risk score is 2.1186, corresponding to the Alert policy zone.

Recommended Action
Raise a SOC alert and enrich the event context.

Human Review
Detector confidence below the fixed 0.70 threshold.

Limitations
This report describes the detector output and supplied evidence. It does not establish that the predicted class is ground truth.",825,115
UNSW-OFFICIAL-57935,A0_template,deterministic_template,"Prediction Summary
The detector predicted DoS with confidence 0.2377.

Evidence
- Protocol is not udp; SHAP=0.021953; supports predicted class.
- sbytes = 200; SHAP=0.016399; supports predicted class.
- smean = 100; SHAP=0.010010; supports predicted class.
- ct_dst_sport_ltm = 6; SHAP=0.008550; supports predicted class.
- ct_src_ltm = 6; SHAP=0.007866; supports predicted class.

Risk and Policy
The predicted operational stage is Impact / Availability. The confidence-weighted risk score is 1.6642, corresponding to the Monitor policy zone.

Recommended Action
Log the event and continue monitoring.

Human Review
Detector confidence below the fixed 0.70 threshold.

Limitations
This report describes the detector output and supplied evidence. It does not establish that the predicted class is ground truth.",810,112
UNSW-OFFICIAL-58114,A0_template,deterministic_template,"Prediction Summary
The detector predicted Exploits with confidence 0.9722.

Evidence
- sttl = 62; SHAP=0.086540; supports predicted class.
- dmean = 986; SHAP=0.065681; supports predicted class.
- dloss = 28; SHAP=0.058583; supports predicted class.
- dbytes = 59188; SHAP=0.057914; supports predicted class.
- dpkts = 60; SHAP=0.050859; supports predicted class.

Risk and Policy
The predicted operational stage is Exploitation. The confidence-weighted risk score is 6.3196, corresponding to the Block policy zone.

Recommended Action
Block the suspected source and initiate investigation.

Human Review
No mandatory confidence-based referral.

Limitations
This report describes the detector output and supplied evidence. It does not establish that the predicted class is ground truth.",786,107
UNSW-OFFICIAL-58156,A0_template,deterministic_template,"Prediction Summary
The detector predicted Exploits with confidence 0.5731.

Evidence
- dmean = 153; SHAP=0.058630; supports predicted class.
- sttl = 62; SHAP=0.058038; supports predicted class.
- ct_dst_src_ltm = 1; SHAP=0.035554; supports predicted class.
- dloss = 2; SHAP=0.034858; supports predicted class.
- dbytes = 1224; SHAP=0.032058; supports predicted class.

Risk and Policy
The predicted operational stage is Exploitation. The confidence-weighted risk score is 3.7253, corresponding to the Alert policy zone.

Recommended Action
Raise a SOC alert and enrich the event context.

Human Review
Detector confidence below the fixed 0.70 threshold.

Limitations
This report describes the detector output and supplied evidence. It does not establish that the predicted class is ground truth.",797,112
UNSW-OFFICIAL-58200,A0_template,deterministic_template,"Prediction Summary
The detector predicted Exploits with confidence 0.7202.

Evidence
- dbytes = 32602; SHAP=0.061873; supports predicted class.
- dloss = 12; SHAP=0.058765; supports predicted class.
- dmean = 1164; SHAP=0.055799; supports predicted class.
- dpkts = 28; SHAP=0.044518; supports predicted class.
- dload = 366068; SHAP=0.042760; supports predicted class.

Risk and Policy
The predicted operational stage is Exploitation. The confidence-weighted risk score is 4.6810, corresponding to the Alert policy zone.

Recommended Action
Raise a SOC alert and enrich the event context.

Human Review
No mandatory confidence-based referral.

Limitations
This report describes the detector output and supplied evidence. It does not establish that the predicted class is ground truth.",785,109
UNSW-OFFICIAL-58369,A0_template,deterministic_template,"Prediction Summary
The detector predicted Reconnaissance with confidence 0.9613.

Evidence
- sbytes = 564; SHAP=0.105138; supports predicted class.
- smean = 56; SHAP=0.077196; supports predicted class.
- sjit = 8671.16; SHAP=0.056012; supports predicted class.
- dmean = 44; SHAP=0.045453; supports predicted class.
- dbytes = 354; SHAP=0.041714; supports predicted class.

Risk and Policy
The predicted operational stage is Reconnaissance. The confidence-weighted risk score is 2.8840, corresponding to the Alert policy zone.

Recommended Action
Raise a SOC alert and enrich the event context.

Human Review
No mandatory confidence-based referral.

Limitations
This report describes the detector output and supplied evidence. It does not establish that the predicted class is ground truth.",791,109
UNSW-OFFICIAL-58657,A0_template,deterministic_template,"Prediction Summary
The detector predicted DoS with confidence 0.2774.

Evidence
- Protocol is not udp; SHAP=0.023538; supports predicted class.
- sbytes = 200; SHAP=0.017045; supports predicted class.
- smean = 100; SHAP=0.010407; supports predicted class.
- ct_dst_sport_ltm = 6; SHAP=0.008279; supports predicted class.
- dinpkt = 0; SHAP=0.006382; supports predicted class.

Risk and Policy
The predicted operational stage is Impact / Availability. The confidence-weighted risk score is 1.9417, corresponding to the Monitor policy zone.

Recommended Action
Log the event and continue monitoring.

Human Review
Detector confidence below the fixed 0.70 threshold.

Limitations
This report describes the detector output and supplied evidence. It does not establish that the predicted class is ground truth.",806,112
UNSW-OFFICIAL-58779,A0_template,deterministic_template,"Prediction Summary
The detector predicted Generic with confidence 0.9264.

Evidence
- Service = dns; SHAP=0.181018; supports predicted class.
- sbytes = 114; SHAP=0.136241; supports predicted class.
- An application service is identified; SHAP=0.124835; supports predicted class.
- smean = 57; SHAP=0.066230; supports predicted class.
- Protocol = udp; SHAP=0.064707; supports predicted class.

Risk and Policy
The predicted operational stage is Exploitation. The confidence-weighted risk score is 6.0216, corresponding to the Block policy zone.

Recommended Action
Block the suspected source and initiate investigation.

Human Review
No mandatory confidence-based referral.

Limitations
This report describes the detector output and supplied evidence. It does not establish that the predicted class is ground truth.",816,109
UNSW-OFFICIAL-59012,A0_template,deterministic_template,"Prediction Summary
The detector predicted Exploits with confidence 0.3830.

Evidence
- sbytes = 2632; SHAP=0.075330; supports predicted class.
- smean = 1316; SHAP=0.064002; supports predicted class.
- sload = 6.58e+08; SHAP=0.031254; supports predicted class.
- dur = 1.6e-05; SHAP=0.030272; supports predicted class.
- sinpkt = 0.016; SHAP=0.025259; supports predicted class.

Risk and Policy
The predicted operational stage is Exploitation. The confidence-weighted risk score is 2.4896, corresponding to the Alert policy zone.

Recommended Action
Raise a SOC alert and enrich the event context.

Human Review
Detector confidence below the fixed 0.70 threshold.

Limitations
This report describes the detector output and supplied evidence. It does not establish that the predicted class is ground truth.",805,112
UNSW-OFFICIAL-59026,A0_template,deterministic_template,"Prediction Summary
The detector predicted Backdoor with confidence 0.2913.

Evidence
- Protocol is not udp; SHAP=0.021326; supports predicted class.
- sbytes = 200; SHAP=0.016004; supports predicted class.
- ct_dst_sport_ltm = 4; SHAP=0.014163; supports predicted class.
- ct_srv_src = 10; SHAP=0.007976; supports predicted class.
- ct_src_dport_ltm = 4; SHAP=0.007775; supports predicted class.

Risk and Policy
The predicted operational stage is Command and Control. The confidence-weighted risk score is 2.3303, corresponding to the Alert policy zone.

Recommended Action
Raise a SOC alert and enrich the event context.

Human Review
Detector confidence below the fixed 0.70 threshold.

Limitations
This report describes the detector output and supplied evidence. It does not establish that the predicted class is ground truth.",830,115
UNSW-OFFICIAL-59066,A0_template,deterministic_template,"Prediction Summary
The detector predicted Generic with confidence 0.9686.

Evidence
- Service = dns; SHAP=0.187129; supports predicted class.
- An application service is identified; SHAP=0.137725; supports predicted class.
- sbytes = 114; SHAP=0.135934; supports predicted class.
- Protocol = udp; SHAP=0.075274; supports predicted class.
- smean = 57; SHAP=0.068376; supports predicted class.

Risk and Policy
The predicted operational stage is Exploitation. The confidence-weighted risk score is 6.2961, corresponding to the Block policy zone.

Recommended Action
Block the suspected source and initiate investigation.

Human Review
No mandatory confidence-based referral.

Limitations
This report describes the detector output and supplied evidence. It does not establish that the predicted class is ground truth.",816,109
UNSW-OFFICIAL-59144,A0_template,deterministic_template,"Prediction Summary
The detector predicted Analysis with confidence 0.2601.

Evidence
- Protocol is not udp; SHAP=0.018906; supports predicted class.
- Protocol = unas; SHAP=0.018582; supports predicted class.
- ct_src_ltm = 11; SHAP=0.015271; supports predicted class.
- sbytes = 200; SHAP=0.014874; supports predicted class.
- ct_dst_sport_ltm = 4; SHAP=0.014679; supports predicted class.

Risk and Policy
The predicted operational stage is Reconnaissance. The confidence-weighted risk score is 0.7803, corresponding to the Monitor policy zone.

Recommended Action
Log the event and continue monitoring.

Human Review
Detector confidence below the fixed 0.70 threshold.

Limitations
This report describes the detector output and supplied evidence. It does not establish that the predicted class is ground truth.",813,110
UNSW-OFFICIAL-59165,A0_template,deterministic_template,"Prediction Summary
The detector predicted Analysis with confidence 0.3083.

Evidence
- ct_src_ltm = 12; SHAP=0.026736; supports predicted class.
- Protocol is not udp; SHAP=0.020442; supports predicted class.
- ct_dst_sport_ltm = 4; SHAP=0.019429; supports predicted class.
- Protocol = unas; SHAP=0.016257; supports predicted class.
- ct_dst_src_ltm = 5; SHAP=0.015880; supports predicted class.

Risk and Policy
The predicted operational stage is Reconnaissance. The confidence-weighted risk score is 0.9250, corresponding to the Monitor policy zone.

Recommended Action
Log the event and continue monitoring.

Human Review
Detector confidence below the fixed 0.70 threshold.

Limitations
This report describes the detector output and supplied evidence. It does not establish that the predicted class is ground truth.",819,110
UNSW-OFFICIAL-59292,A0_template,deterministic_template,"Prediction Summary
The detector predicted Exploits with confidence 0.8040.

Evidence
- sttl = 62; SHAP=0.056651; supports predicted class.
- dmean = 1160; SHAP=0.052242; supports predicted class.
- dbytes = 30158; SHAP=0.046192; supports predicted class.
- dpkts = 26; SHAP=0.040457; supports predicted class.
- dloss = 11; SHAP=0.036118; supports predicted class.

Risk and Policy
The predicted operational stage is Exploitation. The confidence-weighted risk score is 5.2257, corresponding to the Block policy zone.

Recommended Action
Block the suspected source and initiate investigation.

Human Review
No mandatory confidence-based referral.

Limitations
This report describes the detector output and supplied evidence. It does not establish that the predicted class is ground truth.",787,107
UNSW-OFFICIAL-59529,A0_template,deterministic_template,"Prediction Summary
The detector predicted Shellcode with confidence 0.5705.

Evidence
- ct_dst_src_ltm = 1; SHAP=0.061273; supports predicted class.
- Service = unspecified; SHAP=0.047091; supports predicted class.
- ct_srv_dst = 1; SHAP=0.035696; supports predicted class.
- Service is not http; SHAP=0.031851; supports predicted class.
- dpkts = 6; SHAP=0.025062; supports predicted class.

Risk and Policy
The predicted operational stage is Advanced Intrusion. The confidence-weighted risk score is 4.8494, corresponding to the Alert policy zone.

Recommended Action
Raise a SOC alert and enrich the event context.

Human Review
Detector confidence below the fixed 0.70 threshold.

Limitations
This report describes the detector output and supplied evidence. It does not establish that the predicted class is ground truth.",825,114
UNSW-OFFICIAL-59623,A0_template,deterministic_template,"Prediction Summary
The detector predicted Reconnaissance with confidence 0.3101.

Evidence
- smean = 53; SHAP=-0.025782; opposes predicted class.
- sjit = 11803.4; SHAP=0.024226; supports predicted class.
- dmean = 44; SHAP=0.023795; supports predicted class.
- sbytes = 534; SHAP=-0.023206; opposes predicted class.
- sload = 2063.76; SHAP=0.022012; supports predicted class.

Risk and Policy
The predicted operational stage is Reconnaissance. The confidence-weighted risk score is 0.9302, corresponding to the Monitor policy zone.

Recommended Action
Log the event and continue monitoring.

Human Review
Detector confidence below the fixed 0.70 threshold.

Limitations
This report describes the detector output and supplied evidence. It does not establish that the predicted class is ground truth.",799,109
UNSW-OFFICIAL-59684,A0_template,deterministic_template,"Prediction Summary
The detector predicted Shellcode with confidence 0.5791.

Evidence
- ct_dst_src_ltm = 1; SHAP=0.051865; supports predicted class.
- Service = unspecified; SHAP=0.045706; supports predicted class.
- Service is not http; SHAP=0.028477; supports predicted class.
- ct_srv_dst = 1; SHAP=0.025997; supports predicted class.
- dbytes = 268; SHAP=0.025955; supports predicted class.

Risk and Policy
The predicted operational stage is Advanced Intrusion. The confidence-weighted risk score is 4.9225, corresponding to the Alert policy zone.

Recommended Action
Raise a SOC alert and enrich the event context.

Human Review
Detector confidence below the fixed 0.70 threshold.

Limitations
This report describes the detector output and supplied evidence. It does not establish that the predicted class is ground truth.",828,114
UNSW-OFFICIAL-60081,A0_template,deterministic_template,"Prediction Summary
The detector predicted Fuzzers with confidence 0.7536.

Evidence
- ct_dst_src_ltm = 2; SHAP=0.069310; supports predicted class.
- ct_srv_dst = 5; SHAP=0.054685; supports predicted class.
- ct_src_dport_ltm = 2; SHAP=0.041341; supports predicted class.
- ct_srv_src = 6; SHAP=0.036553; supports predicted class.
- sbytes = 592; SHAP=0.023438; supports predicted class.

Risk and Policy
The predicted operational stage is Exploitation. The confidence-weighted risk score is 4.8985, corresponding to the Alert policy zone.

Recommended Action
Raise a SOC alert and enrich the event context.

Human Review
No mandatory confidence-based referral.

Limitations
This report describes the detector output and supplied evidence. It does not establish that the predicted class is ground truth.",802,109
UNSW-OFFICIAL-60156,A0_template,deterministic_template,"Prediction Summary
The detector predicted Fuzzers with confidence 0.2905.

Evidence
- sbytes = 86; SHAP=0.078089; supports predicted class.
- Protocol is not udp; SHAP=-0.065419; opposes predicted class.
- smean = 43; SHAP=0.058466; supports predicted class.
- Service = unspecified; SHAP=0.017946; supports predicted class.
- ct_dst_src_ltm = 2; SHAP=0.017670; supports predicted class.

Risk and Policy
The predicted operational stage is Exploitation. The confidence-weighted risk score is 1.8884, corresponding to the Monitor policy zone.

Recommended Action
Log the event and continue monitoring.

Human Review
Detector confidence below the fixed 0.70 threshold.

Limitations
This report describes the detector output and supplied evidence. It does not establish that the predicted class is ground truth.",808,110
UNSW-OFFICIAL-60355,A0_template,deterministic_template,"Prediction Summary
The detector predicted Reconnaissance with confidence 0.8974.

Evidence
- sbytes = 564; SHAP=0.093368; supports predicted class.
- smean = 56; SHAP=0.070265; supports predicted class.
- sjit = 6552.7; SHAP=0.048990; supports predicted class.
- dbytes = 354; SHAP=0.043208; supports predicted class.
- dmean = 44; SHAP=0.041884; supports predicted class.

Risk and Policy
The predicted operational stage is Reconnaissance. The confidence-weighted risk score is 2.6923, corresponding to the Alert policy zone.

Recommended Action
Raise a SOC alert and enrich the event context.

Human Review
No mandatory confidence-based referral.

Limitations
This report describes the detector output and supplied evidence. It does not establish that the predicted class is ground truth.",790,109
UNSW-OFFICIAL-61330,A0_template,deterministic_template,"Prediction Summary
The detector predicted DoS with confidence 0.2767.

Evidence
- Protocol is not udp; SHAP=0.021826; supports predicted class.
- sbytes = 200; SHAP=0.017401; supports predicted class.
- ct_dst_sport_ltm = 2; SHAP=0.011259; supports predicted class.
- smean = 100; SHAP=0.009920; supports predicted class.
- sload = 1.33333e+08; SHAP=0.006367; supports predicted class.

Risk and Policy
The predicted operational stage is Impact / Availability. The confidence-weighted risk score is 1.9372, corresponding to the Monitor policy zone.

Recommended Action
Log the event and continue monitoring.

Human Review
Detector confidence below the fixed 0.70 threshold.

Limitations
This report describes the detector output and supplied evidence. It does not establish that the predicted class is ground truth.",815,112
UNSW-OFFICIAL-61487,A0_template,deterministic_template,"Prediction Summary
The detector predicted Fuzzers with confidence 0.3968.

Evidence
- sbytes = 554; SHAP=0.044909; supports predicted class.
- smean = 55; SHAP=0.040257; supports predicted class.
- ct_dst_src_ltm = 1; SHAP=-0.035552; opposes predicted class.
- djit = 322.247; SHAP=0.020715; supports predicted class.
- ct_srv_dst = 2; SHAP=0.019221; supports predicted class.

Risk and Policy
The predicted operational stage is Exploitation. The confidence-weighted risk score is 2.5792, corresponding to the Alert policy zone.

Recommended Action
Raise a SOC alert and enrich the event context.

Human Review
Detector confidence below the fixed 0.70 threshold.

Limitations
This report describes the detector output and supplied evidence. It does not establish that the predicted class is ground truth.",804,112
UNSW-OFFICIAL-61712,A0_template,deterministic_template,"Prediction Summary
The detector predicted DoS with confidence 0.2184.

Evidence
- Protocol is not udp; SHAP=0.027415; supports predicted class.
- Protocol = sctp; SHAP=0.019600; supports predicted class.
- smean = 52; SHAP=-0.017220; opposes predicted class.
- sbytes = 104; SHAP=-0.016508; opposes predicted class.
- ct_dst_sport_ltm = 2; SHAP=0.014124; supports predicted class.

Risk and Policy
The predicted operational stage is Impact / Availability. The confidence-weighted risk score is 1.5288, corresponding to the Monitor policy zone.

Recommended Action
Log the event and continue monitoring.

Human Review
Detector confidence below the fixed 0.70 threshold.

Limitations
This report describes the detector output and supplied evidence. It does not establish that the predicted class is ground truth.",810,112
UNSW-OFFICIAL-61925,A0_template,deterministic_template,"Prediction Summary
The detector predicted Reconnaissance with confidence 0.9004.

Evidence
- sbytes = 564; SHAP=0.107205; supports predicted class.
- smean = 56; SHAP=0.081268; supports predicted class.
- sjit = 14004.5; SHAP=0.050892; supports predicted class.
- dmean = 44; SHAP=0.042343; supports predicted class.
- dbytes = 354; SHAP=0.040174; supports predicted class.

Risk and Policy
The predicted operational stage is Reconnaissance. The confidence-weighted risk score is 2.7011, corresponding to the Alert policy zone.

Recommended Action
Raise a SOC alert and enrich the event context.

Human Review
No mandatory confidence-based referral.

Limitations
This report describes the detector output and supplied evidence. It does not establish that the predicted class is ground truth.",791,109
UNSW-OFFICIAL-62098,A0_template,deterministic_template,"Prediction Summary
The detector predicted Fuzzers with confidence 0.7505.

Evidence
- sbytes = 1064; SHAP=0.118135; supports predicted class.
- smean = 532; SHAP=0.116229; supports predicted class.
- Protocol = udp; SHAP=0.105532; supports predicted class.
- ct_srv_dst = 4; SHAP=0.082536; supports predicted class.
- sload = 4.72889e+08; SHAP=0.061200; supports predicted class.

Risk and Policy
The predicted operational stage is Exploitation. The confidence-weighted risk score is 4.8785, corresponding to the Alert policy zone.

Recommended Action
Raise a SOC alert and enrich the event context.

Human Review
No mandatory confidence-based referral.

Limitations
This report describes the detector output and supplied evidence. It does not establish that the predicted class is ground truth.",795,109
UNSW-OFFICIAL-62255,A0_template,deterministic_template,"Prediction Summary
The detector predicted DoS with confidence 0.2603.

Evidence
- Protocol is not udp; SHAP=0.019215; supports predicted class.
- sbytes = 200; SHAP=0.015658; supports predicted class.
- ct_dst_sport_ltm = 2; SHAP=0.009732; supports predicted class.
- ct_src_ltm = 2; SHAP=0.008328; supports predicted class.
- smean = 100; SHAP=0.008325; supports predicted class.

Risk and Policy
The predicted operational stage is Impact / Availability. The confidence-weighted risk score is 1.8222, corresponding to the Monitor policy zone.

Recommended Action
Log the event and continue monitoring.

Human Review
Detector confidence below the fixed 0.70 threshold.

Limitations
This report describes the detector output and supplied evidence. It does not establish that the predicted class is ground truth.",810,112
UNSW-OFFICIAL-62429,A0_template,deterministic_template,"Prediction Summary
The detector predicted Fuzzers with confidence 0.3159.

Evidence
- ct_dst_src_ltm = 1; SHAP=-0.088354; opposes predicted class.
- sbytes = 2516; SHAP=0.048004; supports predicted class.
- ct_srv_dst = 3; SHAP=0.033466; supports predicted class.
- smean = 252; SHAP=0.031394; supports predicted class.
- ct_srv_src = 12; SHAP=0.026103; supports predicted class.

Risk and Policy
The predicted operational stage is Exploitation. The confidence-weighted risk score is 2.0535, corresponding to the Alert policy zone.

Recommended Action
Raise a SOC alert and enrich the event context.

Human Review
Detector confidence below the fixed 0.70 threshold.

Limitations
This report describes the detector output and supplied evidence. It does not establish that the predicted class is ground truth.",807,112
UNSW-OFFICIAL-62501,A0_template,deterministic_template,"Prediction Summary
The detector predicted Analysis with confidence 0.2840.

Evidence
- Protocol is not udp; SHAP=0.020162; supports predicted class.
- ct_src_ltm = 10; SHAP=0.016914; supports predicted class.
- Protocol = unas; SHAP=0.015003; supports predicted class.
- ct_dst_src_ltm = 6; SHAP=0.014454; supports predicted class.
- sbytes = 200; SHAP=0.012997; supports predicted class.

Risk and Policy
The predicted operational stage is Reconnaissance. The confidence-weighted risk score is 0.8519, corresponding to the Monitor policy zone.

Recommended Action
Log the event and continue monitoring.

Human Review
Detector confidence below the fixed 0.70 threshold.

Limitations
This report describes the detector output and supplied evidence. It does not establish that the predicted class is ground truth.",811,110
UNSW-OFFICIAL-62807,A0_template,deterministic_template,"Prediction Summary
The detector predicted Exploits with confidence 0.4566.

Evidence
- dmean = 171; SHAP=0.067526; supports predicted class.
- sttl = 62; SHAP=0.060351; supports predicted class.
- dbytes = 1368; SHAP=0.035649; supports predicted class.
- dloss = 2; SHAP=0.029753; supports predicted class.
- dload = 14403.2; SHAP=0.022342; supports predicted class.

Risk and Policy
The predicted operational stage is Exploitation. The confidence-weighted risk score is 2.9680, corresponding to the Alert policy zone.

Recommended Action
Raise a SOC alert and enrich the event context.

Human Review
Detector confidence below the fixed 0.70 threshold.

Limitations
This report describes the detector output and supplied evidence. It does not establish that the predicted class is ground truth.",794,112
UNSW-OFFICIAL-63399,A0_template,deterministic_template,"Prediction Summary
The detector predicted Exploits with confidence 0.9535.

Evidence
- sttl = 62; SHAP=0.085485; supports predicted class.
- dbytes = 30768; SHAP=0.066376; supports predicted class.
- dmean = 810; SHAP=0.062509; supports predicted class.
- dloss = 17; SHAP=0.056069; supports predicted class.
- dpkts = 38; SHAP=0.054550; supports predicted class.

Risk and Policy
The predicted operational stage is Exploitation. The confidence-weighted risk score is 6.1978, corresponding to the Block policy zone.

Recommended Action
Block the suspected source and initiate investigation.

Human Review
No mandatory confidence-based referral.

Limitations
This report describes the detector output and supplied evidence. It does not establish that the predicted class is ground truth.",786,107
UNSW-OFFICIAL-63430,A0_template,deterministic_template,"Prediction Summary
The detector predicted Exploits with confidence 0.4112.

Evidence
- sbytes = 1296; SHAP=0.051223; supports predicted class.
- smean = 130; SHAP=0.042563; supports predicted class.
- ct_dst_src_ltm = 1; SHAP=0.036740; supports predicted class.
- sload = 16786.7; SHAP=0.035371; supports predicted class.
- ct_srv_dst = 1; SHAP=0.032491; supports predicted class.

Risk and Policy
The predicted operational stage is Exploitation. The confidence-weighted risk score is 2.6730, corresponding to the Alert policy zone.

Recommended Action
Raise a SOC alert and enrich the event context.

Human Review
Detector confidence below the fixed 0.70 threshold.

Limitations
This report describes the detector output and supplied evidence. It does not establish that the predicted class is ground truth.",808,112
UNSW-OFFICIAL-63708,A0_template,deterministic_template,"Prediction Summary
The detector predicted Analysis with confidence 0.2770.

Evidence
- Protocol is not udp; SHAP=0.019833; supports predicted class.
- ct_src_ltm = 10; SHAP=0.017200; supports predicted class.
- Protocol = unas; SHAP=0.015000; supports predicted class.
- ct_dst_src_ltm = 6; SHAP=0.014202; supports predicted class.
- sbytes = 200; SHAP=0.013052; supports predicted class.

Risk and Policy
The predicted operational stage is Reconnaissance. The confidence-weighted risk score is 0.8309, corresponding to the Monitor policy zone.

Recommended Action
Log the event and continue monitoring.

Human Review
Detector confidence below the fixed 0.70 threshold.

Limitations
This report describes the detector output and supplied evidence. It does not establish that the predicted class is ground truth.",811,110
UNSW-OFFICIAL-63730,A0_template,deterministic_template,"Prediction Summary
The detector predicted Analysis with confidence 0.2770.

Evidence
- Protocol is not udp; SHAP=0.019833; supports predicted class.
- ct_src_ltm = 10; SHAP=0.017200; supports predicted class.
- Protocol = unas; SHAP=0.015000; supports predicted class.
- ct_dst_src_ltm = 6; SHAP=0.014202; supports predicted class.
- sbytes = 200; SHAP=0.013052; supports predicted class.

Risk and Policy
The predicted operational stage is Reconnaissance. The confidence-weighted risk score is 0.8309, corresponding to the Monitor policy zone.

Recommended Action
Log the event and continue monitoring.

Human Review
Detector confidence below the fixed 0.70 threshold.

Limitations
This report describes the detector output and supplied evidence. It does not establish that the predicted class is ground truth.",811,110
UNSW-OFFICIAL-63779,A0_template,deterministic_template,"Prediction Summary
The detector predicted Analysis with confidence 0.2840.

Evidence
- Protocol is not udp; SHAP=0.020162; supports predicted class.
- ct_src_ltm = 10; SHAP=0.016914; supports predicted class.
- Protocol = unas; SHAP=0.015003; supports predicted class.
- ct_dst_src_ltm = 6; SHAP=0.014454; supports predicted class.
- sbytes = 200; SHAP=0.012997; supports predicted class.

Risk and Policy
The predicted operational stage is Reconnaissance. The confidence-weighted risk score is 0.8519, corresponding to the Monitor policy zone.

Recommended Action
Log the event and continue monitoring.

Human Review
Detector confidence below the fixed 0.70 threshold.

Limitations
This report describes the detector output and supplied evidence. It does not establish that the predicted class is ground truth.",811,110
UNSW-OFFICIAL-63792,A0_template,deterministic_template,"Prediction Summary
The detector predicted Reconnaissance with confidence 0.9263.

Evidence
- sbytes = 168; SHAP=0.183985; supports predicted class.
- smean = 84; SHAP=0.164822; supports predicted class.
- Protocol = udp; SHAP=0.082501; supports predicted class.
- ct_dst_src_ltm = 1; SHAP=0.029902; supports predicted class.
- ct_srv_dst = 1; SHAP=0.029797; supports predicted class.

Risk and Policy
The predicted operational stage is Reconnaissance. The confidence-weighted risk score is 2.7789, corresponding to the Alert policy zone.

Recommended Action
Raise a SOC alert and enrich the event context.

Human Review
No mandatory confidence-based referral.

Limitations
This report describes the detector output and supplied evidence. It does not establish that the predicted class is ground truth.",801,109
UNSW-OFFICIAL-63892,A0_template,deterministic_template,"Prediction Summary
The detector predicted Fuzzers with confidence 0.4384.

Evidence
- ct_dst_src_ltm = 1; SHAP=-0.085809; opposes predicted class.
- ct_src_dport_ltm = 2; SHAP=0.054295; supports predicted class.
- ct_srv_dst = 3; SHAP=0.041356; supports predicted class.
- Service = unspecified; SHAP=0.035533; supports predicted class.
- sbytes = 1308; SHAP=0.031081; supports predicted class.

Risk and Policy
The predicted operational stage is Exploitation. The confidence-weighted risk score is 2.8497, corresponding to the Alert policy zone.

Recommended Action
Raise a SOC alert and enrich the event context.

Human Review
Detector confidence below the fixed 0.70 threshold.

Limitations
This report describes the detector output and supplied evidence. It does not establish that the predicted class is ground truth.",822,112
UNSW-OFFICIAL-64295,A0_template,deterministic_template,"Prediction Summary
The detector predicted Exploits with confidence 0.3159.

Evidence
- ct_dst_src_ltm = 1; SHAP=0.055668; supports predicted class.
- ct_srv_dst = 4; SHAP=-0.042405; opposes predicted class.
- sbytes = 17310; SHAP=0.040113; supports predicted class.
- smean = 866; SHAP=0.025099; supports predicted class.
- rate = 81.3559; SHAP=0.022127; supports predicted class.

Risk and Policy
The predicted operational stage is Exploitation. The confidence-weighted risk score is 2.0532, corresponding to the Alert policy zone.

Recommended Action
Raise a SOC alert and enrich the event context.

Human Review
Detector confidence below the fixed 0.70 threshold.

Limitations
This report describes the detector output and supplied evidence. It does not establish that the predicted class is ground truth.",808,112
UNSW-OFFICIAL-64607,A0_template,deterministic_template,"Prediction Summary
The detector predicted Fuzzers with confidence 0.6942.

Evidence
- ct_dst_src_ltm = 2; SHAP=0.089124; supports predicted class.
- ct_srv_dst = 5; SHAP=0.064131; supports predicted class.
- ct_srv_src = 5; SHAP=0.042798; supports predicted class.
- sbytes = 638; SHAP=0.021703; supports predicted class.
- sload = 11415.2; SHAP=0.020330; supports predicted class.

Risk and Policy
The predicted operational stage is Exploitation. The confidence-weighted risk score is 4.5124, corresponding to the Alert policy zone.

Recommended Action
Raise a SOC alert and enrich the event context.

Human Review
Detector confidence below the fixed 0.70 threshold.

Limitations
This report describes the detector output and supplied evidence. It does not establish that the predicted class is ground truth.",809,112
UNSW-OFFICIAL-64660,A0_template,deterministic_template,"Prediction Summary
The detector predicted DoS with confidence 0.3366.

Evidence
- sbytes = 1394; SHAP=0.045450; supports predicted class.
- smean = 697; SHAP=0.040141; supports predicted class.
- sload = 5.06909e+08; SHAP=0.032912; supports predicted class.
- Protocol = udp; SHAP=-0.025822; opposes predicted class.
- dur = 1.1e-05; SHAP=0.025689; supports predicted class.

Risk and Policy
The predicted operational stage is Impact / Availability. The confidence-weighted risk score is 2.3564, corresponding to the Alert policy zone.

Recommended Action
Raise a SOC alert and enrich the event context.

Human Review
Detector confidence below the fixed 0.70 threshold.

Limitations
This report describes the detector output and supplied evidence. It does not establish that the predicted class is ground truth.",811,114
UNSW-OFFICIAL-64690,A0_template,deterministic_template,"Prediction Summary
The detector predicted Shellcode with confidence 0.8313.

Evidence
- ct_dst_src_ltm = 1; SHAP=0.052396; supports predicted class.
- Service = unspecified; SHAP=0.049402; supports predicted class.
- Service is not http; SHAP=0.037074; supports predicted class.
- dmean = 45; SHAP=0.036997; supports predicted class.
- dpkts = 6; SHAP=0.033980; supports predicted class.

Risk and Policy
The predicted operational stage is Advanced Intrusion. The confidence-weighted risk score is 7.0660, corresponding to the Isolation policy zone.

Recommended Action
Isolate the affected asset and escalate to incident response.

Human Review
No mandatory confidence-based referral.

Limitations
This report describes the detector output and supplied evidence. It does not establish that the predicted class is ground truth.",827,111
UNSW-OFFICIAL-64873,A0_template,deterministic_template,"Prediction Summary
The detector predicted Shellcode with confidence 0.6160.

Evidence
- ct_dst_src_ltm = 1; SHAP=0.054576; supports predicted class.
- Service = unspecified; SHAP=0.053861; supports predicted class.
- Service is not http; SHAP=0.029737; supports predicted class.
- ct_srv_dst = 1; SHAP=0.027379; supports predicted class.
- trans_depth = 0; SHAP=0.025122; supports predicted class.

Risk and Policy
The predicted operational stage is Advanced Intrusion. The confidence-weighted risk score is 5.2357, corresponding to the Block policy zone.

Recommended Action
Block the suspected source and initiate investigation.

Human Review
Detector confidence below the fixed 0.70 threshold.

Limitations
This report describes the detector output and supplied evidence. It does not establish that the predicted class is ground truth.",838,112
UNSW-OFFICIAL-65224,A0_template,deterministic_template,"Prediction Summary
The detector predicted Shellcode with confidence 0.4530.

Evidence
- ct_dst_src_ltm = 1; SHAP=0.089033; supports predicted class.
- ct_srv_dst = 6; SHAP=-0.058714; opposes predicted class.
- ct_srv_src = 7; SHAP=-0.043585; opposes predicted class.
- Service = unspecified; SHAP=0.032571; supports predicted class.
- dmean = 45; SHAP=0.024699; supports predicted class.

Risk and Policy
The predicted operational stage is Advanced Intrusion. The confidence-weighted risk score is 3.8507, corresponding to the Alert policy zone.

Recommended Action
Raise a SOC alert and enrich the event context.

Human Review
Detector confidence below the fixed 0.70 threshold.

Limitations
This report describes the detector output and supplied evidence. It does not establish that the predicted class is ground truth.",821,113
UNSW-OFFICIAL-65889,A0_template,deterministic_template,"Prediction Summary
The detector predicted Normal with confidence 1.0000.

Evidence
- sloss = 9; SHAP=0.070544; supports predicted class.
- smean = 45; SHAP=0.060157; supports predicted class.
- Protocol = tcp; SHAP=0.057004; supports predicted class.
- swin = 255; SHAP=0.056409; supports predicted class.
- ct_srv_src = 29; SHAP=0.053524; supports predicted class.

Risk and Policy
The predicted operational stage is Normal. The confidence-weighted risk score is 0.0000, corresponding to the Monitor policy zone.

Recommended Action
Log the event and continue monitoring.

Human Review
No mandatory confidence-based referral.

Limitations
This report describes the detector output and supplied evidence. It does not establish that the predicted class is ground truth.",768,106
UNSW-OFFICIAL-66360,A0_template,deterministic_template,"Prediction Summary
The detector predicted Fuzzers with confidence 0.7298.

Evidence
- ct_dst_src_ltm = 4; SHAP=0.087039; supports predicted class.
- ct_srv_dst = 4; SHAP=0.065782; supports predicted class.
- sbytes = 2516; SHAP=0.048116; supports predicted class.
- ct_srv_src = 7; SHAP=0.044019; supports predicted class.
- smean = 252; SHAP=0.028499; supports predicted class.

Risk and Policy
The predicted operational stage is Exploitation. The confidence-weighted risk score is 4.7436, corresponding to the Alert policy zone.

Recommended Action
Raise a SOC alert and enrich the event context.

Human Review
No mandatory confidence-based referral.

Limitations
This report describes the detector output and supplied evidence. It does not establish that the predicted class is ground truth.",794,109
UNSW-OFFICIAL-68026,A0_template,deterministic_template,"Prediction Summary
The detector predicted Fuzzers with confidence 0.6829.

Evidence
- ct_dst_src_ltm = 6; SHAP=0.083909; supports predicted class.
- ct_srv_dst = 6; SHAP=0.061449; supports predicted class.
- ct_srv_src = 7; SHAP=0.039609; supports predicted class.
- ct_src_dport_ltm = 2; SHAP=0.039545; supports predicted class.
- dpkts = 6; SHAP=0.020067; supports predicted class.

Risk and Policy
The predicted operational stage is Exploitation. The confidence-weighted risk score is 4.4387, corresponding to the Alert policy zone.

Recommended Action
Raise a SOC alert and enrich the event context.

Human Review
Detector confidence below the fixed 0.70 threshold.

Limitations
This report describes the detector output and supplied evidence. It does not establish that the predicted class is ground truth.",811,112
UNSW-OFFICIAL-70047,A0_template,deterministic_template,"Prediction Summary
The detector predicted Normal with confidence 0.9717.

Evidence
- sttl = 62; SHAP=0.045603; supports predicted class.
- dinpkt = 0.006; SHAP=0.045413; supports predicted class.
- sbytes = 1012; SHAP=0.041273; supports predicted class.
- dpkts = 2; SHAP=0.039686; supports predicted class.
- smean = 169; SHAP=0.039340; supports predicted class.

Risk and Policy
The predicted operational stage is Normal. The confidence-weighted risk score is 0.0000, corresponding to the Monitor policy zone.

Recommended Action
Log the event and continue monitoring.

Human Review
No mandatory confidence-based referral.

Limitations
This report describes the detector output and supplied evidence. It does not establish that the predicted class is ground truth.",766,106
UNSW-OFFICIAL-72656,A0_template,deterministic_template,"Prediction Summary
The detector predicted Fuzzers with confidence 0.6568.

Evidence
- Protocol = udp; SHAP=0.106448; supports predicted class.
- sbytes = 78; SHAP=0.080867; supports predicted class.
- smean = 39; SHAP=0.058523; supports predicted class.
- ct_dst_src_ltm = 2; SHAP=0.053507; supports predicted class.
- ct_srv_src = 9; SHAP=0.032643; supports predicted class.

Risk and Policy
The predicted operational stage is Exploitation. The confidence-weighted risk score is 4.2689, corresponding to the Alert policy zone.

Recommended Action
Raise a SOC alert and enrich the event context.

Human Review
Detector confidence below the fixed 0.70 threshold.

Limitations
This report describes the detector output and supplied evidence. It does not establish that the predicted class is ground truth.",803,112
UNSW-OFFICIAL-74299,A0_template,deterministic_template,"Prediction Summary
The detector predicted Analysis with confidence 0.3866.

Evidence
- dbytes = 1204; SHAP=0.038853; supports predicted class.
- response_body_len = 156; SHAP=0.032303; supports predicted class.
- sttl = 62; SHAP=0.032202; supports predicted class.
- dmean = 120; SHAP=0.031216; supports predicted class.
- dloss = 2; SHAP=0.029331; supports predicted class.

Risk and Policy
The predicted operational stage is Reconnaissance. The confidence-weighted risk score is 1.1597, corresponding to the Monitor policy zone.

Recommended Action
Log the event and continue monitoring.

Human Review
Detector confidence below the fixed 0.70 threshold.

Limitations
This report describes the detector output and supplied evidence. It does not establish that the predicted class is ground truth.",797,109
UNSW-OFFICIAL-74463,A0_template,deterministic_template,"Prediction Summary
The detector predicted Analysis with confidence 0.2667.

Evidence
- ct_srv_dst = 1; SHAP=-0.030799; opposes predicted class.
- dmean = 122; SHAP=0.029953; supports predicted class.
- ct_dst_src_ltm = 1; SHAP=-0.029885; opposes predicted class.
- response_body_len = 163; SHAP=0.028692; supports predicted class.
- dbytes = 1216; SHAP=0.028410; supports predicted class.

Risk and Policy
The predicted operational stage is Reconnaissance. The confidence-weighted risk score is 0.8000, corresponding to the Monitor policy zone.

Recommended Action
Log the event and continue monitoring.

Human Review
Detector confidence below the fixed 0.70 threshold.

Limitations
This report describes the detector output and supplied evidence. It does not establish that the predicted class is ground truth.",811,109
UNSW-OFFICIAL-76452,A0_template,deterministic_template,"Prediction Summary
The detector predicted Fuzzers with confidence 0.7875.

Evidence
- ct_dst_src_ltm = 5; SHAP=0.082453; supports predicted class.
- ct_srv_dst = 5; SHAP=0.062272; supports predicted class.
- ct_src_dport_ltm = 2; SHAP=0.041258; supports predicted class.
- ct_srv_src = 5; SHAP=0.040136; supports predicted class.
- dpkts = 6; SHAP=0.022611; supports predicted class.

Risk and Policy
The predicted operational stage is Exploitation. The confidence-weighted risk score is 5.1190, corresponding to the Block policy zone.

Recommended Action
Block the suspected source and initiate investigation.

Human Review
No mandatory confidence-based referral.

Limitations
This report describes the detector output and supplied evidence. It does not establish that the predicted class is ground truth.",806,107
UNSW-OFFICIAL-76644,A0_template,deterministic_template,"Prediction Summary
The detector predicted Exploits with confidence 0.5851.

Evidence
- dmean = 65; SHAP=0.065831; supports predicted class.
- dloss = 3; SHAP=0.057367; supports predicted class.
- dbytes = 646; SHAP=0.043743; supports predicted class.
- sbytes = 608; SHAP=0.038871; supports predicted class.
- dpkts = 10; SHAP=0.035222; supports predicted class.

Risk and Policy
The predicted operational stage is Exploitation. The confidence-weighted risk score is 3.8028, corresponding to the Alert policy zone.

Recommended Action
Raise a SOC alert and enrich the event context.

Human Review
Detector confidence below the fixed 0.70 threshold.

Limitations
This report describes the detector output and supplied evidence. It does not establish that the predicted class is ground truth.",790,112
UNSW-OFFICIAL-76646,A0_template,deterministic_template,"Prediction Summary
The detector predicted Exploits with confidence 0.7072.

Evidence
- dloss = 3; SHAP=0.072812; supports predicted class.
- dmean = 65; SHAP=0.072035; supports predicted class.
- dbytes = 646; SHAP=0.048892; supports predicted class.
- sbytes = 608; SHAP=0.047904; supports predicted class.
- dpkts = 10; SHAP=0.041603; supports predicted class.

Risk and Policy
The predicted operational stage is Exploitation. The confidence-weighted risk score is 4.5966, corresponding to the Alert policy zone.

Recommended Action
Raise a SOC alert and enrich the event context.

Human Review
No mandatory confidence-based referral.

Limitations
This report describes the detector output and supplied evidence. It does not establish that the predicted class is ground truth.",778,109
UNSW-OFFICIAL-77415,A0_template,deterministic_template,"Prediction Summary
The detector predicted Normal with confidence 0.5172.

Evidence
- ct_srv_dst = 37; SHAP=0.057349; supports predicted class.
- ct_srv_src = 39; SHAP=0.055001; supports predicted class.
- ct_dst_src_ltm = 37; SHAP=0.047275; supports predicted class.
- sbytes = 2128; SHAP=0.041811; supports predicted class.
- smean = 532; SHAP=0.031955; supports predicted class.

Risk and Policy
The predicted operational stage is Normal. The confidence-weighted risk score is 0.0000, corresponding to the Monitor policy zone.

Recommended Action
Log the event and continue monitoring.

Human Review
Detector confidence below the fixed 0.70 threshold.

Limitations
This report describes the detector output and supplied evidence. It does not establish that the predicted class is ground truth.",795,109
UNSW-OFFICIAL-80444,A0_template,deterministic_template,"Prediction Summary
The detector predicted Shellcode with confidence 0.4595.

Evidence
- ct_dst_src_ltm = 1; SHAP=0.052868; supports predicted class.
- dbytes = 268; SHAP=0.034712; supports predicted class.
- dpkts = 6; SHAP=0.030454; supports predicted class.
- ct_srv_dst = 1; SHAP=0.029190; supports predicted class.
- Service = unspecified; SHAP=0.028787; supports predicted class.

Risk and Policy
The predicted operational stage is Advanced Intrusion. The confidence-weighted risk score is 3.9061, corresponding to the Alert policy zone.

Recommended Action
Raise a SOC alert and enrich the event context.

Human Review
Detector confidence below the fixed 0.70 threshold.

Limitations
This report describes the detector output and supplied evidence. It does not establish that the predicted class is ground truth.",818,113
UNSW-OFFICIAL-80463,A0_template,deterministic_template,"Prediction Summary
The detector predicted Analysis with confidence 0.4330.

Evidence
- sttl = 62; SHAP=0.036626; supports predicted class.
- dbytes = 1340; SHAP=0.032287; supports predicted class.
- response_body_len = 263; SHAP=0.029142; supports predicted class.
- dmean = 168; SHAP=0.026816; supports predicted class.
- dloss = 2; SHAP=0.025445; supports predicted class.

Risk and Policy
The predicted operational stage is Reconnaissance. The confidence-weighted risk score is 1.2991, corresponding to the Monitor policy zone.

Recommended Action
Log the event and continue monitoring.

Human Review
Detector confidence below the fixed 0.70 threshold.

Limitations
This report describes the detector output and supplied evidence. It does not establish that the predicted class is ground truth.",797,109
UNSW-OFFICIAL-81279,A0_template,deterministic_template,"Prediction Summary
The detector predicted Fuzzers with confidence 0.7581.

Evidence
- ct_dst_src_ltm = 2; SHAP=0.093856; supports predicted class.
- ct_srv_dst = 2; SHAP=0.045272; supports predicted class.
- sbytes = 756; SHAP=0.044449; supports predicted class.
- Service = unspecified; SHAP=0.035853; supports predicted class.
- smean = 76; SHAP=0.027942; supports predicted class.

Risk and Policy
The predicted operational stage is Exploitation. The confidence-weighted risk score is 4.9277, corresponding to the Alert policy zone.

Recommended Action
Raise a SOC alert and enrich the event context.

Human Review
No mandatory confidence-based referral.

Limitations
This report describes the detector output and supplied evidence. It does not establish that the predicted class is ground truth.",799,109
