event_id,configuration_id,prompt_version,generation_status,generation_error,true_label_evaluation_only,classification_correct_evaluation_only,report_text,input_tokens,output_tokens,generation_seconds,tokens_per_second,reached_token_limit,report_words
UNSW-OFFICIAL-442,A1_unconstrained_full,2.0,success,,Shellcode,True,"### Prediction Summary
The event was detected as a potential Shellcode intrusion attempt. The model predicted a Shellcode label with a confidence of 75.59%, indicating a high likelihood of malicious activity.

### Evidence
The event features include:
- `ct_dst_src_ltm`: 1
- `sbytes`: 684
- `service_`: unspecified
- `dmean`: 45
- `service_http`: not http

### Risk and Policy
The risk score is 6.425, indicating a significant risk to the asset. The policy zone is set to Block, and the recommended action is to block the suspected source and initiate an investigation.

### Recommended Action
The recommended action is to block the suspected source and initiate an investigation.

### Human Review
No mandatory confidence-based referral is required.

### Limitations
- The event features are limited, focusing on a single IP address and service type.
- The model's confidence score is high, but the evidence is not comprehensive, potentially missing other indicators of compromise.
- The human review is not mandatory, which means the decision to block the source is not subject to further scrutiny.",567,240,9.269908740999654,25.890222515191528,False,172
UNSW-OFFICIAL-578,A1_unconstrained_full,2.0,success,,Shellcode,True,"### Prediction Summary
The event was predicted to be a Shellcode attack with a high confidence of 94.99%. The model used is a Random Forest with a version number of UNSW-RF-OFFICIAL-1.0.

### Evidence
The evidence supporting the prediction includes:
- **smean**: 161
- **proto_udp**: Protocol = udp
- **sbytes**: sbytes = 322
- **ct_dst_src_ltm**: ct_dst_src_ltm = 1
- **ct_dst_sport_ltm**: ct_dst_sport_ltm = 1

### Risk and Policy
The risk score is 8.0744, indicating a high risk to the asset criticality of 1.0. The policy zone is Isolation, and the recommended action is to isolate the affected asset and escalate to incident response.

### Recommended Action
Isolate the affected asset and escalate to incident response.

### Human Review
No mandatory confidence-based referral is required.

### Limitations
- The model's confidence threshold is set at 0.7, which means that a confidence score below this threshold would not trigger a human review.
- The evidence provided is based on local features, which may not be representative of the entire network.",587,265,9.987160866999602,26.534067442093058,False,166
UNSW-OFFICIAL-822,A1_unconstrained_full,2.0,success,,Worms,False,"### Prediction Summary
The event was predicted to be an Exploits with a confidence of 54.74%. The model used is the Random Forest with version UNSW-RF-OFFICIAL-1.0.

### Evidence
The evidence for the prediction includes:
- dinpkt: 17.7852
- dload: 580209.25
- dloss: 116
- sttl: 254
- dmean: 1307

### Risk and Policy
The risk score is 3.5582, indicating a moderate risk. The policy zone is Alert, and the recommended action is to raise a SOC alert and enrich the event context.

### Recommended Action
The recommended action is to raise a SOC alert and enrich the event context.

### Human Review
The human review requires a confidence threshold of 0.7. The confidence of the model is below this threshold, necessitating a human review.

### Limitations
The limitations include:
- The model's confidence is below the fixed threshold of 0.70, necessitating a human review.
- The event is classified as Exploits, which may require further investigation to confirm the severity and impact.",619,262,9.265433292000125,28.27714492599214,False,162
UNSW-OFFICIAL-862,A1_unconstrained_full,2.0,success,,DoS,False,"### Prediction Summary
The event was predicted to be a Backdoor attack with a confidence of 47.11%. The model used is a Random Forest with a version of UNSW-RF-OFFICIAL-1.0.

### Evidence
The evidence supporting the prediction includes:
- ct_src_ltm = 11
- Protocol is not UDP
- ct_dst_sport_ltm = 2
- sbytes = 200
- ct_dst_src_ltm = 6

### Risk and Policy
The risk score is 3.7692, indicating a high risk. The policy zone is set to Alert, and the recommended action is to raise a SOC alert and enrich the event context.

### Recommended Action
The recommended action is to raise a SOC alert and enrich the event context.

### Human Review
The human review requires a confidence threshold of 0.7. The confidence of the model is below this threshold, necessitating a human review.

### Limitations
The limitations include:
- The model's confidence is below the fixed threshold of 0.70, necessitating a human review.
- The event is classified as a Backdoor attack, which may not be the only type of attack, leading to potential false positives.",591,261,10.010205827999926,26.073389946682916,False,178
UNSW-OFFICIAL-957,A1_unconstrained_full,2.0,success,,Shellcode,False,"### Prediction Summary
The event was predicted to be an Exploits with a confidence of 36.25% and an uncertainty score of 63.75%. The model used is the Random Forest with version UNSW-RF-OFFICIAL-1.0.

### Evidence
The evidence for the prediction includes features such as dload (11647.9), sinpkt (16.7204), sload (34267.8), ct_srv_dst (1), and rate (97.4995). These features are supported by the model's output.

### Risk and Policy
The risk score is 2.3565, indicating a moderate risk. The policy zone is set to Alert, and the recommended action is to raise a SOC alert and enrich the event context.

### Recommended Action
The recommended action is to raise a SOC alert and enrich the event context. This is based on the high confidence of the model and the moderate risk score.

### Human Review
The human review requires a confidence threshold of 0.7. The confidence of the model is below this threshold, necessitating a human review.

### Limitations
The limitations include the model's confidence below the fixed threshold of 0.70, which necessitates a human review to ensure the accuracy of the alert.",639,281,10.71759182300002,26.218576396702495,False,180
UNSW-OFFICIAL-966,A1_unconstrained_full,2.0,success,,Shellcode,False,"### Prediction Summary
The event was predicted to be a Fuzzer attack with a confidence of 44.42%. The model used is a Random Forest with a version number of UNSW-RF-OFFICIAL-1.0.

### Evidence
The evidence supporting the prediction includes:
- Protocol: UDP (Protocol = udp)
- Destination and Source: ct_dst_src_ltm = 2, ct_srv_src = 3, ct_srv_dst = 2 (ct_srv_src = 3)
- Load: sload = 6.6e+07 (66000000)

### Risk and Policy
The risk score is 2.8876, indicating a moderate risk. The policy zone is set to Alert, and the recommended action is to raise a SOC alert and enrich the event context.

### Recommended Action
The recommended action is to raise a SOC alert and enrich the event context.

### Human Review
Human review is required due to the detector confidence below the fixed 0.70 threshold.

### Limitations
- The confidence threshold for the detector is set at 0.70, which may lead to false negatives if the confidence falls below this threshold.
- The event is classified as a Fuzzer attack, which may not be the most accurate classification if the attack is of a different type.",591,278,10.434830020999925,26.641545616031074,False,186
UNSW-OFFICIAL-1294,A1_unconstrained_full,2.0,success,,Shellcode,False,"### Prediction Summary
The event was predicted to be a Fuzzer attack with a confidence of 43.01%. The model used is a Random Forest with a version of UNSW-RF-OFFICIAL-1.0.

### Evidence
The evidence supporting the prediction includes:
- smean: 53
- sbytes: 532
- sjit: 16274.1
- ackdat: 0.078321
- dinpkt: 338.222

### Risk and Policy
The risk score is 2.7958, indicating a moderate risk. The policy zone is set to Alert, and the recommended action is to raise a SOC alert and enrich the event context.

### Recommended Action
The recommended action is to raise a SOC alert and enrich the event context.

### Human Review
The human review requires a confidence threshold of 0.7. The confidence of the detector is below this threshold, necessitating a human review.

### Limitations
- The confidence of the detector is below the fixed 0.70 threshold, necessitating a human review.
- The event is classified as a Fuzzer attack, which may not be actionable without further context.",637,261,9.18486599400012,28.41631006598185,False,164
UNSW-OFFICIAL-1319,A1_unconstrained_full,2.0,success,,Shellcode,True,"### Prediction Summary
The event was predicted to be a Shellcode attack with a confidence of 28.6% and an uncertainty score of 71.4%. The model used is a Random Forest with a version number of UNSW-RF-OFFICIAL-1.0.

### Evidence
The evidence supporting the prediction includes:
- ct_dst_src_ltm = 1
- sbytes = 912
- smean = 91
- service_ = unspecified
- sjit = 13291.6

### Risk and Policy
The risk score is 2.4311, indicating a moderate risk. The policy zone is set to Alert, and the recommended action is to raise a SOC alert and enrich the event context.

### Recommended Action
The recommended action is to raise a SOC alert and enrich the event context.

### Human Review
A human review is required due to the detector confidence below the fixed 0.70 threshold.

### Limitations
- The confidence threshold for the detector is set at 0.70, which may lead to false negatives if the confidence falls below this threshold.
- The event is classified as a Shellcode attack, which may not be the most accurate classification if the confidence is below the threshold.",599,266,10.243747109000196,25.96706040959283,False,184
UNSW-OFFICIAL-1468,A1_unconstrained_full,2.0,success,,DoS,True,"### Prediction Summary
The event was predicted to be a Distributed Denial of Service (DoS) attack with a confidence of 68.32%. The model used is a Random Forest with a version number of UNSW-RF-OFFICIAL-1.0.

### Evidence
The evidence supporting the prediction includes high values for sttl (254), sloss (14), sbytes (19789), dbytes (1844), and spkts (34). These features are all positively correlated with the predicted label ""DoS"".

### Risk and Policy
The risk score is 4.7824, indicating a moderate risk. The policy zone is set to Alert, and the recommended action is to raise a SOC alert and enrich the event context.

### Recommended Action
The recommended action is to raise a SOC alert and enrich the event context. This action aligns with the policy to raise alerts for high-risk events.

### Human Review
The human review is required due to the detector confidence below the fixed 0.70 threshold. This indicates that the model's confidence in the prediction is below the threshold, necessitating further human review.

### Limitations
- The model's confidence is below the fixed threshold of 0.70, necessitating human review.
- The event's severity is moderate, but the risk score is high, indicating a potential for significant impact if not addressed.
- The event's criticality is low, which could affect the urgency of the response but does not mitigate the risk.",592,321,12.223887875999935,26.260057622930514,False,223
UNSW-OFFICIAL-1587,A1_unconstrained_full,2.0,success,,Worms,False,"### Prediction Summary
The event was predicted to be an Exploits with a confidence of 48.99%. The model's uncertainty score is 51.00%, indicating a high level of confidence in the prediction.

### Evidence
The event features include:
- `dtcpb`: 4.19464e+09 (supports Exploits)
- `sbytes`: 1282 (supports Exploits)
- `ct_srv_dst`: 1 (supports Exploits)
- `service_-`: An application service is identified (supports Exploits)
- `smean`: 128 (supports Exploits)

### Risk and Policy
The risk score is 3.1846, indicating a moderate risk. The policy zone is set to Alert, and the recommended action is to raise a SOC alert and enrich the event context.

### Recommended Action
The recommended action is to raise a SOC alert and enrich the event context.

### Human Review
Human review is required due to the detector confidence below the fixed 0.70 threshold.

### Limitations
- The event features are based on a single model, which may not capture all nuances of the network traffic.
- The confidence threshold of 0.70 was used for the human review, which may not be universally applicable.
- The event features are derived from a single feature set, which may not be representative of all possible attack vectors.",603,303,11.367964613999902,26.65384792162783,False,196
UNSW-OFFICIAL-1645,A1_unconstrained_full,2.0,success,,Exploits,False,"### Prediction Summary
The event was predicted to be a Distributed Denial of Service (DoS) attack with a confidence of 28.97%. The model used is a Random Forest with a version number of UNSW-RF-OFFICIAL-1.0.

### Evidence
The evidence supporting the prediction includes:
- The protocol is not UDP.
- The size of the payload is 180 bytes.
- The destination port is 10.
- The source port is 10.
- The source mean is 90.

### Risk and Policy
The risk score is 2.0282, indicating a moderate risk. The policy zone is set to Alert, and the recommended action is to raise a SOC alert and enrich the event context.

### Recommended Action
The recommended action is to raise a SOC alert and enrich the event context.

### Human Review
A human review is required due to the detector confidence below the fixed 0.70 threshold.

### Limitations
- The human review is mandatory as the detector confidence is below the threshold.
- The risk score is moderate, but the policy zone is set to Alert, which may not be the most appropriate action in all scenarios.",592,250,8.904878907999773,28.07449742807961,False,186
UNSW-OFFICIAL-1779,A1_unconstrained_full,2.0,success,,Fuzzers,True,"### Prediction Summary
The event was predicted to be a Fuzzer attack with a high confidence of 90.94%. The model used is a Random Forest with a version number of UNSW-RF-OFFICIAL-1.0.

### Evidence
The evidence supporting the prediction includes several features:
- **sloss**: 3 (supports predicted class)
- **spkts**: 12 (supports predicted class)
- **dbytes**: 822 (supports predicted class)
- **sbytes**: 1046 (supports predicted class)
- **dmean**: 82 (supports predicted class)

### Risk and Policy
The predicted stage is Exploitation, with a stage severity of 6.5, indicating a high risk. The asset criticality is 1.0, and the risk score is 5.9111. The policy zone is set to Block, and the recommended action is to block the suspected source and initiate an investigation.

### Recommended Action
The recommended action is to block the suspected source and initiate an investigation.

### Human Review
No mandatory confidence-based referral is required.

### Limitations
- The confidence threshold for human review is set at 0.7, which means that a higher confidence level (greater than 0.7) is required for a mandatory referral.
- The human review section is not applicable in this case due to the low confidence threshold.",578,294,10.904593734000173,26.961114478141212,False,193
UNSW-OFFICIAL-1860,A1_unconstrained_full,2.0,success,,Backdoor,True,"### Prediction Summary
The event was predicted to be a Backdoor attack with a confidence of 26.84%. The model used is a Random Forest with a version number of UNSW-RF-OFFICIAL-1.0.

### Evidence
- Protocol is not UDP
- sbytes = 200
- ct_dst_sport_ltm = 2
- smean = 100
- ct_dst_src_ltm = 4

### Risk and Policy
The risk score is 2.1474, indicating a moderate risk. The policy zone is set to Alert, and the recommended action is to raise a SOC alert and enrich the event context.

### Recommended Action
The recommended action is to raise a SOC alert and enrich the event context.

### Human Review
The human review requires a confidence threshold of 0.7. The detector confidence is below this threshold, necessitating a human review.

### Limitations
- The human review is required due to the detector confidence below the fixed 0.70 threshold.
- The event is classified as a Backdoor attack, which may not be the final determination without further investigation.",591,241,9.170669293999708,26.279434169290596,False,165
UNSW-OFFICIAL-2180,A1_unconstrained_full,2.0,success,,Shellcode,False,"### Prediction Summary
The event was predicted to be a Fuzzer attack with a confidence of 58.1% and an uncertainty score of 41.9%. The model used is a Random Forest with a fixed confidence threshold of 0.70.

### Evidence
The evidence supporting the prediction includes:
- smean: 52
- sbytes: 518
- dpkts: 6
- dmean: 45
- dbytes: 268

### Risk and Policy
The risk score is 3.7768, indicating a moderate risk. The policy zone is set to Alert, and the recommended action is to raise a SOC alert and enrich the event context.

### Recommended Action
The recommended action is to raise a SOC alert and enrich the event context.

### Human Review
The human review is required due to the detector confidence below the fixed 0.70 threshold.

### Limitations
- The confidence threshold of 0.70 was used, which may not be sufficient for all cases.
- The model's prediction is based on a single feature set, which may not capture all aspects of the attack.",584,245,9.230409151999993,26.542702058544695,False,168
UNSW-OFFICIAL-2362,A1_unconstrained_full,2.0,success,,Exploits,False,"### Prediction Summary
The event was predicted to be a Backdoor attack with a confidence of 29.42%. The model used is a Random Forest with a version number of UNSW-RF-OFFICIAL-1.0.

### Evidence
The evidence supporting the prediction includes:
- Protocol is not UDP (0.0)
- sbytes = 200 (200.0)
- ct_dst_sport_ltm = 3 (3.0)
- ct_dst_src_ltm = 5 (5.0)
- ct_srv_src = 5 (5.0)

### Risk and Policy
The risk score is 2.3535, indicating a moderate risk. The policy zone is set to Alert, and the recommended action is to raise a SOC alert and enrich the event context.

### Recommended Action
The recommended action is to raise a SOC alert and enrich the event context.

### Human Review
Human review is required due to the detector confidence below the fixed 0.70 threshold.

### Limitations
- The human review requirement is due to the detector confidence below the fixed threshold of 0.70.
- The risk score is moderate, but the confidence threshold for human review is set to 0.70, which may lead to missed detections if the confidence is below this threshold.",588,277,9.78931196099984,28.296166380594983,False,182
UNSW-OFFICIAL-2491,A1_unconstrained_full,2.0,success,,Exploits,False,"### Prediction Summary
The event was predicted to be a Backdoor attack with a confidence of 34.73%. The model used is a Random Forest with a version number of UNSW-RF-OFFICIAL-1.0.

### Evidence
The evidence supporting the prediction includes:
- Protocol is not UDP (0.0)
- Protocol is any (1.0)
- sbytes is 200 (200.0)
- ct_srv_dst is 6 (6.0)
- ct_dst_src_ltm is 6 (6.0)

### Risk and Policy
The risk score is 2.7781, indicating a moderate risk. The policy zone is set to Alert, and the recommended action is to raise a SOC alert and enrich the event context.

### Recommended Action
The recommended action is to raise a SOC alert and enrich the event context.

### Human Review
The human review requires a confidence threshold of 0.7. The confidence of the model is below this threshold, necessitating a human review.

### Limitations
The limitations of this incident report include the model's confidence below the fixed threshold of 0.70, which necessitates a human review to ensure the accuracy of the alert.",578,258,9.809425565999845,26.301234283712397,False,171
UNSW-OFFICIAL-2673,A1_unconstrained_full,2.0,success,,Fuzzers,False,"### Prediction Summary
The event was predicted as ""Normal"" by the Random Forest model with a confidence of 82.49%. The model's uncertainty score is 17.51%, indicating a high level of confidence in the prediction.

### Evidence
The event features include:
- sbytes: 1064
- ct_srv_src: 36
- ct_srv_dst: 36
- ct_dst_src_ltm: 36
- smean: 532

### Risk and Policy
The event is classified as ""Normal"" by the policy, which is set to ""Monitor"". The risk score is 0.0, indicating no immediate risk. The asset criticality is 1.0, and the stage severity is 0.0.

### Recommended Action
The recommended action is to log the event and continue monitoring. This is based on the model's confidence and the policy's monitoring stage.

### Human Review
No mandatory confidence-based referral is required as the confidence threshold is set to 0.7.

### Limitations
- The model's confidence is high (82.49%), but the event is classified as ""Normal"" by the policy.
- The event features are consistent with normal behavior, but further investigation may be needed to confirm the classification.
- The policy's monitoring stage does not mandate a human review, but it is recommended for thoroughness.",581,293,11.129358242000308,26.32676508644207,False,191
UNSW-OFFICIAL-2751,A1_unconstrained_full,2.0,success,,DoS,False,"### Prediction Summary
The event was predicted to be of the type ""Reconnaissance"" with a confidence of 36.5% and an uncertainty score of 63.5%. The model used is a Random Forest with version UNSW-RF-OFFICIAL-1.0.

### Evidence
The evidence supporting the prediction includes:
- An application service identified.
- sbytes value of 470.
- Service type as http.
- ct_dst_src_ltm value of 1.
- sttl value of 254.

### Risk and Policy
The risk score is 1.0957, indicating a moderate risk. The policy zone is ""Monitor,"" and the recommended action is to log the event and continue monitoring.

### Recommended Action
The recommended action is to log the event and continue monitoring.

### Human Review
A human review is required due to the detector confidence below the fixed 0.70 threshold.

### Limitations
- The confidence threshold for the detector is set at 0.70, which may lead to false negatives if the confidence is below this threshold.
- The event is classified as ""Reconnaissance,"" which could be a misclassification if the actual type is different.",579,254,9.374478145000012,27.0948415550442,False,173
UNSW-OFFICIAL-2840,A1_unconstrained_full,2.0,success,,Analysis,False,"### Prediction Summary
The event was predicted to be a Distributed Denial of Service (DoS) attack with a confidence of 30.78%. The model used is a Random Forest with a version number of UNSW-RF-OFFICIAL-1.0.

### Evidence
The evidence supporting the prediction includes:
- Protocol is not UDP (0.0)
- spkts = 4 (4.0)
- sbytes = 360 (360.0)
- dur = 1.00765 (1.007652997970581)
- rate = 2.97722 (2.977215051651001)

### Risk and Policy
The risk score is 2.1546, indicating a moderate risk. The policy zone is set to Alert, and the recommended action is to raise a SOC alert and enrich the event context.

### Recommended Action
The recommended action is to raise a SOC alert and enrich the event context.

### Human Review
Human review is required due to the detector confidence below the fixed 0.70 threshold.

### Limitations
- The confidence threshold for the detector is set to 0.70, which may lead to false negatives if the actual risk is below this threshold.
- The human review is necessary to ensure the accuracy of the alert and to provide additional context to the SOC team.",610,310,11.018695371999911,28.13400221479528,False,186
UNSW-OFFICIAL-2842,A1_unconstrained_full,2.0,success,,DoS,True,"### Prediction Summary
The event was predicted to be a Distributed Denial of Service (DoS) attack with a confidence of 30.78%. The model used is a Random Forest with a version number of UNSW-RF-OFFICIAL-1.0.

### Evidence
The evidence supporting the prediction includes:
- Protocol is not UDP (0.0)
- spkts = 4 (4.0)
- sbytes = 360 (360.0)
- dur = 1.00765 (1.007652997970581)
- rate = 2.97722 (2.977215051651001)

### Risk and Policy
The risk score is 2.1546, indicating a moderate risk. The policy zone is set to Alert, and the recommended action is to raise a SOC alert and enrich the event context.

### Recommended Action
The recommended action is to raise a SOC alert and enrich the event context.

### Human Review
Human review is required due to the detector confidence below the fixed 0.70 threshold.

### Limitations
- The confidence threshold for the detector is set to 0.70, which may lead to false negatives if the actual risk is below this threshold.
- The human review is necessary to ensure the accuracy of the alert and to provide additional context to the SOC team.",610,310,11.515766365000218,26.91961526261775,False,186
UNSW-OFFICIAL-2854,A1_unconstrained_full,2.0,success,,Worms,False,"### Prediction Summary
The event was predicted to be of the type ""Exploitation"" with a confidence of 32.15%. The model used is a Random Forest with a version number of UNSW-RF-OFFICIAL-1.0.

### Evidence
The evidence supporting the prediction includes:
- sbytes: 92
- ct_src_ltm: 19
- smean: 46
- service_dns: Not DNS
- sload: 7.36e+07

### Risk and Policy
The risk score is 2.0898, indicating a moderate risk. The policy zone is set to ""Alert,"" and the recommended action is to raise a SOC alert and enrich the event context.

### Recommended Action
The recommended action is to raise a SOC alert and enrich the event context.

### Human Review
A human review is required due to the detector confidence below the fixed 0.70 threshold.

### Limitations
- The event was predicted to be of the type ""Exploitation"" with a confidence of 32.15%.
- The model used is a Random Forest with a version number of UNSW-RF-OFFICIAL-1.0.
- The risk score is 2.0898, indicating a moderate risk.
- The policy zone is set to ""Alert,"" and the recommended action is to raise a SOC alert and enrich the event context.
- A human review is required due to the detector confidence below the fixed 0.70 threshold.",593,322,12.1021426100001,26.60685883290854,False,206
UNSW-OFFICIAL-2866,A1_unconstrained_full,2.0,success,,Exploits,False,"### Prediction Summary
The event was predicted to be a Backdoor attack with a confidence of 31.81%. The model used is a Random Forest with a version of UNSW-RF-OFFICIAL-1.0.

### Evidence
The evidence supporting the prediction includes:
- Protocol is not UDP (0.0 support)
- sbytes = 200 (200.0 support)
- ct_dst_sport_ltm = 3 (3.0 support)
- ct_src_dport_ltm = 3 (3.0 support)
- ct_dst_src_ltm = 4 (4.0 support)

### Risk and Policy
The risk score is 2.5451, indicating a moderate risk. The policy zone is set to Alert, and the recommended action is to raise a SOC alert and enrich the event context.

### Recommended Action
The recommended action is to raise a SOC alert and enrich the event context.

### Human Review
Human review is required due to the detector confidence below the fixed 0.70 threshold.

### Limitations
- The human review requirement is due to the detector confidence below the fixed 0.70 threshold.
- The risk score is based on the model's confidence, which is 31.81%, not the actual risk level.",595,273,10.370683796999856,26.324204396143713,False,173
UNSW-OFFICIAL-2899,A1_unconstrained_full,2.0,success,,Shellcode,False,"### Prediction Summary
The event was predicted to be of the type ""Reconnaissance"" with a confidence of 32.08% and an uncertainty score of 67.92%. The model used is the Random Forest with version UNSW-RF-OFFICIAL-1.0.

### Evidence
The evidence for the prediction includes:
- **smean**: 54 (opposes the predicted class)
- **dmean**: 44 (supports the predicted class)
- **sbytes**: 542 (opposes the predicted class)
- **ct_dst_src_ltm**: 1 (supports the predicted class)
- **dbytes**: 354 (supports the predicted class)

### Risk and Policy
The risk score is 0.9625, indicating a high risk. The policy zone is ""Monitor,"" and the recommended action is to log the event and continue monitoring.

### Recommended Action
Log the event and continue monitoring.

### Human Review
A human review is required due to the detector confidence below the fixed 0.70 threshold.

### Limitations
- The confidence threshold for the detector is set at 0.70, which may lead to false negatives if the model's confidence is below this threshold.
- The human review is necessary to ensure the accuracy of the event classification and to provide additional context for the incident.",588,285,10.780089682999915,26.437627921541498,False,183
UNSW-OFFICIAL-2905,A1_unconstrained_full,2.0,success,,Fuzzers,False,"### Prediction Summary
The event was predicted to be a Backdoor attack with a confidence of 46.04%. The model used is a Random Forest with a version number of UNSW-RF-OFFICIAL-1.0.

### Evidence
The evidence supporting the prediction includes:
- ct_src_ltm = 11
- Protocol is not udp
- ct_dst_sport_ltm = 2
- sbytes = 200
- ct_srv_dst = 5

### Risk and Policy
The risk score is 3.6833, indicating a moderate risk. The policy zone is set to Alert, and the recommended action is to raise a SOC alert and enrich the event context.

### Recommended Action
The recommended action is to raise a SOC alert and enrich the event context.

### Human Review
The human review requires a confidence threshold of 0.7. The confidence of the model is below this threshold, necessitating a human review.

### Limitations
The limitations include:
- The model's confidence is below the fixed threshold of 0.70, necessitating a human review.
- The event's context is not enriched with additional details, which could provide more context for the human review.",587,255,8.850238462000107,28.812782965666145,False,175
UNSW-OFFICIAL-2942,A1_unconstrained_full,2.0,success,,Fuzzers,False,"### Prediction Summary
The event was predicted to be a Distributed Denial of Service (DoS) attack with a confidence of 27.51%. The model used is a Random Forest with a version number of UNSW-RF-OFFICIAL-1.0.

### Evidence
The evidence supporting the prediction includes:
- The protocol is not UDP.
- The size of the data sent (sbytes) is 200.
- The destination port (ct_dst_sport_ltm) is 2.
- The source port (ct_dst_src_ltm) is 3.
- The mean size of the data (smean) is 100.

### Risk and Policy
The risk score is 1.9258, indicating a moderate risk. The policy zone is Monitor, and the recommended action is to log the event and continue monitoring.

### Recommended Action
Log the event and continue monitoring.

### Human Review
A human review is required due to the detector confidence below the fixed 0.70 threshold.

### Limitations
- The confidence threshold for the detector is set at 0.70, which may lead to false negatives if the actual risk is below this threshold.
- The human review is necessary to ensure the accuracy of the event classification and to provide additional context for the incident.",585,273,10.457511288000205,26.105637611241434,False,188
UNSW-OFFICIAL-3205,A1_unconstrained_full,2.0,success,,DoS,False,"### Prediction Summary
The event was predicted to be a Backdoor attack with a confidence of 27.74%. The model used is a Random Forest with a version number of UNSW-RF-OFFICIAL-1.0.

### Evidence
The evidence supporting the prediction includes:
- Protocol is not UDP (0.0 support)
- sbytes = 200 (0.0175 support)
- ct_dst_src_ltm = 5 (0.0124 support)
- ct_srv_dst = 5 (0.0103 support)
- ct_srv_src = 5 (0.0089 support)

### Risk and Policy
The risk score is 2.22, indicating a moderate risk. The policy zone is set to Alert, and the recommended action is to raise a SOC alert and enrich the event context.

### Recommended Action
The recommended action is to raise a SOC alert and enrich the event context.

### Human Review
Human review is required due to the detector confidence below the fixed 0.70 threshold.

### Limitations
- The confidence threshold for the detector is set at 0.70, which may lead to false negatives if the model's confidence is below this threshold.
- The human review requirement ensures that the decision is made by a human, but it may not be as accurate as automated systems in certain cases.",583,289,10.957754935000139,26.374015636807663,False,192
UNSW-OFFICIAL-3580,A1_unconstrained_full,2.0,success,,Shellcode,False,"### Prediction Summary
The event was predicted to be an Exploits with a confidence of 41.23% and an uncertainty score of 58.77%. The model used is the Random Forest with version UNSW-RF-OFFICIAL-1.0.

### Evidence
The evidence for the prediction includes several features:
- `ackdat`: 0.008034
- `tcprtt`: 0.027466
- `sinpkt`: 17.6971
- `dinpkt`: 28.609
- `dur`: 0.162486

These features are supported by the model, contributing to the high confidence level.

### Risk and Policy
The risk score is 2.6802, indicating a moderate risk. The policy zone is set to Alert, and the recommended action is to raise a SOC alert and enrich the event context.

### Recommended Action
The recommended action is to raise a SOC alert and enrich the event context. This is based on the high confidence level and the moderate risk score.

### Human Review
The human review requires a confidence threshold of 0.7. The confidence of the model is below this threshold, necessitating a human review.

### Limitations
The limitations include:
- The model's confidence is below the fixed threshold of 0.70, necessitating a human review.
- The event is classified as Exploits, which may require further investigation to confirm the severity and impact.",679,324,12.17270432999976,26.61692843401269,False,198
UNSW-OFFICIAL-3606,A1_unconstrained_full,2.0,success,,Shellcode,True,"### Prediction Summary
The event was predicted to be a Shellcode attack with a confidence of 28.67%. The model used is a Random Forest with a version number of UNSW-RF-OFFICIAL-1.0.

### Evidence
The evidence supporting the prediction includes:
- ct_dst_src_ltm = 1
- sbytes = 982
- Service = unspecified
- smean = 98

### Risk and Policy
The risk score is 2.4368, indicating a moderate risk. The policy zone is set to Alert, and the recommended action is to raise a SOC alert and enrich the event context.

### Recommended Action
The recommended action is to raise a SOC alert and enrich the event context.

### Human Review
A human review is required due to the detector confidence below the fixed 0.70 threshold.

### Limitations
- The confidence threshold for the detector is set at 0.70, which may lead to false negatives if the confidence is below this threshold.
- The event is classified as a Shellcode attack, which is a specific type of network intrusion. The human review is necessary to ensure the accuracy of the classification and the recommended action.",581,252,8.925424562999979,28.233951026224208,False,183
UNSW-OFFICIAL-3778,A1_unconstrained_full,2.0,success,,Reconnaissance,False,"### Prediction Summary
The event was predicted to be an Analysis with a confidence of 37.91%. The model used is a Random Forest with a version of UNSW-RF-OFFICIAL-1.0.

### Evidence
The evidence supporting the prediction includes:
- Protocol is not UDP (0.0)
- ct_dst_src_ltm = 3 (3.0)
- Protocol = UNAS (1.0)
- sbytes = 200 (200.0)
- ct_srv_dst = 3 (3.0)

### Risk and Policy
The risk score is 1.1374, indicating a moderate risk. The policy zone is Monitor, and the recommended action is to log the event and continue monitoring.

### Recommended Action
Log the event and continue monitoring.

### Human Review
The human review is required due to the detector confidence below the fixed 0.70 threshold.

### Limitations
- The confidence threshold for the detector is set at 0.70, which may lead to false negatives if the model's confidence is below this threshold.
- The event is classified as an Analysis, which may not be the most accurate classification if the model's confidence is significantly below the threshold.",575,258,9.68583166999997,26.636845321099905,False,171
UNSW-OFFICIAL-3979,A1_unconstrained_full,2.0,success,,Reconnaissance,True,"### Prediction Summary
The event was predicted to be of the type ""Reconnaissance"" with a high confidence of 95.17%. The model used is a Random Forest with a version number of UNSW-RF-OFFICIAL-1.0.

### Evidence
The evidence supporting the prediction includes:
- sbytes: 168
- smean: 84
- proto_udp: Protocol = udp
- sload: 8.4e+07
- ct_dst_src_ltm: 1

### Risk and Policy
The risk score is 2.8552, indicating a moderate risk. The policy zone is set to ""Alert,"" and the recommended action is to raise a SOC alert and enrich the event context.

### Recommended Action
The recommended action is to raise a SOC alert and enrich the event context.

### Human Review
No mandatory confidence-based referral is required.

### Limitations
- The event is a single instance and does not provide context for further analysis.
- The model's confidence threshold is not met (0.7), so no human review is necessary.",589,232,8.814845289999994,26.319236738413608,False,150
UNSW-OFFICIAL-4165,A1_unconstrained_full,2.0,success,,Analysis,False,"### Prediction Summary
The event was predicted to be a Backdoor attack with a confidence of 46.97%. The model used is a Random Forest with a version number of UNSW-RF-OFFICIAL-1.0.

### Evidence
The evidence supporting the prediction includes:
- ct_src_ltm = 12
- Protocol is not udp
- sbytes = 200
- ct_dst_sport_ltm = 2
- ct_srv_dst = 5

### Risk and Policy
The risk score is 3.7576, indicating a moderate risk. The policy zone is set to Alert, and the recommended action is to raise a SOC alert and enrich the event context.

### Recommended Action
The recommended action is to raise a SOC alert and enrich the event context.

### Human Review
The human review requires a confidence threshold of 0.7. The confidence of the model is below this threshold, necessitating a human review.

### Limitations
The limitations include:
- The model's confidence is below the fixed threshold of 0.70, necessitating a human review.
- The event is classified as a Backdoor attack, which may not be the only type of attack, leading to potential false positives.",588,260,9.285602872000254,28.000335959230206,False,179
UNSW-OFFICIAL-4195,A1_unconstrained_full,2.0,success,,Fuzzers,False,"### Prediction Summary
The event was predicted to be a Backdoor attack with a confidence of 52.18%. The model used is a Random Forest with a version number of UNSW-RF-OFFICIAL-1.0.

### Evidence
The evidence supporting the prediction includes:
- ct_src_ltm = 10
- Protocol is not udp
- ct_dst_sport_ltm = 2
- sbytes = 200
- ct_dst_src_ltm = 5

### Risk and Policy
The risk score is 4.1745, indicating a high risk. The policy zone is set to Alert, and the recommended action is to raise a SOC alert and enrich the event context.

### Recommended Action
The recommended action is to raise a SOC alert and enrich the event context.

### Human Review
The human review requires a confidence threshold of 0.7. The detector confidence is below this threshold, necessitating a human review.

### Limitations
- The human review is required due to the detector confidence below the fixed 0.70 threshold.
- The event is classified as a Backdoor attack, which may not be actionable without further context.",593,247,9.000009975000012,27.44441402688553,False,169
UNSW-OFFICIAL-4263,A1_unconstrained_full,2.0,success,,Worms,True,"### Prediction Summary
The event was predicted to be a Worms attack with a confidence of 34.00% and an uncertainty score of 65.99%. The model used is the Random Forest with version UNSW-RF-OFFICIAL-1.0.

### Evidence
The evidence supporting the prediction includes:
- **smean**: 1025 (supports predicted class)
- **sbytes**: 2050 (supports predicted class)
- **proto_udp**: Protocol = udp (supports predicted class)
- **ct_dst_ltm**: ct_dst_ltm = 1 (opposes predicted class)
- **sload**: sload = 1.36667e+09 (supports predicted class)

### Risk and Policy
The risk score is 2.89, indicating a moderate risk. The policy zone is set to Alert, and the recommended action is to raise a SOC alert and enrich the event context.

### Recommended Action
The recommended action is to raise a SOC alert and enrich the event context.

### Human Review
A human review is required due to the detector confidence below the fixed 0.70 threshold.

### Limitations
- The confidence threshold for the detector is set at 0.70, which may lead to false negatives if the confidence is below this threshold.
- The human review is necessary to ensure the accuracy of the alert and to provide additional context to the SOC team.",601,301,11.228511155999968,26.806759669037717,False,195
UNSW-OFFICIAL-4309,A1_unconstrained_full,2.0,success,,Analysis,False,"### Prediction Summary
The event was predicted to be a Backdoor attack with a confidence of 34.73%. The model used is a Random Forest with a version number of UNSW-RF-OFFICIAL-1.0.

### Evidence
The evidence supporting the prediction includes:
- Protocol is not UDP (0.0)
- Protocol is any (1.0)
- sbytes is 200 (200.0)
- ct_srv_dst is 6 (6.0)
- ct_dst_src_ltm is 6 (6.0)

### Risk and Policy
The risk score is 2.7781, indicating a moderate risk. The policy zone is set to Alert, and the recommended action is to raise a SOC alert and enrich the event context.

### Recommended Action
The recommended action is to raise a SOC alert and enrich the event context.

### Human Review
Human review is required due to the detector confidence below the fixed 0.70 threshold.

### Limitations
- The human review requirement is due to the low detector confidence.
- The risk score is moderate, but the policy zone is set to Alert, which may not be the most appropriate action in this case.",578,253,9.557570468999984,26.47116239640675,False,172
UNSW-OFFICIAL-4395,A1_unconstrained_full,2.0,success,,Exploits,True,"### Prediction Summary
The event was predicted to be an Exploits with a high confidence of 74.86%. The model used is the Random Forest with version UNSW-RF-OFFICIAL-1.0.

### Evidence
The evidence includes:
- sbytes: 1970
- service_-: An application service is identified
- smean: 141
- dmean: 66
- dloss: 4

### Risk and Policy
The risk score is 4.8657, indicating a high risk. The policy zone is Alert, and the recommended action is to raise a SOC alert and enrich the event context.

### Recommended Action
The recommended action is to raise a SOC alert and enrich the event context.

### Human Review
No mandatory confidence-based referral is required.

### Limitations
- The event is classified as Exploits, which is a high-risk classification.
- The model's confidence score is high, but the human review is not mandatory, which means the decision to escalate the alert is not based on a confidence threshold.",577,228,8.051849232000222,28.316476554710743,False,153
UNSW-OFFICIAL-4466,A1_unconstrained_full,2.0,success,,Reconnaissance,False,"### Prediction Summary
The event was predicted to be a Backdoor attack with a confidence of 39.7% and an uncertainty score of 60.3%. The model used is a Random Forest with version UNSW-RF-OFFICIAL-1.0.

### Evidence
The evidence supporting the prediction includes:
- ct_src_ltm = 19
- Protocol = wb-expak
- sbytes = 200
- ct_dst_sport_ltm = 2

### Risk and Policy
The risk score is 3.1788, indicating a moderate risk. The policy zone is set to Alert, and the recommended action is to raise a SOC alert and enrich the event context.

### Recommended Action
The recommended action is to raise a SOC alert and enrich the event context.

### Human Review
The human review requires a confidence threshold of 0.7. The confidence of the model is below this threshold, necessitating a human review.

### Limitations
The limitations include:
- The model's confidence is below the fixed threshold of 0.70, necessitating a human review.
- The event is classified as a Backdoor attack, which may not be the most accurate classification due to the low model confidence.",589,259,9.927378060000137,26.089466769032914,False,177
UNSW-OFFICIAL-4496,A1_unconstrained_full,2.0,success,,Exploits,False,"### Prediction Summary
The event was predicted to be a Backdoor attack with a confidence of 31.9% and an uncertainty score of 68.1%. The model used is a Random Forest with version UNSW-RF-OFFICIAL-1.0.

### Evidence
- Protocol is not UDP
- sbytes = 200
- Protocol = nsfnet-igp
- ct_dst_src_ltm = 4
- ct_srv_dst = 4

### Risk and Policy
The risk score is 2.554, indicating a moderate risk. The policy zone is set to Alert, and the recommended action is to raise a SOC alert and enrich the event context.

### Recommended Action
The recommended action is to raise a SOC alert and enrich the event context.

### Human Review
The human review requires a confidence threshold of 0.7. The detector confidence is below this threshold, necessitating a human review.

### Limitations
- The human review is required due to the detector confidence below the fixed 0.70 threshold.
- The event is classified as a Backdoor attack, which may not be the final determination without further investigation.",588,245,9.464660671000274,25.88576690875777,False,168
UNSW-OFFICIAL-4719,A1_unconstrained_full,2.0,success,,Exploits,True,"### Prediction Summary
The event was predicted to be an Exploits with a high confidence of 78.78%. The model's uncertainty score is 21.22%, indicating a high level of confidence in the prediction.

### Evidence
The model's predictions are based on several local features:
- **sbytes**: 11680 (supports predicted class)
- **smean**: 730 (supports predicted class)
- **dmean**: 162 (supports predicted class)
- **sload**: 246992.25 (supports predicted class)
- **dloss**: 2 (supports predicted class)

### Risk and Policy
The event is classified as Exploitation with a stage severity of 6.5, indicating a high risk. The asset criticality is 1.0, and the risk score is 5.1207. The policy zone is set to Block, and the recommended action is to block the suspected source and initiate an investigation.

### Recommended Action
The recommended action is to block the suspected source and initiate an investigation. This is based on the high confidence and risk assessment.

### Human Review
No mandatory confidence-based referral is required as the confidence threshold is set to 0.7.

### Limitations
- The model's predictions are based on local features, which may not capture the full context of the event.
- The risk assessment is based on a single model, which may not be representative of all potential threats.
- The human review is not required due to the high confidence threshold.",591,327,11.9371305640002,27.393517918465363,False,221
UNSW-OFFICIAL-4748,A1_unconstrained_full,2.0,success,,Shellcode,True,"### Prediction Summary
The event was predicted to be a Shellcode attack with a high confidence of 0.9653. The model used is a Random Forest with a version number of UNSW-RF-OFFICIAL-1.0.

### Evidence
The evidence supporting the prediction includes:
- Protocol: UDP (Protocol = udp)
- smean: 172 (smean = 172)
- sbytes: 344 (sbytes = 344)
- ct_dst_src_ltm: 1 (ct_dst_src_ltm = 1)
- ct_dst_sport_ltm: 1 (ct_dst_sport_ltm = 1)

### Risk and Policy
The risk score is 8.2054, indicating a high risk to the asset criticality of 1.0. The policy zone is Isolation, and the recommended action is to isolate the affected asset and escalate to incident response.

### Recommended Action
Isolate the affected asset and escalate to incident response.

### Human Review
No mandatory confidence-based referral is required.

### Limitations
- The prediction is based on a single model and may not capture all possible attack vectors.
- The model's confidence threshold of 0.7 is not met, which means the human review is not mandatory.",585,273,9.751516339999853,27.995646059698252,False,166
UNSW-OFFICIAL-4896,A1_unconstrained_full,2.0,success,,Exploits,True,"### Prediction Summary
The event was predicted to be an Exploits with a high confidence of 84.24%. The model's uncertainty score is 15.76%, indicating a high level of confidence in the prediction.

### Evidence
The model's predictions are based on several local features including sbytes, smean, sload, rate, and tcprtt. These features are observed to have values of 2270, 227, 81110.5, 74.4406, and 0.052327, respectively, which are consistent with the model's output.

### Risk and Policy
The event is classified as Exploitation with a stage severity of 6.5, indicating a high risk. The asset criticality is rated as 1.0, and the risk score is 5.4757. The policy zone is set to Block, and the recommended action is to block the suspected source and initiate an investigation.

### Recommended Action
The recommended action is to block the suspected source and initiate an investigation. This is based on the high confidence and risk score, as well as the policy to block such events.

### Human Review
No mandatory confidence-based referral is required as the confidence threshold is set to 0.7. This means that the human review is not necessary for this event.

### Limitations
- The model's confidence score is high, but the human review is not mandatory, which means that the decision to block the source is based solely on the model's prediction.
- The event is classified as Exploits, which could potentially be a false positive if the model is not trained on a diverse enough dataset.",631,358,13.384019162000186,26.7483179504428,False,247
UNSW-OFFICIAL-5208,A1_unconstrained_full,2.0,success,,DoS,False,"### Prediction Summary
The event was predicted to be a Backdoor attack with a confidence of 53.33%. The model used is a Random Forest with a version number of UNSW-RF-OFFICIAL-1.0.

### Evidence
The evidence supporting the prediction includes:
- ct_src_ltm = 11
- ct_dst_sport_ltm = 2
- Protocol is not udp
- ct_dst_src_ltm = 2
- Protocol = unas

### Risk and Policy
The risk score is 4.2664, indicating a high risk. The policy zone is set to Alert, and the recommended action is to raise a SOC alert and enrich the event context.

### Recommended Action
The recommended action is to raise a SOC alert and enrich the event context.

### Human Review
The human review requires a confidence threshold of 0.7. The confidence of the model is below this threshold, necessitating a human review.

### Limitations
The limitations include:
- The model's confidence is below the fixed threshold of 0.70, necessitating a human review.
- The event lacks specific local features that could provide more context for the prediction.",587,247,9.486712844000067,26.03641578085888,False,171
UNSW-OFFICIAL-5249,A1_unconstrained_full,2.0,success,,Exploits,False,"### Prediction Summary
The event was predicted to be a Backdoor attack with a confidence of 32.64%. The model used is a Random Forest with a version number of UNSW-RF-OFFICIAL-1.0.

### Evidence
The evidence supporting the prediction includes:
- Protocol is not UDP (0.0)
- sbytes = 200 (200.0)
- ct_dst_src_ltm = 5 (5.0)
- ct_srv_dst = 5 (5.0)
- ct_dst_ltm = 2 (2.0)

### Risk and Policy
The risk score is 2.6114, indicating a moderate risk. The policy zone is set to Alert, and the recommended action is to raise a SOC alert and enrich the event context.

### Recommended Action
The recommended action is to raise a SOC alert and enrich the event context.

### Human Review
Human review is required due to the detector confidence below the fixed 0.70 threshold.

### Limitations
- The human review requirement is due to the detector confidence below the fixed 0.70 threshold.
- The risk score is 2.6114, indicating a moderate risk.",585,255,9.682129346000238,26.337181717711967,False,161
UNSW-OFFICIAL-5298,A1_unconstrained_full,2.0,success,,Worms,True,"### Prediction Summary
The event was predicted to be a Worms attack with a confidence of 48.95%. The model's uncertainty score is 51.05%, indicating a high level of confidence in the prediction.

### Evidence
- **sbytes**: 1302 (supports predicted class)
- **smean**: 130 (supports predicted class)
- **service_-**: An application service is identified (supports predicted class)
- **tcprtt**: 0.239367 (opposes predicted class)
- **service_http**: Service = http (supports predicted class)

### Risk and Policy
The risk score is 4.1603, indicating a moderate risk. The policy zone is set to Alert, and the recommended action is to raise a SOC alert and enrich the event context.

### Recommended Action
The recommended action is to raise a SOC alert and enrich the event context.

### Human Review
A human review is required due to the detector confidence below the fixed 0.70 threshold.

### Limitations
- The human review is mandatory as the detector confidence is below the threshold of 0.70.
- The risk score is moderate, but the policy zone is set to Alert, which may not be the most appropriate action in all scenarios.",603,272,9.757722152000042,27.875358179188172,False,183
UNSW-OFFICIAL-5355,A1_unconstrained_full,2.0,success,,DoS,False,"### Prediction Summary
The event was predicted to be a Backdoor attack with a confidence of 33.56%. The model used is a Random Forest with a version number of UNSW-RF-OFFICIAL-1.0.

### Evidence
- Protocol is not UDP
- sbytes = 200
- ct_dst_src_ltm = 7
- ct_dst_sport_ltm = 3
- ct_srv_src = 7

### Risk and Policy
The risk score is 2.6851, indicating a moderate risk. The policy zone is set to Alert, and the recommended action is to raise a SOC alert and enrich the event context.

### Recommended Action
The recommended action is to raise a SOC alert and enrich the event context.

### Human Review
The human review is required as the detector confidence is below the fixed 0.70 threshold.

### Limitations
- The human review is required due to the low detector confidence.
- The risk score is moderate, but the policy zone is set to Alert, which may not be the most appropriate action in all scenarios.",589,231,8.666295939000065,26.654986354718606,False,162
UNSW-OFFICIAL-5529,A1_unconstrained_full,2.0,success,,DoS,False,"### Prediction Summary
The event was predicted to be a Backdoor attack with a confidence of 27.09%. The model used is a Random Forest with a version number of UNSW-RF-OFFICIAL-1.0.

### Evidence
- Protocol is not UDP
- sbytes = 200
- ct_dst_sport_ltm = 2
- ct_dst_src_ltm = 6
- dpkts = 0

### Risk and Policy
The risk score is 2.17, indicating a moderate risk. The policy zone is set to Alert, and the recommended action is to raise a SOC alert and enrich the event context.

### Recommended Action
The recommended action is to raise a SOC alert and enrich the event context.

### Human Review
The human review is required as the detector confidence is below the fixed 0.70 threshold.

### Limitations
- The human review is required due to the low detector confidence.
- The risk score is moderate, but the policy zone is set to Alert, which may not be the most appropriate action in all scenarios.",588,229,8.901650546999917,25.725566151007673,False,162
UNSW-OFFICIAL-5562,A1_unconstrained_full,2.0,success,,DoS,False,"### Prediction Summary
The event was predicted to be a Backdoor attack with a confidence of 39.8% and an uncertainty score of 60.2%. The model used is a Random Forest with a version number of UNSW-RF-OFFICIAL-1.0.

### Evidence
The evidence supporting the prediction includes:
- ct_src_ltm = 12
- Protocol is not udp
- sbytes = 200
- ct_dst_sport_ltm = 3
- ct_dst_src_ltm = 7

### Risk and Policy
The risk score is 3.186, indicating a moderate risk. The policy zone is set to Alert, and the recommended action is to raise a SOC alert and enrich the event context.

### Recommended Action
The recommended action is to raise a SOC alert and enrich the event context.

### Human Review
The human review requires a confidence threshold of 0.7. The confidence of the model is below this threshold, necessitating a human review.

### Limitations
The limitations of this incident report include the model's low confidence score (39.8%) and the requirement for a human review to ensure the accuracy of the alert.",592,251,8.943693620999966,28.064467616673177,False,171
UNSW-OFFICIAL-5574,A1_unconstrained_full,2.0,success,,Reconnaissance,False,"### Prediction Summary
The event was predicted to be a Backdoor attack with a confidence of 41.5% and an uncertainty score of 58.5%. The model used is a Random Forest with version UNSW-RF-OFFICIAL-1.0.

### Evidence
The evidence supporting the prediction includes:
- ct_src_ltm = 10
- Protocol is not UDP
- sbytes = 200
- ct_dst_src_ltm = 7
- ct_dst_sport_ltm = 2

### Risk and Policy
The risk score is 3.32, indicating a moderate risk. The policy zone is set to Alert, and the recommended action is to raise a SOC alert and enrich the event context.

### Recommended Action
The recommended action is to raise a SOC alert and enrich the event context.

### Human Review
The human review requires a confidence threshold of 0.7. The confidence of the model is below this threshold, necessitating a human review.

### Limitations
- The model's confidence is below the fixed threshold of 0.70, necessitating a human review.
- The event is classified as a Backdoor attack, which may not be the only type of attack, leading to potential misclassification.",590,263,10.000452147000033,26.29881090715439,False,178
UNSW-OFFICIAL-5722,A1_unconstrained_full,2.0,success,,Exploits,False,"### Prediction Summary
The event was predicted to be a Backdoor attack with a confidence of 26.84%. The model used is a Random Forest with a version number of UNSW-RF-OFFICIAL-1.0.

### Evidence
- Protocol is not UDP
- sbytes = 200
- ct_dst_sport_ltm = 2
- smean = 100
- ct_dst_src_ltm = 4

### Risk and Policy
The risk score is 2.1474, indicating a moderate risk. The policy zone is set to Alert, and the recommended action is to raise a SOC alert and enrich the event context.

### Recommended Action
The recommended action is to raise a SOC alert and enrich the event context.

### Human Review
The human review requires a confidence threshold of 0.7. The detector confidence is below this threshold, necessitating a human review.

### Limitations
- The human review is required due to the detector confidence below the fixed 0.70 threshold.
- The event is classified as a Backdoor attack, which may not be the final determination without further investigation.",591,241,9.374361880000379,25.708416539173573,False,165
UNSW-OFFICIAL-6122,A1_unconstrained_full,2.0,success,,DoS,True,"### Prediction Summary
The event was predicted to be a Distributed Denial of Service (DoS) attack with a confidence of 61.86%. The model used is a Random Forest with a version number of UNSW-RF-OFFICIAL-1.0.

### Evidence
The evidence supporting the prediction includes several features:
- `dmean`: 129
- `response_body_len`: 95
- `dbytes`: 1030
- `sttl`: 62
- `dloss`: 2

### Risk and Policy
The risk score is 4.3305, indicating a moderate risk. The policy zone is set to Alert, and the recommended action is to raise a SOC alert and enrich the event context.

### Recommended Action
The recommended action is to raise a SOC alert and enrich the event context.

### Human Review
A human review is required due to the detector confidence below the fixed 0.70 threshold.

### Limitations
- The human review is mandatory as the detector confidence is below the threshold.
- The risk score is moderate, but the policy zone is set to Alert, which may lead to false positives if not carefully managed.",586,252,9.314699673999712,27.054012348182532,False,169
UNSW-OFFICIAL-6144,A1_unconstrained_full,2.0,success,,Shellcode,True,"### Prediction Summary
The event was predicted to be a Shellcode attack with a confidence of 28.78%. The model used is a Random Forest with a version number of UNSW-RF-OFFICIAL-1.0.

### Evidence
The evidence includes features such as service type, smean, sbytes, ct_dst_src_ltm, and service_http, which collectively support the predicted label of Shellcode.

### Risk and Policy
The risk score is 2.4466, indicating a moderate risk. The policy zone is set to Alert, and the recommended action is to raise a SOC alert and enrich the event context.

### Recommended Action
The recommended action is to raise a SOC alert and enrich the event context.

### Human Review
Human review is required due to the detector confidence below the fixed 0.70 threshold.

### Limitations
The limitations include the low detector confidence (below 0.70) and the need for human review to ensure the accuracy of the alert.",582,209,7.690936688999955,27.174843384021678,False,146
UNSW-OFFICIAL-6304,A1_unconstrained_full,2.0,success,,Worms,True,"### Prediction Summary
The event was predicted to be a Worms attack with a confidence of 55.28%. The model used is a Random Forest with a version number of UNSW-RF-OFFICIAL-1.0.

### Evidence
The evidence supporting the prediction includes:
- **sbytes**: 1302 (supports predicted class)
- **smean**: 130 (supports predicted class)
- **service_-**: An application service is identified (supports predicted class)
- **ct_flw_http_mthd**: 1 (supports predicted class)
- **service_http**: Service = http (supports predicted class)

### Risk and Policy
The risk score is 4.6986, indicating a high risk. The policy zone is set to Alert, and the recommended action is to raise a SOC alert and enrich the event context.

### Recommended Action
The recommended action is to raise a SOC alert and enrich the event context.

### Human Review
A human review is required due to the detector confidence below the fixed 0.70 threshold.

### Limitations
- The human review is mandatory as the detector confidence is below the threshold.
- The risk score is based on the model's confidence, which is 55.28%, not the actual risk level.",589,269,10.272587201000078,26.186197764649954,False,178
UNSW-OFFICIAL-6482,A1_unconstrained_full,2.0,success,,Worms,True,"### Prediction Summary
The event was predicted to be a Worms attack with a confidence of 49.35%. The model used is the Random Forest model version UNSW-RF-OFFICIAL-1.0.

### Evidence
The evidence supporting the prediction includes features such as service_http (1.0), trans_depth (1.0), ct_flw_http_mthd (1.0), and sbytes (8682.0). These features are all above the threshold of 0.70, indicating a high confidence in the prediction.

### Risk and Policy
The risk score is 4.1947, which is above the policy threshold of 4.0. The policy zone is set to Alert, and the recommended action is to raise a SOC alert and enrich the event context.

### Recommended Action
The recommended action is to raise a SOC alert and enrich the event context. This action is based on the high confidence of the prediction and the risk score.

### Human Review
The human review is required because the detector confidence is below the fixed 0.70 threshold. This indicates that further human review is necessary to ensure the accuracy of the prediction.

### Limitations
The limitations of this report include the use of a fixed confidence threshold of 0.70 for human review, which may not always be appropriate for all scenarios. Additionally, the model's confidence score is based on a single model version, which may not be representative of the overall risk.",584,308,11.53007831900004,26.712741360347643,False,217
UNSW-OFFICIAL-6546,A1_unconstrained_full,2.0,success,,DoS,True,"### Prediction Summary
The event was predicted to be a Distributed Denial of Service (DoS) attack with a confidence of 28.55%. The model used is a Random Forest with a version number of UNSW-RF-OFFICIAL-1.0.

### Evidence
The evidence supporting the prediction includes:
- The protocol is not UDP.
- The size of the data sent (sbytes) is 180.
- The destination port (ct_dst_sport_ltm) is 3.
- The mean size of the data (smean) is 90.

### Risk and Policy
The risk score is 1.9987, indicating a moderate risk. The policy zone is Monitor, and the recommended action is to log the event and continue monitoring.

### Recommended Action
Log the event and continue monitoring.

### Human Review
A human review is required due to the detector confidence below the fixed 0.70 threshold.

### Limitations
- The confidence threshold for the detector is set at 0.70, which may lead to false negatives if the actual risk is below this threshold.
- The human review is necessary to ensure the accuracy of the event classification and to provide additional context for the incident.",584,257,8.975878897000257,28.632293611480154,False,181
UNSW-OFFICIAL-6585,A1_unconstrained_full,2.0,success,,DoS,False,"### Prediction Summary
The event was predicted to be a Backdoor attack with a confidence of 33.56%. The model used is a Random Forest with a version number of UNSW-RF-OFFICIAL-1.0.

### Evidence
The evidence supporting the prediction includes:
- Protocol is not UDP (readable evidence: Protocol is not udp, observed value: 0.0, shap value: 0.0305)
- ct_src_ltm = 6 (readable evidence: ct_src_ltm = 6, observed value: 6.0, shap value: 0.0209)
- sbytes = 200 (readable evidence: sbytes = 200, observed value: 200.0, shap value: 0.0167)
- ct_dst_src_ltm = 6 (readable evidence: ct_dst_src_ltm = 6, observed value: 6.0, shap value: 0.0142)
- Protocol = UNAS (readable evidence: Protocol = unas, observed value: 1.0, shap value: 0.0128)

### Risk and Policy
The risk score is 2.6851, indicating a moderate risk. The policy zone is set to Alert, and the recommended action is to raise a SOC alert and enrich the event context.

### Recommended Action
The recommended action is to raise a SOC alert and enrich the event context.

### Human Review
The human review requires a confidence threshold of 0.7. The detector confidence is below this threshold, necessitating a human review.

### Limitations
- The detector confidence is below the fixed 0.70 threshold, necessitating a human review.
- The event is a Backdoor attack, which may require additional context to fully understand the nature of the threat.",581,400,15.182301714000005,26.34646626941614,False,226
UNSW-OFFICIAL-6668,A1_unconstrained_full,2.0,success,,Worms,False,"### Prediction Summary
The event was predicted to be an Exploits with a confidence of 45.66% and an uncertainty score of 54.34%. The model used is the Random Forest with version UNSW-RF-OFFICIAL-1.0.

### Evidence
The model's confidence is based on several features including dmean, dbytes, dloss, dttl, and dload, which are all above the threshold of 1283, 482584, 185, 252, and 691755 respectively.

### Risk and Policy
The risk score is 2.97, indicating a moderate risk. The policy zone is set to Alert, and the recommended action is to raise a SOC alert and enrich the event context.

### Recommended Action
The recommended action is to raise a SOC alert and enrich the event context.

### Human Review
Human review is required due to the detector confidence below the fixed 0.70 threshold.

### Limitations
- The model's confidence is based on a single feature, which may not be representative of the overall risk.
- The human review requirement ensures that the decision is not solely based on the model's confidence but also on the context and judgment of the SOC team.",606,271,10.082322605000172,26.87872731483535,False,181
UNSW-OFFICIAL-6765,A1_unconstrained_full,2.0,success,,Backdoor,True,"### Prediction Summary
The event was predicted to be a Backdoor attack with a confidence of 27.5% and an uncertainty score of 72.5%. The model used is a Random Forest with a version number of UNSW-RF-OFFICIAL-1.0.

### Evidence
The evidence supporting the prediction includes:
- The protocol is not UDP.
- The size of the payload is 200 bytes.
- The destination port is 3.
- The source port is 6.
- The standard deviation of the size of the payload is 100 bytes.

### Risk and Policy
The risk score is 2.202, indicating a moderate risk. The policy zone is set to Alert, and the recommended action is to raise a SOC alert and enrich the event context.

### Recommended Action
The recommended action is to raise a SOC alert and enrich the event context.

### Human Review
A human review is required due to the detector confidence below the fixed 0.70 threshold.

### Limitations
- The human review is mandatory as the detector confidence is below the threshold.
- The risk score is moderate, but the policy zone is set to Alert, which may not be the most appropriate action in all scenarios.",590,258,9.926994376000039,25.989739716560408,False,195
UNSW-OFFICIAL-7009,A1_unconstrained_full,2.0,success,,Analysis,False,"### Prediction Summary
The event was predicted to be a Backdoor attack with a confidence of 47.74%. The model used is a Random Forest with a version number of UNSW-RF-OFFICIAL-1.0.

### Evidence
The evidence supporting the prediction includes:
- ct_src_ltm = 18
- ct_dst_sport_ltm = 3
- Protocol is not udp
- sbytes = 200
- Protocol = pgm

### Risk and Policy
The risk score is 3.8194, indicating a moderate risk. The policy zone is set to Alert, and the recommended action is to raise a SOC alert and enrich the event context.

### Recommended Action
The recommended action is to raise a SOC alert and enrich the event context.

### Human Review
The human review requires a confidence threshold of 0.7. The confidence of the model is below this threshold, necessitating a human review.

### Limitations
The limitations include:
- The model's confidence is below the fixed threshold of 0.70, necessitating a human review.
- The event lacks specific details such as the exact time of the attack and the exact IP addresses involved.",585,252,9.582555562999914,26.297786466589386,False,176
UNSW-OFFICIAL-7010,A1_unconstrained_full,2.0,success,,Exploits,False,"### Prediction Summary
The event was predicted to be a Backdoor attack with a confidence of 28.74%. The model used is a Random Forest with a version number of UNSW-RF-OFFICIAL-1.0.

### Evidence
The evidence supporting the prediction includes:
- Protocol is not UDP (0.0 support)
- sbytes = 200 (0.0189 support)
- ct_dst_src_ltm = 7 (0.0116 support)
- Protocol = IDRP (0.0115 support)
- ct_srv_src = 7 (0.0109 support)

### Risk and Policy
The risk score is 2.2995, indicating a moderate risk. The policy zone is set to Alert, and the recommended action is to raise a SOC alert and enrich the event context.

### Recommended Action
The recommended action is to raise a SOC alert and enrich the event context.

### Human Review
Human review is required due to the detector confidence below the fixed 0.70 threshold.

### Limitations
- The confidence threshold for the detector is set at 0.70, which may lead to false negatives if the confidence is below this threshold.
- The human review requirement ensures that the decision is made by a human, but it may not be as accurate as automated detection systems.",581,285,9.854905914000028,28.919606385599753,False,189
UNSW-OFFICIAL-7015,A1_unconstrained_full,2.0,success,,DoS,False,"### Prediction Summary
The event was predicted to be a Backdoor attack with a confidence of 34.07%. The model used is a Random Forest with a version number of UNSW-RF-OFFICIAL-1.0.

### Evidence
The evidence supporting the prediction includes:
- Protocol is not UDP (0.0)
- Protocol is mobile (1.0)
- sbytes is 200 (200.0)
- ct_srv_src is 5 (5.0)
- ct_dst_sport_ltm is 3 (3.0)

### Risk and Policy
The risk score is 2.7254, indicating a moderate risk. The policy zone is set to Alert, and the recommended action is to raise a SOC alert and enrich the event context.

### Recommended Action
The recommended action is to raise a SOC alert and enrich the event context.

### Human Review
Human review is required due to the detector confidence below the fixed 0.70 threshold.

### Limitations
- The confidence threshold for the detector is set to 0.70, which may lead to false negatives if the confidence is below this threshold.
- The human review requirement ensures that the decision is made by a human, but it may not be as accurate as automated detection systems.",581,270,10.449941018000118,25.83746640626225,False,184
UNSW-OFFICIAL-7340,A1_unconstrained_full,2.0,success,,Reconnaissance,False,"### Prediction Summary
The event was predicted to be a Backdoor attack with a confidence of 30.09%. The model used is a Random Forest with a version number of UNSW-RF-OFFICIAL-1.0.

### Evidence
The evidence supporting the prediction includes:
- Protocol is not UDP (0.0% support)
- sbytes = 200 (1.61% support)
- ct_dst_sport_ltm = 2 (1.26% support)
- ct_dst_src_ltm = 6 (1.03% support)
- dpkts = 0 (7.59% support)

### Risk and Policy
The risk score is 2.4074, indicating a moderate risk. The policy zone is set to Alert, and the recommended action is to raise a SOC alert and enrich the event context.

### Recommended Action
The recommended action is to raise a SOC alert and enrich the event context.

### Human Review
Human review is required due to the detector confidence below the fixed 0.70 threshold.

### Limitations
- The confidence threshold for the detector is set at 0.70, which may lead to false negatives if the model's confidence is below this threshold.
- The human review requirement ensures that the decision is made by a human, but it may not be as accurate as automated systems in certain cases.",587,291,11.089175852000153,26.24180587302278,False,192
UNSW-OFFICIAL-7367,A1_unconstrained_full,2.0,success,,Shellcode,False,"### Prediction Summary
The event was predicted to be a Fuzzer attack with a confidence of 46.42%. The model used is a Random Forest with a version number of UNSW-RF-OFFICIAL-1.0.

### Evidence
The evidence supporting the prediction includes:
- Protocol: UDP (Protocol = udp)
- Destination and Source LTM: ct_dst_src_ltm = 4
- Server Destination: ct_srv_dst = 4
- Source Destination Port: ct_src_dport_ltm = 1
- Standard Mean: smean = 156

### Risk and Policy
The risk score is 3.0171, indicating a moderate risk. The policy zone is set to Alert, and the recommended action is to raise a SOC alert and enrich the event context.

### Recommended Action
The recommended action is to raise a SOC alert and enrich the event context.

### Human Review
Human review is required due to the detector confidence below the fixed 0.70 threshold.

### Limitations
- The human review requirement is due to the detector confidence below the fixed 0.70 threshold.
- The risk score is based on the model's confidence, which is 46.42%, and not on the actual risk level of the attack.",586,268,10.204047154999898,26.264088741365942,False,181
UNSW-OFFICIAL-7394,A1_unconstrained_full,2.0,success,,DoS,True,"### Prediction Summary
The event was predicted to be a Distributed Denial of Service (DoS) attack with a confidence of 27.05%. The model used is a Random Forest with a version number of UNSW-RF-OFFICIAL-1.0.

### Evidence
The evidence supporting the prediction includes:
- The protocol is not UDP.
- The size of the data sent (sbytes) is 200.
- The destination port (ct_dst_sport_ltm) is 2.
- The standard deviation of the size of the data sent (smean) is 100.
- The loss rate (sloss) is 0.

### Risk and Policy
The risk score is 1.8938, indicating a moderate risk. The policy zone is Monitor, and the recommended action is to log the event and continue monitoring.

### Recommended Action
Log the event and continue monitoring.

### Human Review
A human review is required due to the detector confidence below the fixed 0.70 threshold.

### Limitations
- The confidence threshold for the detector is set at 0.70, which may lead to false negatives if the confidence is below this threshold.
- The human review is necessary to ensure the accuracy of the event classification and to provide additional context for the incident.",582,273,9.700093075999575,28.144059841597745,False,191
UNSW-OFFICIAL-7562,A1_unconstrained_full,2.0,success,,Exploits,True,"### Prediction Summary
The event was predicted to be an Exploits with a confidence of 47.66%. The model's uncertainty score is 52.34%, indicating a high level of confidence in the prediction.

### Evidence
The model's predictions are based on several features including:
- **smean**: 114
- **sbytes**: 1144
- **sload**: 19522.4
- **service_-**: An application service is identified
- **dinpkt**: 78.24

### Risk and Policy
The risk score is 3.0982, indicating a moderate risk. The policy zone is set to Alert, and the recommended action is to raise a SOC alert and enrich the event context.

### Recommended Action
The recommended action is to raise a SOC alert and enrich the event context.

### Human Review
The human review requires a confidence threshold of 0.7. The confidence of the model is below this threshold, necessitating a human review.

### Limitations
- The model's confidence is below the fixed threshold of 0.70, necessitating a human review.
- The event is classified as Exploits, which may require further investigation to confirm the nature of the exploit.",621,270,10.17638354499968,26.532018845994514,False,174
UNSW-OFFICIAL-7657,A1_unconstrained_full,2.0,success,,Reconnaissance,False,"### Prediction Summary
The event was predicted to be a Backdoor attack with a confidence of 29.6% and an uncertainty score of 70.4%. The model used is a Random Forest with a version number of UNSW-RF-OFFICIAL-1.0.

### Evidence
- Protocol is not UDP
- sbytes = 200
- ct_dst_sport_ltm = 2
- ct_dst_src_ltm = 4
- smean = 100

### Risk and Policy
The risk score is 2.3707, indicating a moderate risk. The policy zone is set to Alert, and the recommended action is to raise a SOC alert and enrich the event context.

### Recommended Action
The recommended action is to raise a SOC alert and enrich the event context.

### Human Review
Human review is required due to the detector confidence below the fixed 0.70 threshold.

### Limitations
- The event was predicted to be a Backdoor attack, but the confidence is below the recommended threshold of 0.70.
- The human review is necessary to ensure the accuracy of the alert and to gather additional context.",591,246,9.447402366999995,26.038903652424494,False,168
UNSW-OFFICIAL-7727,A1_unconstrained_full,2.0,success,,Shellcode,False,"### Prediction Summary
The event was predicted to be a Fuzzer attack with a confidence of 35.6% and an uncertainty score of 64.4%. The model used is a Random Forest with a version number of UNSW-RF-OFFICIAL-1.0.

### Evidence
The evidence supporting the prediction includes:
- `ct_dst_src_ltm = 1`: Indicates a destination address that is not a common host.
- `sbytes = 530`: A large number of bytes sent.
- `smean = 53`: A high average size of the packets.
- `ct_srv_dst = 2`: A destination server that is not a common host.
- `ackdat = 0.026218`: A low acknowledgment data value, which is often indicative of a Fuzzer attack.

### Risk and Policy
The risk score is 2.3144, indicating a moderate risk. The policy zone is set to Alert, and the recommended action is to raise a SOC alert and enrich the event context.

### Recommended Action
The recommended action is to raise a SOC alert and enrich the event context with the provided local features.

### Human Review
The human review requires a confidence threshold of 0.7. The confidence of the model is below this threshold, necessitating a human review.

### Limitations
- The model's confidence is below the fixed threshold of 0.70, necessitating a human review.
- The event is classified as Exploitation, which may not be the final stage of the attack, potentially requiring further investigation.",606,332,12.522865228999763,26.511504669967433,False,229
UNSW-OFFICIAL-7796,A1_unconstrained_full,2.0,success,,Reconnaissance,False,"### Prediction Summary
The event was predicted to be a Backdoor attack with a confidence of 40.46%. The model used is a Random Forest with a version number of UNSW-RF-OFFICIAL-1.0.

### Evidence
The evidence supporting the prediction includes:
- ct_src_ltm = 11
- Protocol is not udp
- ct_dst_sport_ltm = 3
- sbytes = 200
- ct_dst_src_ltm = 6

### Risk and Policy
The risk score is 3.2369, indicating a moderate risk. The policy zone is set to Alert, and the recommended action is to raise a SOC alert and enrich the event context.

### Recommended Action
The recommended action is to raise a SOC alert and enrich the event context.

### Human Review
The human review requires a confidence threshold of 0.7. The confidence of the model is below this threshold, necessitating a human review.

### Limitations
- The model's confidence is below the fixed threshold of 0.70, necessitating a human review.
- The event is classified as a Backdoor attack, which may not be the most accurate classification due to the low model confidence.",593,257,9.198171977999664,27.940334298455905,False,176
UNSW-OFFICIAL-7890,A1_unconstrained_full,2.0,success,,Fuzzers,True,"### Prediction Summary
The event was predicted to be a Fuzzer attack with a confidence of 54.36%. The model used is a Random Forest with a version number of UNSW-RF-OFFICIAL-1.0.

### Evidence
The evidence supporting the prediction includes features such as ct_dst_src_ltm (3), ct_srv_dst (3), sloss (3), sbytes (1592), and spkts (12). These features are all above the threshold of 3, which is a strong indicator of a Fuzzer attack.

### Risk and Policy
The risk score is 3.5332, indicating a moderate risk. The policy zone is set to Alert, and the recommended action is to raise a SOC alert and enrich the event context.

### Recommended Action
The recommended action is to raise a SOC alert and enrich the event context. This action is based on the high confidence of the prediction and the moderate risk level.

### Human Review
The human review is required because the detector confidence is below the fixed 0.70 threshold, which is a critical factor for the recommended action.

### Limitations
The limitations of this report include the low confidence of the detector, which is below the fixed threshold of 0.70. This may lead to a missed detection in future incidents. Additionally, the human review is necessary to ensure the accuracy of the recommended action.",585,292,10.738378048999948,27.192188491370313,False,211
UNSW-OFFICIAL-8100,A1_unconstrained_full,2.0,success,,Shellcode,True,"### Prediction Summary
The event was predicted to be a Shellcode attack with a confidence of 56.3%. The model used is a Random Forest with a version number of UNSW-RF-OFFICIAL-1.0.

### Evidence
The evidence supporting the prediction includes several features:
- ct_dst_src_ltm: 1
- ct_srv_dst: 1
- dbytes: 268
- dpkts: 6
- dmean: 45

### Risk and Policy
The risk score is 4.7854, indicating a high risk. The policy zone is set to Alert, and the recommended action is to raise a SOC alert and enrich the event context.

### Recommended Action
The recommended action is to raise a SOC alert and enrich the event context.

### Human Review
The human review requires a confidence threshold of 0.7. The confidence of the model is below this threshold, necessitating a human review.

### Limitations
The limitations include:
- The model's confidence is below the fixed threshold of 0.70, necessitating a human review.
- The event is classified as a Shellcode attack, which may not be actionable without further context.",583,253,9.785309751999648,25.85508342730785,False,169
UNSW-OFFICIAL-8207,A1_unconstrained_full,2.0,success,,Reconnaissance,False,"### Prediction Summary
The event was predicted to be a Backdoor attack with a confidence of 44.1%. The model used is a Random Forest with a version number of UNSW-RF-OFFICIAL-1.0.

### Evidence
The evidence supporting the prediction includes:
- Protocol is not UDP (0.0)
- sttl = 254 (254.0)
- Protocol = SCTP (1.0)
- dmean = 220 (220.0)
- sbytes = 536 (536.0)

### Risk and Policy
The risk score is 3.5285, indicating a moderate risk. The policy zone is set to Alert, and the recommended action is to raise a SOC alert and enrich the event context.

### Recommended Action
The recommended action is to raise a SOC alert and enrich the event context.

### Human Review
Human review is required due to the detector confidence below the fixed 0.70 threshold.

### Limitations
- The event was predicted to be a Backdoor attack with a confidence of 44.1%.
- The model used is a Random Forest with a version number of UNSW-RF-OFFICIAL-1.0.
- The risk score is 3.5285, indicating a moderate risk.
- The policy zone is set to Alert, and the recommended action is to raise a SOC alert and enrich the event context.
- Human review is required due to the detector confidence below the fixed 0.70 threshold.",579,326,12.183735825999975,26.756981984484526,False,212
UNSW-OFFICIAL-8497,A1_unconstrained_full,2.0,success,,Worms,False,"### Prediction Summary
The event was predicted to be an Exploits attack with a high confidence of 82.5%. The model's uncertainty score of 17.5% indicates that the prediction is robust.

### Evidence
The model's predictions are based on several local features:
- **synack**: 0.007142 (supports Exploits)
- **sbytes**: 1294 (supports Exploits)
- **smean**: 129 (supports Exploits)
- **sload**: 46926.6 (supports Exploits)
- **tcprtt**: 0.053521 (supports Exploits)

### Risk and Policy
The predicted stage is Exploitation, with a stage severity of 6.5, indicating a high risk. The asset criticality is 1.0, and the risk score is 5.3629. The policy zone is set to Block, and the recommended action is to block the suspected source and initiate an investigation.

### Recommended Action
The recommended action is to block the suspected source and initiate an investigation. This is based on the high confidence and the policy to block Exploits.

### Human Review
No mandatory confidence-based referral is required as the confidence threshold is set to 0.7.

### Limitations
- The model's confidence is high (82.5%), but the human review is not mandatory, which means the decision is solely based on the model's prediction.
- The model's predictions are based on local features, which may not capture the full context of the attack.
- The policy to block Exploits is applied, but the specific source of the attack is not identified, which could lead to potential false positives.",633,372,14.00772566400019,26.556773663553304,False,234
UNSW-OFFICIAL-8748,A1_unconstrained_full,2.0,success,,Reconnaissance,False,"### Prediction Summary
The event was predicted to be a Backdoor attack with a confidence of 39.59%. The model used is a Random Forest with a version number of UNSW-RF-OFFICIAL-1.0.

### Evidence
The evidence supporting the prediction includes:
- Protocol is not UDP (0.0 confidence)
- Duration is 2.88851 (2.8885130882263184 confidence)
- Rate is 28.0421 (28.0421085357666 confidence)
- Protocol is OSPF (1.0 confidence)
- Source load is 14357.6 (14357.5595703125 confidence)

### Risk and Policy
The risk score is 3.1671, indicating a high risk. The policy zone is set to Alert, and the recommended action is to raise a SOC alert and enrich the event context.

### Recommended Action
The recommended action is to raise a SOC alert and enrich the event context.

### Human Review
The human review requires a confidence threshold of 0.7. The confidence of the model is below this threshold, necessitating a human review.

### Limitations
- The model's confidence is below the fixed threshold of 0.70, necessitating a human review.
- The event is a Backdoor attack, which is a high-risk activity that requires immediate attention.",625,320,12.147147051000047,26.343634324707967,False,180
UNSW-OFFICIAL-8793,A1_unconstrained_full,2.0,success,,Worms,True,"### Prediction Summary
The event was detected as a Worms attack with a predicted confidence of 61.15%. The model is a Random Forest with a version number of UNSW-RF-OFFICIAL-1.0.

### Evidence
The evidence includes:
- sbytes: 1302
- smean: 130
- ackdat: 0.034041
- service_: An application service is identified
- service_http: Service = http

### Risk and Policy
The risk score is 5.1978, indicating a high risk. The policy zone is set to Block, and the recommended action is to block the suspected source and initiate an investigation.

### Recommended Action
The recommended action is to block the suspected source and initiate an investigation.

### Human Review
The human review is required due to the detector confidence below the fixed 0.70 threshold.

### Limitations
- The event was detected as a Worms attack, but the model's confidence is below the threshold for a more specific classification.
- The human review is necessary to ensure the accuracy of the detection and recommended action.",600,240,8.545777593000366,28.08404470958594,False,163
UNSW-OFFICIAL-8891,A1_unconstrained_full,2.0,success,,Worms,True,"### Prediction Summary
The event was predicted to be a Worms attack with a confidence of 45.93% and an uncertainty score of 54.07%. The model used is the Random Forest model version UNSW-RF-OFFICIAL-1.0.

### Evidence
The evidence supporting the prediction includes:
- **dpkts**: 204 packets
- **service_http**: Service = http
- **dloss**: dloss = 100
- **sbytes**: sbytes = 1988 bytes
- **ct_flw_http_mthd**: ct_flw_http_mthd = 1

### Risk and Policy
The risk score is 3.9044, indicating a moderate risk. The policy zone is set to Alert, and the recommended action is to raise a SOC alert and enrich the event context.

### Recommended Action
The recommended action is to raise a SOC alert and enrich the event context.

### Human Review
A human review is required due to the detector confidence below the fixed 0.70 threshold.

### Limitations
- The human review is mandatory as the detector confidence is below the threshold of 0.70.
- The event is classified as a Worms attack, but further investigation is needed to confirm the exact nature of the attack.",594,278,10.367085023000072,26.8156380875857,False,176
UNSW-OFFICIAL-8897,A1_unconstrained_full,2.0,success,,Reconnaissance,True,"### Prediction Summary
The event was predicted to be of the type ""Reconnaissance"" with a confidence of 59.54%. The model used is a Random Forest with a version number of UNSW-RF-OFFICIAL-1.0.

### Evidence
The evidence supporting the prediction includes:
- smean: 85
- sbytes: 848
- service_: An application service is identified
- service_http: Service = http
- ct_flw_http_mthd: ct_flw_http_mthd = 1

### Risk and Policy
The risk score is 1.7861, indicating a moderate risk. The policy zone is ""Monitor,"" and the recommended action is to log the event and continue monitoring.

### Recommended Action
The recommended action is to log the event and continue monitoring.

### Human Review
A human review is required due to the detector confidence below the fixed 0.70 threshold.

### Limitations
- The confidence threshold for the detector is set at 0.70, which may lead to false negatives if the actual risk is below this threshold.
- The event is classified as ""Reconnaissance,"" which may not be the most accurate classification if the event involves more complex activities.",582,262,10.036646368999754,26.10433708307596,False,173
UNSW-OFFICIAL-8900,A1_unconstrained_full,2.0,success,,DoS,False,"### Prediction Summary
The event was predicted to be an Exploits with a confidence of 36.2% and an uncertainty score of 63.8%. The model used is a Random Forest with version UNSW-RF-OFFICIAL-1.0.

### Evidence
The evidence includes features such as sbytes (1620), smean (162), ct_srv_dst (1), ct_dst_src_ltm (1), and sload (28707.8). These features are supported by the model's prediction.

### Risk and Policy
The risk score is 2.3545, indicating a moderate risk. The policy zone is set to Alert, and the recommended action is to raise a SOC alert and enrich the event context.

### Recommended Action
The recommended action is to raise a SOC alert and enrich the event context. This is based on the high confidence of the model and the moderate risk score.

### Human Review
A human review is required due to the detector confidence below the fixed 0.70 threshold.

### Limitations
The limitations include the low detector confidence (below 0.70) and the need for a human review to ensure the accuracy of the alert.",602,256,9.67196654999998,26.468247039171217,False,169
UNSW-OFFICIAL-8909,A1_unconstrained_full,2.0,success,,DoS,True,"### Prediction Summary
The event was predicted to be a Distributed Denial of Service (DoS) attack with a confidence of 32.5%. The model used is a Random Forest with a version number of UNSW-RF-OFFICIAL-1.0.

### Evidence
The evidence supporting the prediction includes several features:
- sbytes: 788
- dmean: 126
- sttl: 62
- dloss: 2
- ct_dst_src_ltm: 1

### Risk and Policy
The risk score is 2.2761, indicating a moderate risk. The policy zone is set to Alert, and the recommended action is to raise a SOC alert and enrich the event context.

### Recommended Action
The recommended action is to raise a SOC alert and enrich the event context.

### Human Review
A human review is required due to the detector confidence below the fixed 0.70 threshold.

### Limitations
- The human review is mandatory as the detector confidence is below the threshold.
- The risk score is moderate, but the policy zone is set to Alert, which may not be the most appropriate action in all scenarios.",586,247,8.444919656000366,29.248354047335333,False,170
UNSW-OFFICIAL-9004,A1_unconstrained_full,2.0,success,,Worms,False,"### Prediction Summary
The event was predicted to be a Fuzzer attack with a confidence of 25.48%. The model used is a Random Forest with a version number of UNSW-RF-OFFICIAL-1.0.

### Evidence
The evidence supporting the prediction includes:
- Protocol: UDP (Protocol = udp)
- Destination and Source: LTM (ct_dst_src_ltm = 1)
- Server: 1 (ct_srv_dst = 1)
- Bytes Sent: 808 (sbytes = 808)
- Mean Bytes Sent: 404 (smean = 404)

### Risk and Policy
The risk score is 1.6565, indicating a moderate risk. The policy zone is Monitor, and the recommended action is to log the event and continue monitoring.

### Recommended Action
Log the event and continue monitoring.

### Human Review
A human review is required due to the detector confidence below the fixed 0.70 threshold.

### Limitations
- The confidence threshold for the detector is set at 0.70, which may lead to false negatives if the actual risk is below this threshold.
- The human review is necessary to ensure the accuracy of the detection and to provide additional context for the event.",584,267,10.131372993000241,26.353782471977897,False,178
UNSW-OFFICIAL-9757,A1_unconstrained_full,2.0,success,,Reconnaissance,False,"### Prediction Summary
The event was predicted to be a Backdoor attack with a confidence of 62.25%. The model used is a Random Forest with a version number of UNSW-RF-OFFICIAL-1.0.

### Evidence
The evidence supporting the prediction includes:
- ct_dst_ltm = 4
- Protocol is not UDP
- sbytes = 19040
- sjit = 1011.99
- dur = 59.4057

### Risk and Policy
The risk score is 4.98, indicating a high risk. The policy zone is set to Alert, and the recommended action is to raise a SOC alert and enrich the event context.

### Recommended Action
The recommended action is to raise a SOC alert and enrich the event context.

### Human Review
The human review requires a confidence threshold of 0.7. The confidence of the model is below this threshold, necessitating a human review.

### Limitations
- The model's confidence is below the fixed threshold of 0.70, necessitating a human review.
- The event is classified as a Backdoor attack, which may not be the final determination without further investigation.",620,256,9.897321711000131,25.865583384591325,False,172
UNSW-OFFICIAL-9931,A1_unconstrained_full,2.0,success,,Exploits,False,"### Prediction Summary
The event was detected as a Distributed Denial of Service (DoS) attack using a Random Forest model. The predicted label is DoS with a confidence of 84.13%, indicating a high likelihood of the attack.

### Evidence
The model analyzed several local features including service DNS, application service, sbytes, smean, and ct_srv_dst, all of which are indicative of a DoS attack.

### Risk and Policy
The risk score is 5.8894, indicating a significant risk to the asset's availability. The policy zone is set to Block, aligning with the recommended action.

### Recommended Action
The recommended action is to block the suspected source and initiate an investigation.

### Human Review
No mandatory confidence-based referral is required as the confidence threshold is not met.

### Limitations
- The model's confidence score is slightly below the recommended threshold of 0.7, which may necessitate further investigation to ensure the accuracy of the prediction.
- The model's performance is based on a single feature set, which may not capture all potential attack vectors.",568,227,7.768915684000149,29.219006774330136,False,170
UNSW-OFFICIAL-10015,A1_unconstrained_full,2.0,success,,Shellcode,True,"### Prediction Summary
The event was predicted to be a Shellcode attack with a confidence of 51.25%. The model used is a Random Forest with a version number of UNSW-RF-OFFICIAL-1.0.

### Evidence
The evidence supporting the prediction includes features such as ct_dst_src_ltm (1), service_ (unspecified), service_http (not http), sbytes (888), and sloss (2). These features are all indicative of a Shellcode attack.

### Risk and Policy
The risk score is 4.356, indicating a high risk to the asset criticality of 1.0. The policy zone is set to Alert, and the recommended action is to raise a SOC alert and enrich the event context.

### Recommended Action
The recommended action is to raise a SOC alert and enrich the event context. This is based on the high risk score and the need to ensure the security of the asset.

### Human Review
The human review is required due to the detector confidence below the fixed 0.70 threshold. This indicates that the model's confidence in the prediction is below the threshold, necessitating further human review.

### Limitations
The limitations of this report include the use of a single model for prediction, which may not capture all possible attack vectors. Additionally, the confidence threshold of 0.70 was used, which may not be universally applicable across different environments or models.",577,298,11.324548526999934,26.314514816154468,False,216
UNSW-OFFICIAL-10029,A1_unconstrained_full,2.0,success,,Reconnaissance,True,"### Prediction Summary
The event was predicted to be of the type ""Reconnaissance"" with a confidence of 51.37%. The model used is a Random Forest with a version number of UNSW-RF-OFFICIAL-1.0.

### Evidence
The evidence supporting the prediction includes:
- smean: 81
- sbytes: 810
- ct_dst_src_ltm: 1
- service_-: An application service is identified
- ct_srv_src: 8

### Risk and Policy
The risk score is 1.5411, indicating a moderate risk. The policy zone is ""Monitor,"" and the recommended action is to log the event and continue monitoring.

### Recommended Action
The recommended action is to log the event and continue monitoring.

### Human Review
A human review is required due to the detector confidence below the fixed 0.70 threshold.

### Limitations
- The event was predicted to be of the type ""Reconnaissance"" with a confidence of 51.37%.
- The model used is a Random Forest with a version number of UNSW-RF-OFFICIAL-1.0.
- The risk score is 1.5411, indicating a moderate risk.
- The policy zone is ""Monitor,"" and the recommended action is to log the event and continue monitoring.
- A human review is required due to the detector confidence below the fixed 0.70 threshold.",585,307,11.60698897500015,26.44958142557347,False,196
UNSW-OFFICIAL-10238,A1_unconstrained_full,2.0,success,,Reconnaissance,False,"### Prediction Summary
The event was predicted to be a Backdoor attack with a confidence of 51.16%. The model used is a Random Forest with a version number of UNSW-RF-OFFICIAL-1.0.

### Evidence
The evidence supporting the prediction includes:
- Protocol is not UDP (0.0)
- ct_src_ltm = 9 (9.0)
- Protocol = SCTP (1.0)
- smean = 76 (76.0)
- sbytes = 152 (152.0)

### Risk and Policy
The risk score is 4.0926, indicating a high risk. The policy zone is set to Alert, and the recommended action is to raise a SOC alert and enrich the event context.

### Recommended Action
The recommended action is to raise a SOC alert and enrich the event context.

### Human Review
The human review is required due to the detector confidence below the fixed 0.70 threshold.

### Limitations
- The confidence threshold for the detector is set at 0.70, which may lead to false negatives if the confidence is below this threshold.
- The event is classified as a Backdoor attack, which may not be the only type of attack that could cause similar observable features.",581,271,10.273938840000028,26.377420015866015,False,184
UNSW-OFFICIAL-10272,A1_unconstrained_full,2.0,success,,Reconnaissance,True,"### Prediction Summary
The event was predicted to be of the type ""Reconnaissance"" with a high confidence of 99.67%. The model used is the Random Forest model version UNSW-RF-OFFICIAL-1.0.

### Evidence
The evidence supporting the prediction includes several features:
- sbytes: 564
- smean: 56
- dmean: 44
- sjit: 5619.65
- dbytes: 354

### Risk and Policy
The risk score is 2.9901, indicating a moderate risk. The policy zone is set to ""Alert,"" and the recommended action is to raise a SOC alert and enrich the event context.

### Recommended Action
The recommended action is to raise a SOC alert and enrich the event context.

### Human Review
No mandatory confidence-based referral is required.

### Limitations
- The model's confidence is very high (99.67%), which may indicate a high level of certainty but also a potential risk of false positives.
- The event is classified as ""Reconnaissance,"" which is a low-severity threat, but the high confidence suggests it could be a false positive.
- The human review is not required due to the high confidence threshold set by the policy.",598,274,9.75060851499984,28.100810280557603,False,181
UNSW-OFFICIAL-10450,A1_unconstrained_full,2.0,success,,Exploits,True,"### Prediction Summary
The event was predicted to be an Exploits with a high confidence of 0.904. The model's uncertainty score is 0.096, indicating a high level of confidence in the prediction.

### Evidence
The model's predictions are based on several features including dbytes, sttl, dmean, dloss, and dpkts. The observed values for these features are 35058, 62, 1096, 14, and 32 respectively, which are all above the threshold for the predicted class.

### Risk and Policy
The event is classified as Exploits, which is a high-risk activity. The policy zone is set to Block, indicating that the source should be blocked to prevent further exploitation attempts.

### Recommended Action
The recommended action is to block the suspected source and initiate an investigation. This is based on the high confidence and the severity of the predicted stage (Exploitation with a stage severity of 6.5).

### Human Review
No mandatory human review is required as the confidence threshold is not met (0.7).

### Limitations
- The model's confidence is high, but the human review threshold is not met, which means there is no mandatory human review.
- The event is classified as Exploits, which is a high-risk activity, but the policy zone is set to Block, which may not be the most effective action in all scenarios.",586,303,11.088065217999883,27.326679095296353,False,216
UNSW-OFFICIAL-10690,A1_unconstrained_full,2.0,success,,Worms,True,"### Prediction Summary
The event was predicted to be a Worms attack with a high confidence of 79.44%. The model's uncertainty score is 20.56%, indicating a high level of confidence in the prediction.

### Evidence
The evidence supporting the prediction includes:
- **sbytes**: 1296 (supports predicted class)
- **smean**: 130 (supports predicted class)
- **service_-**: An application service is identified (supports predicted class)
- **service_http**: Service = http (supports predicted class)
- **trans_depth**: trans_depth = 1 (supports predicted class)

### Risk and Policy
The risk score is 6.7523, indicating a significant risk to the asset. The policy zone is set to Block, and the recommended action is to block the suspected source and initiate an investigation.

### Recommended Action
The recommended action is to block the suspected source and initiate an investigation. This is based on the high confidence of the prediction and the severity of the risk.

### Human Review
No mandatory confidence-based referral is required as the confidence threshold is set to 0.7.

### Limitations
- The prediction is based on a single model and may not capture all possible attack vectors.
- The model's confidence score is high, but the evidence is not exhaustive, and additional analysis may be needed to confirm the prediction.
- The human review is not required due to the high confidence threshold.",572,301,11.419621587000165,26.358141354057782,False,220
UNSW-OFFICIAL-10762,A1_unconstrained_full,2.0,success,,Shellcode,False,"### Prediction Summary
The event was predicted to be a Fuzzer attack with a confidence of 35.35%. The model used is a Random Forest with a version number of UNSW-RF-OFFICIAL-1.0.

### Evidence
The evidence includes features such as ct_dst_src_ltm (1), sbytes (738), smean (74), ct_srv_src (5), and service_ (unspecified). These features are observed to support the predicted class.

### Risk and Policy
The risk score is 2.298, indicating a moderate risk. The policy zone is set to Alert, and the recommended action is to raise a SOC alert and enrich the event context.

### Recommended Action
The recommended action is to raise a SOC alert and enrich the event context.

### Human Review
The human review requires a confidence threshold of 0.7. The confidence of the detector is below this threshold, necessitating a human review.

### Limitations
The limitations include the detector's confidence being below the fixed 0.70 threshold, which requires a human review to ensure the accuracy of the alert.",583,235,8.911007278999932,26.37187835698566,False,161
UNSW-OFFICIAL-10832,A1_unconstrained_full,2.0,success,,DoS,True,"### Prediction Summary
The event was predicted to be a Distributed Denial of Service (DoS) attack with a confidence of 44.26%. The model used is a Random Forest with a version number of UNSW-RF-OFFICIAL-1.0.

### Evidence
The evidence supporting the prediction includes high values for `dbytes`, `spkts`, `sbytes`, `sloss`, and `dpkts`, which are all indicative of a DoS attack.

### Risk and Policy
The risk score is 3.0985, indicating a moderate risk. The policy zone is set to Alert, and the recommended action is to raise a SOC alert and enrich the event context.

### Recommended Action
The recommended action is to raise a SOC alert and enrich the event context to gather more details and escalate the alert if necessary.

### Human Review
The human review is required due to the detector confidence below the fixed 0.70 threshold.

### Limitations
- The confidence threshold for the detector is set at 0.70, which may lead to false negatives if the actual confidence is below this threshold.
- The event data includes only local features, which may not capture all relevant aspects of the attack.",600,256,8.928673269000228,28.67167296722743,False,184
UNSW-OFFICIAL-10870,A1_unconstrained_full,2.0,success,,Reconnaissance,True,"### Prediction Summary
The event was predicted to be of the type ""Reconnaissance"" with a high confidence of 94.14%. The model used is a Random Forest with a version number of UNSW-RF-OFFICIAL-1.0.

### Evidence
The evidence supporting the prediction includes:
- sbytes: 168
- smean: 84
- proto_udp: Protocol = udp
- sload: 8.4e+07
- ct_srv_dst: 1

### Risk and Policy
The risk score is 2.8242, indicating a moderate risk. The policy zone is set to ""Alert,"" and the recommended action is to raise a SOC alert and enrich the event context.

### Recommended Action
The recommended action is to raise a SOC alert and enrich the event context.

### Human Review
No mandatory confidence-based referral is required.

### Limitations
- The event is a single instance and does not provide context for further analysis.
- The model's confidence is high, but the evidence is not exhaustive, potentially leading to false positives.",587,230,8.73362053000028,26.335011832714997,False,152
UNSW-OFFICIAL-11213,A1_unconstrained_full,2.0,success,,DoS,False,"### Prediction Summary
The event was predicted to be a Backdoor attack with a confidence of 33.17%. The model used is a Random Forest with a version number of UNSW-RF-OFFICIAL-1.0.

### Evidence
The evidence supporting the prediction includes:
- Protocol is not UDP (0.0 confidence)
- Duration is 7.85664 seconds (0.0151009187102317 confidence)
- Packet size is 40 (0.0113798817619681 confidence)
- OSPF protocol is detected (1.0 confidence)
- Rate is 4.96395 (0.0096565792337059 confidence)

### Risk and Policy
The risk score is 2.6537, indicating a moderate risk. The policy zone is set to Alert, and the recommended action is to raise a SOC alert and enrich the event context.

### Recommended Action
The recommended action is to raise a SOC alert and enrich the event context.

### Human Review
The human review requires a confidence threshold of 0.7. The confidence of the detector is below this threshold, necessitating further human review.

### Limitations
The limitations include:
- The detector's confidence is below the fixed 0.70 threshold, necessitating human review.
- The event is a Backdoor attack, which may require additional context to fully understand the nature of the threat.",610,326,12.368958895000105,26.35630070140978,False,187
UNSW-OFFICIAL-11343,A1_unconstrained_full,2.0,success,,Shellcode,True,"### Prediction Summary
The event was detected as a potential Shellcode intrusion attempt. The model predicted a Shellcode label with a confidence of 77.66%, indicating a high likelihood of malicious activity.

### Evidence
The event features include:
- Protocol: UDP (Protocol = udp)
- smean: 101 (smean = 101)
- sbytes: 202 (sbytes = 202)
- ct_dst_src_ltm: 1 (ct_dst_src_ltm = 1)
- ct_srv_dst: 1 (ct_srv_dst = 1)

### Risk and Policy
The risk score is 6.6007, indicating a significant risk to the asset. The policy zone is set to Block, and the recommended action is to block the suspected source and initiate an investigation.

### Recommended Action
The recommended action is to block the suspected source and initiate an investigation.

### Human Review
No mandatory confidence-based referral is required.

### Limitations
- The model's confidence threshold is set at 0.7, which may lead to false positives.
- The event features are based on observed values and SHAP values, which may not fully capture the true nature of the intrusion attempt.",578,258,9.907294625999839,26.04141793895251,False,170
UNSW-OFFICIAL-11434,A1_unconstrained_full,2.0,success,,Reconnaissance,True,"### Prediction Summary
The event was predicted to be of the type ""Reconnaissance"" with a confidence of 65.64%. The model used is a Random Forest with a version number of UNSW-RF-OFFICIAL-1.0.

### Evidence
The evidence supporting the prediction includes several features:
- **smean**: 88
- **sbytes**: 882
- **dmean**: 44
- **dloss**: 1
- **sload**: 5057.47

### Risk and Policy
The risk score is 1.9692, indicating a moderate risk. The policy zone is ""Monitor,"" and the recommended action is to log the event and continue monitoring.

### Recommended Action
The recommended action is to log the event and continue monitoring.

### Human Review
A human review is required due to the detector confidence below the fixed 0.70 threshold.

### Limitations
- The confidence threshold for the detector is set at 0.70, which may lead to false negatives if the confidence is below this threshold.
- The event is classified as ""Reconnaissance,"" which is a broad category and may not be actionable without further context or evidence.",595,259,9.050394892999975,28.61753581606958,False,166
UNSW-OFFICIAL-11472,A1_unconstrained_full,2.0,success,,Worms,False,"### Prediction Summary
The event was predicted to be an Exploits with a confidence of 43.2% and an uncertainty score of 57%. The model used is a Random Forest with a version of UNSW-RF-OFFICIAL-1.0.

### Evidence
The evidence includes features such as ct_srv_src (5), ct_srv_dst (1), ct_dst_src_ltm (1), and sload (11720.8). These features are supported by the model's prediction.

### Risk and Policy
The risk score is 2.8095, indicating a moderate risk. The policy zone is set to Alert, and the recommended action is to raise a SOC alert and enrich the event context.

### Recommended Action
The recommended action is to raise a SOC alert and enrich the event context.

### Human Review
Human review is required due to the detector confidence below the fixed 0.70 threshold.

### Limitations
- The event was predicted to be an Exploits with a confidence of 43.2%.
- The model used is a Random Forest with a version of UNSW-RF-OFFICIAL-1.0.
- The risk score is 2.8095, indicating a moderate risk.
- The policy zone is set to Alert, and the recommended action is to raise a SOC alert and enrich the event context.
- Human review is required due to the detector confidence below the fixed 0.70 threshold.",599,309,11.475991940000313,26.925777014792114,False,205
UNSW-OFFICIAL-12960,A1_unconstrained_full,2.0,success,,Exploits,True,"### Prediction Summary
The event was predicted to be an Exploits using a Random Forest model with a confidence of 1.0. The model's uncertainty score is 0.0, indicating high confidence in the prediction.

### Evidence
The model's features include sttl (62), service_ftp-data (1.0), dmean (134), sbytes (364), and service_- (0.0). These features support the predicted label of Exploits.

### Risk and Policy
The predicted stage is Exploitation, with a stage severity of 6.5 and a risk score of 6.5. The policy zone is Block, and the recommended action is to block the suspected source and initiate investigation.

### Recommended Action
The recommended action is to block the suspected source and initiate an investigation.

### Human Review
No mandatory confidence-based referral is required.

### Limitations
- The model's confidence score is 1.0, indicating high certainty in the prediction.
- The human review is not mandatory, as the confidence threshold is set at 0.7.",542,228,8.74601931999996,26.069002555096237,False,152
UNSW-OFFICIAL-13342,A1_unconstrained_full,2.0,success,,Generic,True,"### Prediction Summary
The event was predicted to be of the type ""Exploitation"" with a high confidence level of 1.0. The model used is the Random Forest model version UNSW-RF-OFFICIAL-1.0.

### Evidence
The evidence supporting the prediction includes:
- The service type identified as ""dns"" (readable evidence: ""Service = dns"").
- The observed value of sbytes as 114 (readable evidence: ""sbytes = 114"").
- The application service being identified (readable evidence: ""An application service is identified"").
- The CT (Connection Tracking) information showing a destination service of 39 (readable evidence: ""ct_srv_dst = 39"").
- The CT information indicating a destination service port of 22 (readable evidence: ""ct_dst_sport_ltm = 22"").

### Risk and Policy
The risk score is 6.5, indicating a high risk to the asset criticality of 1.0. The policy zone is set to ""Block,"" and the recommended action is to block the suspected source and initiate an investigation.

### Recommended Action
The recommended action is to block the suspected source and initiate an investigation.

### Human Review
No mandatory confidence-based referral is required.

### Limitations
- The confidence threshold for human review is set at 0.7, which means that a higher confidence level is required for a mandatory referral.
- The human review section is not applicable in this case due to the low confidence threshold.",545,318,11.949235944000066,26.612580209337462,False,217
UNSW-OFFICIAL-15213,A1_unconstrained_full,2.0,success,,Generic,True,"### Prediction Summary
The event was predicted to be of the type ""Exploitation"" with a high confidence level of 1.0. The model used is the Random Forest with version UNSW-RF-OFFICIAL-1.0.

### Evidence
The evidence supporting the prediction includes:
- The service type identified as ""dns"" (readable evidence: ""Service = dns"").
- The observed value of sbytes as 114 (readable evidence: ""sbytes = 114"").
- The observed value of ct_srv_dst as 34 (readable evidence: ""ct_srv_dst = 34"").
- The observed value of ct_dst_sport_ltm as 21 (readable evidence: ""ct_dst_sport_ltm = 21"").

### Risk and Policy
The risk score is 6.5, indicating a high risk to the asset criticality of 1.0. The policy zone is set to ""Block,"" suggesting immediate action should be taken to block the suspected source.

### Recommended Action
The recommended action is to block the suspected source and initiate an investigation.

### Human Review
No mandatory confidence-based referral is required.

### Limitations
- The model's confidence level is 1.0, indicating high certainty but no human review is required.
- The evidence provided is limited to a few features, which may not capture all relevant factors in the event.",544,292,10.80048512599933,27.03582261292011,False,189
UNSW-OFFICIAL-15415,A1_unconstrained_full,2.0,success,,Generic,True,"### Prediction Summary
The event was predicted to be of the type ""Exploitation"" with a high confidence level of 1.0. The model used is the Random Forest model version UNSW-RF-OFFICIAL-1.0.

### Evidence
The evidence supporting the prediction includes:
- The service type identified as ""dns"" (readable evidence: ""Service = dns"").
- The observed value of sbytes as 114 (readable evidence: ""sbytes = 114"").
- The application service being identified (readable evidence: ""An application service is identified"").
- The CT (Connection Tracking) information showing a destination service of 35 (readable evidence: ""ct_srv_dst = 35"").
- The CT information indicating a destination service port of 20 (readable evidence: ""ct_dst_sport_ltm = 20"").

### Risk and Policy
The risk score is 6.5, indicating a high risk to the asset criticality of 1.0. The policy zone is set to ""Block,"" and the recommended action is to block the suspected source and initiate an investigation.

### Recommended Action
The recommended action is to block the suspected source and initiate an investigation.

### Human Review
No mandatory confidence-based referral is required.

### Limitations
- The confidence threshold for human review is set at 0.7, which means that a higher confidence level is required for a mandatory referral.
- The human review section is not applicable in this case due to the low confidence threshold.",545,318,11.42362151799989,27.837056707361672,False,217
UNSW-OFFICIAL-15513,A1_unconstrained_full,2.0,success,,Generic,True,"### Prediction Summary
The event was predicted to be of the type ""Exploitation"" with a high confidence of 99.33%. The model used is a Random Forest with a predicted label of ""Generic"" and a confidence score of 0.9933. The uncertainty score is 0.0067, indicating a high level of confidence in the prediction.

### Evidence
The evidence supporting the prediction includes:
- The service type is identified as ""dns"" (readable evidence: ""Service = dns"").
- The number of bytes sent is 114 (readable evidence: ""sbytes = 114"").
- An application service is identified (readable evidence: ""An application service is identified"").
- The destination service port is 45 (readable evidence: ""ct_srv_dst = 45"").
- The destination service port is 25 (readable evidence: ""ct_dst_sport_ltm = 25"").

### Risk and Policy
The risk score is 6.4567, indicating a high risk level. The policy zone is set to ""Block,"" and the recommended action is to block the suspected source and initiate an investigation.

### Recommended Action
The recommended action is to block the suspected source and initiate an investigation. This is based on the high risk score and the policy to block suspicious activities.

### Human Review
No mandatory confidence-based referral is required as the confidence threshold is set to 0.7.

### Limitations
- The prediction is based on a single model and may not be comprehensive.
- The evidence provided is limited to a few features, which may not capture all aspects of the event.
- The risk score and policy zone are set based on the model's output, which may not align with human judgment in all cases.",577,374,13.997062193999227,26.719892704366206,False,265
UNSW-OFFICIAL-15593,A1_unconstrained_full,2.0,success,,Generic,True,"### Prediction Summary
The event was predicted to be of the type ""Exploitation"" with a high confidence level of 1.0. The model used is the Random Forest model version UNSW-RF-OFFICIAL-1.0.

### Evidence
The evidence supporting the prediction includes:
- The service type identified as ""dns"" (readable evidence: ""Service = dns"").
- The observed value of sbytes as 114 (readable evidence: ""sbytes = 114"").
- The application service being identified (readable evidence: ""An application service is identified"").
- The CT (Connection Tracking) information showing a destination service of 31 (readable evidence: ""ct_srv_dst = 31"").
- The CT information indicating a destination service port of 13 (readable evidence: ""ct_dst_sport_ltm = 13"").

### Risk and Policy
The risk score is 6.5, indicating a high risk to the asset criticality of 1.0. The policy zone is set to ""Block,"" and the recommended action is to block the suspected source and initiate an investigation.

### Recommended Action
The recommended action is to block the suspected source and initiate an investigation.

### Human Review
No mandatory confidence-based referral is required.

### Limitations
- The confidence threshold for human review is set at 0.7, which means that a higher confidence level is required for a mandatory referral.
- The human review section is not applicable in this case due to the low confidence threshold.",543,318,11.739671819999785,27.087639661123493,False,217
UNSW-OFFICIAL-16778,A1_unconstrained_full,2.0,success,,Generic,True,"### Prediction Summary
The event was predicted to be of the type ""Exploitation"" with a high confidence level of 1.0. The model used is a Random Forest with a version number of UNSW-RF-OFFICIAL-1.0.

### Evidence
The evidence supporting the prediction includes:
- The service type identified as ""dns"" (readable evidence: ""Service = dns"").
- The observed value of sbytes as 114 (readable evidence: ""sbytes = 114"").
- The application service being identified (readable evidence: ""An application service is identified"").
- The CT (Connection Tracking) values indicating a connection to port 18 (readable evidence: ""ct_srv_dst = 18"" and ""ct_dst_sport_ltm = 18"").

### Risk and Policy
The risk score is 6.5, indicating a high risk to the asset criticality of 1.0. The policy zone is set to ""Block,"" suggesting immediate action should be taken to block the suspected source.

### Recommended Action
The recommended action is to block the suspected source and initiate an investigation.

### Human Review
No mandatory confidence-based referral is required.

### Limitations
- The confidence threshold for human review is set at 0.7, which means that a human reviewer must have a confidence level of at least 70% to initiate a review.
- The human review is not mandatory, and the decision to review the event is based on the confidence level of the model's prediction.",542,319,12.0885716089997,26.388560230102858,False,218
UNSW-OFFICIAL-17774,A1_unconstrained_full,2.0,success,,Generic,False,"### Prediction Summary
The event was predicted to be an Exploits with a confidence of 51.9%. The model's uncertainty score is 48.1%, indicating moderate confidence in the prediction.

### Evidence
The event features include:
- sttl: 254
- sbytes: 31148
- sload: 282096
- smean: 820
- dbytes: 1954

### Risk and Policy
The risk score is 3.3741, and the policy zone is Alert. The recommended action is to raise a SOC alert and enrich the event context.

### Recommended Action
The recommended action is to raise a SOC alert and enrich the event context.

### Human Review
The human review is required due to the detector confidence below the fixed 0.70 threshold.

### Limitations
- The event features are based on local machine learning model outputs, which may not be representative of the entire network.
- The confidence threshold for the model is set at 0.70, which may not be universally applicable across all environments.",608,238,9.243080601999281,25.748991082964324,False,156
UNSW-OFFICIAL-18095,A1_unconstrained_full,2.0,success,,Generic,True,"### Prediction Summary
The event was predicted to be of the type ""Exploitation"" with a high confidence level of 1.0. The model used is a Random Forest with a version number of UNSW-RF-OFFICIAL-1.0.

### Evidence
The evidence supporting the prediction includes:
- The service type identified as ""dns"" (readable evidence: ""Service = dns"").
- The observed value of sbytes as 114 (readable evidence: ""sbytes = 114"").
- The application service being identified (readable evidence: ""An application service is identified"").
- The CT (Connection Tracking) information showing ct_srv_dst as 25 (readable evidence: ""ct_srv_dst = 25"").
- The CT information indicating ct_dst_sport_ltm as 25 (readable evidence: ""ct_dst_sport_ltm = 25"").

### Risk and Policy
The risk score is 6.5, indicating a high risk to the asset criticality of 1.0. The policy zone is set to ""Block,"" suggesting immediate action should be taken to block the suspected source.

### Recommended Action
The recommended action is to block the suspected source and initiate an investigation.

### Human Review
No mandatory human review is required as the confidence threshold is set to 0.7.

### Limitations
- The prediction is based on a single feature set, which may not capture all relevant factors.
- The model's confidence level of 1.0 suggests a high certainty, but it is important to consider other potential sources of risk.
- The evidence provided is limited to a few features, which may not be comprehensive enough to fully understand the context of the event.",545,356,13.148683344000347,27.07495425102319,False,242
UNSW-OFFICIAL-19389,A1_unconstrained_full,2.0,success,,Generic,True,"### Prediction Summary
The event was detected as a potential exploit attempt, classified as ""Generic"" with a high confidence of 1.0. The model predicted the service to be DNS, and the observed value for sbytes was 114, supporting the predicted class.

### Evidence
The evidence includes:
- Service DNS with an observed value of 1.0, supporting the predicted class.
- sbytes with an observed value of 114, also supporting the predicted class.
- An application service identified, supporting the predicted class.
- Protocol UDP with an observed value of 1.0, supporting the predicted class.
- smean with an observed value of 57, supporting the predicted class.

### Risk and Policy
The risk score is 6.5, indicating a high risk to the asset criticality of 1.0. The policy zone is set to ""Block,"" and the recommended action is to block the suspected source and initiate an investigation.

### Recommended Action
The recommended action is to block the suspected source and initiate an investigation.

### Human Review
No mandatory confidence-based referral is required.

### Limitations
- The model's high confidence (1.0) suggests a high level of certainty, but it does not guarantee the accuracy of the prediction.
- The evidence provided is limited to observed values and does not include additional context or expert analysis.
- The model's output is based on a single feature, which may not capture all relevant factors in the event.",530,305,11.384719026999846,26.790296649101844,False,233
UNSW-OFFICIAL-20794,A1_unconstrained_full,2.0,success,,Generic,True,"### Prediction Summary
The event was predicted to be of the type ""Exploitation"" with a high confidence level of 1.0. The model used is a Random Forest with version UNSW-RF-OFFICIAL-1.0.

### Evidence
The evidence supporting the prediction includes:
- **Service DNS**: Indicates a service is identified as DNS.
- **sbytes**: The number of bytes received is 114.
- **ct_srv_dst**: The destination service is identified as 35.
- **ct_dst_sport_ltm**: The destination service port is identified as 22.

### Risk and Policy
The risk score is 6.5, indicating a high risk to the asset. The policy zone is set to ""Block,"" suggesting immediate action should be taken to prevent the exploitation.

### Recommended Action
The recommended action is to block the suspected source and initiate an investigation.

### Human Review
No mandatory confidence-based referral is required.

### Limitations
- The confidence threshold for mandatory human review is set at 0.7, which is not met in this case.
- The event does not require a human review as the confidence threshold is not met.",543,243,8.424641298999632,28.843958024522017,False,171
UNSW-OFFICIAL-20956,A1_unconstrained_full,2.0,success,,Generic,True,"### Prediction Summary
The event was predicted to be of the type ""Exploitation"" with a high confidence level of 1.0. The model used is a Random Forest with version UNSW-RF-OFFICIAL-1.0.

### Evidence
The evidence supporting the prediction includes:
- **Service DNS**: Indicates a service is identified as DNS.
- **sbytes**: The size of the data transferred is 114 bytes.
- **ct_srv_dst**: The destination service is identified as 35.
- **ct_dst_sport_ltm**: The source port of the destination is identified as 16.

### Risk and Policy
The risk score is 6.5, indicating a high risk to the asset. The policy zone is set to ""Block,"" suggesting immediate action should be taken to prevent the exploitation.

### Recommended Action
The recommended action is to block the suspected source and initiate an investigation.

### Human Review
No mandatory human review is required as the confidence threshold is set to 0.7.

### Limitations
- The model's confidence level is 1.0, indicating high certainty in the prediction.
- The human review requirement is not mandatory due to the high confidence threshold.",543,250,9.539281874000153,26.20742350442427,False,175
UNSW-OFFICIAL-22460,A1_unconstrained_full,2.0,success,,Generic,False,"### Prediction Summary
The event was predicted to be a Fuzzer attack with a confidence of 54.45%. The model used is a Random Forest with a version number of UNSW-RF-OFFICIAL-1.0.

### Evidence
The evidence supporting the prediction includes:
- **spkts**: 16 packets
- **ct_srv_dst**: 1 server
- **sloss**: 4 lost packets
- **dbytes**: 700 bytes
- **sbytes**: 1576 bytes

### Risk and Policy
The risk score is 3.5392, indicating a moderate risk. The policy zone is set to Alert, and the recommended action is to raise a SOC alert and enrich the event context.

### Recommended Action
The recommended action is to raise a SOC alert and enrich the event context.

### Human Review
The human review is required due to the detector confidence below the fixed 0.70 threshold.

### Limitations
- The confidence threshold for the detector is set at 0.70, which may lead to false negatives if the confidence falls below this threshold.
- The event data includes only local features, which may not capture all relevant information for a comprehensive analysis.",587,258,9.981264197999735,25.848429104972865,False,174
UNSW-OFFICIAL-22782,A1_unconstrained_full,2.0,success,,Generic,True,"### Prediction Summary
The event was predicted to be of the type ""Exploitation"" with a high confidence level of 1.0. The model used is the Random Forest with version UNSW-RF-OFFICIAL-1.0.

### Evidence
The evidence supporting the prediction includes:
- The service type identified as ""dns"" (readable evidence: ""Service = dns"").
- The observed value of sbytes as 114 (readable evidence: ""sbytes = 114"").
- The observed value of ct_srv_dst as 29 (readable evidence: ""ct_srv_dst = 29"").
- The observed value of ct_dst_sport_ltm as 25 (readable evidence: ""ct_dst_sport_ltm = 25"").

### Risk and Policy
The risk score is 6.5, indicating a high risk to the asset criticality of 1.0. The policy zone is set to ""Block,"" suggesting immediate action should be taken to block the suspected source.

### Recommended Action
The recommended action is to block the suspected source and initiate an investigation.

### Human Review
No mandatory confidence-based referral is required.

### Limitations
- The model's confidence level is 1.0, indicating high certainty but no human review is required.
- The evidence provided is limited to a few features, which may not capture all relevant factors in the event.",544,292,10.61577895299979,27.50622458255756,False,189
UNSW-OFFICIAL-25473,A1_unconstrained_full,2.0,success,,Normal,True,"### Prediction Summary
The event was predicted to be ""Normal"" by the Random Forest model with a confidence of 1.0. The model's uncertainty score is 0.0, indicating high confidence in the prediction.

### Evidence
The event features include:
- `ct_state_ttl`: 0
- `sttl`: 31
- `dttl`: 29
- `ackdat`: 0.000103
- `tcprtt`: 0.000551

These features support the predicted class.

### Risk and Policy
The event is classified as ""Normal"" with a risk score of 0.0 and a policy zone of ""Monitor"". The recommended action is to log the event and continue monitoring.

### Recommended Action
Log the event and continue monitoring.

### Human Review
No mandatory confidence-based referral is required.

### Limitations
- The event features are based on a single observation, which may not be representative of the entire dataset.
- The model's confidence score of 1.0 indicates high certainty, but the model's performance can still be improved with more data and feature engineering.",575,240,8.841868185000749,27.143584927802188,False,155
UNSW-OFFICIAL-29954,A1_unconstrained_full,2.0,success,,Normal,True,"### Prediction Summary
The event was predicted as ""Normal"" by the Random Forest model with a confidence of 1.0. The model's uncertainty score is 0.0, indicating high confidence in the prediction.

### Evidence
The event features include:
- `ct_state_ttl`: 0
- `sttl`: 31
- `dttl`: 29
- `ackdat`: 0.000125
- `dload`: 675621.3125

### Risk and Policy
The event is classified as ""Normal"" with a risk score of 0.0 and a policy zone of ""Monitor"". The recommended action is to log the event and continue monitoring.

### Recommended Action
Log the event and continue monitoring.

### Human Review
No mandatory confidence-based referral is required.

### Limitations
- The event features are based on a single observation, which may not be representative of the entire dataset.
- The model's confidence score of 1.0 indicates high certainty, but the model's performance can still be improved with more data and feature engineering.",564,234,8.947765109999636,26.151781715692525,False,148
UNSW-OFFICIAL-33099,A1_unconstrained_full,2.0,success,,Normal,True,"### Prediction Summary
The event was predicted as ""Normal"" by the Random Forest model with a confidence of 1.0. The model's uncertainty score is 0.0, indicating high confidence in the prediction.

### Evidence
The event features include:
- `ct_state_ttl`: 0
- `sttl`: 31
- `dttl`: 29
- `ackdat`: 0.000136
- `synack`: 0.000563

These features support the predicted class.

### Risk and Policy
The event is classified as ""Normal"" with a risk score of 0.0 and a policy zone of ""Monitor"". The recommended action is to log the event and continue monitoring.

### Recommended Action
Log the event and continue monitoring.

### Human Review
No mandatory confidence-based referral is required.

### Limitations
- The event features are relatively low in value, which may limit the model's confidence in the prediction.
- The event is classified as ""Normal"" with a low risk score, which may indicate a false positive or a low-risk scenario.",574,234,8.23750986899995,28.406642750208693,False,151
UNSW-OFFICIAL-33218,A1_unconstrained_full,2.0,success,,Normal,True,"### Prediction Summary
The event was predicted as ""Normal"" by the Random Forest model with a confidence of 1.0. The model's uncertainty score is 0.0, indicating high confidence in the prediction.

### Evidence
The event features include:
- sttl: 31
- ct_state_ttl: 0
- dttl: 29
- dmean: 76
- dinpkt: 90.6357

These features support the predicted class.

### Risk and Policy
The event is classified as ""Normal"" with a risk score of 0.0 and a policy zone of ""Monitor."" The recommended action is to log the event and continue monitoring.

### Recommended Action
Log the event and continue monitoring.

### Human Review
No mandatory confidence-based referral is required.

### Limitations
- The event features are based on a single observation, which may not be representative of the entire dataset.
- The model's confidence score of 1.0 indicates high certainty, but the absence of a human review does not guarantee the accuracy of the prediction.",555,226,8.571965848000218,26.36501404782478,False,155
UNSW-OFFICIAL-34459,A1_unconstrained_full,2.0,success,,Normal,True,"### Prediction Summary
The event was predicted as ""Normal"" by the Random Forest model with a confidence of 1.0. The model's uncertainty score is 0.0, indicating high confidence in the prediction.

### Evidence
The event features include:
- `ct_state_ttl`: 0
- `sttl`: 31
- `dttl`: 29
- `ackdat`: 0.000262
- `dload`: 595276

### Risk and Policy
The event is classified as ""Normal"" with a risk score of 0.0 and a policy zone of ""Monitor"". The recommended action is to log the event and continue monitoring.

### Recommended Action
Log the event and continue monitoring.

### Human Review
No mandatory confidence-based referral is required.

### Limitations
- The event features are based on a single observation, which may not be representative of the entire dataset.
- The model's confidence score of 1.0 indicates high certainty in the prediction, but the model's performance can still be influenced by rare or unusual events.",564,231,8.873441008000555,26.03274195340045,False,150
UNSW-OFFICIAL-34555,A1_unconstrained_full,2.0,success,,Normal,True,"### Prediction Summary
The event was predicted as ""Normal"" by the Random Forest model with a confidence of 1.0. The model's uncertainty score is 0.0, indicating high confidence in the prediction.

### Evidence
The event features include:
- sttl: 31
- ct_state_ttl: 0
- dload: 749384
- dttl: 29
- dmean: 76

### Risk and Policy
The event is classified as ""Normal"" with a risk score of 0.0 and a policy zone of ""Monitor."" The recommended action is to log the event and continue monitoring.

### Recommended Action
Log the event and continue monitoring.

### Human Review
No mandatory confidence-based referral is required.

### Limitations
- The event features are based on a single observation, which may not be representative of the entire dataset.
- The model's confidence score of 1.0 indicates high certainty, but the absence of a human review does not guarantee the event's legitimacy.",545,217,7.556198313000095,28.71814515861255,False,147
UNSW-OFFICIAL-35071,A1_unconstrained_full,2.0,success,,Normal,True,"### Prediction Summary
The event was predicted to be ""Normal"" by the Random Forest model with a confidence of 1.0. The model's uncertainty score is 0.0, indicating high confidence in the prediction.

### Evidence
The event features include:
- `ct_state_ttl`: 0
- `sttl`: 31
- `dttl`: 29
- `ackdat`: 0.00013
- `dload`: 1.35926e+06

### Risk and Policy
The event is classified as ""Normal"" with a risk score of 0.0 and a policy zone of ""Monitor"". The recommended action is to log the event and continue monitoring.

### Recommended Action
Log the event and continue monitoring.

### Human Review
No mandatory confidence-based referral is required.

### Limitations
- The event features are based on a single observation, which may not be representative of the entire dataset.
- The model's confidence score of 1.0 indicates high certainty, but the model's performance can still be influenced by rare or unusual events.",571,233,9.07088921399918,25.68656660919297,False,148
UNSW-OFFICIAL-35319,A1_unconstrained_full,2.0,success,,Normal,True,"### Prediction Summary
The event was predicted to be **Normal** with a confidence of 1.0. The model used is the Random Forest model version UNSW-RF-OFFICIAL-1.0.

### Evidence
The evidence supporting the prediction includes:
- **ct_state_ttl**: 0 (supports predicted class)
- **sttl**: 31 (supports predicted class)
- **dttl**: 29 (supports predicted class)
- **dload**: 1,513,725,100 (supports predicted class)
- **ackdat**: 0.000122 (supports predicted class)

### Risk and Policy
The risk score is 0.0, indicating no significant risk. The policy zone is **Monitor**, and the recommended action is to **Log the event and continue monitoring**.

### Recommended Action
The recommended action is to **Log the event and continue monitoring**.

### Human Review
No mandatory confidence-based referral is required.

### Limitations
- The event was predicted to be **Normal** with a high confidence, but the evidence is based on a single feature with a relatively low SHAP value.
- The SHAP values for the features are not normalized, which could affect the interpretation of the results.
- The model's confidence is high, but the risk score is low, indicating that the event is not considered a high-risk anomaly.",570,291,11.006818449000093,26.438157524660152,False,185
UNSW-OFFICIAL-36330,A1_unconstrained_full,2.0,success,,Normal,True,"### Prediction Summary
The event was predicted to be **Normal** with a confidence of 99.33%. The model's uncertainty score is 0.67%, indicating a high level of confidence in the prediction.

### Evidence
The event was detected based on several local features:
- **ct_state_ttl**: 0
- **sttl**: 31
- **dttl**: 29
- **ackdat**: 0.000285
- **tcprtt**: 0.000903

These features collectively support the predicted label ""Normal.""

### Risk and Policy
The event is classified as **Normal** with a risk score of 0.0. The policy zone is **Monitor**, and the recommended action is to **Log the event and continue monitoring**.

### Recommended Action
The event is logged and monitored to ensure no further anomalies occur.

### Human Review
No mandatory human review is required as the confidence threshold is not met.

### Limitations
- The event was detected based on a single model and a limited set of features, which may not capture all potential anomalies.
- The confidence threshold for human review is set at 70%, which may lead to missed detections if the model's confidence is below this threshold.",610,267,9.332801729000494,28.608772344357373,False,178
UNSW-OFFICIAL-36644,A1_unconstrained_full,2.0,success,,Normal,True,"### Prediction Summary
The event was predicted as ""Normal"" by the Random Forest model with a confidence of 1.0. The model's uncertainty score is 0.0, indicating high confidence in the prediction.

### Evidence
The event features include:
- sttl: 31
- ct_state_ttl: 0
- dload: 578055
- dttl: 29
- rate: 2676.18

### Risk and Policy
The event is classified as ""Normal"" with a risk score of 0.0 and a policy zone of ""Monitor"". The recommended action is to log the event and continue monitoring.

### Recommended Action
Log the event and continue monitoring.

### Human Review
No mandatory confidence-based referral is required.

### Limitations
- The event features are highly correlated with the predicted label, which may lead to false positives if the model's confidence is not sufficiently high.
- The model's high confidence suggests that the event is likely benign, but further investigation may be necessary to confirm this.",562,222,8.354220051000084,26.57339627694202,False,151
UNSW-OFFICIAL-40504,A1_unconstrained_full,2.0,success,,Normal,False,"### Prediction Summary
The event was predicted to be an Analysis with a confidence of 78.25%. The model used is a Random Forest with a version of UNSW-RF-OFFICIAL-1.0.

### Evidence
The evidence provided includes several features such as ct_srv_dst, sttl, response_body_len, ct_dst_src_ltm, and ct_srv_src, which collectively support the predicted label of Analysis.

### Risk and Policy
The risk score is 2.3474, indicating a moderate risk. The policy zone is set to Alert, and the recommended action is to raise a SOC alert and enrich the event context.

### Recommended Action
The recommended action is to raise a SOC alert and enrich the event context.

### Human Review
No mandatory confidence-based referral is required.

### Limitations
- The confidence threshold for human review is set to 0.7, which means that actions will only be taken if the confidence is above this threshold.
- The event does not require a human review as the confidence threshold is not met.",583,218,8.515474965000067,25.6004510489449,False,157
UNSW-OFFICIAL-42048,A1_unconstrained_full,2.0,success,,Normal,False,"### Prediction Summary
The event was predicted to be a Fuzzer attack with a confidence of 69.62%. The model used is a Random Forest with a version number of UNSW-RF-OFFICIAL-1.0.

### Evidence
The evidence supporting the prediction includes several features:
- **dmean**: 55 (supports predicted class)
- **spkts**: 14 (supports predicted class)
- **sloss**: 4 (supports predicted class)
- **dbytes**: 768 (supports predicted class)
- **sttl**: 254 (supports predicted class)

### Risk and Policy
The risk score is 4.5251, indicating a moderate risk. The policy zone is set to Alert, and the recommended action is to raise a SOC alert and enrich the event context.

### Recommended Action
The recommended action is to raise a SOC alert and enrich the event context. This is based on the high confidence of the model and the moderate risk score.

### Human Review
A human review is required due to the detector confidence below the fixed 0.70 threshold.

### Limitations
- The human review is mandatory as the detector confidence is below the threshold of 0.70.
- The risk score and policy zone are based on the model's confidence, which may not always align with human judgment.",586,283,9.799182200999894,28.879961020739373,False,194
UNSW-OFFICIAL-42451,A1_unconstrained_full,2.0,success,,Normal,True,"### Prediction Summary
The event was predicted as ""Normal"" by the Random Forest model with a confidence of 1.0. The model's uncertainty score is 0.0, indicating high confidence in the prediction.

### Evidence
The event features include:
- sttl: 0
- proto_arp: Protocol = arp
- sbytes: sbytes = 46
- smean: smean = 46
- is_sm_ips_ports: is_sm_ips_ports = 1

### Risk and Policy
The event is classified as ""Normal"" with a risk score of 0.0 and a policy zone of ""Monitor"". The recommended action is to log the event and continue monitoring.

### Recommended Action
Log the event and continue monitoring.

### Human Review
No mandatory confidence-based referral is required.

### Limitations
- The event features are relatively simple, which may limit the model's ability to detect subtle anomalies.
- The model's confidence score of 1.0 indicates high certainty in the prediction, but the absence of a human review does not guarantee the event's legitimacy.",533,227,8.756718277999425,25.92295341627238,False,156
UNSW-OFFICIAL-43110,A1_unconstrained_full,2.0,success,,Normal,True,"### Prediction Summary
The event was predicted as ""Normal"" by the Random Forest model with a confidence of 51.32%. The uncertainty score is 48.7%, indicating moderate confidence in the prediction.

### Evidence
The event features include:
- sbytes: 1066
- smean: 533
- ct_srv_src: 26
- ct_srv_dst: 26
- proto_udp: Protocol = udp

### Risk and Policy
The risk score is 0.0, and the policy zone is ""Monitor"". The recommended action is to log the event and continue monitoring.

### Recommended Action
Log the event and continue monitoring.

### Human Review
The human review requires a confidence threshold of 0.7. The confidence of the model is below this threshold, necessitating further human review.

### Limitations
- The model's confidence is below the fixed threshold of 0.70, necessitating human review.
- The event features include only a few significant features, which may limit the model's ability to accurately predict the event.",579,227,8.768537001999903,25.88801301154645,False,150
UNSW-OFFICIAL-43373,A1_unconstrained_full,2.0,success,,Normal,False,"### Prediction Summary
The event was predicted to be a Fuzzer attack with a confidence of 69.18%. The model used is a Random Forest with a version number of UNSW-RF-OFFICIAL-1.0.

### Evidence
The evidence supporting the prediction includes features such as ct_dst_src_ltm (11), ct_srv_dst (11), ct_src_dport_ltm (2), ct_srv_src (11), and sbytes (1612). These features are all above the threshold of 11, which is a key indicator for the Fuzzer attack.

### Risk and Policy
The risk score is 4.4966, indicating a moderate risk. The policy zone is set to Alert, and the recommended action is to raise a SOC alert and enrich the event context.

### Recommended Action
The recommended action is to raise a SOC alert and enrich the event context. This is based on the high confidence of the prediction and the moderate risk level.

### Human Review
The human review requirement is set to true, with a confidence threshold of 0.7. This indicates that the detector's confidence is below the fixed threshold of 0.70, necessitating further human review.

### Limitations
The limitations of this report include the low confidence of the model (below the fixed threshold of 0.70), which may require additional human review to ensure accuracy. The risk score and policy zone are moderate, but the confidence threshold is a critical factor in the decision-making process.",602,316,11.16225034099989,28.30970371980507,False,220
UNSW-OFFICIAL-43394,A1_unconstrained_full,2.0,success,,Normal,False,"### Prediction Summary
The event was predicted to be a Fuzzer attack with a high confidence of 91.1%. The model used is a Random Forest with a version number of UNSW-RF-OFFICIAL-1.0.

### Evidence
The evidence supporting the prediction includes:
- Protocol: UDP (Protocol = udp)
- sbytes: 1772 (sbytes = 1772)
- smean: 886 (smean = 886)
- ct_srv_dst: 32 (ct_srv_dst = 32)
- ct_srv_src: 32 (ct_srv_src = 32)

### Risk and Policy
The risk score is 5.9218, indicating a high risk. The policy zone is set to Block, and the recommended action is to block the suspected source and initiate an investigation.

### Recommended Action
The recommended action is to block the suspected source and initiate an investigation.

### Human Review
No mandatory confidence-based referral is required.

### Limitations
- The prediction is based on a single model and may not be comprehensive.
- The confidence threshold for human review is set at 0.7, which may not always be met in real-time scenarios.
- The local features analyzed do not provide a comprehensive understanding of the attack's characteristics.",576,276,10.05433299699962,27.45085129787953,False,179
UNSW-OFFICIAL-43864,A1_unconstrained_full,2.0,success,,Shellcode,True,"### Prediction Summary
The event was detected as a potential Shellcode intrusion attempt. The model predicted a Shellcode label with a confidence of 70.48%, indicating a high likelihood of malicious activity.

### Evidence
- **stcpb**: 4.28626e+09 (opposes predicted class)
- **sbytes**: 720 (supports predicted class)
- **ct_dst_src_ltm**: 1 (supports predicted class)
- **service_-**: unspecified (supports predicted class)
- **dmean**: 45 (supports predicted class)

### Risk and Policy
The risk score is 5.9911, indicating a significant risk to the asset. The policy zone is set to Block, and the recommended action is to block the suspected source and initiate an investigation.

### Recommended Action
Block the suspected source and initiate investigation.

### Human Review
No mandatory confidence-based referral is required.

### Limitations
- The model's confidence threshold is set at 0.7, which may lead to false positives if the confidence is below this threshold.
- The model's prediction is based on a single feature, which may not be comprehensive enough for a thorough analysis.",595,250,9.501687154000138,26.311116746750802,False,163
UNSW-OFFICIAL-43895,A1_unconstrained_full,2.0,success,,Exploits,True,"### Prediction Summary
The event was predicted to be an Exploits with a confidence of 70.45%. The model used is the Random Forest model version UNSW-RF-OFFICIAL-1.0.

### Evidence
The model's predictions are supported by several local features:
- sttl: 62
- smean: 1220
- sbytes: 283028
- dbytes: 3010
- dpkts: 50

### Risk and Policy
The risk score is 4.5793, indicating a high risk. The policy zone is set to Alert, and the recommended action is to raise a SOC alert and enrich the event context.

### Recommended Action
The recommended action is to raise a SOC alert and enrich the event context.

### Human Review
No mandatory confidence-based referral is required.

### Limitations
- The model's confidence is based on a single feature, which may not be sufficient for a comprehensive risk assessment.
- The event's severity is moderate, but the risk score indicates a high potential impact.",594,232,8.668139487999724,26.764682354406453,False,150
UNSW-OFFICIAL-43985,A1_unconstrained_full,2.0,success,,Worms,True,"### Prediction Summary
The event was predicted to be a Worms attack with a confidence of 47.96%. The model used is the Random Forest model version UNSW-RF-OFFICIAL-1.0.

### Evidence
The evidence supporting the prediction includes:
- Service = http (Supports predicted class)
- sbytes = 2416 (Supports predicted class)
- dpkts = 236 (Supports predicted class)
- An application service is identified (Supports predicted class)
- sttl = 254 (Supports predicted class)

### Risk and Policy
The risk score is 4.0764, indicating a high risk. The policy zone is set to Alert, and the recommended action is to raise a SOC alert and enrich the event context.

### Recommended Action
The recommended action is to raise a SOC alert and enrich the event context.

### Human Review
Human review is required due to the detector confidence below the fixed 0.70 threshold.

### Limitations
- The confidence threshold for the detector is set at 0.70, which may lead to false negatives if the confidence is below this threshold.
- The human review requirement ensures that the decision is made by a human, but it may not be as accurate as automated detection systems.",585,272,9.819539295999675,27.699873874002265,False,192
UNSW-OFFICIAL-44001,A1_unconstrained_full,2.0,success,,Exploits,True,"### Prediction Summary
The event was predicted to be an Exploits with a high confidence of 78%. The model used is the Random Forest model version UNSW-RF-OFFICIAL-1.0.

### Evidence
The model's predictions are supported by several local features:
- sttl: 62
- dbytes: 1740
- dloss: 8
- dpkts: 22
- sbytes: 3035

### Risk and Policy
The predicted stage is Exploitation, with a stage severity of 6.5, indicating a high risk. The asset criticality is 1.0, and the risk score is 5.0667. The policy zone is set to Block, and the recommended action is to block the suspected source and initiate investigation.

### Recommended Action
The recommended action is to block the suspected source and initiate an investigation.

### Human Review
No mandatory confidence-based referral is required.

### Limitations
- The model's confidence threshold is set to 0.7, which may lead to false positives.
- The local features used in the prediction are not publicly available, limiting the ability to verify the model's accuracy.",583,254,9.717307236000124,26.138928597317097,False,165
UNSW-OFFICIAL-44015,A1_unconstrained_full,2.0,success,,Fuzzers,True,"### Prediction Summary
The event was predicted to be a Fuzzer attack with a high confidence of 95.01%. The model used is a Random Forest with a version number of UNSW-RF-OFFICIAL-1.0.

### Evidence
The evidence supporting the prediction includes high values for sbytes (3688), dbytes (708), spkts (20), sloss (4), and ct_dst_src_ltm (2). These features are all positively correlated with the predicted label ""Fuzzers"".

### Risk and Policy
The risk score is 6.1759, indicating a significant risk to the asset criticality of 1.0. The policy zone is set to ""Block"", suggesting immediate action should be taken to prevent the attack.

### Recommended Action
The recommended action is to block the suspected source and initiate an investigation. This is based on the high confidence and the severity of the predicted stage (Exploitation).

### Human Review
No mandatory confidence-based referral is required as the confidence threshold is set to 0.7.

### Limitations
- The prediction is based on a single model and may not account for all possible attack vectors.
- The human review is not required due to the high confidence threshold.
- The local features used in the prediction are not detailed in the provided data, limiting the ability to interpret the model's decision-making process.",586,291,11.049009571999704,26.33720227172664,False,205
UNSW-OFFICIAL-44322,A1_unconstrained_full,2.0,success,,Shellcode,False,"### Prediction Summary
The event was predicted to be a Fuzzer attack with a confidence of 29.9% and an uncertainty score of 70.1%. The model's output aligns with the detected behavior, which is consistent with the observed features.

### Evidence
The event was detected based on the following features:
- `ct_dst_src_ltm = 1`
- `sbytes = 1132`
- `Service = unspecified`
- `ct_srv_dst = 2`
- `Service is not http`

### Risk and Policy
The risk score is 1.9434, indicating a moderate risk. The policy zone is set to Monitor, and the recommended action is to log the event and continue monitoring.

### Recommended Action
Log the event and continue monitoring.

### Human Review
The required human review is indicated, with a confidence threshold of 0.7. The reason is that the detector's confidence is below the fixed threshold of 0.70.

### Limitations
- The event was detected based on a single feature, which may not be sufficient for a definitive classification.
- The confidence threshold of 0.70 was used, which may not be universally applicable across all systems or environments.
- The human review requirement ensures that the decision is not solely based on the model's output but also on the context and additional evidence.",581,284,10.410355709999749,27.28052795806022,False,205
UNSW-OFFICIAL-44403,A1_unconstrained_full,2.0,success,,Shellcode,True,"### Prediction Summary
The event was detected as a potential Shellcode intrusion attempt. The model predicted a Shellcode label with a confidence of 59.74%, indicating a high likelihood of malicious activity.

### Evidence
The evidence includes:
- Service unspecified
- sbytes: 728
- ct_dst_src_ltm: 1
- dpkts: 6
- dbytes: 268

### Risk and Policy
The risk score is 5.0775, indicating a significant risk to the asset. The policy zone is set to Block, and the recommended action is to block the suspected source and initiate an investigation.

### Recommended Action
The recommended action is to block the suspected source and initiate an investigation.

### Human Review
The human review requires a confidence threshold of 0.7. The detector's confidence is below this threshold, necessitating further human review.

### Limitations
- The human review requirement is due to the detector's confidence being below the fixed 0.70 threshold.
- The risk score and policy zone are set to Block and Block respectively, respectively.",582,232,8.22706844899949,28.199595206748764,False,161
UNSW-OFFICIAL-44487,A1_unconstrained_full,2.0,success,,Worms,True,"### Prediction Summary
The event was predicted to be a Worms attack with a high confidence of 76.4%. The model used is the Random Forest model version UNSW-RF-OFFICIAL-1.0.

### Evidence
The evidence supporting the prediction includes:
- **sbytes**: 1306 (supports predicted class)
- **smean**: 131 (supports predicted class)
- **service_http**: 1 (supports predicted class)
- **service_-**: 0 (supports predicted class)
- **ct_flw_http_mthd**: 1 (supports predicted class)

### Risk and Policy
The risk score is 6.4937, indicating a high risk. The policy zone is set to Block, and the recommended action is to block the suspected source and initiate an investigation.

### Recommended Action
The recommended action is to block the suspected source and initiate an investigation.

### Human Review
No mandatory confidence-based referral is required.

### Limitations
- The confidence threshold for human review is set at 0.7, which may not always be appropriate for all events.
- The model's prediction is based on a single feature, which may not be comprehensive enough for a thorough analysis.",583,254,9.684082531000058,26.228607530647498,False,167
UNSW-OFFICIAL-44627,A1_unconstrained_full,2.0,success,,Fuzzers,True,"### Prediction Summary
The event was predicted to be a Fuzzer attack with a confidence of 76.36%. The model used is a Random Forest with a version number of UNSW-RF-OFFICIAL-1.0.

### Evidence
The evidence includes the following features:
- ct_srv_dst = 10
- ct_srv_src = 10
- ct_dst_src_ltm = 3
- ct_src_dport_ltm = 3
- sbytes = 566

### Risk and Policy
The predicted stage is Exploitation, with a stage severity of 6.5, indicating a high risk. The asset criticality is 1.0, and the risk score is 4.9633. The policy zone is Alert, and the recommended action is to raise a SOC alert and enrich the event context.

### Recommended Action
The recommended action is to raise a SOC alert and enrich the event context.

### Human Review
No mandatory confidence-based referral is required.

### Limitations
- The confidence threshold for human review is set at 0.7, which means that if the confidence score is below this threshold, no human review is required.
- The event is classified as a Fuzzer attack, which is a type of network intrusion that involves the use of fuzzers to exploit vulnerabilities in software systems.",592,281,10.776776407000398,26.074587556392792,False,191
UNSW-OFFICIAL-44897,A1_unconstrained_full,2.0,success,,Worms,True,"### Prediction Summary
The event was predicted to be a Worms attack with a high confidence of 78.85%. The model used is the Random Forest model version UNSW-RF-OFFICIAL-1.0.

### Evidence
The evidence supporting the prediction includes:
- **sbytes**: 1282 (supports predicted class)
- **smean**: 128 (supports predicted class)
- **service_http**: 1 (supports predicted class)
- **service_-**: 0 (supports predicted class)
- **ct_flw_http_mthd**: 1 (supports predicted class)

### Risk and Policy
The risk score is 6.7023, indicating a high risk. The policy zone is set to Block, and the recommended action is to block the suspected source and initiate an investigation.

### Recommended Action
The recommended action is to block the suspected source and initiate an investigation.

### Human Review
No mandatory confidence-based referral is required.

### Limitations
- The confidence threshold for human review is set at 0.7, which may not always be appropriate for all events.
- The model's prediction is based on a single feature, which may not be comprehensive enough for a thorough analysis.",582,255,8.910560305999752,28.61772899155407,False,167
UNSW-OFFICIAL-45256,A1_unconstrained_full,2.0,success,,Exploits,True,"### Prediction Summary
The event was predicted to be an Exploits with a confidence of 37.62%. The model's uncertainty score is 62.38%, indicating a high level of confidence in the prediction.

### Evidence
The model's output is based on several features including rate, dinpkt, dpkts, dload, and sload. The observed values for these features are 22.96, 0.009, 2, 2510.27, and 4653.19 respectively, with corresponding SHAP values of 0.0258, 0.0210, 0.0188, 0.0184, and 0.0183.

### Risk and Policy
The risk score is 2.445, indicating a moderate risk. The policy zone is set to Alert, and the recommended action is to raise a SOC alert and enrich the event context.

### Recommended Action
The recommended action is to raise a SOC alert and enrich the event context. This is based on the high confidence level and the severity of the predicted stage (Exploitation).

### Human Review
The human review requirement is set to true, with a confidence threshold of 0.7. This indicates that the detector's confidence is below the fixed threshold of 0.70, necessitating further human review.

### Limitations
- The model's confidence is below the fixed threshold of 0.70, necessitating human review.
- The event's criticality is moderate, and the risk score is moderate, indicating a moderate risk level.",652,349,13.007297731000108,26.831091839178345,False,208
UNSW-OFFICIAL-45328,A1_unconstrained_full,2.0,success,,Generic,False,"### Prediction Summary
The event was predicted to be an Exploits with a confidence of 61.6% and an uncertainty score of 38.4%. The model used is the Random Forest with version UNSW-RF-OFFICIAL-1.0.

### Evidence
The evidence supporting the prediction includes high values for sbytes (1250), dmean (310), dbytes (2482), sload (41650.7), and ackdat (0.044777). These features are all positively correlated with the predicted label ""Exploits"".

### Risk and Policy
The risk score is 4.0043, indicating a moderate risk. The policy zone is set to Alert, and the recommended action is to raise a SOC alert and enrich the event context.

### Recommended Action
The recommended action is to raise a SOC alert and enrich the event context. This is based on the high confidence of the model and the moderate risk score.

### Human Review
The human review is required due to the detector confidence below the fixed 0.70 threshold. This indicates that the model's confidence in the prediction is below the threshold, which may require further investigation.

### Limitations
- The model's confidence is below the fixed threshold of 0.70, necessitating a human review.
- The event's criticality is low (1.0), but the risk score is moderate (4.0043), indicating a need for caution.
- The event's stage severity is high (6.5), suggesting immediate attention is required.",626,336,12.607112210000196,26.651622862012648,False,217
UNSW-OFFICIAL-45697,A1_unconstrained_full,2.0,success,,Reconnaissance,True,"### Prediction Summary
The event was predicted to be of the type ""Reconnaissance"" with a confidence of 59.09%. The model used is the Random Forest with version UNSW-RF-OFFICIAL-1.0.

### Evidence
The evidence for the prediction includes:
- An application service is identified.
- The service type is HTTP.
- The service mean (smean) is 81.
- The service bytes (sbytes) are 808.
- The data loss (dloss) is 1.

### Risk and Policy
The risk score is 1.7726, indicating a moderate risk. The policy zone is ""Monitor,"" and the recommended action is to log the event and continue monitoring.

### Recommended Action
Log the event and continue monitoring.

### Human Review
The human review requires a confidence threshold of 0.7. The confidence of the model is below this threshold, necessitating further human review.

### Limitations
- The model's confidence is below the fixed threshold of 0.70, necessitating human review.
- The event is of moderate risk, but further investigation is required to confirm the nature of the service and its potential impact.",572,251,9.623972378999497,26.080706605902982,False,172
UNSW-OFFICIAL-45795,A1_unconstrained_full,2.0,success,,Worms,True,"### Prediction Summary
The event was predicted to be a Worms attack with a confidence of 64.02%. The model used is the Random Forest model version UNSW-RF-OFFICIAL-1.0.

### Evidence
The evidence supporting the prediction includes:
- **sbytes**: 1292 (supports predicted class)
- **smean**: 129 (supports predicted class)
- **service_-**: An application service is identified (supports predicted class)
- **ct_flw_http_mthd**: 1 (supports predicted class)
- **service_http**: Service = http (supports predicted class)

### Risk and Policy
The risk score is 5.4415, indicating a high risk. The policy zone is set to Block, and the recommended action is to block the suspected source and initiate an investigation.

### Recommended Action
The recommended action is to block the suspected source and initiate an investigation.

### Human Review
A human review is required due to the detector confidence below the fixed 0.70 threshold.

### Limitations
- The human review is mandatory as the detector confidence is below the threshold.
- The risk score is 5.4415, indicating a high risk, but the confidence threshold is set at 0.70, which may not always be met in real-time scenarios.",588,279,10.611745334000261,26.291622274997305,False,182
UNSW-OFFICIAL-45818,A1_unconstrained_full,2.0,success,,Exploits,True,"### Prediction Summary
The event was predicted to be an Exploits attack with a high confidence of 85.87%. The model used is the Random Forest model version UNSW-RF-OFFICIAL-1.0.

### Evidence
The model's predictions are supported by several local features:
- sttl: 62
- dbytes: 1614
- dpkts: 22
- dloss: 9
- sbytes: 1178

### Risk and Policy
The risk score is 5.5813, indicating a high risk. The policy zone is set to Block, and the recommended action is to block the suspected source and initiate an investigation.

### Recommended Action
The recommended action is to block the suspected source and initiate an investigation.

### Human Review
No mandatory confidence-based referral is required.

### Limitations
- The model's confidence threshold is set to 0.7, which means that a confidence score below 0.7 is not considered for mandatory referral.
- The human review is not required, as the confidence threshold was not met.",581,234,8.058445539000786,29.03785833973819,False,152
UNSW-OFFICIAL-45887,A1_unconstrained_full,2.0,success,,Reconnaissance,True,"### Prediction Summary
The event was predicted to be of the type ""Reconnaissance"" with a high confidence of 93.32%. The model used is the Random Forest model version UNSW-RF-OFFICIAL-1.0.

### Evidence
The evidence supporting the prediction includes:
- sbytes: 564
- smean: 56
- sjit: 5386.09
- dmean: 44
- dpkts: 8

### Risk and Policy
The risk score is 2.7995, indicating a moderate risk. The policy zone is set to ""Alert,"" and the recommended action is to raise a SOC alert and enrich the event context.

### Recommended Action
The recommended action is to raise a SOC alert and enrich the event context.

### Human Review
No mandatory confidence-based referral is required.

### Limitations
- The model's confidence is high but not perfect, with a confidence threshold of 0.7.
- The event's context is limited to the provided local features, which may not capture all relevant information.",594,232,8.766275440000754,26.465059373035174,False,148
UNSW-OFFICIAL-45973,A1_unconstrained_full,2.0,success,,Reconnaissance,True,"### Prediction Summary
The event was predicted to be of the type ""Reconnaissance"" with a high confidence of 95.14%. The model used is the Random Forest, version UNSW-RF-OFFICIAL-1.0.

### Evidence
The evidence supporting the prediction includes:
- sbytes: 168
- smean: 84
- proto_udp: Protocol = udp
- ct_dst_src_ltm: ct_dst_src_ltm = 1
- sload: 3,952,941,200

### Risk and Policy
The risk score is 2.8543, indicating a moderate risk. The policy zone is set to ""Alert,"" and the recommended action is to raise a SOC alert and enrich the event context.

### Recommended Action
The recommended action is to raise a SOC alert and enrich the event context.

### Human Review
No mandatory confidence-based referral is required.

### Limitations
- The model's confidence is high but not absolute, as the uncertainty score is 0.048554714157371226.
- The event is classified as ""Reconnaissance,"" which could potentially be misinterpreted as benign activity.
- The human review is not required due to the high confidence threshold of 0.7.",592,282,10.605692809000175,26.589493499254466,False,163
UNSW-OFFICIAL-46039,A1_unconstrained_full,2.0,success,,Exploits,True,"### Prediction Summary
The event was predicted to be an Exploits with a confidence of 69.77%. The model used is the Random Forest model version UNSW-RF-OFFICIAL-1.0.

### Evidence
The evidence supporting the prediction includes the following features:
- **dmean**: 356 (supports predicted class)
- **dbytes**: 3560 (supports predicted class)
- **smean**: 137 (supports predicted class)
- **sbytes**: 1642 (supports predicted class)
- **dload**: 36514 (supports predicted class)

### Risk and Policy
The risk score is 4.5351, indicating a moderate risk. The policy zone is set to Alert, and the recommended action is to raise a SOC alert and enrich the event context.

### Recommended Action
The recommended action is to raise a SOC alert and enrich the event context.

### Human Review
Human review is required due to the detector confidence below the fixed 0.70 threshold.

### Limitations
- The human review requirement is due to the detector confidence below the fixed threshold of 0.70.
- The risk score is based on the model's confidence, which is 69.77%, and not on the human reviewer's confidence.",608,278,10.120062807999602,27.47018524235338,False,175
UNSW-OFFICIAL-46255,A1_unconstrained_full,2.0,success,,Shellcode,False,"### Prediction Summary
The event was predicted as ""Normal"" by the Random Forest model with a confidence of 46.6% and an uncertainty score of 53.4%. The model's confidence is below the fixed threshold of 0.70, necessitating human review.

### Evidence
The event features include:
- ct_srv_src: 20
- ct_dst_src_ltm: 3
- ct_srv_dst: 9
- sbytes: 504
- smean: 50

### Risk and Policy
The risk score is 0.0, indicating low risk. The policy zone is ""Monitor,"" and the recommended action is to log the event and continue monitoring.

### Recommended Action
Log the event and continue monitoring.

### Human Review
A human review is required due to the detector's confidence below the fixed threshold of 0.70.

### Limitations
- The event features are based on raw data and do not include any additional context or metadata.
- The human review is necessary because the model's confidence is below the threshold, which may indicate a false positive or a need for further investigation.",578,239,8.63179254700026,27.688339206328337,False,162
UNSW-OFFICIAL-46335,A1_unconstrained_full,2.0,success,,Reconnaissance,False,"### Prediction Summary
The event was predicted as ""Normal"" by the Random Forest model with a confidence of 0.2337. The uncertainty score is 0.7663, indicating a high level of confidence in the prediction.

### Evidence
The event features include:
- sttl: 254 (opposes predicted class)
- proto_tcp: 1.0 (supports predicted class)
- tcprtt: 0.0 (supports predicted class)
- dttl: 252 (opposes predicted class)
- swin: 255.0 (supports predicted class)

### Risk and Policy
The risk score is 0.0, and the policy zone is ""Monitor."" The recommended action is to log the event and continue monitoring.

### Recommended Action
Log the event and continue monitoring.

### Human Review
The human review requires a confidence threshold of 0.7. The confidence of the model is below this threshold, necessitating further investigation.

### Limitations
- The model's confidence is below the fixed threshold of 0.70, necessitating a human review to ensure the event is properly handled.
- The event features include both positive and negative indicators, which can lead to false positives or negatives depending on the threshold used.",576,266,10.081914657000198,26.38387737346176,False,175
UNSW-OFFICIAL-46444,A1_unconstrained_full,2.0,success,,Generic,False,"### Prediction Summary
The event was predicted to be an Exploits with a confidence of 50.82%. The model's uncertainty score is 49.18%, indicating moderate confidence in the prediction.

### Evidence
The model's features include:
- `dloss`: 6
- `sbytes`: 988
- `dbytes`: 1312
- `dpkts`: 16
- `dttl`: 252

These features support the predicted label of Exploits.

### Risk and Policy
The risk score is 3.3035, indicating a medium risk. The policy zone is set to Alert, and the recommended action is to raise a SOC alert and enrich the event context.

### Recommended Action
The recommended action is to raise a SOC alert and enrich the event context.

### Human Review
The human review is required due to the detector confidence below the fixed 0.70 threshold.

### Limitations
- The model's confidence is below the fixed threshold of 0.70, necessitating human review.
- The event's criticality and asset importance are moderate, but the risk score is still considered medium.",588,251,9.595525052000085,26.158026646773408,False,160
UNSW-OFFICIAL-46552,A1_unconstrained_full,2.0,success,,Reconnaissance,True,"### Prediction Summary
The event was predicted to be of the type ""Reconnaissance"" with a high confidence of 95.45%. The model used is a Random Forest with a version number of UNSW-RF-OFFICIAL-1.0.

### Evidence
The evidence supporting the prediction includes:
- sbytes: 564
- smean: 56
- dmean: 44
- synack: 0.016741
- sload: 6416.39

### Risk and Policy
The risk score is 2.8635, indicating a moderate risk. The policy zone is set to ""Alert,"" and the recommended action is to raise a SOC alert and enrich the event context.

### Recommended Action
The recommended action is to raise a SOC alert and enrich the event context.

### Human Review
No mandatory confidence-based referral is required.

### Limitations
- The event is a single instance and does not provide context for further analysis.
- The model's confidence threshold is not met (0.7), so no human review is necessary.",616,236,8.329200061999472,28.334053479722378,False,148
UNSW-OFFICIAL-46586,A1_unconstrained_full,2.0,success,,Generic,False,"### Prediction Summary
The event was predicted to be an Exploits with a confidence of 60.12% and an uncertainty score of 39.88%. The model used is a Random Forest with version UNSW-RF-OFFICIAL-1.0.

### Evidence
The evidence supporting the prediction includes several features:
- **smean**: 122
- **sbytes**: 1216
- **dmean**: 109
- **dbytes**: 874
- **sload**: 12213.1

These features are positively correlated with the predicted label ""Exploits.""

### Risk and Policy
The risk score is 3.908, indicating a moderate risk. The policy zone is set to Alert, and the recommended action is to raise a SOC alert and enrich the event context.

### Recommended Action
The recommended action is to raise a SOC alert and enrich the event context.

### Human Review
Human review is required due to the detector confidence below the fixed 0.70 threshold.

### Limitations
- The confidence threshold for the detector is set at 0.70, which may lead to false negatives if the model's confidence is below this threshold.
- The human review is necessary to ensure the accuracy of the alert and to provide additional context to the SOC team.",608,286,10.890693717999966,26.26095337960921,False,185
UNSW-OFFICIAL-46849,A1_unconstrained_full,2.0,success,,DoS,True,"### Prediction Summary
The event was predicted to be a Distributed Denial of Service (DoS) attack with a confidence of 25.17%. The model used is a Random Forest with a version number of UNSW-RF-OFFICIAL-1.0.

### Evidence
The evidence supporting the prediction includes:
- The protocol is not UDP.
- The size of the data sent (sbytes) is 200.
- The destination port (ct_dst_sport_ltm) is 4.
- The standard deviation of the size of the data sent (smean) is 100.
- The size of the window (swin) is 0.

### Risk and Policy
The risk score is 1.7622, indicating a moderate risk. The policy zone is Monitor, and the recommended action is to log the event and continue monitoring.

### Recommended Action
Log the event and continue monitoring.

### Human Review
A human review is required due to the detector confidence below the fixed 0.70 threshold.

### Limitations
- The confidence threshold for the detector is set at 0.70, which may lead to false negatives if the confidence is below this threshold.
- The human review is necessary to ensure the accuracy of the event classification and to provide additional context for the incident.",582,275,10.506393419000233,26.174538591204634,False,193
UNSW-OFFICIAL-46967,A1_unconstrained_full,2.0,success,,Fuzzers,True,"### Prediction Summary
The event was predicted to be a Fuzzer attack with a confidence of 67.6% and an uncertainty score of 32.4%. The model used is a Random Forest with a version number of UNSW-RF-OFFICIAL-1.0.

### Evidence
The evidence supporting the prediction includes features such as ct_dst_src_ltm (2), ct_srv_dst (6), ct_srv_src (6), ct_src_dport_ltm (2), and dpkts (6). These features are significant in the model's decision-making process.

### Risk and Policy
The risk score is 4.3958, indicating a moderate risk. The policy zone is set to Alert, and the recommended action is to raise a SOC alert and enrich the event context.

### Recommended Action
The recommended action is to raise a SOC alert and enrich the event context. This is based on the high confidence of the model and the moderate risk score.

### Human Review
A human review is required due to the detector confidence below the fixed 0.70 threshold. The confidence threshold was not met, necessitating further investigation.

### Limitations
The limitations include the low detector confidence below the fixed threshold of 0.70, which necessitates a human review to ensure the accuracy of the alert. Additionally, the model's performance may vary based on the specific environment and network conditions.",592,290,10.696216053999706,27.112391759472587,False,202
UNSW-OFFICIAL-47133,A1_unconstrained_full,2.0,success,,DoS,True,"### Prediction Summary
The event was predicted to be a Distributed Denial of Service (DoS) attack with a confidence of 57.98%. The model used is a Random Forest with a version number of UNSW-RF-OFFICIAL-1.0.

### Evidence
The evidence supporting the prediction includes several features:
- `response_body_len`: 105 bytes
- `dmean`: 127 bytes
- `sbytes`: 758 bytes
- `sttl`: 62 milliseconds
- `dbytes`: 1018 bytes

### Risk and Policy
The risk score is 4.0585, indicating a moderate risk. The policy zone is set to Alert, and the recommended action is to raise a SOC alert and enrich the event context.

### Recommended Action
The recommended action is to raise a SOC alert and enrich the event context.

### Human Review
A human review is required due to the detector confidence below the fixed 0.70 threshold.

### Limitations
- The human review is mandatory as the detector confidence is below the threshold.
- The risk score is moderate, but the policy zone is set to Alert, which may lead to false positives if not carefully managed.",593,260,9.254489720000493,28.094471750084363,False,174
UNSW-OFFICIAL-47310,A1_unconstrained_full,2.0,success,,Reconnaissance,True,"### Prediction Summary
The event was predicted to be of the type ""Reconnaissance"" with a high confidence of 94.62%. The model used is a Random Forest with a version number of UNSW-RF-OFFICIAL-1.0.

### Evidence
The evidence supporting the prediction includes features such as sbytes (168), smean (84), proto_udp (1), ct_dst_src_ltm (1), and ct_srv_dst (1). These features are all above the threshold, indicating a high likelihood of the event being of the ""Reconnaissance"" type.

### Risk and Policy
The risk score is 2.8386, which is above the policy threshold of 2.0. The policy zone is set to ""Alert,"" indicating that an alert should be raised. The recommended action is to raise a SOC alert and enrich the event context.

### Recommended Action
The recommended action is to raise a SOC alert and enrich the event context. This action aligns with the policy and risk assessment.

### Human Review
No mandatory human review is required based on the confidence threshold of 0.7.

### Limitations
- The model's confidence is high, but the evidence is not overwhelming. Additional context or more features might be needed to confirm the prediction.
- The event is classified as ""Reconnaissance,"" which is a low-severity event. However, it is still important to raise an alert to ensure proper monitoring and response.",579,305,11.524843877999956,26.46456674196009,False,213
UNSW-OFFICIAL-47341,A1_unconstrained_full,2.0,success,,Worms,True,"### Prediction Summary
The event was predicted to be a Worms attack with a confidence of 66.8% and an uncertainty score of 33.2%. The model used is the Random Forest model version UNSW-RF-OFFICIAL-1.0.

### Evidence
The evidence supporting the prediction includes:
- **sbytes**: 1308 bytes
- **smean**: 131 bytes
- **service_-**: An application service is identified
- **ct_flw_http_mthd**: HTTP method is used
- **service_http**: Service is HTTP

### Risk and Policy
The risk score is 5.6774, indicating a high risk. The policy zone is set to Block, and the recommended action is to block the suspected source and initiate an investigation.

### Recommended Action
The recommended action is to block the suspected source and initiate an investigation.

### Human Review
A human review is required due to the detector confidence below the fixed 0.70 threshold.

### Limitations
- The human review is mandatory as the detector confidence is below the threshold.
- The risk score is based on the model's confidence, which may not always align with human judgment.",588,252,9.671178784000404,26.056802963553764,False,169
UNSW-OFFICIAL-47369,A1_unconstrained_full,2.0,success,,DoS,True,"### Prediction Summary
The event was predicted to be a Distributed Denial of Service (DoS) attack with a confidence of 22.77%. The model used is a Random Forest with a version number of UNSW-RF-OFFICIAL-1.0.

### Evidence
The evidence supporting the prediction includes:
- The protocol is not UDP.
- The duration is extremely low (7.6e-05 seconds).
- The rate of data transfer is zero.
- The source port is 6.
- The size of the data sent is 60 bytes.

### Risk and Policy
The risk score is 1.5936, indicating a moderate risk. The policy zone is Monitor, and the recommended action is to log the event and continue monitoring.

### Recommended Action
Log the event and continue monitoring.

### Human Review
A human review is required due to the detector confidence below the fixed 0.70 threshold.

### Limitations
- The confidence threshold for the detector is set at 0.70, which may lead to false negatives if the actual risk is below this threshold.
- The human review is necessary to ensure the accuracy of the event classification and to provide additional context for the incident.",594,254,9.274568329999965,27.38671935581081,False,186
UNSW-OFFICIAL-47404,A1_unconstrained_full,2.0,success,,Generic,False,"### Prediction Summary
The event was predicted to be a Distributed Denial of Service (DoS) attack with a confidence of 22.77%. The model used is a Random Forest with a version number of UNSW-RF-OFFICIAL-1.0.

### Evidence
The evidence supporting the prediction includes:
- The protocol is not UDP.
- The duration is extremely low (7.6e-05 seconds).
- The rate of data transfer is zero.
- The source port is 6.
- The size of the data sent is 60 bytes.

### Risk and Policy
The risk score is 1.5936, indicating a moderate risk. The policy zone is Monitor, and the recommended action is to log the event and continue monitoring.

### Recommended Action
Log the event and continue monitoring.

### Human Review
A human review is required due to the detector confidence below the fixed 0.70 threshold.

### Limitations
- The confidence threshold for the detector is set at 0.70, which may lead to false negatives if the actual risk is below this threshold.
- The human review is necessary to ensure the accuracy of the event classification and to provide additional context for the incident.",594,254,9.314231740999276,27.270096671735768,False,186
UNSW-OFFICIAL-47409,A1_unconstrained_full,2.0,success,,Fuzzers,False,"### Prediction Summary
The event was predicted to be a Shellcode attack with a confidence of 51.51% and an uncertainty score of 48.49%. The model used is a Random Forest with a version number of UNSW-RF-OFFICIAL-1.0.

### Evidence
The evidence supporting the prediction includes:
- ct_dst_src_ltm = 1
- ct_srv_dst = 6
- Service = unspecified
- dmean = 45

### Risk and Policy
The risk score is 4.38, indicating a high risk to the asset. The policy zone is set to Alert, and the recommended action is to raise a SOC alert and enrich the event context.

### Recommended Action
The recommended action is to raise a SOC alert and enrich the event context.

### Human Review
The human review is required due to the detector confidence below the fixed 0.70 threshold.

### Limitations
- The confidence threshold for the detector is set at 0.70, which may lead to false negatives if the confidence falls below this threshold.
- The event is classified as a Shellcode attack, which is a specific type of cyber threat that requires further investigation and analysis to confirm the nature of the attack.",581,260,9.855147975000364,26.382150796674406,False,189
UNSW-OFFICIAL-47850,A1_unconstrained_full,2.0,success,,Fuzzers,True,"### Prediction Summary
The event was predicted to be a Fuzzer attack with a confidence of 27.34%. The model used is a Random Forest with a version number of UNSW-RF-OFFICIAL-1.0.

### Evidence
The evidence includes the following features:
- ct_srv_src: 21
- ct_srv_dst: 16
- proto_udp: not udp
- service_: unspecified
- ct_src_dport_ltm: 6

### Risk and Policy
The risk score is 1.777, indicating a moderate risk. The policy zone is Monitor, and the recommended action is to log the event and continue monitoring.

### Recommended Action
Log the event and continue monitoring.

### Human Review
The human review requires a confidence threshold of 0.7. The detector's confidence is below this threshold, necessitating further investigation.

### Limitations
- The detector's confidence is below the fixed 0.70 threshold, necessitating a human review.
- The event is classified as Exploitation with a stage severity of 6.5, indicating a high risk level.",581,234,8.726450297000156,26.815026962388234,False,149
UNSW-OFFICIAL-48119,A1_unconstrained_full,2.0,success,,Generic,True,"### Prediction Summary
The event was predicted to be of the type ""Exploitation"" with a high confidence of 93.57%. The model used is a Random Forest with a version number of UNSW-RF-OFFICIAL-1.0.

### Evidence
The evidence supporting the prediction includes:
- A service type of ""dns"" with an observed value of 1.0.
- A significant number of bytes sent (114) with an observed value of 114.0.
- An application service being identified with an observed value of 0.0.
- A mean of 57 bytes with an observed value of 57.0.
- The protocol being UDP with an observed value of 1.0.

### Risk and Policy
The risk score is 6.0823, indicating a high risk. The policy zone is set to ""Block,"" and the recommended action is to block the suspected source and initiate an investigation.

### Recommended Action
The recommended action is to block the suspected source and initiate an investigation.

### Human Review
No mandatory confidence-based referral is required.

### Limitations
- The prediction is based on a single feature, which may not be comprehensive enough for a thorough analysis.
- The model's confidence threshold of 0.7 is not met, which means the human review is not mandatory.",562,282,10.025185024000166,28.12915665146285,False,199
UNSW-OFFICIAL-48541,A1_unconstrained_full,2.0,success,,Shellcode,True,"### Prediction Summary
The event was predicted to be a Shellcode attack with a confidence of 51.14%. The model used is a Random Forest with a version number of UNSW-RF-OFFICIAL-1.0.

### Evidence
The evidence supporting the prediction includes:
- ct_dst_src_ltm = 1
- Protocol = udp
- ct_srv_dst = 4
- sbytes = 308
- smean = 154

### Risk and Policy
The risk score is 4.3471, indicating a high risk. The policy zone is set to Alert, and the recommended action is to raise a SOC alert and enrich the event context.

### Recommended Action
The recommended action is to raise a SOC alert and enrich the event context.

### Human Review
The human review is required due to the detector confidence below the fixed 0.70 threshold.

### Limitations
- The confidence threshold for the detector is set at 0.70, which may lead to false negatives if the confidence falls below this threshold.
- The event is classified as a Shellcode attack, which is a specific type of network intrusion. The detection model is not designed to handle all types of network traffic, potentially missing other types of attacks.",584,265,10.13045776800027,26.158738930541976,False,190
UNSW-OFFICIAL-48574,A1_unconstrained_full,2.0,success,,Backdoor,False,"### Prediction Summary
The event was predicted to be a Fuzzer attack with a confidence of 20.12%. The model used is a Random Forest with a version number of UNSW-RF-OFFICIAL-1.0.

### Evidence
The evidence includes:
- ct_srv_src = 19
- ct_srv_dst = 18
- Protocol is not udp
- Service = unspecified
- ct_src_dport_ltm = 4

### Risk and Policy
The risk score is 1.3079, indicating a moderate risk. The policy zone is Monitor, and the recommended action is to log the event and continue monitoring.

### Recommended Action
Log the event and continue monitoring.

### Human Review
The human review requires a confidence threshold of 0.7. The detector's confidence is below this threshold, necessitating further investigation.

### Limitations
- The detector's confidence is below the fixed 0.70 threshold, necessitating a human review.
- The event is classified as Exploitation with a stage severity of 6.5, indicating a high risk level.",575,231,8.913727332000235,25.915084834456536,False,151
UNSW-OFFICIAL-48600,A1_unconstrained_full,2.0,success,,Fuzzers,True,"### Prediction Summary
The event was predicted to be a Fuzzer attack with a confidence of 71.91%. The model used is a Random Forest with a version number of UNSW-RF-OFFICIAL-1.0.

### Evidence
The evidence supporting the prediction includes:
- Protocol: UDP (Protocol = udp)
- smean: 769
- sbytes: 1538
- ct_srv_dst: 4
- sload: 559272704

### Risk and Policy
The risk score is 4.6743, indicating a high risk. The policy zone is set to Alert, and the recommended action is to raise a SOC alert and enrich the event context.

### Recommended Action
The recommended action is to raise a SOC alert and enrich the event context.

### Human Review
No mandatory confidence-based referral is required.

### Limitations
- The prediction is based on a single model and feature set, which may not capture all possible attack vectors.
- The confidence threshold for human review is set to 0.7, which may lead to missed detections if the confidence is below this threshold.",592,243,8.392132101000243,28.955692912774488,False,163
UNSW-OFFICIAL-48615,A1_unconstrained_full,2.0,success,,Fuzzers,True,"### Prediction Summary
The event was predicted to be a Fuzzer attack with a high confidence of 87.9%. The model used is a Random Forest with a version number of UNSW-RF-OFFICIAL-1.0.

### Evidence
The evidence supporting the prediction includes high values for sbytes (3224), ct_dst_src_ltm (3), spkts (20), sjit (226759), and ct_srv_dst (10). These features are all positively correlated with the predicted label ""Fuzzers"".

### Risk and Policy
The risk score is 5.7134, indicating a significant risk to the asset criticality of 1.0. The policy zone is set to ""Block"", suggesting immediate action should be taken to prevent the attack.

### Recommended Action
The recommended action is to block the suspected source and initiate an investigation. This is based on the high confidence and the severity of the predicted stage (Exploitation).

### Human Review
No mandatory confidence-based referral is required as the confidence threshold is set to 0.7.

### Limitations
- The prediction is based on a single model and may not account for all possible attack vectors.
- The model's performance may degrade over time due to changes in the network environment.
- The human review is not required as the confidence threshold is not met.",595,285,10.675375310999698,26.696953661792254,False,197
UNSW-OFFICIAL-48701,A1_unconstrained_full,2.0,success,,Analysis,False,"### Prediction Summary
The event was predicted to be a Distributed Denial of Service (DoS) attack with a confidence of 27.29%. The model used is a Random Forest with a version number of UNSW-RF-OFFICIAL-1.0.

### Evidence
The evidence supporting the prediction includes:
- The protocol is not UDP.
- The size of the payload (sbytes) is 200.
- The standard deviation of the source port (smean) is 100.
- The loss rate (sloss) is 0.

### Risk and Policy
The risk score is 1.91, indicating a moderate risk. The policy zone is Monitor, and the recommended action is to log the event and continue monitoring.

### Recommended Action
Log the event and continue monitoring.

### Human Review
A human review is required due to the detector confidence below the fixed 0.70 threshold.

### Limitations
- The confidence threshold for the detector is set at 0.70, which may lead to false negatives if the actual risk is below this threshold.
- The human review is necessary to ensure the accuracy of the event classification and to provide additional context for the incident.",577,252,9.624389900999631,26.183477871550714,False,181
UNSW-OFFICIAL-48723,A1_unconstrained_full,2.0,success,,Analysis,False,"### Prediction Summary
The event was predicted to be a Distributed Denial of Service (DoS) attack with a confidence of 25.67%. The model used is a Random Forest with a version number of UNSW-RF-OFFICIAL-1.0.

### Evidence
The evidence supporting the prediction includes:
- The protocol is not UDP.
- The size of the data sent (sbytes) is 200.
- The destination port (ct_dst_sport_ltm) is 6.
- The source port (ct_src_ltm) is 6.
- The mean size of the data (smean) is 100.

### Risk and Policy
The risk score is 1.7967, indicating a moderate risk. The policy zone is Monitor, and the recommended action is to log the event and continue monitoring.

### Recommended Action
Log the event and continue monitoring.

### Human Review
A human review is required due to the detector confidence below the fixed 0.70 threshold.

### Limitations
- The confidence threshold for the detector is set at 0.70, which may lead to false negatives if the actual risk is below this threshold.
- The human review is necessary to ensure the accuracy of the event classification and to provide additional context for the incident.",587,272,9.99253348900038,27.220324084919326,False,188
UNSW-OFFICIAL-48748,A1_unconstrained_full,2.0,success,,Backdoor,False,"### Prediction Summary
The event was predicted to be a Distributed Denial of Service (DoS) attack with a confidence of 25.45%. The model used is a Random Forest with a version number of UNSW-RF-OFFICIAL-1.0.

### Evidence
The evidence supporting the prediction includes:
- The protocol is not UDP.
- The size of the data transferred is 200 bytes.
- The destination port is 4.
- The source port is 4.
- The standard deviation of the size of the data transferred is 100 bytes.

### Risk and Policy
The risk score is 1.7817, indicating a moderate risk. The policy zone is Monitor, and the recommended action is to log the event and continue monitoring.

### Recommended Action
Log the event and continue monitoring.

### Human Review
A human review is required due to the detector confidence below the fixed 0.70 threshold.

### Limitations
- The confidence threshold for the detector is set at 0.70, which may lead to false negatives if the actual risk is below this threshold.
- The human review is necessary to ensure the accuracy of the event classification and to provide additional context for the incident.",587,256,9.30048730099952,27.52543944363945,False,190
UNSW-OFFICIAL-48864,A1_unconstrained_full,2.0,success,,Backdoor,True,"### Prediction Summary
The event was predicted to be a Backdoor attack with a confidence of 26.16%. The model used is a Random Forest with a version number of UNSW-RF-OFFICIAL-1.0.

### Evidence
The evidence points to a Backdoor attack based on the following features:
- `ct_srv_src = 15`
- `ct_src_ltm = 9`
- `proto_udp`
- `sbytes = 200`
- `ct_dst_src_ltm = 7`

### Risk and Policy
The risk score is 2.093, indicating a moderate risk. The policy zone is set to Alert, and the recommended action is to raise a SOC alert and enrich the event context.

### Recommended Action
The recommended action is to raise a SOC alert and enrich the event context.

### Human Review
Human review is required due to the detector confidence below the fixed 0.70 threshold.

### Limitations
- The confidence threshold for the detector is set at 0.70, which may lead to false negatives.
- The event is classified as a Backdoor attack, but further investigation is needed to confirm the exact nature of the attack.",586,252,9.841002099999969,25.60714828015338,False,172
UNSW-OFFICIAL-49168,A1_unconstrained_full,2.0,success,,Reconnaissance,False,"### Prediction Summary
The event was predicted to be an Exploits with a confidence of 65.46%. The model used is a Random Forest with a version of UNSW-RF-OFFICIAL-1.0.

### Evidence
The evidence includes:
- An application service identified.
- Service type is HTTP.
- Rate is 85.7716.
- Duration is 0.174883.
- Server load is 33439.5.

### Risk and Policy
The risk score is 4.2546, indicating a moderate risk. The policy zone is set to Alert, and the recommended action is to raise a SOC alert and enrich the event context.

### Recommended Action
The recommended action is to raise a SOC alert and enrich the event context.

### Human Review
Human review is required due to the detector confidence below the fixed 0.70 threshold.

### Limitations
- The event was predicted to be an Exploits with a confidence of 65.46%.
- The model used is a Random Forest with a version of UNSW-RF-OFFICIAL-1.0.
- The risk score is 4.2546, indicating a moderate risk.
- The policy zone is set to Alert, and the recommended action is to raise a SOC alert and enrich the event context.
- Human review is required due to the detector confidence below the fixed 0.70 threshold.",618,308,11.69496597699981,26.33611766000309,False,202
UNSW-OFFICIAL-49219,A1_unconstrained_full,2.0,success,,Backdoor,False,"### Prediction Summary
The event was predicted to be a Fuzzer based on the model's confidence score of 0.1736, which is below the fixed threshold of 0.70. The model's uncertainty score of 0.8264 indicates a high level of confidence in the prediction.

### Evidence
The event was detected with the following features:
- Protocol is not UDP
- ct_dst_sport_ltm = 14
- ct_src_dport_ltm = 14
- Service = unspecified
- ct_srv_dst = 14

### Risk and Policy
The risk score is 1.1284, indicating a moderate risk. The policy zone is Monitor, and the recommended action is to log the event and continue monitoring.

### Recommended Action
Log the event and continue monitoring.

### Human Review
The human review is required due to the detector's confidence below the fixed threshold of 0.70.

### Limitations
The limitations include the low confidence score of the model, which may lead to false negatives, and the need for further investigation into the specific features that support the predicted label.",592,238,8.535576285999923,27.88329598674764,False,164
UNSW-OFFICIAL-49522,A1_unconstrained_full,2.0,success,,Shellcode,True,"### Prediction Summary
The event was detected as a potential Shellcode intrusion attempt. The model predicted a Shellcode label with a confidence of 74.18%, indicating a high likelihood of malicious activity.

### Evidence
The event features include:
- Protocol: UDP (Protocol = udp)
- Destination and Source: ct_dst_src_ltm = 1
- Mean: smean = 74
- Bytes: sbytes = 148
- Service: ct_srv_dst = 1

### Risk and Policy
The risk score is 6.3055, indicating a significant risk to the asset. The policy zone is set to Block, and the recommended action is to block the suspected source and initiate an investigation.

### Recommended Action
The recommended action is to block the suspected source and initiate an investigation.

### Human Review
No mandatory confidence-based referral is required.

### Limitations
- The model's confidence threshold is set at 0.7, which may lead to false positives.
- The event features are based on observed values and SHAP values, which may not fully capture the true nature of the threat.",575,234,8.725762095999926,26.81714186400642,False,167
UNSW-OFFICIAL-49542,A1_unconstrained_full,2.0,success,,Worms,False,"### Prediction Summary
The event was predicted to be an Exploits with a confidence of 49.48%. The model's uncertainty score is 50.52%, indicating a high level of confidence in the prediction.

### Evidence
The model's features include stcpb (55,797,008), service_(-), smean (130), sload (15,682.8), and sbytes (1296). These features are supported by the model, contributing to the prediction.

### Risk and Policy
The risk score is 3.216, indicating a moderate risk. The policy zone is set to Alert, and the recommended action is to raise a SOC alert and enrich the event context.

### Recommended Action
The recommended action is to raise a SOC alert and enrich the event context. This action aligns with the policy zone and the risk score.

### Human Review
The human review requires a confidence threshold of 0.7. The confidence of the model is below this threshold, necessitating a human review.

### Limitations
The limitations include the model's confidence below the fixed threshold of 0.70, which necessitates a human review to ensure the accuracy of the alert.",614,263,10.046317555000314,26.17874644715944,False,172
UNSW-OFFICIAL-49575,A1_unconstrained_full,2.0,success,,DoS,True,"### Prediction Summary
The event was predicted to be a Distributed Denial of Service (DoS) attack with a confidence of 26.98%. The model used is a Random Forest with a version number of UNSW-RF-OFFICIAL-1.0.

### Evidence
The evidence supporting the prediction includes:
- The protocol is not UDP.
- The size of the data sent (sbytes) is 200.
- The destination port (ct_dst_sport_ltm) is 2.
- The standard deviation of the size of the data sent (smean) is 100.
- The protocol is not TCP (proto_unas).

### Risk and Policy
The risk score is 1.8883, indicating a moderate risk. The policy zone is Monitor, and the recommended action is to log the event and continue monitoring.

### Recommended Action
Log the event and continue monitoring.

### Human Review
A human review is required due to the detector confidence below the fixed 0.70 threshold.

### Limitations
- The confidence threshold for the detector is set at 0.70, which may lead to false negatives if the confidence is below this threshold.
- The human review is necessary to ensure the accuracy of the event classification and to provide additional context for the incident.",581,272,10.03865078600029,27.095274633850796,False,191
UNSW-OFFICIAL-49642,A1_unconstrained_full,2.0,success,,Shellcode,True,"### Prediction Summary
The event was detected as a potential Shellcode intrusion attempt. The model predicted a Shellcode label with a confidence of 69.48%, indicating a high likelihood of malicious activity.

### Evidence
The evidence supporting the prediction includes:
- **ct_dst_src_ltm**: 1 (Supports predicted class)
- **proto_udp**: Protocol = udp (Supports predicted class)
- **smean**: smean = 268 (Supports predicted class)
- **sbytes**: sbytes = 536 (Supports predicted class)
- **ct_dst_sport_ltm**: 1 (Supports predicted class)

### Risk and Policy
The risk score is 5.906, indicating a significant risk to the asset. The policy zone is set to Block, and the recommended action is to block the suspected source and initiate an investigation.

### Recommended Action
The recommended action is to block the suspected source and initiate an investigation. This is based on the high confidence of the model and the criticality of the asset.

### Human Review
A human review is required due to the detector confidence below the fixed 0.70 threshold.

### Limitations
- The human review is necessary because the detector's confidence is below the threshold of 0.70, which may indicate a false positive or a need for further investigation.
- The risk score and policy zone are set to Block, which may need to be reconsidered if the human review confirms the need for a different action.",587,313,11.034443710999767,28.365725377527063,False,220
UNSW-OFFICIAL-49715,A1_unconstrained_full,2.0,success,,Backdoor,False,"### Prediction Summary
The event was predicted to be a Distributed Denial of Service (DoS) attack with a confidence of 23.09%. The model used is a Random Forest with a version number of UNSW-RF-OFFICIAL-1.0.

### Evidence
The evidence supporting the prediction includes:
- **ct_srv_src**: The source IP address is 15.
- **proto_udp**: The protocol is not UDP.
- **sbytes**: The size of the payload is 200 bytes.
- **ct_dst_sport_ltm**: The destination port is 4.
- **smean**: The size of the payload is 100 bytes.

### Risk and Policy
The risk score is 1.6167, indicating a moderate risk. The policy zone is Monitor, and the recommended action is to log the event and continue monitoring.

### Recommended Action
Log the event and continue monitoring.

### Human Review
A human review is required due to the detector confidence below the fixed 0.70 threshold.

### Limitations
- The confidence threshold for the detector is set at 0.70, which may lead to false negatives if the confidence falls below this threshold.
- The human review is necessary to ensure the accuracy of the event classification and to provide additional context for the incident.",588,276,10.416528775999723,26.496350745549684,False,189
UNSW-OFFICIAL-49742,A1_unconstrained_full,2.0,success,,Generic,False,"### Prediction Summary
The event was predicted to be a Fuzzer attack with a confidence of 47.56%. The model used is a Random Forest with a version number of UNSW-RF-OFFICIAL-1.0.

### Evidence
The evidence supporting the prediction includes:
- Protocol: UDP (Protocol = udp)
- sbytes: 3808 (sbytes = 3808)
- An application service is identified (service_=-)
- smean: 476 (smean = 476)
- dur: 4.73119 (dur = 4.73119)

### Risk and Policy
The risk score is 3.0913, indicating a moderate risk. The policy zone is set to Alert, and the recommended action is to raise a SOC alert and enrich the event context.

### Recommended Action
The recommended action is to raise a SOC alert and enrich the event context.

### Human Review
Human review is required due to the detector confidence below the fixed 0.70 threshold.

### Limitations
- The confidence threshold for the detector is set at 0.70, which may lead to false negatives if the confidence falls below this threshold.
- The event is classified as a Fuzzer attack, which may not be the most accurate classification if the attack is of a different type.",598,289,11.03101048299959,26.198869128570905,False,189
UNSW-OFFICIAL-49861,A1_unconstrained_full,2.0,success,,Analysis,True,"### Prediction Summary
The event was predicted to be an Analysis with a confidence of 0.1903, indicating a low likelihood of malicious activity. The model's uncertainty score of 0.8097 suggests that the prediction is not highly certain.

### Evidence
The event was detected based on the following features:
- ct_srv_src = 16
- ct_srv_dst = 16
- proto_unas
- proto_udp
- ct_dst_sport_ltm = 4

### Risk and Policy
The risk score is 0.5709, which falls below the policy threshold of 0.70, indicating that the event should be logged and monitored.

### Recommended Action
The recommended action is to log the event and continue monitoring.

### Human Review
The human review requires a confidence threshold of 0.7, as the detector's confidence is below this threshold. This necessitates further investigation to ensure the event is not a false positive.

### Limitations
- The event was detected based on a single feature, which may not be sufficient for a definitive classification.
- The low confidence of the detector (below the fixed threshold) necessitates a human review to confirm the event's nature.
- The event is currently being logged and monitored, but further analysis is required to ensure it is not a false positive.",583,278,10.535753258999648,26.386343070680038,False,200
UNSW-OFFICIAL-49909,A1_unconstrained_full,2.0,success,,Backdoor,False,"### Prediction Summary
The event was predicted to be a Fuzzer attack with a confidence of 21.1% and an uncertainty score of 78.9%. The model used is a Random Forest with a version number of UNSW-RF-OFFICIAL-1.0.

### Evidence
The evidence includes the following features:
- ct_srv_dst: 16
- ct_srv_src: 16
- proto_udp: not udp
- service_: unspecified
- ct_src_dport_ltm: 4

### Risk and Policy
The risk score is 1.372, indicating a moderate risk. The policy zone is Monitor, and the recommended action is to log the event and continue monitoring.

### Recommended Action
Log the event and continue monitoring.

### Human Review
A human review is required due to the detector confidence below the fixed 0.70 threshold.

### Limitations
- The event was predicted to be a Fuzzer attack, but the confidence is below the threshold of 0.70, necessitating a human review.
- The event is classified as Exploitation with a severity of 6.5, indicating a high risk level.
- The asset criticality is 1.0, and the risk score is 1.372, which is moderate.",580,273,9.776728254999398,27.92345178054832,False,174
UNSW-OFFICIAL-49945,A1_unconstrained_full,2.0,success,,Fuzzers,True,"### Prediction Summary
The event was predicted to be a Fuzzer attack with a confidence of 51.9%. The model used is a Random Forest with a version number of UNSW-RF-OFFICIAL-1.0.

### Evidence
The evidence includes features such as sbytes (104), smean (52), proto_udp (1), and ct_dst_src_ltm (1). The feature ct_srv_dst (7) is also observed, which supports the predicted class.

### Risk and Policy
The risk score is 3.3743, indicating a moderate risk. The policy zone is set to Alert, and the recommended action is to raise a SOC alert and enrich the event context.

### Recommended Action
The recommended action is to raise a SOC alert and enrich the event context. This is based on the high confidence of the model and the moderate risk score.

### Human Review
The human review is required due to the detector confidence below the fixed 0.70 threshold. This indicates that the model's confidence in the prediction is below the threshold, which may require further investigation.

### Limitations
The limitations include the low confidence of the model (below 0.70) and the need for human review due to the threshold being exceeded. This suggests that the system may need to be calibrated or the model updated to improve its accuracy.",585,282,10.342773065999609,27.265415010122844,False,205
UNSW-OFFICIAL-49959,A1_unconstrained_full,2.0,success,,Exploits,True,"### Prediction Summary
The event was predicted to be an Exploits with a high confidence of 0.9816. The model used is the Random Forest with version UNSW-RF-OFFICIAL-1.0.

### Evidence
The model's predictions are supported by several local features:
- sttl: 62
- dbytes: 2256
- dloss: 8
- dpkts: 32
- sbytes: 114614

### Risk and Policy
The risk score is 6.3803, indicating a high risk. The policy zone is set to Block, and the recommended action is to block the suspected source and initiate an investigation.

### Recommended Action
The recommended action is to block the suspected source and initiate an investigation.

### Human Review
No mandatory confidence-based referral is required.

### Limitations
- The model's confidence is very high (98.16%), which may indicate a high level of certainty but also a high risk of false positives.
- The human review is not required due to the high confidence threshold set by the policy.",587,238,9.099800107999727,26.154420665875044,False,155
UNSW-OFFICIAL-50052,A1_unconstrained_full,2.0,success,,Fuzzers,False,"### Prediction Summary
The event was predicted to be a Backdoor attack with a confidence of 20.46%. The model used is a Random Forest with a version number of UNSW-RF-OFFICIAL-1.0.

### Evidence
The evidence points to a Backdoor attack based on the following features:
- ct_srv_src = 16
- ct_srv_dst = 16
- ct_src_ltm = 9
- proto_udp = 0
- sbytes = 200

### Risk and Policy
The risk score is 1.637, indicating a moderate risk. The policy zone is Monitor, and the recommended action is to log the event and continue monitoring.

### Recommended Action
Log the event and continue monitoring.

### Human Review
The human review requires a confidence threshold of 0.7. The detector confidence is below this threshold, necessitating further investigation.

### Limitations
- The detector confidence is below the fixed 0.70 threshold, necessitating a human review.
- The event is classified as a Backdoor attack, which may not be the final determination without further analysis.",584,238,8.853776646999904,26.881184096805303,False,160
UNSW-OFFICIAL-50062,A1_unconstrained_full,2.0,success,,Backdoor,True,"### Prediction Summary
The event was predicted to be a Backdoor attack with a confidence of 20.36%. The model used is a Random Forest with a version number of UNSW-RF-OFFICIAL-1.0.

### Evidence
The evidence points to a Backdoor attack based on the features observed:
- ct_srv_src = 16
- ct_srv_dst = 16
- ct_src_ltm = 9
- proto_udp = 0
- sbytes = 200

### Risk and Policy
The risk score is 1.6285, indicating a moderate risk. The policy zone is Monitor, and the recommended action is to log the event and continue monitoring.

### Recommended Action
Log the event and continue monitoring.

### Human Review
The human review requires a confidence threshold of 0.7. The detector confidence is below this threshold, necessitating further investigation.

### Limitations
- The detector confidence is below the fixed 0.70 threshold, necessitating a human review.
- The event is classified as a Backdoor attack, which may not be the final determination without further analysis.",582,239,8.475279215999763,28.19966090896594,False,160
UNSW-OFFICIAL-50087,A1_unconstrained_full,2.0,success,,Worms,True,"### Prediction Summary
The event was predicted to be a Worms attack with a confidence of 48.78%. The model used is the Random Forest model version UNSW-RF-OFFICIAL-1.0.

### Evidence
- **sbytes**: 1302
- **ct_srv_dst**: 3
- **smean**: 130
- **service_-**: An application service is identified

### Risk and Policy
The risk score is 4.1467, indicating a high risk. The policy zone is set to Alert, and the recommended action is to raise a SOC alert and enrich the event context.

### Recommended Action
The recommended action is to raise a SOC alert and enrich the event context.

### Human Review
The human review is required as the detector confidence is below the fixed 0.70 threshold.

### Limitations
- The human review is required due to the low detector confidence.
- The risk score is 4.1467, indicating a high risk, but the human review is necessary to ensure the accuracy of the alert.",594,229,8.792601865000506,26.04462291321851,False,152
UNSW-OFFICIAL-50135,A1_unconstrained_full,2.0,success,,Backdoor,False,"### Prediction Summary
The event was predicted to be a Distributed Denial of Service (DoS) attack with a confidence of 18.95%. The model used is a Random Forest with a version number of UNSW-RF-OFFICIAL-1.0.

### Evidence
The evidence supporting the prediction includes:
- `ct_srv_src = 16`
- `ct_srv_dst = 16`
- `sbytes = 200`
- `proto_udp = 0`
- `ct_dst_sport_ltm = 4`

### Risk and Policy
The risk score is 1.3268, indicating a moderate risk. The policy zone is Monitor, and the recommended action is to log the event and continue monitoring.

### Recommended Action
Log the event and continue monitoring.

### Human Review
The human review requires a confidence threshold of 0.7. The confidence of the model is below this threshold, necessitating further investigation.

### Limitations
- The model's confidence is below the fixed threshold of 0.70, necessitating a human review to ensure the event is properly handled.
- The event is classified as a DoS attack, which may not be actionable without additional context or further analysis.",589,258,9.220965185999376,27.979717393547208,False,169
UNSW-OFFICIAL-50360,A1_unconstrained_full,2.0,success,,Fuzzers,False,"### Prediction Summary
The event was predicted as ""Normal"" by the Random Forest model with a confidence of 43.2% and an uncertainty score of 56.8%. The model's output aligns with the policy zone ""Monitor.""

### Evidence
The event features include:
- `dmean`: 57 (supports the predicted class)
- `ct_dst_src_ltm`: 1 (opposes the predicted class)
- `dloss`: 4 (supports the predicted class)
- `sloss`: 3 (supports the predicted class)
- `smean`: 48 (supports the predicted class)

### Risk and Policy
The risk score is 0.0, indicating no immediate risk. The policy zone is ""Monitor,"" suggesting that the event should be logged and monitored.

### Recommended Action
The recommended action is to log the event and continue monitoring.

### Human Review
A human review is required due to the detector's confidence below the fixed 0.70 threshold.

### Limitations
- The event features are based on a single model and may not capture all nuances of the network traffic.
- The confidence threshold of 0.70 was used for the human review, which may not be universally applicable.
- The model's output is consistent with the policy zone, but further analysis may be needed to confirm the event's significance.",572,282,10.369158400000742,27.196035504673148,False,195
UNSW-OFFICIAL-50400,A1_unconstrained_full,2.0,success,,Exploits,True,"### Prediction Summary
The event was predicted to be an Exploits with a high confidence of 0.9759766811987348. The model used is the Random Forest with version UNSW-RF-OFFICIAL-1.0.

### Evidence
The model's predictions are supported by several local features:
- sttl: 62
- dbytes: 2128
- dloss: 8
- dpkts: 28
- sbytes: 83190

### Risk and Policy
The predicted stage is Exploitation, with a stage severity of 6.5, indicating a high risk. The asset criticality is 1.0, and the risk score is 6.3438. The policy zone is Block, and the recommended action is to block the suspected source and initiate investigation.

### Recommended Action
The recommended action is to block the suspected source and initiate an investigation.

### Human Review
No mandatory confidence-based referral is required.

### Limitations
- The model's confidence threshold is set at 0.7, which may lead to false positives.
- The local features used in the prediction are not publicly available, limiting the ability to verify the model's accuracy.",585,269,10.356018597000002,25.975233385340353,False,163
UNSW-OFFICIAL-50638,A1_unconstrained_full,2.0,success,,Analysis,False,"### Prediction Summary
The event was predicted to be a Distributed Denial of Service (DoS) attack with a confidence of 23.56%. The model used is a Random Forest with a version number of UNSW-RF-OFFICIAL-1.0.

### Evidence
The evidence supporting the prediction includes:
- The protocol is not UDP.
- The size of the data sent (sbytes) is 200.
- The destination port (ct_dst_sport_ltm) is 2.
- The standard deviation of the size of the data sent (smean) is 100.
- The size of the window (swin) is 0.

### Risk and Policy
The risk score is 1.6493, indicating a moderate risk. The policy zone is Monitor, and the recommended action is to log the event and continue monitoring.

### Recommended Action
Log the event and continue monitoring.

### Human Review
A human review is required due to the detector confidence below the fixed 0.70 threshold.

### Limitations
- The confidence threshold for the detector is set at 0.70, which may lead to false negatives if the confidence is below this threshold.
- The human review is necessary to ensure the accuracy of the event classification and to provide additional context for the incident.",582,275,10.502277862000483,26.184795680850304,False,193
UNSW-OFFICIAL-50680,A1_unconstrained_full,2.0,success,,Worms,True,"### Prediction Summary
The event was predicted to be a Worms attack with a confidence of 51.26% and an uncertainty score of 48.74%. The model used is the Random Forest model version UNSW-RF-OFFICIAL-1.0.

### Evidence
The evidence supporting the prediction includes:
- **dpkts**: 696 packets
- **service_http**: Service = http
- **sttl**: sttl = 254
- **sbytes**: sbytes = 5090 bytes
- **response_body_len**: response_body_len = 443364 bytes

### Risk and Policy
The risk score is 4.3574, indicating a high risk. The policy zone is set to Alert, and the recommended action is to raise a SOC alert and enrich the event context.

### Recommended Action
The recommended action is to raise a SOC alert and enrich the event context.

### Human Review
A human review is required due to the detector confidence below the fixed 0.70 threshold.

### Limitations
- The human review is required because the detector confidence is below the fixed threshold of 0.70.
- The event is classified as a Worms attack, but further investigation is needed to confirm the exact nature of the attack.",596,277,10.119171835000088,27.37378162132945,False,178
UNSW-OFFICIAL-50773,A1_unconstrained_full,2.0,success,,Analysis,True,"### Prediction Summary
The event was predicted to be an Analysis with a confidence of 26.31%. The model used is a Random Forest with a version of UNSW-RF-OFFICIAL-1.0.

### Evidence
The evidence supporting the prediction includes:
- Protocol is not UDP (0.0)
- sbytes = 200 (200.0)
- Protocol = UNAS (1.0)
- ct_dst_sport_ltm = 2 (2.0)
- ct_srv_dst = 7 (7.0)

### Risk and Policy
The risk score is 0.7893, indicating a moderate risk. The policy zone is Monitor, and the recommended action is to log the event and continue monitoring.

### Recommended Action
Log the event and continue monitoring.

### Human Review
A human review is required due to the detector confidence below the fixed 0.70 threshold.

### Limitations
- The event was predicted to be an Analysis with a confidence of 26.31%.
- The model used is a Random Forest with a version of UNSW-RF-OFFICIAL-1.0.
- The risk score is 0.7893, indicating a moderate risk.
- The policy zone is Monitor, and the recommended action is to log the event and continue monitoring.
- A human review is required due to the detector confidence below the fixed 0.70 threshold.",579,303,10.686062888000379,28.354689952297168,False,192
UNSW-OFFICIAL-50850,A1_unconstrained_full,2.0,success,,Backdoor,False,"### Prediction Summary
The event was predicted to be a Fuzzer attack with a confidence of 65.29%. The model used is a Random Forest with a version number of UNSW-RF-OFFICIAL-1.0.

### Evidence
The evidence supporting the prediction includes features such as ct_dst_src_ltm (2), ct_srv_dst (4), ct_srv_src (4), and service_ (unspecified). The service is not HTTP, which is a strong indicator of a Fuzzer attack.

### Risk and Policy
The risk score is 4.2437, indicating a moderate risk. The policy zone is set to Alert, and the recommended action is to raise a SOC alert and enrich the event context.

### Recommended Action
The recommended action is to raise a SOC alert and enrich the event context. This action aligns with the policy to raise alerts for high-risk events.

### Human Review
The human review is required because the detector confidence is below the fixed 0.70 threshold, which is a critical threshold for the operational decision.

### Limitations
The limitations of this report include the use of a single model and the reliance on a fixed confidence threshold for the human review. These factors may lead to potential false negatives or false positives.",579,261,9.930374968999786,26.28299543720942,False,192
UNSW-OFFICIAL-50947,A1_unconstrained_full,2.0,success,,Backdoor,True,"### Prediction Summary
The event was predicted to be a Backdoor attack with a confidence of 32.4%. The model used is a Random Forest with a version number of UNSW-RF-OFFICIAL-1.0.

### Evidence
The evidence supporting the prediction includes:
- ct_src_ltm = 9
- Protocol is not udp
- sbytes = 200
- ct_dst_sport_ltm = 4
- ct_dst_src_ltm = 5

### Risk and Policy
The risk score is 2.5927, indicating a moderate risk. The policy zone is set to Alert, and the recommended action is to raise a SOC alert and enrich the event context.

### Recommended Action
The recommended action is to raise a SOC alert and enrich the event context.

### Human Review
The human review requires a confidence threshold of 0.7. The confidence of the model is below this threshold, necessitating a human review.

### Limitations
The limitations of this incident report include the model's low confidence score (below 0.7), which necessitates a human review to ensure accuracy. Additionally, the event data does not include the full context, such as timestamps and additional features, which could provide more insights into the attack.",592,264,9.931035202000203,26.583331408071935,False,184
UNSW-OFFICIAL-51028,A1_unconstrained_full,2.0,success,,DoS,True,"### Prediction Summary
The event was predicted to be a Distributed Denial of Service (DoS) attack with a confidence of 23.33%. The model used is a Random Forest with a version number of UNSW-RF-OFFICIAL-1.0.

### Evidence
The evidence supporting the prediction includes:
- The protocol is not UDP.
- The destination TCP source port is 2.
- The destination TCP destination port is 2.
- The source TCP source port is 2.
- The source TCP destination port is 2.

### Risk and Policy
The risk score is 1.6332, indicating a moderate risk. The policy zone is Monitor, and the recommended action is to log the event and continue monitoring.

### Recommended Action
Log the event and continue monitoring.

### Human Review
A human review is required due to the detector confidence below the fixed 0.70 threshold.

### Limitations
- The confidence threshold for the detector is set at 0.70, which may lead to false negatives if the confidence is below this threshold.
- The human review is necessary to ensure the accuracy of the event classification and to provide additional context for the incident.",581,247,8.881547046999913,27.810470258493293,False,185
UNSW-OFFICIAL-51030,A1_unconstrained_full,2.0,success,,Reconnaissance,True,"### Prediction Summary
The event was predicted to be of the type ""Reconnaissance"" with a high confidence of 0.9199. The model used is a Random Forest with a version number of UNSW-RF-OFFICIAL-1.0.

### Evidence
The evidence supporting the prediction includes:
- sbytes: 168
- smean: 84
- proto_udp: Protocol = udp
- ct_dst_src_ltm: ct_dst_src_ltm = 1
- sload: sload = 9.6e+07

### Risk and Policy
The risk score is 2.7596, indicating a moderate risk. The policy zone is set to ""Alert,"" and the recommended action is to raise a SOC alert and enrich the event context.

### Recommended Action
The recommended action is to raise a SOC alert and enrich the event context.

### Human Review
No mandatory confidence-based referral is required.

### Limitations
- The model's confidence is high but not perfect, with a confidence threshold of 0.7.
- The event's context is enriched with local features, but the human review is not mandatory.",590,245,8.9658121450002,27.32602423937966,False,155
UNSW-OFFICIAL-51121,A1_unconstrained_full,2.0,success,,Exploits,False,"### Prediction Summary
The event was predicted to be a Distributed Denial of Service (DoS) attack with a confidence of 23.88%. The model used is a Random Forest with a version number of UNSW-RF-OFFICIAL-1.0.

### Evidence
The evidence supporting the prediction includes:
- The protocol is not UDP.
- The size of the data sent (sbytes) is 200.
- The destination port (ct_dst_sport_ltm) is 4.
- The standard deviation of the size of the data sent (smean) is 100.
- The size of the window (swin) is 0.

### Risk and Policy
The risk score is 1.6719, indicating a moderate risk. The policy zone is Monitor, and the recommended action is to log the event and continue monitoring.

### Recommended Action
Log the event and continue monitoring.

### Human Review
A human review is required due to the detector confidence below the fixed 0.70 threshold.

### Limitations
- The confidence threshold for the detector is set at 0.70, which may lead to false negatives if the confidence is below this threshold.
- The human review is necessary to ensure the accuracy of the event classification and to provide additional context for the incident.",581,275,10.299633106999863,26.699980197654206,False,193
UNSW-OFFICIAL-51213,A1_unconstrained_full,2.0,success,,DoS,True,"### Prediction Summary
The event was predicted to be a Distributed Denial of Service (DoS) attack with a confidence of 23.33%. The model used is a Random Forest with a version number of UNSW-RF-OFFICIAL-1.0.

### Evidence
The evidence supporting the prediction includes:
- The protocol is not UDP.
- The destination TCP source port is 2.
- The destination TCP destination port is 2.
- The source TCP source port is 2.
- The source TCP destination port is 2.

### Risk and Policy
The risk score is 1.6332, indicating a moderate risk. The policy zone is Monitor, and the recommended action is to log the event and continue monitoring.

### Recommended Action
Log the event and continue monitoring.

### Human Review
A human review is required due to the detector confidence below the fixed 0.70 threshold.

### Limitations
- The confidence threshold for the detector is set at 0.70, which may lead to false negatives if the confidence is below this threshold.
- The event is classified as a DoS attack, but further investigation is needed to confirm the exact nature of the attack.",581,249,9.177433543000006,27.131768247989353,False,185
UNSW-OFFICIAL-51307,A1_unconstrained_full,2.0,success,,Analysis,False,"### Prediction Summary
The event was predicted to be a Distributed Denial of Service (DoS) attack with a confidence of 27.37%. The model used is a Random Forest with a version number of UNSW-RF-OFFICIAL-1.0.

### Evidence
The evidence supporting the prediction includes:
- The protocol is not UDP.
- The size of the data sent (sbytes) is 200.
- The destination port (ct_dst_sport_ltm) is 2.
- The standard deviation of the size of the data sent (smean) is 100.

### Risk and Policy
The risk score is 1.9158, indicating a moderate risk. The policy zone is Monitor, and the recommended action is to log the event and continue monitoring.

### Recommended Action
Log the event and continue monitoring.

### Human Review
A human review is required due to the detector confidence below the fixed 0.70 threshold.

### Limitations
- The confidence threshold for the detector is set at 0.70, which may lead to false negatives if the actual risk is below this threshold.
- The human review is necessary to ensure the accuracy of the event classification and to provide additional context for the incident.",578,262,9.33644044399989,28.062086570516882,False,185
UNSW-OFFICIAL-51308,A1_unconstrained_full,2.0,success,,Shellcode,False,"### Prediction Summary
The event was predicted to be a Fuzzer attack with a confidence of 36.73%. The model used is a Random Forest with a version number of UNSW-RF-OFFICIAL-1.0.

### Evidence
The evidence includes:
- sbytes: 588
- smean: 59
- ct_dst_src_ltm: 1
- ct_srv_dst: 1
- ct_srv_src: 5

### Risk and Policy
The risk score is 2.3877, indicating a moderate risk. The policy zone is set to Alert, and the recommended action is to raise a SOC alert and enrich the event context.

### Recommended Action
The recommended action is to raise a SOC alert and enrich the event context.

### Human Review
The human review requires a confidence threshold of 0.7. The detector confidence is below this threshold, necessitating a human review.

### Limitations
- The recommended action is based on a model with a confidence below the fixed threshold of 0.70.
- The human review is required to ensure the accuracy of the alert.",589,237,9.183225005000168,25.807926939714104,False,158
UNSW-OFFICIAL-51486,A1_unconstrained_full,2.0,success,,Worms,False,"### Prediction Summary
The event was predicted to be an Exploits with a confidence of 50.26%. The model used is the Random Forest with version UNSW-RF-OFFICIAL-1.0.

### Evidence
The evidence includes:
- An application service identified.
- sbytes = 1302.
- synack = 0.152666.
- Service = http.
- smean = 130.

### Risk and Policy
The risk score is 3.2671, indicating a moderate risk. The policy zone is Alert, and the recommended action is to raise a SOC alert and enrich the event context.

### Recommended Action
The recommended action is to raise a SOC alert and enrich the event context.

### Human Review
The human review is required due to the detector confidence below the fixed 0.70 threshold.

### Limitations
- The event was predicted to be an Exploits with a confidence of 50.26%.
- The model used is the Random Forest with version UNSW-RF-OFFICIAL-1.0.
- The risk score is 3.2671, indicating a moderate risk.
- The policy zone is Alert, and the recommended action is to raise a SOC alert and enrich the event context.
- The human review is required due to the detector confidence below the fixed 0.70 threshold.",602,296,11.129981824000424,26.594832289996443,False,194
UNSW-OFFICIAL-51509,A1_unconstrained_full,2.0,success,,Backdoor,True,"### Prediction Summary
The event was predicted to be a Backdoor attack with a confidence of 28.47%. The model used is a Random Forest with a version number of UNSW-RF-OFFICIAL-1.0.

### Evidence
The evidence supporting the prediction includes:
- Protocol is not UDP (0.0)
- sbytes = 200 (200.0)
- ct_dst_sport_ltm = 4 (4.0)
- ct_srv_dst = 9 (9.0)
- smean = 100 (100.0)

### Risk and Policy
The risk score is 2.2774, indicating a moderate risk. The policy zone is set to Alert, and the recommended action is to raise a SOC alert and enrich the event context.

### Recommended Action
The recommended action is to raise a SOC alert and enrich the event context.

### Human Review
Human review is required due to the detector confidence below the fixed 0.70 threshold.

### Limitations
- The human review requirement is due to the detector confidence below the fixed threshold of 0.70.
- The risk score is moderate, but the confidence threshold for human review is set to 0.70, which may lead to missed detections if the confidence is below this threshold.",588,278,10.065675736999765,27.6186127254346,False,182
UNSW-OFFICIAL-51611,A1_unconstrained_full,2.0,success,,Backdoor,True,"### Prediction Summary
The event was predicted to be a Backdoor attack with a confidence of 28.47%. The model used is a Random Forest with a version number of UNSW-RF-OFFICIAL-1.0.

### Evidence
The evidence supporting the prediction includes:
- Protocol is not UDP (0.0)
- sbytes = 200 (200.0)
- ct_dst_sport_ltm = 4 (4.0)
- ct_srv_dst = 9 (9.0)
- smean = 100 (100.0)

### Risk and Policy
The risk score is 2.2774, indicating a moderate risk. The policy zone is set to Alert, and the recommended action is to raise a SOC alert and enrich the event context.

### Recommended Action
The recommended action is to raise a SOC alert and enrich the event context.

### Human Review
Human review is required due to the detector confidence below the fixed 0.70 threshold.

### Limitations
- The human review requirement is due to the detector confidence below the fixed 0.70 threshold.
- The risk score is based on the model's confidence, which is below the threshold for human review.",588,261,9.601952904999962,27.181970436877606,False,169
UNSW-OFFICIAL-51793,A1_unconstrained_full,2.0,success,,DoS,False,"### Prediction Summary
The event was predicted to be a Fuzzer attack with a confidence of 32.39%. The model used is a Random Forest with a version number of UNSW-RF-OFFICIAL-1.0.

### Evidence
- **sbytes**: 78 (supports predicted class)
- **proto_udp**: Protocol is not UDP (opposes predicted class)
- **smean**: 39 (supports predicted class)
- **ct_srv_src**: ct_srv_src = 9 (supports predicted class)
- **ct_dst_src_ltm**: ct_dst_src_ltm = 2 (supports predicted class)

### Risk and Policy
The risk score is 2.1057, indicating a moderate risk. The policy zone is set to Alert, and the recommended action is to raise a SOC alert and enrich the event context.

### Recommended Action
The recommended action is to raise a SOC alert and enrich the event context.

### Human Review
Human review is required due to the detector confidence below the fixed 0.70 threshold.

### Limitations
- The event was predicted to be a Fuzzer attack, but the confidence is below the threshold of 0.70, which may indicate a false positive.
- The human review is necessary to ensure the accuracy of the alert and to gather additional context that could be crucial for a more informed decision.",581,285,10.84390954599985,26.282034057092638,False,192
UNSW-OFFICIAL-51828,A1_unconstrained_full,2.0,success,,Worms,False,"### Prediction Summary
The event was predicted to be an Exploits with a confidence of 41.23% and an uncertainty score of 58.77%. The model used is the Random Forest with version UNSW-RF-OFFICIAL-1.0.

### Evidence
The evidence includes:
- sbytes: 1006
- smean: 101
- service_-: An application service is identified
- ackdat: 0.027435
- sload: 26879

### Risk and Policy
The risk score is 2.6801, indicating a moderate risk. The policy zone is set to Alert, and the recommended action is to raise a SOC alert and enrich the event context.

### Recommended Action
The recommended action is to raise a SOC alert and enrich the event context.

### Human Review
The human review requires a confidence threshold of 0.7. The confidence of the model is below this threshold, necessitating a human review.

### Limitations
- The model's confidence is below the fixed threshold of 0.70, necessitating a human review.
- The event is classified as Exploits, which may require further investigation to confirm the severity and impact.",620,267,10.283528922999722,25.963849763950066,False,168
UNSW-OFFICIAL-51945,A1_unconstrained_full,2.0,success,,Analysis,True,"### Prediction Summary
The event was predicted to be an Analysis with a confidence of 24.79%. The model used is a Random Forest with a version of UNSW-RF-OFFICIAL-1.0.

### Evidence
The evidence supporting the prediction includes:
- Protocol is not UDP (0.0)
- Protocol is UNAS (1.0)
- sbytes is 200 (200.0)
- ct_dst_src_ltm is 6 (6.0)
- ct_src_ltm is 9 (9.0)

### Risk and Policy
The risk score is 0.7436, indicating a moderate risk. The policy zone is Monitor, and the recommended action is to log the event and continue monitoring.

### Recommended Action
Log the event and continue monitoring.

### Human Review
A human review is required due to the detector confidence below the fixed 0.70 threshold.

### Limitations
- The event was predicted with a confidence below the fixed threshold of 0.70.
- The human review is necessary to ensure the accuracy of the prediction.",577,232,8.116283165999448,28.584512794217087,False,148
UNSW-OFFICIAL-51980,A1_unconstrained_full,2.0,success,,Worms,False,"### Prediction Summary
The event was predicted to be an Exploits with a confidence of 68.25%. The model used is a Random Forest with a version of UNSW-RF-OFFICIAL-1.0.

### Evidence
The evidence includes:
- An application service identified.
- sbytes = 1022.
- Service = http.
- smean = 102.
- dinpkt = 39.4268.

### Risk and Policy
The risk score is 4.4363, indicating a high risk. The policy zone is set to Alert, and the recommended action is to raise a SOC alert and enrich the event context.

### Recommended Action
The recommended action is to raise a SOC alert and enrich the event context.

### Human Review
Human review is required due to the detector confidence below the fixed 0.70 threshold.

### Limitations
- The event was predicted to be an Exploits with a confidence of 68.25%.
- The model used is a Random Forest with a version of UNSW-RF-OFFICIAL-1.0.
- The risk score is 4.4363, indicating a high risk.
- The policy zone is set to Alert, and the recommended action is to raise a SOC alert and enrich the event context.
- Human review is required due to the detector confidence below the fixed 0.70 threshold.",602,301,11.87124646400025,25.355382934116264,False,200
UNSW-OFFICIAL-52080,A1_unconstrained_full,2.0,success,,Fuzzers,False,"### Prediction Summary
The event was predicted to be a Distributed Denial of Service (DoS) attack with a confidence of 27.19%. The model used is a Random Forest with a version number of UNSW-RF-OFFICIAL-1.0.

### Evidence
The evidence supporting the prediction includes:
- The protocol is not UDP.
- The destination TCP source port is 2.
- The number of packets is zero.
- The number of data packets is zero.
- The SYN flag is not set.

### Risk and Policy
The risk score is 1.9037, indicating a moderate risk. The policy zone is Monitor, and the recommended action is to log the event and continue monitoring.

### Recommended Action
Log the event and continue monitoring.

### Human Review
A human review is required due to the detector confidence below the fixed 0.70 threshold.

### Limitations
- The confidence threshold for the detector is set at 0.70, which may lead to false negatives if the actual risk is below this threshold.
- The human review is necessary to ensure the accuracy of the event classification and to provide additional context for the incident.",577,243,9.606702134999978,25.294840683639094,False,184
UNSW-OFFICIAL-52108,A1_unconstrained_full,2.0,success,,Analysis,False,"### Prediction Summary
The event was predicted to be a Distributed Denial of Service (DoS) attack with a confidence of 26.6%. The model used is a Random Forest with a version number of UNSW-RF-OFFICIAL-1.0.

### Evidence
The evidence supporting the prediction includes:
- The protocol is not UDP.
- The size of the payload is 200 bytes.
- The standard deviation of the payload size is 100 bytes.
- The destination port is 6.

### Risk and Policy
The risk score is 1.8625, indicating a moderate risk. The policy zone is Monitor, and the recommended action is to log the event and continue monitoring.

### Recommended Action
Log the event and continue monitoring.

### Human Review
A human review is required due to the detector confidence below the fixed 0.70 threshold.

### Limitations
- The confidence threshold for the detector is set at 0.70, which may lead to false negatives if the actual risk is below this threshold.
- The human review is necessary to ensure the accuracy of the event classification and to provide additional context for the incident.",583,243,9.191157844000372,26.438453579449828,False,180
UNSW-OFFICIAL-52453,A1_unconstrained_full,2.0,success,,Backdoor,True,"### Prediction Summary
The event was predicted to be a Backdoor attack with a confidence of 22.74%. The model used is a Random Forest with a version number of UNSW-RF-OFFICIAL-1.0.

### Evidence
The evidence supporting the prediction includes:
- The protocol is not UDP.
- ct_src_ltm is 13.
- sbytes is 200.
- rate is 90909.1.
- sinpkt is 0.011.

### Risk and Policy
The risk score is 1.8189, indicating a moderate risk. The policy zone is Monitor, and the recommended action is to log the event and continue monitoring.

### Recommended Action
Log the event and continue monitoring.

### Human Review
The human review requires a confidence threshold of 0.7. The confidence of the model is below this threshold, necessitating further investigation.

### Limitations
- The model's confidence is below the fixed threshold of 0.70, necessitating a human review to ensure the accuracy of the prediction.
- The event is classified as a Backdoor attack, which may not be the final determination due to the low model confidence.",610,252,9.138862314000107,27.574548268875148,False,169
UNSW-OFFICIAL-52808,A1_unconstrained_full,2.0,success,,Backdoor,False,"### Prediction Summary
The event was predicted to be a Distributed Denial of Service (DoS) attack with a confidence of 26.08%. The model used is a Random Forest with a version number of UNSW-RF-OFFICIAL-1.0.

### Evidence
The evidence supporting the prediction includes:
- The protocol is not UDP.
- The size of the data sent (sbytes) is 200.
- The destination port (ct_dst_sport_ltm) is 2.
- The standard deviation of the size of the data sent (smean) is 100.
- The loss rate (sloss) is 0.

### Risk and Policy
The risk score is 1.8258, indicating a moderate risk. The policy zone is Monitor, and the recommended action is to log the event and continue monitoring.

### Recommended Action
Log the event and continue monitoring.

### Human Review
A human review is required due to the detector confidence below the fixed 0.70 threshold.

### Limitations
- The confidence threshold for the detector is set at 0.70, which may lead to false negatives if the confidence is below this threshold.
- The human review is necessary to ensure the accuracy of the event classification and to provide additional context for the incident.",583,273,10.39285957499942,26.268035089853047,False,191
UNSW-OFFICIAL-52914,A1_unconstrained_full,2.0,success,,Backdoor,True,"### Prediction Summary
The event was predicted to be a Backdoor attack with a confidence of 26.64%. The model used is a Random Forest with a version number of UNSW-RF-OFFICIAL-1.0.

### Evidence
The evidence supporting the prediction includes:
- The protocol is not UDP.
- The size of the payload is 200 bytes.
- The destination port is 3.
- The duration of the connection is extremely short (1.1e-05 seconds).

### Risk and Policy
The risk score is 2.1316, indicating a moderate risk. The policy zone is set to Alert, and the recommended action is to raise a SOC alert and enrich the event context.

### Recommended Action
The recommended action is to raise a SOC alert and enrich the event context.

### Human Review
The human review requires a confidence threshold of 0.7. The confidence of the model is below this threshold, necessitating a human review.

### Limitations
The limitations of this incident report include the model's low confidence score (26.64%) and the requirement for a human review to ensure accuracy.",614,240,9.373429737999686,25.60428858041631,False,172
UNSW-OFFICIAL-52923,A1_unconstrained_full,2.0,success,,Fuzzers,False,"### Prediction Summary
The event was predicted to be a Distributed Denial of Service (DoS) attack with a confidence of 26.08%. The model used is a Random Forest with a version number of UNSW-RF-OFFICIAL-1.0.

### Evidence
The evidence supporting the prediction includes:
- The protocol is not UDP.
- The size of the data sent (sbytes) is 200.
- The destination port (ct_dst_sport_ltm) is 2.
- The standard deviation of the size of the data sent (smean) is 100.
- The loss rate (sloss) is 0.

### Risk and Policy
The risk score is 1.8258, indicating a moderate risk. The policy zone is Monitor, and the recommended action is to log the event and continue monitoring.

### Recommended Action
Log the event and continue monitoring.

### Human Review
A human review is required due to the detector confidence below the fixed 0.70 threshold.

### Limitations
- The confidence threshold for the detector is set at 0.70, which may lead to false negatives if the confidence is below this threshold.
- The human review is necessary to ensure the accuracy of the event classification and to provide additional context for the incident.",583,273,9.626667923999776,28.358722057857324,False,191
UNSW-OFFICIAL-52960,A1_unconstrained_full,2.0,success,,Exploits,False,"### Prediction Summary
The event was predicted to be a Distributed Denial of Service (DoS) attack with a confidence of 27.78%. The model used is a Random Forest with a version number of UNSW-RF-OFFICIAL-1.0.

### Evidence
The evidence supporting the prediction includes:
- The protocol is not UDP.
- The size of the payload is 200 bytes.
- The destination port is 4.
- The standard deviation of the size of the payload is 100 bytes.
- The load on the server is 8 million bytes per second.

### Risk and Policy
The risk score is 1.9448, indicating a moderate risk. The policy zone is Monitor, and the recommended action is to log the event and continue monitoring.

### Recommended Action
Log the event and continue monitoring.

### Human Review
A human review is required due to the detector confidence below the fixed 0.70 threshold.

### Limitations
- The confidence threshold for the detector is set at 0.70, which may lead to false negatives if the actual risk is below this threshold.
- The human review is necessary to ensure the accuracy of the event classification and to provide additional context for the incident.",594,260,9.638631767999868,26.974782962784886,False,194
UNSW-OFFICIAL-52966,A1_unconstrained_full,2.0,success,,DoS,True,"### Prediction Summary
The event was predicted to be a Distributed Denial of Service (DoS) attack with a confidence of 27.66%. The model used is a Random Forest with a version number of UNSW-RF-OFFICIAL-1.0.

### Evidence
The evidence supporting the prediction includes:
- The protocol is not UDP.
- The size of the data sent (sbytes) is 200.
- The destination port (ct_dst_sport_ltm) is 2.
- The standard deviation of the size of the data sent (smean) is 100.
- The protocol is not TCP (proto_unas).

### Risk and Policy
The risk score is 1.9362, indicating a moderate risk. The policy zone is Monitor, and the recommended action is to log the event and continue monitoring.

### Recommended Action
Log the event and continue monitoring.

### Human Review
A human review is required due to the detector confidence below the fixed 0.70 threshold.

### Limitations
- The confidence threshold for the detector is set at 0.70, which may lead to false negatives if the confidence is below this threshold.
- The human review is necessary to ensure the accuracy of the event classification and to provide additional context for the incident.",581,272,10.203887695000049,26.65650663063268,False,191
UNSW-OFFICIAL-53166,A1_unconstrained_full,2.0,success,,DoS,True,"### Prediction Summary
The event was predicted to be a Distributed Denial of Service (DoS) attack with a confidence of 25.66%. The model used is a Random Forest with a version number of UNSW-RF-OFFICIAL-1.0.

### Evidence
The evidence supporting the prediction includes:
- The protocol is not UDP.
- The size of the data sent (sbytes) is 200.
- The destination port (ct_dst_sport_ltm) is 2.
- The standard deviation of the size of the data sent (smean) is 100.
- The loss rate (sloss) is 0.

### Risk and Policy
The risk score is 1.7962, indicating a moderate risk. The policy zone is Monitor, and the recommended action is to log the event and continue monitoring.

### Recommended Action
Log the event and continue monitoring.

### Human Review
A human review is required due to the detector confidence below the fixed 0.70 threshold.

### Limitations
- The confidence threshold for the detector is set at 0.70, which may lead to false negatives if the confidence is below this threshold.
- The human review is necessary to ensure the accuracy of the event classification and to provide additional context for the incident.",583,273,10.131611075000365,26.945369100638338,False,191
UNSW-OFFICIAL-53212,A1_unconstrained_full,2.0,success,,Analysis,True,"### Prediction Summary
The event was predicted to be an Analysis with a confidence of 26.06% and an uncertainty score of 73.94%. The model used is a Random Forest with version UNSW-RF-OFFICIAL-1.0.

### Evidence
The evidence supporting the prediction includes:
- Protocol is not UDP (0.0 support)
- sbytes = 200 (0.013 support)
- ct_srv_dst = 9 (0.010 support)
- Protocol = UNAS (0.010 support)
- ct_dst_sport_ltm = 2 (0.010 support)

### Risk and Policy
The risk score is 0.7819, indicating a moderate risk. The policy zone is Monitor, and the recommended action is to log the event and continue monitoring.

### Recommended Action
Log the event and continue monitoring.

### Human Review
A human review is required due to the detector confidence below the fixed 0.70 threshold.

### Limitations
- The confidence threshold for the model is set at 0.70, which may lead to false negatives if the actual risk is below this threshold.
- The event is classified as an Analysis, which may not be the most accurate classification if the actual risk is higher.",579,275,9.61988930499956,28.58660752541919,False,177
UNSW-OFFICIAL-53380,A1_unconstrained_full,2.0,success,,Worms,True,"### Prediction Summary
The event was predicted to be a Worms attack with a confidence of 54.19%. The model used is a Random Forest with a version number of UNSW-RF-OFFICIAL-1.0.

### Evidence
The evidence supporting the prediction includes:
- **sbytes**: 1302 (supports predicted class)
- **service_http**: 1.0 (supports predicted class)
- **service_-**: 0.0 (supports predicted class)
- **smean**: 130.0 (supports predicted class)
- **trans_depth**: 0.0 (opposes predicted class)

### Risk and Policy
The risk score is 4.6058, indicating a high risk. The policy zone is set to Alert, and the recommended action is to raise a SOC alert and enrich the event context.

### Recommended Action
The recommended action is to raise a SOC alert and enrich the event context.

### Human Review
A human review is required due to the detector confidence below the fixed 0.70 threshold.

### Limitations
- The human review is mandatory as the detector confidence is below the threshold.
- The risk score is based on the model's confidence, which may not fully capture the true risk level.",581,264,10.163961474999269,25.97412442475034,False,173
UNSW-OFFICIAL-53416,A1_unconstrained_full,2.0,success,,Backdoor,True,"### Prediction Summary
The event was predicted to be a Backdoor attack with a confidence of 28.6% and an uncertainty score of 71.4%. The model used is a Random Forest with a version number of UNSW-RF-OFFICIAL-1.0.

### Evidence
- Protocol is not UDP
- sbytes = 200
- ct_dst_sport_ltm = 4
- ct_dst_src_ltm = 5
- dpkts = 0

### Risk and Policy
The risk score is 2.2886, indicating a moderate risk. The policy zone is set to Alert, and the recommended action is to raise a SOC alert and enrich the event context.

### Recommended Action
The recommended action is to raise a SOC alert and enrich the event context.

### Human Review
Human review is required due to the detector confidence below the fixed 0.70 threshold.

### Limitations
- The event was predicted to be a Backdoor attack, but the confidence is below the recommended threshold of 0.70.
- The human review is necessary to ensure the accuracy of the alert and to gather additional context.",588,245,9.429729499000132,25.981657270866386,False,168
UNSW-OFFICIAL-53434,A1_unconstrained_full,2.0,success,,Generic,False,"### Prediction Summary
The event was predicted to be an Exploits with a confidence of 51.89%. The model's uncertainty score is 48.10%, indicating moderate confidence in the prediction.

### Evidence
The model's features include:
- `dmean`: 381
- `dbytes`: 3814
- `dloss`: 3
- `dload`: 40963.3
- `ct_srv_dst`: 4

### Risk and Policy
The risk score is 3.3732, and the policy zone is Alert. The recommended action is to raise a SOC alert and enrich the event context.

### Recommended Action
The recommended action is to raise a SOC alert and enrich the event context.

### Human Review
The human review requires a confidence threshold of 0.7. The confidence of the model is below this threshold, necessitating a human review.

### Limitations
- The model's confidence is below the fixed threshold of 0.70, necessitating a human review.
- The event is classified as Exploits, which may require further investigation to confirm the severity and impact.",599,247,8.63843956799974,28.593127040558056,False,155
UNSW-OFFICIAL-53474,A1_unconstrained_full,2.0,success,,Analysis,True,"### Prediction Summary
The event was predicted to be an Analysis with a confidence of 30.83%. The model used is a Random Forest with a version of UNSW-RF-OFFICIAL-1.0. The uncertainty score is 69.17%.

### Evidence
The evidence for the prediction includes:
- ct_src_ltm = 12
- Protocol is not udp
- ct_dst_sport_ltm = 4
- Protocol = unas
- ct_dst_src_ltm = 5

### Risk and Policy
The risk score is 0.925, indicating a moderate risk. The policy zone is Monitor, and the recommended action is to log the event and continue monitoring.

### Recommended Action
The recommended action is to log the event and continue monitoring.

### Human Review
The human review requires a confidence threshold of 0.7. The confidence of the detector is below this threshold, necessitating further human review.

### Limitations
- The confidence of the detector is below the fixed 0.70 threshold, necessitating a human review.
- The event is classified as an Analysis, which may not be actionable without further context or evidence.",583,246,9.279933451000034,26.508810790393145,False,167
UNSW-OFFICIAL-53482,A1_unconstrained_full,2.0,success,,Backdoor,False,"### Prediction Summary
The event was predicted to be an Analysis with a confidence of 30.83%. The model used is a Random Forest with a version of UNSW-RF-OFFICIAL-1.0. The uncertainty score is 69.17%.

### Evidence
The evidence for the prediction includes:
- ct_src_ltm = 12
- Protocol is not udp
- ct_dst_sport_ltm = 4
- Protocol = unas
- ct_dst_src_ltm = 5

### Risk and Policy
The risk score is 0.925, indicating a moderate risk. The policy zone is Monitor, and the recommended action is to log the event and continue monitoring.

### Recommended Action
The recommended action is to log the event and continue monitoring.

### Human Review
The human review requires a confidence threshold of 0.7. The confidence of the detector is below this threshold, necessitating further human review.

### Limitations
- The confidence of the detector is below the fixed 0.70 threshold, necessitating a human review.
- The event is classified as an Analysis, which may not be actionable without further context or evidence.",583,246,9.413035806000153,26.133970492621753,False,167
UNSW-OFFICIAL-53516,A1_unconstrained_full,2.0,success,,Fuzzers,True,"### Prediction Summary
The event was predicted to be a Fuzzer attack with a confidence of 33.2% and an uncertainty score of 66.8%. The model's confidence is below the fixed threshold of 0.7, necessitating a human review.

### Evidence
The evidence includes features such as `ct_dst_src_ltm`, `smean`, `sbytes`, `ct_srv_dst`, and `ackdat`, which collectively support the predicted label of Fuzzer.

### Risk and Policy
The risk score is 2.1595, indicating a moderate risk. The policy zone is set to Alert, and the recommended action is to raise a SOC alert and enrich the event context.

### Recommended Action
The recommended action is to raise a SOC alert and enrich the event context to gather more details and escalate the alert if necessary.

### Human Review
A human review is required due to the detector's confidence below the fixed threshold of 0.7.

### Limitations
The limitations include the detector's confidence below the fixed threshold of 0.7, which necessitates a human review to ensure the accuracy of the alert.",608,236,8.207436390000112,28.754411095715696,False,166
UNSW-OFFICIAL-53541,A1_unconstrained_full,2.0,success,,Exploits,False,"### Prediction Summary
The event was predicted to be a Backdoor attack with a confidence of 26.79%. The model used is a Random Forest with a version number of UNSW-RF-OFFICIAL-1.0.

### Evidence
The evidence supporting the prediction includes:
- Protocol is not UDP (0.0 support)
- sbytes = 200 (0.015 support)
- ct_dst_sport_ltm = 2 (0.0129 support)
- dpkts = 0 (0.00729 support)
- sloss = 0 (0.006826 support)

### Risk and Policy
The risk score is 2.143, indicating a moderate risk. The policy zone is set to Alert, and the recommended action is to raise a SOC alert and enrich the event context.

### Recommended Action
The recommended action is to raise a SOC alert and enrich the event context.

### Human Review
Human review is required due to the detector confidence below the fixed 0.70 threshold.

### Limitations
- The confidence threshold for the detector is set at 0.70, which may lead to false negatives if the model's confidence is below this threshold.
- The human review requirement ensures that the decision is made by a human, but it may not be as accurate as automated systems in certain cases.",583,292,10.917994939999517,26.7448374545604,False,192
UNSW-OFFICIAL-53550,A1_unconstrained_full,2.0,success,,Fuzzers,False,"### Prediction Summary
The event was predicted to be a Backdoor attack with a confidence of 28.6% and an uncertainty score of 71.4%. The model used is a Random Forest with a version number of UNSW-RF-OFFICIAL-1.0.

### Evidence
- Protocol is not UDP
- sbytes = 200
- ct_dst_sport_ltm = 4
- ct_dst_src_ltm = 5
- dpkts = 0

### Risk and Policy
The risk score is 2.2886, indicating a moderate risk. The policy zone is set to Alert, and the recommended action is to raise a SOC alert and enrich the event context.

### Recommended Action
The recommended action is to raise a SOC alert and enrich the event context.

### Human Review
Human review is required due to the detector confidence below the fixed 0.70 threshold.

### Limitations
- The event was predicted to be a Backdoor attack, but the confidence is below the recommended threshold of 0.70.
- The human review is necessary to ensure the accuracy of the alert and to gather additional context.",588,245,9.457047154000065,25.906606577125068,False,168
UNSW-OFFICIAL-53900,A1_unconstrained_full,2.0,success,,Analysis,True,"### Prediction Summary
The event was predicted to be an Analysis with a confidence of 0.173 and an uncertainty score of 0.827. The model used is a Random Forest with version UNSW-RF-OFFICIAL-1.0.

### Evidence
The evidence provided includes features such as ct_srv_src (16), ct_srv_dst (16), proto_udp (0.0), proto_unas (1.0), and sbytes (200.0). The model predicts the event as Analysis, which opposes the observed values for ct_srv_src and ct_srv_dst, and supports the observed values for proto_udp and proto_unas, as well as sbytes.

### Risk and Policy
The risk score is 0.5193, indicating a moderate risk. The policy zone is Monitor, and the recommended action is to log the event and continue monitoring.

### Recommended Action
The recommended action is to log the event and continue monitoring.

### Human Review
A human review is required due to the detector confidence below the fixed 0.70 threshold.

### Limitations
The limitations include the low detector confidence (0.173) and the need for a human review to ensure the accuracy of the event classification.",578,261,9.772637772000053,26.707221334632987,False,168
UNSW-OFFICIAL-53984,A1_unconstrained_full,2.0,success,,Analysis,True,"### Prediction Summary
The event was predicted to be an Analysis with a confidence of 30.57%. The model used is a Random Forest with a version of UNSW-RF-OFFICIAL-1.0. The uncertainty score is 69.43%, indicating a high level of confidence in the prediction.

### Evidence
The evidence supporting the prediction includes:
- Protocol is not UDP (0.0 support)
- ct_dst_src_ltm = 5 (5.0 support)
- ct_dst_sport_ltm = 4 (4.0 support)
- Protocol = UNAS (1.0 support)
- sbytes = 200 (200.0 support)

### Risk and Policy
The risk score is 0.9171, indicating a moderate risk. The policy zone is Monitor, and the recommended action is to log the event and continue monitoring.

### Recommended Action
The recommended action is to log the event and continue monitoring.

### Human Review
A human review is required due to the detector confidence below the fixed 0.70 threshold.

### Limitations
- The confidence threshold for the detector is set at 0.70, which may lead to false negatives if the actual risk is below this threshold.
- The event is classified as an Analysis, which may not be the most accurate classification if the actual risk is higher.",582,287,10.062784722000288,28.520932120562144,False,192
UNSW-OFFICIAL-54004,A1_unconstrained_full,2.0,success,,Analysis,True,"### Prediction Summary
The event was predicted to be an Analysis with a confidence of 0.1748816684705147. The model's uncertainty score is 0.8251183315294853, indicating a high level of uncertainty.

### Evidence
The evidence includes:
- ct_srv_src = 16
- ct_srv_dst = 16
- Protocol is not udp
- Protocol = unas
- sbytes = 200

### Risk and Policy
The risk score is 0.5246, which falls below the policy threshold of 0.70. The recommended action is to log the event and continue monitoring.

### Recommended Action
Log the event and continue monitoring.

### Human Review
The human review is required due to the detector's confidence below the fixed 0.70 threshold.

### Limitations
- The event was predicted to be an Analysis with a low confidence score.
- The risk score is below the policy threshold, necessitating further action.
- The human review is required to ensure the accuracy of the event classification.",578,242,9.20749430900014,26.282937776399155,False,151
UNSW-OFFICIAL-54105,A1_unconstrained_full,2.0,success,,Analysis,True,"### Prediction Summary
The event was predicted to be an Analysis with a confidence of 0.1903, indicating a low likelihood of malicious activity. The model's uncertainty score of 0.8097 suggests that the prediction is not highly certain.

### Evidence
The event was detected based on the following features:
- ct_srv_src = 16
- ct_srv_dst = 16
- proto_unas
- proto_udp
- ct_dst_sport_ltm = 4

### Risk and Policy
The risk score is 0.5709, which falls below the policy threshold of 0.70, indicating that the event should be logged and monitored.

### Recommended Action
The recommended action is to log the event and continue monitoring.

### Human Review
The human review requires a confidence threshold of 0.7, as the detector's confidence is below this threshold. This necessitates further investigation to ensure the event is not a false positive.

### Limitations
- The event was detected based on a single feature, which may not be sufficient for a definitive classification.
- The low confidence of the detector (below the fixed threshold) necessitates a human review to confirm the event's nature.
- The event is currently being logged and monitored, but further analysis is required to ensure it is not a false positive.",583,278,10.597640795999723,26.232253512964533,False,200
UNSW-OFFICIAL-54114,A1_unconstrained_full,2.0,success,,Generic,False,"### Prediction Summary
The event was predicted to be a Fuzzer attack with a confidence of 68.72%. The model used is a Random Forest with a version number of UNSW-RF-OFFICIAL-1.0.

### Evidence
The evidence supporting the prediction includes:
- **spkts (packets sent)**: 14
- **dbytes (bytes received)**: 786
- **sloss (lost packets)**: 4
- **sbytes (bytes sent)**: 1490
- **dpkts (packets received)**: 14

### Risk and Policy
The risk score is 4.4669, indicating a moderate risk. The policy zone is set to Alert, and the recommended action is to raise a SOC alert and enrich the event context.

### Recommended Action
The recommended action is to raise a SOC alert and enrich the event context.

### Human Review
A human review is required due to the detector confidence below the fixed 0.70 threshold.

### Limitations
- The confidence threshold for the detector is set at 0.70, which may lead to false negatives if the confidence falls below this threshold.
- The human review is necessary to ensure the accuracy of the alert and to provide additional context to the SOC team.",588,277,10.16040227800022,27.26270008026881,False,181
UNSW-OFFICIAL-54426,A1_unconstrained_full,2.0,success,,Backdoor,True,"### Prediction Summary
The event was predicted to be a Backdoor attack with a confidence of 27.17%. The model used is a Random Forest with a version number of UNSW-RF-OFFICIAL-1.0.

### Evidence
The evidence supporting the prediction includes:
- ct_src_ltm = 11
- Protocol is not udp
- sbytes = 200
- ct_dst_sport_ltm = 4
- sload = 4.21053e+07

### Risk and Policy
The risk score is 2.174, indicating a moderate risk. The policy zone is set to Alert, and the recommended action is to raise a SOC alert and enrich the event context.

### Recommended Action
The recommended action is to raise a SOC alert and enrich the event context.

### Human Review
Human review is required due to the detector confidence below the fixed 0.70 threshold.

### Limitations
- The confidence threshold for the detector is set at 0.70, which may lead to false negatives if the confidence is below this threshold.
- The human review requirement ensures that the decision is made by a human, but it may not be as accurate as automated systems in certain cases.",605,263,9.334031968999625,28.176462312694117,False,181
UNSW-OFFICIAL-54570,A1_unconstrained_full,2.0,success,,Generic,False,"### Prediction Summary
The event was predicted to be an Exploits with a confidence of 36.04% and an uncertainty score of 63.96%. The model used is a Random Forest with version UNSW-RF-OFFICIAL-1.0.

### Evidence
The evidence includes:
- sbytes: 1136
- ct_dst_src_ltm: 1
- service_-: An application service is identified
- smean: 114
- dmean: 122

### Risk and Policy
The risk score is 2.3423, indicating a moderate risk. The policy zone is set to Alert, and the recommended action is to raise a SOC alert and enrich the event context.

### Recommended Action
The recommended action is to raise a SOC alert and enrich the event context.

### Human Review
Human review is required due to the detector confidence below the fixed 0.70 threshold.

### Limitations
- The event was predicted to be an Exploits with a confidence of 36.04% and an uncertainty score of 63.96%.
- The model used is a Random Forest with version UNSW-RF-OFFICIAL-1.0.
- The risk score is 2.3423, indicating a moderate risk.
- The policy zone is set to Alert, and the recommended action is to raise a SOC alert and enrich the event context.
- Human review is required due to the detector confidence below the fixed 0.70 threshold.",592,326,12.254472984000131,26.602531208452376,False,206
UNSW-OFFICIAL-54748,A1_unconstrained_full,2.0,success,,Generic,True,"### Prediction Summary
The event was predicted to be of the type ""Exploitation"" with a high confidence of 98.35%. The model used is a Random Forest with a version number of UNSW-RF-OFFICIAL-1.0.

### Evidence
The evidence supporting the prediction includes:
- A service type of ""dns"" with an observed value of 1.0.
- A significant number of bytes sent (114) with an observed value of 114.0.
- An application service being identified with an observed value of 0.0.
- The protocol being UDP with an observed value of 1.0.
- The standard deviation of the size of the data packets (smean) being 57.0.

### Risk and Policy
The risk score is 6.3926, indicating a high risk. The policy zone is set to ""Block,"" and the recommended action is to block the suspected source and initiate an investigation.

### Recommended Action
The recommended action is to block the suspected source and initiate an investigation.

### Human Review
No mandatory confidence-based referral is required.

### Limitations
- The prediction is based on a single feature, which may not be comprehensive enough for a thorough analysis.
- The model's confidence threshold of 0.7 is not met, which means the human review is not mandatory.",563,285,10.705213107000418,26.622543348869073,False,201
UNSW-OFFICIAL-54790,A1_unconstrained_full,2.0,success,,Analysis,False,"### Prediction Summary
The event was predicted to be a Distributed Denial of Service (DoS) attack with a confidence of 27.19%. The model used is a Random Forest with a version number of UNSW-RF-OFFICIAL-1.0.

### Evidence
The evidence supporting the prediction includes:
- The protocol is not UDP.
- The size of the payload is 200 bytes.
- The standard deviation of the payload size is 100 bytes.
- The destination port is 2.

### Risk and Policy
The risk score is 1.9033, indicating a moderate risk. The policy zone is Monitor, and the recommended action is to log the event and continue monitoring.

### Recommended Action
Log the event and continue monitoring.

### Human Review
The human review is required because the detector confidence is below the fixed 0.70 threshold.

### Limitations
- The confidence threshold for the detector is set at 0.70, which may lead to false negatives if the actual risk is below this threshold.
- The event is classified as a DoS attack, but further investigation is needed to confirm the exact nature of the attack.",593,246,9.301560831999268,26.44717423700652,False,180
UNSW-OFFICIAL-54966,A1_unconstrained_full,2.0,success,,Worms,False,"### Prediction Summary
The event was predicted to be an Exploits with a confidence of 61.56%. The model's uncertainty score is 38.44%, indicating moderate confidence in the prediction.

### Evidence
The model's features include:
- `dmean`: 1297
- `dloss`: 184
- `dbytes`: 482,406
- `dload`: 1,124,570.625
- `sbytes`: 3006

### Risk and Policy
The risk score is 4.0016, indicating a high risk. The policy zone is set to Alert, and the recommended action is to raise a SOC alert and enrich the event context.

### Recommended Action
The recommended action is to raise a SOC alert and enrich the event context.

### Human Review
The human review requires a confidence threshold of 0.7. The detector's confidence is below this threshold, necessitating a human review.

### Limitations
- The detector's confidence is below the fixed 0.70 threshold, necessitating a human review.
- The event's criticality is 1.0, indicating it is a high-risk event.
- The risk score is 4.0016, indicating a high risk.",617,282,9.873351021000417,28.56173141218131,False,162
UNSW-OFFICIAL-55189,A1_unconstrained_full,2.0,success,,Fuzzers,True,"### Prediction Summary
The event was predicted to be a Fuzzer attack with a confidence of 20.5% and an uncertainty score of 79.5%. The model used is a Random Forest with version UNSW-RF-OFFICIAL-1.0.

### Evidence
The evidence includes:
- ct_srv_src = 23
- ct_srv_dst = 18
- Protocol is not udp
- Service = unspecified
- ct_dst_src_ltm = 4

### Risk and Policy
The risk score is 1.3328, indicating a moderate risk. The policy zone is Monitor, and the recommended action is to log the event and continue monitoring.

### Recommended Action
Log the event and continue monitoring.

### Human Review
A human review is required due to the detector confidence below the fixed 0.70 threshold.

### Limitations
- The event was predicted to be a Fuzzer attack, but the confidence is below the threshold of 0.70, necessitating a human review.
- The event is classified as Exploitation with a stage severity of 6.5, indicating a high risk level.
- The asset criticality is 1.0, and the risk score is 1.3328, which is moderate.",581,268,10.163759083000514,26.3681968267278,False,174
UNSW-OFFICIAL-55191,A1_unconstrained_full,2.0,success,,Backdoor,True,"### Prediction Summary
The event was predicted to be a Backdoor attack with a confidence of 29.996% and an uncertainty score of 70.004%. The model used is the Random Forest with version UNSW-RF-OFFICIAL-1.0.

### Evidence
The evidence supporting the prediction includes:
- ct_src_ltm = 10
- Protocol is not udp
- sbytes = 200
- ct_dst_src_ltm = 7
- smean = 100

### Risk and Policy
The risk score is 2.3997, indicating a moderate risk. The policy zone is set to Alert, and the recommended action is to raise a SOC alert and enrich the event context.

### Recommended Action
The recommended action is to raise a SOC alert and enrich the event context.

### Human Review
Human review is required due to the detector confidence below the fixed 0.70 threshold.

### Limitations
- The confidence threshold for the model is set to 0.70, which may lead to false negatives if the confidence is below this threshold.
- The human review requirement ensures that the decision is made by a human, but it may not be as accurate as automated detection systems.",587,264,10.087924741000279,26.16990181608183,False,182
UNSW-OFFICIAL-55269,A1_unconstrained_full,2.0,success,,Fuzzers,True,"### Prediction Summary
The event was predicted to be a Fuzzer attack with a confidence of 44.13%. The model used is a Random Forest with a version number of UNSW-RF-OFFICIAL-1.0.

### Evidence
The evidence supporting the prediction includes:
- ct_dst_src_ltm = 1
- sbytes = 534
- ct_srv_dst = 3
- smean = 53
- dpkts = 6

### Risk and Policy
The risk score is 2.8685, indicating a moderate risk. The policy zone is set to Alert, and the recommended action is to raise a SOC alert and enrich the event context.

### Recommended Action
The recommended action is to raise a SOC alert and enrich the event context.

### Human Review
The human review requires a confidence threshold of 0.7. The confidence of the detector is below this threshold, necessitating a human review.

### Limitations
The limitations include:
- The confidence of the detector is below the fixed 0.70 threshold, necessitating a human review.
- The event is classified as a Fuzzer attack, which may not be actionable without further context.",589,252,9.097537179000028,27.699804358227315,False,173
UNSW-OFFICIAL-55337,A1_unconstrained_full,2.0,success,,Worms,False,"### Prediction Summary
The event was predicted to be a Fuzzer attack with a confidence of 29.1%. The model used is a Random Forest with a version number of UNSW-RF-OFFICIAL-1.0.

### Evidence
The evidence supporting the prediction includes:
- Protocol: UDP (Protocol = udp)
- sbytes: 92 (sbytes = 92)
- smean: 46 (smean = 46)
- ct_dst_src_ltm: 1 (ct_dst_src_ltm = 1)
- ct_srv_dst: 15 (ct_srv_dst = 15)

### Risk and Policy
The risk score is 1.8919, indicating a moderate risk. The policy zone is Monitor, and the recommended action is to log the event and continue monitoring.

### Recommended Action
Log the event and continue monitoring.

### Human Review
A human review is required due to the detector confidence below the fixed 0.70 threshold.

### Limitations
- The confidence threshold for the model is set at 0.70, which may lead to false negatives if the actual risk is below this threshold.
- The human review is necessary to ensure the accuracy of the detection and to provide additional context for the event.",582,267,9.710533065000163,27.495915848569897,False,173
UNSW-OFFICIAL-55418,A1_unconstrained_full,2.0,success,,Reconnaissance,False,"### Prediction Summary
The event was predicted to be an Exploits with a confidence of 56.46%. The model used is the Random Forest with version UNSW-RF-OFFICIAL-1.0.

### Evidence
The evidence supporting the prediction includes:
- smean: 106
- sbytes: 1272
- sloss: 6
- dinpkt: 0.01
- service_-: An application service is identified

### Risk and Policy
The risk score is 3.6701, indicating a moderate risk. The policy zone is set to Alert, and the recommended action is to raise a SOC alert and enrich the event context.

### Recommended Action
The recommended action is to raise a SOC alert and enrich the event context.

### Human Review
Human review is required due to the detector confidence below the fixed 0.70 threshold.

### Limitations
- The event was predicted to be an Exploits with a confidence of 56.46%.
- The model used is the Random Forest with version UNSW-RF-OFFICIAL-1.0.
- The risk score is 3.6701, indicating a moderate risk.
- The policy zone is set to Alert, and the recommended action is to raise a SOC alert and enrich the event context.
- Human review is required due to the detector confidence below the fixed 0.70 threshold.",601,303,11.231587864000176,26.977485611912876,False,197
UNSW-OFFICIAL-55526,A1_unconstrained_full,2.0,success,,Fuzzers,False,"### Prediction Summary
The event was detected as a potential Shellcode intrusion attempt. The model predicted a Shellcode label with a confidence of 62.8% and an uncertainty score of 37.2%. The operational decision recommended blocking the suspected source and initiating an investigation.

### Evidence
- Protocol: UDP (Protocol = udp)
- sbytes: 528 (sbytes = 528)
- ct_dst_src_ltm: 1 (ct_dst_src_ltm = 1)
- smean: 264 (smean = 264)
- ct_srv_dst: 2 (ct_srv_dst = 2)

### Risk and Policy
The risk score is 5.3386, indicating a moderate risk. The policy zone is set to Block, aligning with the recommended action.

### Recommended Action
The recommended action is to block the suspected source and initiate an investigation.

### Human Review
The human review requires a confidence threshold of 0.7. The detector's confidence is below this threshold, necessitating further human review.

### Limitations
- The human review requirement is due to the detector's confidence being below the fixed 0.70 threshold.
- The operational decision is based on the model's prediction, which may not always align with human judgment.",585,273,10.442690985999434,26.142686819519263,False,175
UNSW-OFFICIAL-55890,A1_unconstrained_full,2.0,success,,Backdoor,False,"### Prediction Summary
The event was predicted to be a Distributed Denial of Service (DoS) attack with a confidence of 26.13%. The model used is a Random Forest with a version number of UNSW-RF-OFFICIAL-1.0.

### Evidence
The evidence supporting the prediction includes:
- The protocol is not UDP.
- The size of the data sent (sbytes) is 200.
- The destination port (ct_dst_sport_ltm) is 2.
- The source port (ct_src_ltm) is 4.
- The mean size of the data (smean) is 100.

### Risk and Policy
The risk score is 1.8292, indicating a moderate risk. The policy zone is Monitor, and the recommended action is to log the event and continue monitoring.

### Recommended Action
Log the event and continue monitoring.

### Human Review
A human review is required due to the detector confidence below the fixed 0.70 threshold.

### Limitations
- The confidence threshold for the detector is set at 0.70, which may lead to false negatives if the actual risk is below this threshold.
- The human review is necessary to ensure the accuracy of the event classification and to provide additional context for the incident.",587,272,9.868412849999913,27.562689576774485,False,188
UNSW-OFFICIAL-55989,A1_unconstrained_full,2.0,success,,Backdoor,False,"### Prediction Summary
The event was predicted to be a Fuzzer attack with a confidence of 21.85%. The model used is a Random Forest with a version number of UNSW-RF-OFFICIAL-1.0.

### Evidence
The evidence includes the following features:
- ct_srv_src: 23
- ct_srv_dst: 18
- proto_udp: not udp
- service_: unspecified
- ct_src_dport_ltm: 8

### Risk and Policy
The risk score is 1.4202, indicating a moderate risk. The policy zone is Monitor, and the recommended action is to log the event and continue monitoring.

### Recommended Action
Log the event and continue monitoring.

### Human Review
The required human review is indicated, with a confidence threshold of 0.7. The reason is that the detector's confidence is below the fixed 0.70 threshold.

### Limitations
- The event was predicted to be a Fuzzer attack, but the confidence is below the fixed threshold of 0.70, which may indicate a false positive.
- The human review is required to ensure the accuracy of the detection and to provide additional context for the event.",583,253,9.180098222999732,27.559617975125384,False,170
UNSW-OFFICIAL-56041,A1_unconstrained_full,2.0,success,,Generic,False,"### Prediction Summary
The event was predicted to be an Exploits attack with a high confidence of 77.57%. The model used is the Random Forest model version UNSW-RF-OFFICIAL-1.0.

### Evidence
The model's predictions are supported by several local features:
- sttl: 62
- dbytes: 27492
- dmean: 1057
- dload: 356558
- dloss: 11

### Risk and Policy
The risk score is 5.0418, indicating a high risk. The policy zone is set to Block, and the recommended action is to block the suspected source and initiate an investigation.

### Recommended Action
The recommended action is to block the suspected source and initiate an investigation.

### Human Review
No mandatory confidence-based referral is required.

### Limitations
- The model's confidence threshold is set to 0.7, which may lead to false positives.
- The local features used in the prediction are not publicly available, limiting the ability to verify the model's accuracy.",597,235,9.047586247000254,25.97377837408455,False,150
UNSW-OFFICIAL-56043,A1_unconstrained_full,2.0,success,,DoS,False,"### Prediction Summary
The event was predicted to be a Fuzzer attack with a confidence of 21.83%. The model used is a Random Forest with a version number of UNSW-RF-OFFICIAL-1.0.

### Evidence
The evidence includes the following features:
- ct_srv_src: 23
- ct_srv_dst: 18
- proto_udp: not udp
- service_: unspecified
- ct_src_dport_ltm: 8

### Risk and Policy
The risk score is 1.4192, indicating a moderate risk. The policy zone is Monitor, and the recommended action is to log the event and continue monitoring.

### Recommended Action
Log the event and continue monitoring.

### Human Review
The required human review is indicated, with a confidence threshold of 0.7. The reason is that the detector's confidence is below the fixed threshold of 0.70.

### Limitations
- The event was predicted to be a Fuzzer attack, but the confidence is below the fixed threshold of 0.70, which may indicate a false positive.
- The human review is required due to the low detector confidence, but the event is not yet confirmed as a Fuzzer attack.",581,258,9.597160803999941,26.88295062144523,False,173
UNSW-OFFICIAL-56217,A1_unconstrained_full,2.0,success,,Analysis,False,"### Prediction Summary
The event was predicted to be a Distributed Denial of Service (DoS) attack with a confidence of 23.89%. The model used is a Random Forest with a version number of UNSW-RF-OFFICIAL-1.0.

### Evidence
The evidence supporting the prediction includes:
- The protocol is not UDP.
- The size of the payload is 200 bytes.
- The standard deviation of the payload size is 100 bytes.
- The destination port is 6.

### Risk and Policy
The risk score is 1.6723, indicating a moderate risk. The policy zone is Monitor, and the recommended action is to log the event and continue monitoring.

### Recommended Action
Log the event and continue monitoring.

### Human Review
A human review is required due to the detector confidence below the fixed 0.70 threshold.

### Limitations
- The confidence threshold for the detector is set at 0.70, which may lead to false negatives if the actual risk is below this threshold.
- The human review is necessary to ensure the accuracy of the event classification and to provide additional context for the incident.",587,244,8.650246946000152,28.20728720499995,False,180
UNSW-OFFICIAL-56979,A1_unconstrained_full,2.0,success,,Backdoor,False,"### Prediction Summary
The event was predicted to be a Distributed Denial of Service (DoS) attack with a confidence of 24.49%. The model used is a Random Forest with a version number of UNSW-RF-OFFICIAL-1.0.

### Evidence
The evidence supporting the prediction includes:
- The protocol is not UDP.
- The size of the data sent (sbytes) is 200.
- The destination port (ct_dst_sport_ltm) is 4.
- The source port (ct_src_dport_ltm) is 4.
- The mean size of the data (smean) is 100.

### Risk and Policy
The risk score is 1.7142, indicating a moderate risk. The policy zone is Monitor, and the recommended action is to log the event and continue monitoring.

### Recommended Action
Log the event and continue monitoring.

### Human Review
A human review is required due to the detector confidence below the fixed 0.70 threshold.

### Limitations
- The confidence threshold for the detector is set at 0.70, which may lead to false negatives if the actual risk is below this threshold.
- The human review is necessary to ensure the accuracy of the detection and to provide additional context for the event.",589,273,10.171375068000089,26.840028823524417,False,187
UNSW-OFFICIAL-57049,A1_unconstrained_full,2.0,success,,Analysis,False,"### Prediction Summary
The event was predicted to be a Backdoor attack with a confidence of 26.18%. The model used is a Random Forest with a version number of UNSW-RF-OFFICIAL-1.0.

### Evidence
The evidence supporting the prediction includes:
- Protocol is not UDP (0.0)
- sbytes = 200 (200.0)
- ct_dst_src_ltm = 6 (6.0)
- dpkts = 0 (0.0)
- smean = 100 (100.0)

### Risk and Policy
The risk score is 2.0948, indicating a moderate risk. The policy zone is set to Alert, and the recommended action is to raise a SOC alert and enrich the event context.

### Recommended Action
The recommended action is to raise a SOC alert and enrich the event context.

### Human Review
Human review is required due to the detector confidence below the fixed 0.70 threshold.

### Limitations
- The human review requirement is due to the detector confidence below the fixed 0.70 threshold.
- The risk score is based on the model's confidence, which is below the threshold for human review.",582,260,9.828495273999579,26.453693342846403,False,169
UNSW-OFFICIAL-57299,A1_unconstrained_full,2.0,success,,Analysis,True,"### Prediction Summary
The event was predicted to be an Analysis with a confidence of 23.48%. The model used is a Random Forest with version UNSW-RF-OFFICIAL-1.0.

### Evidence
The evidence includes features such as ct_srv_src (15), proto_udp (0.0), proto_unas (1.0), sbytes (200.0), and ct_dst_src_ltm (4.0). The SHAP values indicate that the features proto_udp, proto_unas, and ct_dst_src_ltm support the predicted class.

### Risk and Policy
The risk score is 0.7044, indicating a moderate risk. The policy zone is Monitor, and the recommended action is to log the event and continue monitoring.

### Recommended Action
The recommended action is to log the event and continue monitoring.

### Human Review
A human review is required due to the detector confidence below the fixed 0.70 threshold.

### Limitations
- The event was predicted to be an Analysis with a confidence of 23.48%.
- The SHAP values indicate that the features proto_udp, proto_unas, and ct_dst_src_ltm support the predicted class.
- The risk score is 0.7044, indicating a moderate risk.
- The policy zone is Monitor, and the recommended action is to log the event and continue monitoring.
- A human review is required due to the detector confidence below the fixed 0.70 threshold.",579,314,11.27456133800024,27.850307483066473,False,198
UNSW-OFFICIAL-57328,A1_unconstrained_full,2.0,success,,Backdoor,True,"### Prediction Summary
The event was predicted to be a Backdoor attack with a confidence of 24.02%. The model used is a Random Forest with a version number of UNSW-RF-OFFICIAL-1.0.

### Evidence
The evidence points to a Backdoor attack based on the following features:
- `ct_srv_src = 15`
- `ct_src_ltm = 9`
- `proto_udp`
- `ct_dst_sport_ltm = 4`
- `sbytes = 200`

### Risk and Policy
The risk score is 1.9216, indicating a moderate risk. The policy zone is Monitor, and the recommended action is to log the event and continue monitoring.

### Recommended Action
Log the event and continue monitoring.

### Human Review
The required human review is indicated, with a confidence threshold of 0.7. The reason is that the detector's confidence is below the fixed threshold of 0.70.

### Limitations
- The event was predicted with a confidence below the fixed threshold of 0.70, which may indicate a false positive.
- The human review is required to ensure the accuracy of the detection and to provide additional context for the event.",588,259,9.288560058999792,27.88376221447284,False,173
UNSW-OFFICIAL-57391,A1_unconstrained_full,2.0,success,,Analysis,True,"### Prediction Summary
The event was predicted to be an Analysis with a confidence of 23.48%. The model used is a Random Forest with version UNSW-RF-OFFICIAL-1.0.

### Evidence
The evidence includes features such as ct_srv_src (15), proto_udp (0.0), proto_unas (1.0), sbytes (200.0), and ct_dst_src_ltm (4.0). The model predicts the event as Analysis.

### Risk and Policy
The risk score is 0.7044, indicating a moderate risk. The policy zone is Monitor, and the recommended action is to log the event and continue monitoring.

### Recommended Action
The recommended action is to log the event and continue monitoring.

### Human Review
A human review is required due to the detector confidence below the fixed 0.70 threshold.

### Limitations
- The event was predicted with a confidence below the threshold of 0.70, necessitating a human review.
- The model used is a Random Forest, which may not be the most accurate for this specific event.",579,234,9.07072295999933,25.797282204727075,False,152
UNSW-OFFICIAL-57852,A1_unconstrained_full,2.0,success,,Generic,False,"### Prediction Summary
The event was predicted to be a Distributed Denial of Service (DoS) attack with a confidence of 52.46%. The model used is a Random Forest with a version number of UNSW-RF-OFFICIAL-1.0.

### Evidence
The evidence supporting the prediction includes high values for sttl (254), dbytes (1774), dloss (8), and dmean (89), which are all indicative of a DoS attack.

### Risk and Policy
The risk score is 3.6722, indicating a moderate risk. The policy zone is set to Alert, and the recommended action is to raise a SOC alert and enrich the event context.

### Recommended Action
The recommended action is to raise a SOC alert and enrich the event context to gather more details and escalate the alert if necessary.

### Human Review
The human review is required due to the detector confidence below the fixed 0.70 threshold.

### Limitations
- The confidence threshold for the detector is set at 0.70, which may lead to false negatives if the actual confidence is below this threshold.
- The event data includes only local features, which may not capture all relevant aspects of the attack.",581,260,9.392991632000303,27.680212033216854,False,187
UNSW-OFFICIAL-57874,A1_unconstrained_full,2.0,success,,Backdoor,True,"### Prediction Summary
The event was predicted to be a Backdoor attack with a confidence of 26.48%. The model used is a Random Forest with a version number of UNSW-RF-OFFICIAL-1.0.

### Evidence
The evidence supporting the prediction includes:
- Protocol is not UDP (0.0)
- sbytes = 200 (200.0)
- ct_dst_src_ltm = 6 (6.0)
- smean = 100 (100.0)
- Service = unspecified (1.0)

### Risk and Policy
The risk score is 2.1186, indicating a moderate risk. The policy zone is set to Alert, and the recommended action is to raise a SOC alert and enrich the event context.

### Recommended Action
The recommended action is to raise a SOC alert and enrich the event context.

### Human Review
Human review is required due to the detector confidence below the fixed 0.70 threshold.

### Limitations
- The event was predicted to be a Backdoor attack with a confidence of 26.48%.
- The model used is a Random Forest with a version number of UNSW-RF-OFFICIAL-1.0.
- The risk score is 2.1186, indicating a moderate risk.
- The policy zone is set to Alert, and the recommended action is to raise a SOC alert and enrich the event context.
- Human review is required due to the detector confidence below the fixed 0.70 threshold.",582,326,11.584853723999913,28.140191302082464,False,212
UNSW-OFFICIAL-57935,A1_unconstrained_full,2.0,success,,Analysis,False,"### Prediction Summary
The event was predicted to be a Distributed Denial of Service (DoS) attack with a confidence of 23.77%. The model used is a Random Forest with a version number of UNSW-RF-OFFICIAL-1.0.

### Evidence
The evidence supporting the prediction includes:
- The protocol is not UDP.
- The size of the payload is 200 bytes.
- The standard deviation of the payload size is 100 bytes.
- The destination port is 6.

### Risk and Policy
The risk score is 1.6642, indicating a moderate risk. The policy zone is Monitor, and the recommended action is to log the event and continue monitoring.

### Recommended Action
Log the event and continue monitoring.

### Human Review
A human review is required due to the detector confidence below the fixed 0.70 threshold.

### Limitations
- The confidence threshold for the detector is set at 0.70, which may lead to false negatives if the actual risk is below this threshold.
- The human review is necessary to ensure the accuracy of the event classification and to provide additional context for the incident.",587,244,9.06248982499983,26.924168160376897,False,180
UNSW-OFFICIAL-58114,A1_unconstrained_full,2.0,success,,Exploits,True,"### Prediction Summary
The event was predicted to be an Exploits with a high confidence of 97.22%. The model used is the Random Forest with version UNSW-RF-OFFICIAL-1.0.

### Evidence
The model's predictions are supported by several local features:
- sttl: 62
- dmean: 986
- dloss: 28
- dbytes: 59188
- dpkts: 60

### Risk and Policy
The event is classified as Exploits, with a high risk score of 6.32. The policy zone is set to Block, and the recommended action is to block the suspected source and initiate an investigation.

### Recommended Action
The recommended action is to block the suspected source and initiate an investigation.

### Human Review
No mandatory confidence-based referral is required.

### Limitations
- The event was predicted with high confidence, but the model's predictions are based on a single feature set, which may not be comprehensive.
- The event is classified as Exploits, but further investigation is needed to confirm the nature of the exploit and its potential impact.",584,245,9.414885732000585,26.022620664132006,False,165
UNSW-OFFICIAL-58156,A1_unconstrained_full,2.0,success,,Analysis,False,"### Prediction Summary
The event was predicted to be an Exploits with a confidence of 57.31%. The model used is the Random Forest with version UNSW-RF-OFFICIAL-1.0.

### Evidence
The model's confidence score of 57.31% is supported by several local features:
- `dmean` with a value of 153
- `sttl` with a value of 62
- `ct_dst_src_ltm` with a value of 1
- `dloss` with a value of 2
- `dbytes` with a value of 1224

### Risk and Policy
The risk score is 3.7253, indicating a moderate risk. The policy zone is set to Alert, and the recommended action is to raise a SOC alert and enrich the event context.

### Recommended Action
The recommended action is to raise a SOC alert and enrich the event context.

### Human Review
The human review requires a confidence threshold of 0.7. The detector's confidence score of 57.31% is below this threshold, necessitating a human review.

### Limitations
- The human review is required due to the detector's confidence score being below the fixed 0.70 threshold.
- The event's criticality is 1.0, and the stage severity is 6.5, indicating a high risk level.",589,301,11.01923729400005,27.315865151927877,False,190
UNSW-OFFICIAL-58200,A1_unconstrained_full,2.0,success,,Generic,False,"### Prediction Summary
The event was predicted to be an Exploits with a confidence of 72.02%. The model used is the Random Forest model version UNSW-RF-OFFICIAL-1.0.

### Evidence
The evidence supporting the prediction includes high values for dbytes, dloss, dmean, dpkts, and dload, which are all positive values. These features are consistent with an Exploits prediction.

### Risk and Policy
The risk score is 4.681, indicating a high risk. The policy zone is set to Alert, and the recommended action is to raise a SOC alert and enrich the event context.

### Recommended Action
The recommended action is to raise a SOC alert and enrich the event context.

### Human Review
No mandatory confidence-based referral is required.

### Limitations
- The model's confidence threshold is set to 0.7, which means that a higher confidence level is required for a mandatory human review.
- The event data does not include any information about the asset's criticality or the severity of the stage predicted, which could affect the recommended action.",597,232,8.23266398100077,28.180428660201176,False,168
UNSW-OFFICIAL-58369,A1_unconstrained_full,2.0,success,,Reconnaissance,True,"### Prediction Summary
The event was predicted to be of the type ""Reconnaissance"" with a high confidence of 96.13%. The model used is the Random Forest model version UNSW-RF-OFFICIAL-1.0.

### Evidence
The evidence supporting the prediction includes several features:
- **sbytes**: 564 (supports predicted class)
- **smean**: 56 (supports predicted class)
- **sjit**: 8671.16 (supports predicted class)
- **dmean**: 44 (supports predicted class)
- **dbytes**: 354 (supports predicted class)

### Risk and Policy
The risk score is 2.884, indicating a moderate risk. The policy zone is set to ""Alert,"" and the recommended action is to raise a SOC alert and enrich the event context.

### Recommended Action
The recommended action is to raise a SOC alert and enrich the event context.

### Human Review
No mandatory confidence-based referral is required.

### Limitations
- The model's confidence is high (96.13%), but the human review is not mandatory, which means the decision to raise an alert is not based on a confidence threshold.",595,255,9.67849860899969,26.34706169848334,False,161
UNSW-OFFICIAL-58657,A1_unconstrained_full,2.0,success,,Backdoor,False,"### Prediction Summary
The event was predicted to be a Distributed Denial of Service (DoS) attack with a confidence of 27.74%. The model used is a Random Forest with a version number of UNSW-RF-OFFICIAL-1.0.

### Evidence
The evidence supporting the prediction includes:
- The protocol is not UDP.
- The size of the payload is 200 bytes.
- The standard deviation of the payload size is 100 bytes.
- The destination port is 6.

### Risk and Policy
The risk score is 1.9417, indicating a moderate risk. The policy zone is Monitor, and the recommended action is to log the event and continue monitoring.

### Recommended Action
Log the event and continue monitoring.

### Human Review
A human review is required due to the detector confidence below the fixed 0.70 threshold.

### Limitations
- The confidence threshold for the detector is set at 0.70, which may lead to false negatives if the actual risk is below this threshold.
- The human review is necessary to ensure the accuracy of the event classification and to provide additional context for the incident.",585,244,9.030556439000065,27.019376009460785,False,180
UNSW-OFFICIAL-58779,A1_unconstrained_full,2.0,success,,Generic,True,"### Prediction Summary
The event was predicted to be of the type ""Exploitation"" with a high confidence of 92.64%. The model used is a Random Forest with a version number of UNSW-RF-OFFICIAL-1.0.

### Evidence
The evidence supporting the prediction includes:
- A service type of ""dns"" with an observed value of 1.0.
- A significant number of bytes sent (114) with an observed value of 114.0.
- An application service being identified with an observed value of 0.0.
- A mean of 57 bytes with an observed value of 57.0.
- The protocol being UDP with an observed value of 1.0.

### Risk and Policy
The risk score is 6.0216, indicating a high risk. The policy zone is set to ""Block,"" and the recommended action is to block the suspected source and initiate an investigation.

### Recommended Action
The recommended action is to block the suspected source and initiate an investigation.

### Human Review
No mandatory confidence-based referral is required.

### Limitations
- The prediction is based on a single feature, which may not be comprehensive enough for a thorough analysis.
- The model's confidence threshold of 0.7 is not met, which means the human review is not mandatory.",564,282,9.947912691000056,28.34765530814593,False,199
UNSW-OFFICIAL-59012,A1_unconstrained_full,2.0,success,,DoS,False,"### Prediction Summary
The event was predicted to be an Exploits with a confidence of 38.3% and an uncertainty score of 61.7%. The model used is a Random Forest with version UNSW-RF-OFFICIAL-1.0.

### Evidence
The evidence supporting the prediction includes high values for sbytes (2632), smean (1316), sload (658,000,000), dur (1.5999999959603883e-05), and sinpkt (0.016).

### Risk and Policy
The risk score is 2.4896, indicating a moderate risk. The policy zone is set to Alert, and the recommended action is to raise a SOC alert and enrich the event context.

### Recommended Action
The recommended action is to raise a SOC alert and enrich the event context.

### Human Review
Human review is required due to the detector confidence below the fixed 0.70 threshold.

### Limitations
- The confidence threshold for the detector is set at 0.70, which may lead to false negatives if the actual risk is below this threshold.
- The event's severity is moderate, but the risk score is relatively low, which could be a concern if the actual risk is higher than expected.",639,288,10.867577057000744,26.50084729001064,False,176
UNSW-OFFICIAL-59026,A1_unconstrained_full,2.0,success,,Backdoor,True,"### Prediction Summary
The event was predicted to be a Backdoor attack with a confidence of 29.13%. The model used is a Random Forest with a version number of UNSW-RF-OFFICIAL-1.0.

### Evidence
The evidence supporting the prediction includes:
- Protocol is not UDP (0.0 support)
- sbytes = 200 (0.016 support)
- ct_dst_sport_ltm = 4 (0.014 support)
- ct_srv_src = 10 (0.008 support)
- ct_src_dport_ltm = 4 (0.0078 support)

### Risk and Policy
The risk score is 2.3303, indicating a moderate risk. The policy zone is set to Alert, and the recommended action is to raise a SOC alert and enrich the event context.

### Recommended Action
The recommended action is to raise a SOC alert and enrich the event context.

### Human Review
A human review is required due to the detector confidence below the fixed 0.70 threshold.

### Limitations
- The human review is required because the detector confidence is below the threshold of 0.70.
- The risk score is moderate, but the confidence threshold for human review is set at 0.70, which may not always be met.",593,284,10.695074254000247,26.554280340202062,False,180
UNSW-OFFICIAL-59066,A1_unconstrained_full,2.0,success,,Generic,True,"### Prediction Summary
The event was predicted to be of the type ""Exploitation"" with a high confidence of 96.86%. The model used is a Random Forest with a version number of UNSW-RF-OFFICIAL-1.0.

### Evidence
The evidence supporting the prediction includes:
- The service type identified as ""dns"" (readable evidence: ""Service = dns"").
- An application service being identified (readable evidence: ""An application service is identified"").
- The observed value of sbytes as 114 (readable evidence: ""sbytes = 114"").
- The protocol type as UDP (readable evidence: ""Protocol = udp"").
- The observed value of smean as 57 (readable evidence: ""smean = 57"").

### Risk and Policy
The risk score is 6.2961, indicating a high risk. The policy zone is set to ""Block,"" and the recommended action is to block the suspected source and initiate an investigation.

### Recommended Action
The recommended action is to block the suspected source and initiate an investigation.

### Human Review
No mandatory confidence-based referral is required.

### Limitations
- The model's confidence threshold is set to 0.7, which means that a confidence score below 0.7 is not considered for mandatory referral.
- The human review is not required, as the confidence threshold was not met.",565,296,11.100036502999501,26.66657897206136,False,200
UNSW-OFFICIAL-59144,A1_unconstrained_full,2.0,success,,Analysis,True,"### Prediction Summary
The event was predicted to be an Analysis with a confidence of 26.01%, indicating a moderate likelihood of malicious activity. The model used is a Random Forest with a version number of UNSW-RF-OFFICIAL-1.0.

### Evidence
The evidence supporting the prediction includes:
- Protocol is not UDP (proto_udp)
- Protocol is UNAS (proto_unas)
- ct_src_ltm is 11 (ct_src_ltm)
- sbytes is 200 (sbytes)
- ct_dst_sport_ltm is 4 (ct_dst_sport_ltm)

### Risk and Policy
The risk score is 0.7803, which falls within the policy zone of Monitor. The recommended action is to log the event and continue monitoring.

### Recommended Action
Log the event and continue monitoring.

### Human Review
A human review is required due to the detector confidence below the fixed 0.70 threshold.

### Limitations
- The confidence threshold for the detector is set at 0.70, which may lead to false negatives if the actual risk is below this threshold.
- The event is classified as an Analysis, which may not be actionable without further investigation.",582,256,8.850220076999904,28.925834360356415,False,168
UNSW-OFFICIAL-59165,A1_unconstrained_full,2.0,success,,Analysis,True,"### Prediction Summary
The event was predicted to be an Analysis with a confidence of 30.83%. The model used is a Random Forest with a version of UNSW-RF-OFFICIAL-1.0. The uncertainty score is 69.17%.

### Evidence
The evidence for the prediction includes:
- ct_src_ltm = 12
- Protocol is not udp
- ct_dst_sport_ltm = 4
- Protocol = unas
- ct_dst_src_ltm = 5

### Risk and Policy
The risk score is 0.925, indicating a moderate risk. The policy zone is Monitor, and the recommended action is to log the event and continue monitoring.

### Recommended Action
The recommended action is to log the event and continue monitoring.

### Human Review
The human review requires a confidence threshold of 0.7. The confidence of the detector is below this threshold, necessitating further human review.

### Limitations
- The confidence of the detector is below the fixed 0.70 threshold, necessitating a human review.
- The event is classified as an Analysis, which may not be actionable without further context or evidence.",583,246,9.463353202999315,25.995014105785756,False,167
UNSW-OFFICIAL-59292,A1_unconstrained_full,2.0,success,,Generic,False,"### Prediction Summary
The event was predicted to be an Exploits with a high confidence of 80.39%. The model used is the Random Forest, version UNSW-RF-OFFICIAL-1.0.

### Evidence
The model's predictions are supported by several local features:
- sttl: 62
- dmean: 1160
- dbytes: 30158
- dpkts: 26
- dloss: 11

### Risk and Policy
The predicted stage is Exploitation, with a stage severity of 6.5, indicating a high risk. The asset criticality is 1.0, and the risk score is 5.2257. The policy zone is Block, and the recommended action is to block the suspected source and initiate investigation.

### Recommended Action
The recommended action is to block the suspected source and initiate an investigation.

### Human Review
No mandatory confidence-based referral is required.

### Limitations
- The model's confidence threshold is set at 0.7, which may not always align with human judgment.
- The local features used in the prediction are based on observed values and their corresponding SHAP values, which may not fully capture the true nature of the event.",584,268,10.252669864999916,26.139532778177696,False,173
UNSW-OFFICIAL-59529,A1_unconstrained_full,2.0,success,,Exploits,False,"### Prediction Summary
The event was predicted to be a Shellcode attack with a confidence of 57.05%. The model used is a Random Forest with a version number of UNSW-RF-OFFICIAL-1.0.

### Evidence
The evidence supporting the prediction includes:
- ct_dst_src_ltm = 1
- Service = unspecified
- ct_srv_dst = 1
- Service is not http
- dpkts = 6

### Risk and Policy
The risk score is 4.8494, indicating a high risk to the asset criticality of 1.0. The policy zone is set to Alert, and the recommended action is to raise a SOC alert and enrich the event context.

### Recommended Action
The recommended action is to raise a SOC alert and enrich the event context.

### Human Review
The human review is required due to the detector confidence below the fixed 0.70 threshold.

### Limitations
- The confidence threshold for the detector is set at 0.70, which may lead to false negatives if the confidence falls below this threshold.
- The event is classified as a Shellcode attack, which is a specific type of network intrusion. The detection model is not designed to handle all types of network traffic, potentially missing other types of attacks.",579,271,9.948861781000232,27.23929691309415,False,197
UNSW-OFFICIAL-59623,A1_unconstrained_full,2.0,success,,Fuzzers,False,"### Prediction Summary
The event was predicted to be of the type ""Reconnaissance"" with a confidence of 31.0% and an uncertainty score of 69.0%. The model used is a Random Forest with version UNSW-RF-OFFICIAL-1.0.

### Evidence
The evidence for the prediction includes:
- **smean**: 53 (opposes the predicted class)
- **sjit**: 11803.4 (supports the predicted class)
- **dmean**: 44 (supports the predicted class)
- **sbytes**: 534 (opposes the predicted class)
- **sload**: 2063.76 (supports the predicted class)

### Risk and Policy
The risk score is 0.9302, indicating a moderate risk. The policy zone is ""Monitor,"" and the recommended action is to log the event and continue monitoring.

### Recommended Action
The recommended action is to log the event and continue monitoring.

### Human Review
A human review is required due to the detector confidence below the fixed 0.70 threshold.

### Limitations
- The confidence threshold for the detector is set at 0.70, which may lead to false negatives if the model's confidence is below this threshold.
- The human review is necessary to ensure the accuracy of the event classification and to provide additional context for the incident.",610,295,10.341117983000004,28.526896268368386,False,188
UNSW-OFFICIAL-59684,A1_unconstrained_full,2.0,success,,Reconnaissance,False,"### Prediction Summary
The event was predicted to be a Shellcode attack with a confidence of 57.91%. The model used is a Random Forest with a version number of UNSW-RF-OFFICIAL-1.0.

### Evidence
The evidence supporting the prediction includes features such as ct_dst_src_ltm (1), service_-, Service is not http, ct_srv_dst (1), and dbytes (268). These features are consistent with a Shellcode attack.

### Risk and Policy
The risk score is 4.9225, indicating a high risk to the asset criticality of 1.0. The policy zone is set to Alert, and the recommended action is to raise a SOC alert and enrich the event context.

### Recommended Action
The recommended action is to raise a SOC alert and enrich the event context. This is based on the high risk score and the need to ensure the security of the asset.

### Human Review
The human review is required due to the detector confidence below the fixed 0.70 threshold. This indicates that the model's confidence in the prediction is not high enough to be considered reliable.

### Limitations
The limitations of this report include the low confidence of the model (below 0.70), which may lead to false positives or missed detections. Additionally, the human review is necessary to ensure the reliability of the recommendation.",581,288,10.752196524000283,26.78522470800706,False,210
UNSW-OFFICIAL-60081,A1_unconstrained_full,2.0,success,,Fuzzers,True,"### Prediction Summary
The event was predicted to be a Fuzzer attack with a confidence of 75.36%. The model used is a Random Forest with a version number of UNSW-RF-OFFICIAL-1.0.

### Evidence
The evidence supporting the prediction includes features such as ct_dst_src_ltm (2), ct_srv_dst (5), ct_src_dport_ltm (2), ct_srv_src (6), and sbytes (592). These features are significant in the model's decision-making process.

### Risk and Policy
The risk score is 4.8985, indicating a high risk level. The policy zone is set to Alert, and the recommended action is to raise a SOC alert and enrich the event context.

### Recommended Action
The recommended action is to raise a SOC alert and enrich the event context. This is based on the high risk score and the need to escalate the alert to the Security Operations Center for further investigation and response.

### Human Review
No mandatory confidence-based referral is required as the confidence threshold is set to 0.7. This means that the human review is not necessary for this event.

### Limitations
- The event is a Fuzzer attack, which is a type of network intrusion that does not typically require immediate action beyond alerting the SOC.
- The confidence threshold of 0.7 was used, which means that the human review is not necessary for this event.
- The event does not require a human review as the confidence threshold is set to 0.7, and the risk level is high but not critical.",589,328,12.103845137999997,27.09882655142742,False,241
UNSW-OFFICIAL-60156,A1_unconstrained_full,2.0,success,,Exploits,False,"### Prediction Summary
The event was predicted to be a Fuzzer attack with a confidence of 29.05%. The model used is a Random Forest with a version number of UNSW-RF-OFFICIAL-1.0.

### Evidence
The evidence includes:
- sbytes: 86
- proto_udp: not UDP
- smean: 43
- service_: unspecified
- ct_dst_src_ltm: 2

### Risk and Policy
The risk score is 1.8884, indicating a moderate risk. The policy zone is Monitor, and the recommended action is to log the event and continue monitoring.

### Recommended Action
Log the event and continue monitoring.

### Human Review
The human review requires a confidence threshold of 0.7. The detector's confidence is below this threshold, necessitating further investigation.

### Limitations
- Detector confidence below the fixed 0.70 threshold.
- Limited human review required due to the low confidence score.",576,207,7.8710365730003105,26.29895034537935,False,133
UNSW-OFFICIAL-60355,A1_unconstrained_full,2.0,success,,Reconnaissance,True,"### Prediction Summary
The event was predicted to be of the type ""Reconnaissance"" with a high confidence of 89.74%. The model used is the Random Forest model version UNSW-RF-OFFICIAL-1.0.

### Evidence
The evidence supporting the prediction includes several features:
- **sbytes**: 564 (supports predicted class)
- **smean**: 56 (supports predicted class)
- **sjit**: 6552.7 (supports predicted class)
- **dbytes**: 354 (supports predicted class)
- **dmean**: 44 (supports predicted class)

### Risk and Policy
The risk score is 2.6923, indicating a moderate risk. The policy zone is set to ""Alert,"" and the recommended action is to raise a SOC alert and enrich the event context.

### Recommended Action
The recommended action is to raise a SOC alert and enrich the event context.

### Human Review
No mandatory confidence-based referral is required.

### Limitations
- The model's confidence threshold is set to 0.7, which means that a confidence score below 0.7 is not considered for a mandatory human review.
- The event does not require a human review as the confidence threshold is not met.",594,268,9.424159271999997,28.437549946365134,False,173
UNSW-OFFICIAL-61330,A1_unconstrained_full,2.0,success,,Backdoor,False,"### Prediction Summary
The event was predicted to be a Distributed Denial of Service (DoS) attack with a confidence of 27.67%. The model used is a Random Forest with a version number of UNSW-RF-OFFICIAL-1.0.

### Evidence
The evidence supporting the prediction includes:
- The protocol is not UDP.
- The size of the payload is 200 bytes.
- The destination port is 2.
- The standard deviation of the size of the payload is 100 bytes.
- The load on the server is 1.33333e+08.

### Risk and Policy
The risk score is 1.9372, indicating a moderate risk. The policy zone is Monitor, and the recommended action is to log the event and continue monitoring.

### Recommended Action
Log the event and continue monitoring.

### Human Review
A human review is required due to the detector confidence below the fixed 0.70 threshold.

### Limitations
- The confidence threshold for the detector is set at 0.70, which may lead to false negatives if the actual risk is below this threshold.
- The human review is necessary to ensure the accuracy of the detection and to provide additional context for the event.",601,265,10.08081853800013,26.287547881262793,False,189
UNSW-OFFICIAL-61487,A1_unconstrained_full,2.0,success,,Shellcode,False,"### Prediction Summary
The event was predicted to be a Fuzzer attack with a confidence of 39.67% and an uncertainty score of 60.32%. The model used is a Random Forest with a version number of UNSW-RF-OFFICIAL-1.0.

### Evidence
The evidence includes:
- sbytes: 554
- smean: 55
- ct_dst_src_ltm: 1
- djit: 322.247
- ct_srv_dst: 2

### Risk and Policy
The risk score is 2.5792, indicating a moderate risk. The policy zone is set to Alert, and the recommended action is to raise a SOC alert and enrich the event context.

### Recommended Action
The recommended action is to raise a SOC alert and enrich the event context.

### Human Review
The human review requires a confidence threshold of 0.7. The detector confidence is below this threshold, necessitating a human review.

### Limitations
- The detector confidence is below the fixed 0.70 threshold, necessitating a human review.
- The event is classified as a Fuzzer attack, which may not be actionable without further context.",607,258,9.807284911000352,26.30697510486455,False,164
UNSW-OFFICIAL-61712,A1_unconstrained_full,2.0,success,,Exploits,False,"### Prediction Summary
The event was predicted to be a Distributed Denial of Service (DoS) attack with a confidence of 21.84%. The model used is a Random Forest with a version number of UNSW-RF-OFFICIAL-1.0.

### Evidence
The evidence supporting the prediction includes:
- The protocol is not UDP.
- The protocol is SCTP.
- The smean value is 52.
- The sbytes value is 104.
- The ct_dst_sport_ltm value is 2.

### Risk and Policy
The risk score is 1.5288, indicating a moderate risk. The policy zone is Monitor, and the recommended action is to log the event and continue monitoring.

### Recommended Action
Log the event and continue monitoring.

### Human Review
A human review is required due to the detector confidence below the fixed 0.70 threshold.

### Limitations
- The confidence threshold for the detector is set at 0.70, which may lead to false negatives if the actual risk is below this threshold.
- The human review is necessary to ensure the accuracy of the event classification and to provide additional context for the incident.",583,249,8.880920722000155,28.037633461040556,False,177
UNSW-OFFICIAL-61925,A1_unconstrained_full,2.0,success,,Shellcode,False,"### Prediction Summary
The event was predicted to be of the type ""Reconnaissance"" with a high confidence of 90.04%. The model used is the Random Forest model version UNSW-RF-OFFICIAL-1.0.

### Evidence
The evidence supporting the prediction includes:
- sbytes: 564
- smean: 56
- sjit: 14004.5
- dmean: 44
- dbytes: 354

### Risk and Policy
The risk score is 2.7011, indicating a moderate risk. The policy zone is set to ""Alert,"" and the recommended action is to raise a SOC alert and enrich the event context.

### Recommended Action
The recommended action is to raise a SOC alert and enrich the event context.

### Human Review
No mandatory confidence-based referral is required.

### Limitations
- The model's confidence is based on a single feature, which may not be sufficient for a high-level decision.
- The event's context is limited to a single feature set, which may not capture all relevant information.
- The risk score is moderate, and further analysis might be needed to confirm the severity of the event.",596,256,9.642805104000217,26.548291419246986,False,171
UNSW-OFFICIAL-62098,A1_unconstrained_full,2.0,success,,Fuzzers,True,"### Prediction Summary
The event was predicted to be a Fuzzer attack with a confidence of 75.05%. The model used is a Random Forest with a version number of UNSW-RF-OFFICIAL-1.0.

### Evidence
The evidence includes features such as sbytes (1064), smean (532), proto_udp (1), ct_srv_dst (4), and sload (472888864). These features are supported by the model's prediction.

### Risk and Policy
The risk score is 4.8785, indicating a high risk. The policy zone is set to Alert, and the recommended action is to raise a SOC alert and enrich the event context.

### Recommended Action
The recommended action is to raise a SOC alert and enrich the event context.

### Human Review
No mandatory confidence-based referral is required.

### Limitations
- The event was not manually reviewed due to the low confidence threshold (0.7).
- The model's prediction is based on a single feature, which may not be comprehensive enough for a thorough analysis.",594,231,8.864248870000665,26.059737648135624,False,154
UNSW-OFFICIAL-62255,A1_unconstrained_full,2.0,success,,Backdoor,False,"### Prediction Summary
The event was predicted to be a Distributed Denial of Service (DoS) attack with a confidence of 26.03%. The model used is a Random Forest with a version number of UNSW-RF-OFFICIAL-1.0.

### Evidence
The evidence supporting the prediction includes:
- The protocol is not UDP.
- The size of the data sent (sbytes) is 200.
- The destination port (ct_dst_sport_ltm) is 2.
- The source port (ct_src_ltm) is 2.
- The standard deviation of the size of the data sent (smean) is 100.

### Risk and Policy
The risk score is 1.8222, indicating a moderate risk. The policy zone is Monitor, and the recommended action is to log the event and continue monitoring.

### Recommended Action
Log the event and continue monitoring.

### Human Review
A human review is required due to the detector confidence below the fixed 0.70 threshold.

### Limitations
- The confidence threshold for the detector is set at 0.70, which may lead to false negatives if the confidence is below this threshold.
- The human review is necessary to ensure the accuracy of the event classification and to provide additional context for the incident.",584,275,9.72731326200028,28.270910229064658,False,191
UNSW-OFFICIAL-62429,A1_unconstrained_full,2.0,success,,Fuzzers,True,"### Prediction Summary
The event was predicted to be a Fuzzer attack with a confidence of 31.59%. The model used is a Random Forest with a version number of UNSW-RF-OFFICIAL-1.0.

### Evidence
The evidence supporting the prediction includes:
- ct_dst_src_ltm = 1
- sbytes = 2516
- ct_srv_dst = 3
- smean = 252
- ct_srv_src = 12

### Risk and Policy
The risk score is 2.0535, indicating a moderate risk. The policy zone is set to Alert, and the recommended action is to raise a SOC alert and enrich the event context.

### Recommended Action
The recommended action is to raise a SOC alert and enrich the event context.

### Human Review
The human review requires a confidence threshold of 0.7. The confidence of the model is below this threshold, necessitating a human review.

### Limitations
- The model's confidence is below the fixed threshold of 0.70, necessitating a human review.
- The event is classified as a Fuzzer attack, which may not be actionable without further context.",591,251,9.15927959199962,27.40390196399743,False,169
UNSW-OFFICIAL-62501,A1_unconstrained_full,2.0,success,,DoS,False,"### Prediction Summary
The event was predicted to be an Analysis with a confidence of 28.4%. The model used is a Random Forest with a version of UNSW-RF-OFFICIAL-1.0.

### Evidence
The evidence supporting the prediction includes:
- Protocol is not UDP (0.0)
- ct_src_ltm = 10 (10.0)
- Protocol = UNAS (1.0)
- ct_dst_src_ltm = 6 (6.0)
- sbytes = 200 (200.0)

### Risk and Policy
The risk score is 0.8519, indicating a moderate risk. The policy zone is Monitor, and the recommended action is to log the event and continue monitoring.

### Recommended Action
The recommended action is to log the event and continue monitoring.

### Human Review
A human review is required due to the detector confidence below the fixed 0.70 threshold.

### Limitations
- The event was predicted to be an Analysis with a confidence of 28.4%.
- The model used is a Random Forest with a version of UNSW-RF-OFFICIAL-1.0.
- The risk score is 0.8519, indicating a moderate risk.
- The policy zone is Monitor, and the recommended action is to log the event and continue monitoring.
- A human review is required due to the detector confidence below the fixed 0.70 threshold.",580,308,11.486884836000172,26.81318776999667,False,197
UNSW-OFFICIAL-62807,A1_unconstrained_full,2.0,success,,Analysis,False,"### Prediction Summary
The event was predicted to be an Exploits with a confidence of 45.66%. The model's uncertainty score is 54.34%, indicating a high level of confidence in the prediction.

### Evidence
The model's features include:
- `dmean`: 171
- `sttl`: 62
- `dbytes`: 1368
- `dloss`: 2
- `dload`: 14403.2

These features support the predicted label of Exploits.

### Risk and Policy
The risk score is 2.97, indicating a moderate risk. The policy zone is set to Alert, and the recommended action is to raise a SOC alert and enrich the event context.

### Recommended Action
The recommended action is to raise a SOC alert and enrich the event context.

### Human Review
The human review requires a confidence threshold of 0.7. The detector's confidence is below this threshold, necessitating a human review.

### Limitations
- The detector's confidence is below the fixed 0.70 threshold, necessitating a human review.
- The event's criticality is 1.0, indicating it is a high-risk event.",601,262,10.117253903999881,25.896355126208473,False,163
UNSW-OFFICIAL-63399,A1_unconstrained_full,2.0,success,,Exploits,True,"### Prediction Summary
The event was predicted to be an Exploits with a high confidence of 95.35%. The model used is the Random Forest with version UNSW-RF-OFFICIAL-1.0.

### Evidence
The model's predictions are supported by several local features:
- sttl: 62
- dbytes: 30768
- dmean: 810
- dloss: 17
- dpkts: 38

### Risk and Policy
The event is classified as Exploits, with a high risk score of 6.1978. The policy zone is set to Block, and the recommended action is to block the suspected source and initiate an investigation.

### Recommended Action
The recommended action is to block the suspected source and initiate an investigation.

### Human Review
No mandatory confidence-based referral is required.

### Limitations
- The event was predicted with high confidence, but the model's performance can be influenced by the specific dataset used.
- The human review is not required due to the high confidence threshold set by the policy.",584,233,8.025281580999945,29.033249194848608,False,155
UNSW-OFFICIAL-63430,A1_unconstrained_full,2.0,success,,Worms,False,"### Prediction Summary
The event was predicted to be an Exploits with a confidence of 41.12% and an uncertainty score of 58.88%. The model used is a Random Forest with version UNSW-RF-OFFICIAL-1.0.

### Evidence
The evidence supporting the prediction includes:
- sbytes: 1296
- smean: 130
- ct_dst_src_ltm: 1
- sload: 16786.7
- ct_srv_dst: 1

### Risk and Policy
The risk score is 2.673, indicating a moderate risk. The policy zone is set to Alert, and the recommended action is to raise a SOC alert and enrich the event context.

### Recommended Action
The recommended action is to raise a SOC alert and enrich the event context.

### Human Review
The human review requires a confidence threshold of 0.7. The confidence of the model is below this threshold, necessitating a human review.

### Limitations
- The model's confidence is below the fixed threshold of 0.70, necessitating a human review.
- The event is classified as Exploits, which may require further investigation to confirm the severity and impact.",607,265,9.989641567000035,26.527478310673914,False,167
UNSW-OFFICIAL-63708,A1_unconstrained_full,2.0,success,,Analysis,True,"### Prediction Summary
The event was predicted to be an Analysis with a confidence of 27.7%. The model used is a Random Forest with a version of UNSW-RF-OFFICIAL-1.0.

### Evidence
The evidence supporting the prediction includes:
- Protocol is not UDP (0.0)
- ct_src_ltm = 10 (10.0)
- Protocol = UNAS (1.0)
- ct_dst_src_ltm = 6 (6.0)
- sbytes = 200 (200.0)

### Risk and Policy
The risk score is 0.8309, indicating a moderate risk. The policy zone is Monitor, and the recommended action is to log the event and continue monitoring.

### Recommended Action
The recommended action is to log the event and continue monitoring.

### Human Review
A human review is required due to the detector confidence below the fixed 0.70 threshold.

### Limitations
- The event was predicted with a confidence of 27.7%, which is below the recommended threshold of 0.70.
- The human review is necessary to ensure the accuracy of the prediction.",581,247,9.390688794000198,26.30264993530727,False,157
UNSW-OFFICIAL-63730,A1_unconstrained_full,2.0,success,,Fuzzers,False,"### Prediction Summary
The event was predicted to be an Analysis with a confidence of 27.7%. The model used is a Random Forest with a version of UNSW-RF-OFFICIAL-1.0.

### Evidence
The evidence supporting the prediction includes:
- Protocol is not UDP (0.0)
- ct_src_ltm = 10 (10.0)
- Protocol = UNAS (1.0)
- ct_dst_src_ltm = 6 (6.0)
- sbytes = 200 (200.0)

### Risk and Policy
The risk score is 0.8309, indicating a moderate risk. The policy zone is Monitor, and the recommended action is to log the event and continue monitoring.

### Recommended Action
The recommended action is to log the event and continue monitoring.

### Human Review
A human review is required due to the detector confidence below the fixed 0.70 threshold.

### Limitations
- The event was predicted with a confidence of 27.7%, which is below the recommended threshold of 0.70.
- The human review is necessary to ensure the accuracy of the prediction.",581,247,8.785312902999976,28.115105600354354,False,157
UNSW-OFFICIAL-63779,A1_unconstrained_full,2.0,success,,Analysis,True,"### Prediction Summary
The event was predicted to be an Analysis with a confidence of 28.4%. The model used is a Random Forest with a version of UNSW-RF-OFFICIAL-1.0.

### Evidence
The evidence supporting the prediction includes:
- Protocol is not UDP (0.0)
- ct_src_ltm = 10 (10.0)
- Protocol = UNAS (1.0)
- ct_dst_src_ltm = 6 (6.0)
- sbytes = 200 (200.0)

### Risk and Policy
The risk score is 0.8519, indicating a moderate risk. The policy zone is Monitor, and the recommended action is to log the event and continue monitoring.

### Recommended Action
The recommended action is to log the event and continue monitoring.

### Human Review
A human review is required due to the detector confidence below the fixed 0.70 threshold.

### Limitations
- The event was predicted with a confidence of 28.4%, which is below the recommended threshold of 0.70.
- The human review is necessary to ensure the accuracy of the prediction.",580,247,9.078986583999722,27.20567958931655,False,157
UNSW-OFFICIAL-63792,A1_unconstrained_full,2.0,success,,Reconnaissance,True,"### Prediction Summary
The event was predicted to be of the type ""Reconnaissance"" with a high confidence of 0.9263. The model used is a Random Forest with a version number of UNSW-RF-OFFICIAL-1.0.

### Evidence
The evidence supporting the prediction includes:
- sbytes: 168
- smean: 84
- proto_udp: Protocol = udp
- ct_dst_src_ltm: ct_dst_src_ltm = 1
- ct_srv_dst: ct_srv_dst = 1

### Risk and Policy
The risk score is 2.7789, indicating a moderate risk. The policy zone is set to ""Alert,"" and the recommended action is to raise a SOC alert and enrich the event context.

### Recommended Action
The recommended action is to raise a SOC alert and enrich the event context.

### Human Review
No mandatory confidence-based referral is required.

### Limitations
- The event is a single instance and does not provide a basis for generalization.
- The model's confidence score is high, but the event is not a critical asset, which may limit the severity of the alert.",578,245,9.252638687999934,26.478933011590406,False,162
UNSW-OFFICIAL-63892,A1_unconstrained_full,2.0,success,,Worms,False,"### Prediction Summary
The event was predicted to be a Fuzzer attack with a confidence of 43.84%. The model used is a Random Forest with a version number of UNSW-RF-OFFICIAL-1.0.

### Evidence
The evidence includes features such as ct_dst_src_ltm (1), ct_src_dport_ltm (2), ct_srv_dst (3), service_ (unspecified), and sbytes (1308). These features are observed to support the predicted class of Fuzzer.

### Risk and Policy
The risk score is 2.8497, indicating a moderate risk. The policy zone is set to Alert, and the recommended action is to raise a SOC alert and enrich the event context.

### Recommended Action
The recommended action is to raise a SOC alert and enrich the event context. This is based on the high confidence of the model and the moderate risk score.

### Human Review
A human review is required due to the detector confidence below the fixed 0.70 threshold.

### Limitations
The limitations include the low confidence of the model (below 0.70) and the need for human review to ensure the accuracy of the alert.",593,250,8.839346316999581,28.282634375259974,False,171
UNSW-OFFICIAL-64295,A1_unconstrained_full,2.0,success,,Fuzzers,False,"### Prediction Summary
The event was predicted to be an Exploits with a confidence of 31.59%. The model's uncertainty score is 68.41%, indicating a high level of confidence in the prediction.

### Evidence
The event features include:
- ct_dst_src_ltm: 1
- ct_srv_dst: 4
- sbytes: 17310
- smean: 866
- rate: 81.36

### Risk and Policy
The risk score is 2.0532, indicating a moderate risk. The policy zone is set to Alert, and the recommended action is to raise a SOC alert and enrich the event context.

### Recommended Action
The recommended action is to raise a SOC alert and enrich the event context.

### Human Review
The human review requires a confidence threshold of 0.7. The detector's confidence is below this threshold, necessitating a human review.

### Limitations
- The event features are based on a single model, which may not capture all nuances of the network traffic.
- The confidence threshold of 0.70 is fixed and may not be appropriate for all scenarios, potentially leading to missed detections or false positives.
- The human review is required due to the low detector confidence, which may not be sufficient to make an informed decision without additional context.",609,285,10.499899069999628,27.14311805284906,False,198
UNSW-OFFICIAL-64607,A1_unconstrained_full,2.0,success,,Shellcode,False,"### Prediction Summary
The event was predicted to be a Fuzzer attack with a confidence of 69.4% based on the Random Forest model. The detected features include ct_dst_src_ltm, ct_srv_dst, ct_srv_src, sbytes, and sload, all of which support the predicted label.

### Evidence
The event was flagged as a Fuzzer attack due to the high confidence score of 69.4% and the support of the features ct_dst_src_ltm, ct_srv_dst, ct_srv_src, sbytes, and sload.

### Risk and Policy
The risk score is 4.5124, indicating a moderate risk. The policy zone is set to Alert, and the recommended action is to raise a SOC alert and enrich the event context.

### Recommended Action
The recommended action is to raise a SOC alert and enrich the event context to gather more information and escalate the alert if necessary.

### Human Review
The human review is required due to the detector confidence below the fixed 0.70 threshold.

### Limitations
The limitations include the low detector confidence (below 0.70) and the need for further human review to ensure the accuracy of the alert.",603,250,9.498111097999754,26.3210229297748,False,175
UNSW-OFFICIAL-64660,A1_unconstrained_full,2.0,success,,Generic,False,"### Prediction Summary
The event was predicted to be a Distributed Denial of Service (DoS) attack with a confidence of 33.66%. The model used is a Random Forest with a version number of UNSW-RF-OFFICIAL-1.0.

### Evidence
The evidence supporting the prediction includes:
- **sbytes**: 1394 (supports predicted class)
- **smean**: 697 (supports predicted class)
- **sload**: 506,909,088 (supports predicted class)
- **proto_udp**: Protocol = udp (opposes predicted class)
- **dur**: 1.1e-05 (supports predicted class)

### Risk and Policy
The risk score is 2.3564, indicating a moderate risk. The policy zone is set to Alert, and the recommended action is to raise a SOC alert and enrich the event context.

### Recommended Action
The recommended action is to raise a SOC alert and enrich the event context.

### Human Review
A human review is required due to the detector confidence below the fixed 0.70 threshold.

### Limitations
- The human review is mandatory as the detector confidence is below the threshold.
- The risk score is moderate, but the policy zone is set to Alert, which may lead to a false positive if not reviewed by a human.",621,287,10.699932470999556,26.82259918722546,False,187
UNSW-OFFICIAL-64690,A1_unconstrained_full,2.0,success,,Reconnaissance,False,"### Prediction Summary
The event was predicted to be a Shellcode attack with a confidence of 83.1% and an uncertainty score of 17%. The model used is a Random Forest with version UNSW-RF-OFFICIAL-1.0.

### Evidence
The evidence supporting the prediction includes:
- ct_dst_src_ltm = 1
- Service = unspecified
- Service is not http
- dmean = 45
- dpkts = 6

### Risk and Policy
The risk score is 7.066, indicating a high risk to the asset criticality of 1.0. The policy zone is Isolation, and the recommended action is to isolate the affected asset and escalate to incident response.

### Recommended Action
Isolate the affected asset and escalate to incident response.

### Human Review
No mandatory confidence-based referral is required.

### Limitations
- The prediction is based on a single feature, which may not be comprehensive enough for a thorough analysis.
- The model's confidence score is high, but the evidence is limited to a single feature, which could be misleading.",573,232,7.963552987000185,29.132725101310943,False,163
UNSW-OFFICIAL-64873,A1_unconstrained_full,2.0,success,,Shellcode,True,"### Prediction Summary
The event was detected as a potential Shellcode intrusion attempt. The model predicted a Shellcode label with a confidence of 61.59%, indicating a high likelihood of malicious activity.

### Evidence
The event features include:
- `ct_dst_src_ltm = 1`
- `Service = unspecified`
- `Service is not http`
- `ct_srv_dst = 1`
- `trans_depth = 0`

These features support the predicted label of Shellcode.

### Risk and Policy
The risk score is 5.2357, indicating a significant risk to the asset. The policy zone is set to Block, and the recommended action is to block the suspected source and initiate an investigation.

### Recommended Action
The recommended action is to block the suspected source and initiate an investigation.

### Human Review
The human review requires a confidence threshold of 0.7. The detector's confidence is below this threshold, necessitating further human review.

### Limitations
- The event features do not include a clear indication of the actual service being used, which could affect the accuracy of the prediction.
- The confidence threshold for human review is set at 0.7, which may not be sufficient to ensure a high level of confidence in the detection.",575,261,9.920976033999978,26.307895423346668,False,194
UNSW-OFFICIAL-65224,A1_unconstrained_full,2.0,success,,Fuzzers,False,"### Prediction Summary
The event was predicted to be a Shellcode attack with a confidence of 45.3% and an uncertainty score of 54.7%. The model used is a Random Forest with a version number of UNSW-RF-OFFICIAL-1.0.

### Evidence
The evidence supporting the prediction includes:
- ct_dst_src_ltm = 1
- ct_srv_dst = 6
- ct_srv_src = 7
- Service = unspecified
- dmean = 45

### Risk and Policy
The risk score is 3.8507, indicating a high risk to the asset criticality of 1.0. The policy zone is set to Alert, and the recommended action is to raise a SOC alert and enrich the event context.

### Recommended Action
The recommended action is to raise a SOC alert and enrich the event context.

### Human Review
The human review is required due to the detector confidence below the fixed 0.70 threshold.

### Limitations
- The confidence threshold for the detector is set at 0.70, which may lead to false negatives if the confidence is below this threshold.
- The event is classified as a Shellcode attack, which may not be the most accurate classification if the confidence is below the threshold.",583,269,10.150322651999886,26.501620610749725,False,190
UNSW-OFFICIAL-65889,A1_unconstrained_full,2.0,success,,Normal,True,"### Prediction Summary
The event was predicted as ""Normal"" by the Random Forest model with a confidence of 1.0. The model's uncertainty score is 0.0, indicating high confidence in the prediction.

### Evidence
The model analyzed several features including sloss, smean, proto_tcp, swin, and ct_srv_src, all of which are consistent with normal behavior.

### Risk and Policy
The event does not pose a significant risk to the asset, as the risk score is 0.0. The policy zone is set to ""Monitor,"" indicating that the event will be logged and monitored.

### Recommended Action
The recommended action is to log the event and continue monitoring. This is based on the low risk score and the fact that the event does not violate any policy.

### Human Review
No mandatory human review is required as the confidence threshold is set to 0.7, and the event does not meet the criteria for a mandatory referral.

### Limitations
- The model's confidence score is 1.0, indicating high certainty in the prediction.
- The event does not meet the mandatory human review threshold of 0.7.
- The model's output is based on a single model version, which may not be representative of the overall system behavior.",534,261,9.249387904999821,28.218083475438913,False,201
UNSW-OFFICIAL-66360,A1_unconstrained_full,2.0,success,,Normal,False,"### Prediction Summary
The event was predicted to be a Fuzzer attack with a confidence of 72.98%. The model used is a Random Forest with a version number of UNSW-RF-OFFICIAL-1.0.

### Evidence
The evidence supporting the prediction includes:
- ct_dst_src_ltm = 4
- ct_srv_dst = 4
- sbytes = 2516
- ct_srv_src = 7
- smean = 252

### Risk and Policy
The risk score is 4.7436, indicating a high risk. The policy zone is set to Alert, and the recommended action is to raise a SOC alert and enrich the event context.

### Recommended Action
The recommended action is to raise a SOC alert and enrich the event context.

### Human Review
No mandatory confidence-based referral is required.

### Limitations
- The confidence threshold for mandatory human review is set at 0.7.
- The human review is not required as the confidence is below the threshold.",586,217,8.024331403999895,27.042751486040547,False,147
UNSW-OFFICIAL-68026,A1_unconstrained_full,2.0,success,,Normal,False,"### Prediction Summary
The event was predicted to be a Fuzzer attack with a confidence of 68.29%. The model used is a Random Forest with a version number of UNSW-RF-OFFICIAL-1.0.

### Evidence
The evidence supporting the prediction includes features such as ct_dst_src_ltm (6), ct_srv_dst (6), ct_srv_src (7), ct_src_dport_ltm (2), and dpkts (6). These features are all above the threshold of 6, which is a critical value for the model.

### Risk and Policy
The risk score is 4.44, indicating a moderate risk. The policy zone is set to Alert, and the recommended action is to raise a SOC alert and enrich the event context.

### Recommended Action
The recommended action is to raise a SOC alert and enrich the event context. This action is based on the high confidence of the model and the criticality of the asset.

### Human Review
The human review requirement is set to true, with a confidence threshold of 0.7. This indicates that the detector's confidence is below the fixed threshold of 0.70, necessitating further human review.

### Limitations
- The model's confidence is below the fixed threshold of 0.70, necessitating human review.
- The event's criticality is high, but the risk score is moderate, indicating a need for a balanced approach to risk management.",592,301,11.287396908000119,26.666910223265166,False,210
UNSW-OFFICIAL-70047,A1_unconstrained_full,2.0,success,,Normal,True,"### Prediction Summary
The event was predicted as ""Normal"" by the Random Forest model with a confidence of 97.17%. The model's uncertainty score is 2.83%, indicating high confidence in the prediction.

### Evidence
The event features include:
- sttl: 62
- dinpkt: 0.006
- sbytes: 1012
- dpkts: 2
- smean: 169

These features are consistent with normal network activity.

### Risk and Policy
The event does not meet the policy threshold for mandatory action. The risk score is 0.0, and the policy zone is ""Monitor.""

### Recommended Action
The recommended action is to log the event and continue monitoring.

### Human Review
No mandatory confidence-based referral is required.

### Limitations
- The event features are consistent with normal network activity.
- The event does not meet the policy threshold for mandatory action.
- The risk score is 0.0, indicating no immediate risk.",590,216,7.973134855999888,27.09097536929997,False,143
UNSW-OFFICIAL-72656,A1_unconstrained_full,2.0,success,,Normal,False,"### Prediction Summary
The event was predicted to be a Fuzzer attack with a confidence of 65.68%. The model used is a Random Forest with a version number of UNSW-RF-OFFICIAL-1.0.

### Evidence
The evidence supporting the prediction includes:
- Protocol: UDP (Protocol = udp)
- sbytes: 78 (sbytes = 78)
- smean: 39 (smean = 39)
- ct_dst_src_ltm: 2 (ct_dst_src_ltm = 2)
- ct_srv_src: 9 (ct_srv_src = 9)

### Risk and Policy
The risk score is 4.27, indicating a moderate risk. The policy zone is set to Alert, and the recommended action is to raise a SOC alert and enrich the event context.

### Recommended Action
The recommended action is to raise a SOC alert and enrich the event context.

### Human Review
Human review is required due to the detector confidence below the fixed 0.70 threshold.

### Limitations
- The confidence threshold for the detector is set at 0.70, which may lead to false negatives if the confidence falls below this threshold.
- The event is classified as a Fuzzer attack, which is a type of network intrusion, but the specific details of the attack (e.g., payload, target, impact) are not provided.",581,293,10.695061238999187,27.395822562622193,False,193
UNSW-OFFICIAL-74299,A1_unconstrained_full,2.0,success,,Normal,False,"### Prediction Summary
The event was predicted to be an Analysis with a confidence of 38.66%. The model's uncertainty score is 61.34%, indicating a high level of confidence in the prediction.

### Evidence
The event was detected based on several features:
- **dbytes**: 1204 (supports predicted class)
- **response_body_len**: 156 (supports predicted class)
- **sttl**: 62 (supports predicted class)
- **dmean**: 120 (supports predicted class)
- **dloss**: 2 (supports predicted class)

### Risk and Policy
The risk score is 1.1597, indicating a moderate risk. The policy zone is Monitor, and the recommended action is to log the event and continue monitoring.

### Recommended Action
Log the event and continue monitoring.

### Human Review
The required human review is indicated, with a confidence threshold of 0.7. The reason is that the detector's confidence is below this threshold.

### Limitations
- The event was detected based on a single model with a low confidence threshold (0.70).
- The event is classified as an Analysis, which may not be the most accurate classification given the low confidence.
- The event is monitored without further investigation, which may not be sufficient for a thorough analysis.",583,280,10.59172357800071,26.435735217029965,False,191
UNSW-OFFICIAL-74463,A1_unconstrained_full,2.0,success,,Normal,False,"### Prediction Summary
The event was predicted to be an Analysis with a confidence of 26.67%. The model's uncertainty score is 73.33%, indicating a high level of confidence in the prediction.

### Evidence
The event was detected based on the following features:
- ct_srv_dst: 1
- dmean: 122
- ct_dst_src_ltm: 1
- response_body_len: 163
- dbytes: 1216

### Risk and Policy
The risk score is 0.8, indicating a moderate risk. The policy zone is Monitor, and the recommended action is to log the event and continue monitoring.

### Recommended Action
Log the event and continue monitoring.

### Human Review
The required human review is indicated, with a confidence threshold of 0.7. The reason is that the detector's confidence is below the fixed 0.70 threshold.

### Limitations
- The event was detected based on a single feature, which may not be sufficient for a comprehensive analysis.
- The confidence threshold of 0.70 was used, which may not be optimal for all scenarios.
- The event is classified as a low-risk, but further investigation may be necessary to confirm the nature of the event.",590,267,10.226309480000054,26.109125733206206,False,182
UNSW-OFFICIAL-76452,A1_unconstrained_full,2.0,success,,Normal,False,"### Prediction Summary
The event was predicted to be a Fuzzer attack with a confidence of 78.75%. The model used is a Random Forest with a version number of UNSW-RF-OFFICIAL-1.0.

### Evidence
The evidence supporting the prediction includes features such as ct_dst_src_ltm (5), ct_srv_dst (5), ct_src_dport_ltm (2), ct_srv_src (5), and dpkts (6). These features are all above the threshold of 5, which is a strong indicator of a Fuzzer attack.

### Risk and Policy
The risk score is 5.119, indicating a high risk. The policy zone is set to Block, and the recommended action is to block the suspected source and initiate an investigation.

### Recommended Action
The recommended action is to block the suspected source and initiate an investigation. This is based on the high risk score and the policy to block suspicious activities.

### Human Review
No mandatory confidence-based referral is required as the confidence threshold is set to 0.7.

### Limitations
- The prediction is based on a single model and may not be accurate for all types of attacks.
- The human review is not required due to the high confidence threshold.
- The local features used in the prediction are not comprehensive and may not cover all potential attack vectors.",582,279,10.25139735599987,27.215801935207274,False,205
UNSW-OFFICIAL-76644,A1_unconstrained_full,2.0,success,,Normal,False,"### Prediction Summary
The event was predicted to be an Exploits with a confidence of 58.5% and an uncertainty score of 41.5%. The model used is the Random Forest with version UNSW-RF-OFFICIAL-1.0.

### Evidence
The evidence for the prediction includes several features:
- **dmean**: 65
- **dloss**: 3
- **dbytes**: 646
- **sbytes**: 608
- **dpkts**: 10

These features support the predicted label of Exploits.

### Risk and Policy
The risk score is 3.8028, indicating a moderate risk. The policy zone is set to Alert, and the recommended action is to raise a SOC alert and enrich the event context.

### Recommended Action
The recommended action is to raise a SOC alert and enrich the event context.

### Human Review
A human review is required due to the detector confidence below the fixed 0.70 threshold.

### Limitations
- The human review is mandatory as the detector confidence is below the threshold.
- The risk score is moderate, but the policy zone is set to Alert, which may lead to a false positive if not reviewed by a human.",586,265,9.377799068999593,28.258229681633573,False,178
UNSW-OFFICIAL-76646,A1_unconstrained_full,2.0,success,,Normal,False,"### Prediction Summary
The event was predicted to be an Exploits with a confidence of 70.72%. The model used is the Random Forest model version UNSW-RF-OFFICIAL-1.0.

### Evidence
The model's predictions are based on several local features including:
- `dloss`: 3
- `dmean`: 65
- `dbytes`: 646
- `sbytes`: 608
- `dpkts`: 10

### Risk and Policy
The risk score is 4.5966, indicating a high risk. The policy zone is set to Alert, and the recommended action is to raise a SOC alert and enrich the event context.

### Recommended Action
The recommended action is to raise a SOC alert and enrich the event context.

### Human Review
No mandatory confidence-based referral is required.

### Limitations
- The event was not manually reviewed due to the low confidence threshold (0.7).
- The model's predictions are based on local features, which may not capture the full context of the event.",580,230,8.863253760000589,25.94983808745026,False,149
UNSW-OFFICIAL-77415,A1_unconstrained_full,2.0,success,,Normal,True,"### Prediction Summary
The event was predicted as ""Normal"" by the Random Forest model with a confidence of 51.72%. The uncertainty score is 48.27%, indicating moderate confidence in the prediction.

### Evidence
The event features include:
- ct_srv_dst: 37
- ct_srv_src: 39
- ct_dst_src_ltm: 37
- sbytes: 2128
- smean: 532

### Risk and Policy
The risk score is 0.0, and the policy zone is ""Monitor"". The recommended action is to log the event and continue monitoring.

### Recommended Action
Log the event and continue monitoring.

### Human Review
The required human review is indicated, with a confidence threshold of 0.7. The reason is that the detector's confidence is below this threshold.

### Limitations
- The event features are based on raw data and do not include any additional context or metadata.
- The human review requirement is due to the low confidence of the detector, which may indicate a need for further investigation or a higher threshold for human review.",588,236,8.72042201199929,27.06291045035026,False,161
UNSW-OFFICIAL-80444,A1_unconstrained_full,2.0,success,,Normal,False,"### Prediction Summary
The event was predicted to be a Shellcode attack with a confidence of 45.95%. The model used is a Random Forest with a version of UNSW-RF-OFFICIAL-1.0.

### Evidence
The evidence supporting the prediction includes high values for ct_dst_src_ltm, dbytes, dpkts, ct_srv_dst, and service_ features, which are all indicative of a Shellcode attack.

### Risk and Policy
The risk score is 3.9061, indicating a moderate risk. The policy zone is set to Alert, and the recommended action is to raise a SOC alert and enrich the event context.

### Recommended Action
The recommended action is to raise a SOC alert and enrich the event context to gather more information and escalate the alert if necessary.

### Human Review
The human review requirement is set to true, with a confidence threshold of 0.7. This indicates that the detector's confidence is below the fixed threshold of 0.70, necessitating a human review.

### Limitations
The limitations include the detector's confidence being below the fixed threshold of 0.70, which requires a human review to ensure the accuracy of the alert.",581,252,9.002685174000362,27.991648616989597,False,178
UNSW-OFFICIAL-80463,A1_unconstrained_full,2.0,success,,Normal,False,"### Prediction Summary
The event was predicted to be an Analysis with a confidence of 43.3% and an uncertainty score of 56.7%. The model used is a Random Forest with version UNSW-RF-OFFICIAL-1.0.

### Evidence
The event was detected based on several features including sttl (62), dbytes (1340), response_body_len (263), dmean (168), and dloss (2). These features were found to support the predicted class.

### Risk and Policy
The risk score is 1.2991, indicating a moderate risk. The policy zone is Monitor, and the recommended action is to log the event and continue monitoring.

### Recommended Action
The operational decision is to log the event and continue monitoring. This is based on the high confidence of the model and the moderate risk score.

### Human Review
A human review is required due to the detector confidence below the fixed 0.70 threshold. The confidence threshold was not met, necessitating further human assessment.

### Limitations
The limitations include the low confidence threshold of 0.70, which may lead to missed detections or false negatives. Additionally, the model's performance may vary based on the specific characteristics of the network traffic being analyzed.",585,270,10.260695658999794,26.31400530461883,False,187
UNSW-OFFICIAL-81279,A1_unconstrained_full,2.0,success,,Normal,False,"### Prediction Summary
The event was predicted to be a Fuzzer attack with a confidence of 75.81%. The model used is a Random Forest with a version number of UNSW-RF-OFFICIAL-1.0.

### Evidence
The evidence supporting the prediction includes:
- ct_dst_src_ltm = 2
- ct_srv_dst = 2
- sbytes = 756
- Service = unspecified
- smean = 76

### Risk and Policy
The predicted stage is Exploitation, with a stage severity of 6.5, asset criticality of 1.0, and a risk score of 4.9277. The policy zone is Alert, and the recommended action is to raise a SOC alert and enrich the event context.

### Recommended Action
The recommended action is to raise a SOC alert and enrich the event context.

### Human Review
No mandatory confidence-based referral is required.

### Limitations
- The confidence threshold for a mandatory human review is set at 0.7.
- The event does not require a human review as the confidence threshold is not met.",578,236,8.957660445000329,26.34616498906499,False,160
