event_id,configuration_id,prompt_version,generation_status,generation_error,true_label_evaluation_only,classification_correct_evaluation_only,report_text,input_tokens,output_tokens,generation_seconds,tokens_per_second,reached_token_limit,report_words
UNSW-OFFICIAL-442,A2_constrained_no_shap,2.0,success,,Shellcode,True,"### Evidence-Grounded SOC Report

**Prediction Summary:** The predicted attack class is Shellcode, with a confidence of 75.59%.

**Evidence:** No local feature evidence was supplied in this configuration.

**Risk and Policy:** The risk score is 6.425, indicating a significant risk. The policy zone is set to Block, and the recommended action is to block the suspected source and initiate an investigation.

**Recommended Action:** Block the suspected source and initiate investigation.

**Human Review:** No mandatory confidence-based referral is required.

**Limitations:** The provided evidence does not include any specific details about the attack, such as the type of shellcode, its behavior, or the impact on the system.",343,147,5.991837247000149,24.533376648972983,False,104
UNSW-OFFICIAL-578,A2_constrained_no_shap,2.0,success,,Shellcode,True,"### Evidence-Grounded SOC Report

**Prediction Summary:** The predicted attack class is Shellcode, with a high confidence of 94.99%.

**Evidence:** No local feature evidence was supplied in this configuration.

**Risk and Policy:** The risk score is 8.0744, placing the attack at a high level. The policy zone is Isolation, indicating that the affected asset should be isolated to prevent further damage.

**Recommended Action:** Isolate the affected asset and escalate to incident response.

**Human Review:** No mandatory human review is required.

**Limitations:** The provided evidence does not include any specific details about the attack, such as the shellcode itself, the host it was executed on, or the tools used.",350,152,5.253862674000629,28.931094973644868,False,107
UNSW-OFFICIAL-822,A2_constrained_no_shap,2.0,success,,Worms,False,"### SOC Report

#### Prediction Summary
The predicted label is ""Exploits,"" with a confidence of 0.5474 and an uncertainty score of 0.4526. The predicted stage is ""Exploitation,"" and the risk score is 3.5582. The policy zone is ""Alert,"" and the recommended action is to raise a SOC alert and enrich the event context.

#### Evidence
No local feature evidence was supplied in this configuration.

#### Risk and Policy
The risk score indicates a moderate risk, and the policy zone is set to ""Alert."" The recommended action is to raise a SOC alert and enrich the event context.

#### Recommended Action
Raise a SOC alert and enrich the event context.

#### Human Review
Human review is required due to the detector confidence below the fixed 0.70 threshold.

#### Limitations
The provided evidence does not include local feature data, which is necessary for making accurate predictions.",353,197,7.579116660000182,25.992474959475725,False,144
UNSW-OFFICIAL-862,A2_constrained_no_shap,2.0,success,,DoS,False,"### SOC Report

#### Prediction Summary
The predicted attack class is a Backdoor, with a confidence of 0.4711497010054377.

#### Evidence
No local feature evidence was supplied in this configuration.

#### Risk and Policy
Risk score: 3.7692
Policy zone: Alert
Recommended action: Raise a SOC alert and enrich the event context.

#### Human Review
Human review is required due to the detector confidence below the fixed 0.70 threshold.

#### Limitations
The provided evidence does not include any local feature data, which limits the accuracy of the prediction.",352,135,4.674750500999835,28.87854656010545,False,86
UNSW-OFFICIAL-957,A2_constrained_no_shap,2.0,success,,Shellcode,False,"### SOC Report

#### Prediction Summary
The predicted label is ""Exploits,"" with a confidence of 0.3625. The exploit is in the Exploitation stage, and the risk score is 2.3565. The policy zone is ""Alert,"" and the recommended action is to raise a SOC alert and enrich the event context.

#### Evidence
No local feature evidence was supplied in this configuration.

#### Risk and Policy
The exploit is classified as a high-risk activity, and it falls under the ""Alert"" policy zone. The recommended action is to raise a SOC alert and enrich the event context.

#### Recommended Action
To mitigate the risk, the recommended action is to raise a SOC alert and enrich the event context with additional details such as the exploit details, the system it targets, and any potential impact on the system.

#### Human Review
Human review is required due to the detector confidence below the fixed 0.70 threshold.

#### Limitations
The provided evidence does not include local feature data, which is necessary for making accurate predictions.",351,220,8.362542190999193,26.307789542370422,False,169
UNSW-OFFICIAL-966,A2_constrained_no_shap,2.0,success,,Shellcode,False,"### SOC Report

**Prediction Summary:** The predicted attack class is Fuzzers, with a confidence of 44.42%.

**Evidence:** No local feature evidence was supplied in this configuration.

**Risk and Policy:** The risk score is 2.8876, and the policy zone is Alert. The recommended action is to raise a SOC alert and enrich the event context.

**Recommended Action:** Raise a SOC alert and enrich the event context.

**Human Review:** Human review is required due to the detector confidence below the fixed 0.70 threshold.

**Limitations:** The provided evidence does not include any local feature data, which limits the accuracy of the prediction.",353,141,5.031673158999183,28.02248785730856,False,99
UNSW-OFFICIAL-1294,A2_constrained_no_shap,2.0,success,,Shellcode,False,"### SOC Report

**Prediction Summary:** The predicted attack class is Fuzzers, with a confidence of 43.01%.

**Evidence:** No local feature evidence was supplied in this configuration.

**Risk and Policy:** The risk score is 2.7958, and the policy zone is Alert. The recommended action is to raise a SOC alert and enrich the event context.

**Recommended Action:** Raise a SOC alert and enrich the event context.

**Human Review:** Human review is required due to the detector confidence below the fixed 0.70 threshold.

**Limitations:** The provided evidence does not include any local feature data, which limits the accuracy of the prediction.",352,141,4.854999410999881,29.04222803416597,False,99
UNSW-OFFICIAL-1319,A2_constrained_no_shap,2.0,success,,Shellcode,True,"### SOC Report

**Prediction Summary:** The predicted attack class is Shellcode, with a confidence of 28.6%.

**Evidence:** No local feature evidence was supplied in this configuration.

**Risk and Policy:** The risk score is 2.4311, and the policy zone is Alert. The recommended action is to raise a SOC alert and enrich the event context.

**Recommended Action:** Raise a SOC alert and enrich the event context.

**Human Review:** Human review is required due to the detector confidence below the fixed 0.70 threshold.

**Limitations:** The provided evidence does not include any local feature data, which limits the accuracy of the prediction.",352,139,5.727053597000122,24.27076988991501,False,99
UNSW-OFFICIAL-1468,A2_constrained_no_shap,2.0,success,,DoS,True,"### Evidence-Grounded SOC Report

#### Prediction Summary
The predicted attack class is a Denial of Service (DoS) attack.

#### Evidence
No local feature evidence was supplied in this configuration.

#### Risk and Policy
**Risk Score:** 4.7824
**Policy Zone:** Alert
**Recommended Action:** Raise a SOC alert and enrich the event context.

#### Recommended Action
**Human Review:** Required
**Confidence Threshold:** 0.70
**Reason:** Detector confidence below the fixed 0.70 threshold.

#### Limitations
The recommended action is based on a high confidence threshold of 0.70, which may not be sufficient for all organizations. Further investigation and validation of the attack's impact and severity would be necessary to determine the appropriate response.",350,164,5.663051092999922,28.959653958043898,False,107
UNSW-OFFICIAL-1587,A2_constrained_no_shap,2.0,success,,Worms,False,"### SOC Report

#### Prediction Summary
The predicted label is ""Exploits,"" with a confidence of 0.4899. The exploit is in the Exploitation stage, and the risk score is 3.1846. The policy zone is ""Alert,"" and the recommended action is to raise a SOC alert and enrich the event context.

#### Evidence
No local feature evidence was supplied in this configuration.

#### Risk and Policy
The exploit is in the Exploitation stage, indicating a high risk. The policy zone is set to ""Alert,"" which aligns with the recommended action to raise a SOC alert and enrich the event context.

#### Recommended Action
Raise a SOC alert and enrich the event context.

#### Human Review
Human review is required due to the detector confidence below the fixed 0.70 threshold.

#### Limitations
The provided evidence does not include local feature data, which is necessary for making accurate predictions.",353,195,7.573867410000275,25.746423781135736,False,145
UNSW-OFFICIAL-1645,A2_constrained_no_shap,2.0,success,,Exploits,False,"### SOC Report

#### Prediction Summary
The predicted attack class is a Denial of Service (DoS) attack.

#### Evidence
No local feature evidence was supplied in this configuration.

#### Risk and Policy
Risk Score: 2.0282
Policy Zone: Alert
Recommended Action: Raise a SOC alert and enrich the event context.

#### Recommended Action
Human Review: Required
Human Review Confidence Threshold: 0.7
Reason: Detector confidence below the fixed 0.70 threshold.

#### Limitations
The recommended action is based on the provided evidence, which does not include any local feature data. This limits the accuracy of the risk assessment and the effectiveness of the recommended action.",352,144,4.929944371999227,29.20925453396223,False,102
UNSW-OFFICIAL-1779,A2_constrained_no_shap,2.0,success,,Fuzzers,True,"### Evidence-Grounded SOC Report

**Prediction Summary:** The predicted attack class is Fuzzers, with a high confidence of 0.9094.

**Evidence:** No local feature evidence was supplied in this configuration.

**Risk and Policy:** The risk score is 5.9111, placing the attack at a high level. The policy zone is set to Block, indicating a mandatory response.

**Recommended Action:** The recommended action is to Block the suspected source and initiate an investigation.

**Human Review:** Human review is not required as the confidence threshold is below 0.7.

**Limitations:** The report does not include any specific limitations or constraints.",346,138,4.96879530500064,27.773331668767995,False,94
UNSW-OFFICIAL-1860,A2_constrained_no_shap,2.0,success,,Backdoor,True,"### SOC Report

#### Prediction Summary
The predicted attack class is a Backdoor, with a confidence of 26.84%.

#### Evidence
No local feature evidence was supplied in this configuration.

#### Risk and Policy
Risk Score: 2.1474
Policy Zone: Alert
Recommended Action: Raise a SOC alert and enrich the event context.

#### Recommended Action
Human Review: Required, with a confidence threshold of 0.7.

#### Limitations
The detector confidence is below the fixed 0.70 threshold, necessitating human review.",352,118,4.695872334999876,25.128451453100055,False,76
UNSW-OFFICIAL-2180,A2_constrained_no_shap,2.0,success,,Shellcode,False,"### SOC Report

**Prediction Summary:** The predicted attack class is Fuzzers, with a confidence of 0.5810446020890646.

**Evidence:** No local feature evidence was supplied in this configuration.

**Risk and Policy:** The risk score is 3.7768, indicating a moderate risk. The attack is classified as Exploitation, and it falls under the policy zone of Alert.

**Recommended Action:** A SOC alert should be raised, and the event context should be enriched. The recommended action is to raise a SOC alert and enrich the event context.

**Human Review:** Human review is required due to the detector confidence below the fixed 0.70 threshold.

**Limitations:** The provided evidence does not include any local feature data, which limits the accuracy of the prediction.",353,176,6.0631476449998445,29.027826849168623,False,116
UNSW-OFFICIAL-2362,A2_constrained_no_shap,2.0,success,,Exploits,False,"### SOC Report

#### Prediction Summary
The predicted attack class is a Backdoor, with a confidence of 0.2941869174079897.

#### Evidence
No local feature evidence was supplied in this configuration.

#### Risk and Policy
Risk score: 2.3535
Policy zone: Alert
Recommended action: Raise a SOC alert and enrich the event context.

#### Recommended Action
Human Review: Required, with a confidence threshold of 0.7.

#### Limitations
The detector confidence is below the fixed 0.70 threshold, necessitating human review.",352,131,5.40293222299988,24.246093527204128,False,76
UNSW-OFFICIAL-2491,A2_constrained_no_shap,2.0,success,,Exploits,False,"### SOC Report

#### Prediction Summary
The predicted attack class is a Backdoor, with a confidence of 34.73%.

#### Evidence
No local feature evidence was supplied in this configuration.

#### Risk and Policy
Risk Score: 2.7781
Policy Zone: Alert
Recommended Action: Raise a SOC alert and enrich the event context.

#### Recommended Action
Human Review: Required
Human Review Confidence Threshold: 0.7
Reason: Detector confidence below the fixed 0.70 threshold.

#### Limitations
The recommended action is based on a low confidence score (34.73%) and a risk score of 2.7781, which indicates a moderate risk. The lack of local feature evidence makes it challenging to provide more specific details or recommendations.",352,166,5.6635375850000855,29.31030252887383,False,109
UNSW-OFFICIAL-2673,A2_constrained_no_shap,2.0,success,,Fuzzers,False,"### Evidence-Grounded SOC Report

**Prediction Summary:** The system predicted the event as **Normal** with a confidence of 82.49%.

**Evidence:** No local feature evidence was supplied in this configuration.

**Risk and Policy:** The risk score is 0.0, indicating no significant risk. The event is classified under the **Monitor** policy zone.

**Recommended Action:** Log the event and continue monitoring.

**Human Review:** No mandatory human review is required.

**Limitations:** The system did not provide any specific features or attack behavior to support the prediction.",338,118,4.040609110999867,29.203517776259325,False,81
UNSW-OFFICIAL-2751,A2_constrained_no_shap,2.0,success,,DoS,False,"### SOC Report

#### Prediction Summary
The predicted attack class is **Reconnaissance** with a confidence of **0.365**.

#### Evidence
No local feature evidence was supplied in this configuration.

#### Risk and Policy
**Risk Score:** 1.0957
**Policy Zone:** Monitor
**Recommended Action:** Log the event and continue monitoring.

#### Recommended Action
Log the event and continue monitoring.

#### Human Review
**Required:** Yes
**Confidence Threshold:** 0.70
**Reason:** Detector confidence below the fixed 0.70 threshold.

#### Limitations
The confidence threshold for human review was set at 0.70, which is below the default threshold of 0.70. This means that the system will not automatically trigger a human review but will require a manual assessment to determine if the event warrants further action.",350,183,7.190058220999163,25.451810593902188,False,117
UNSW-OFFICIAL-2840,A2_constrained_no_shap,2.0,success,,Analysis,False,"### SOC Report

#### Prediction Summary
The predicted attack class is a Denial of Service (DoS) attack.

#### Evidence
No local feature evidence was supplied in this configuration.

#### Risk and Policy
Risk Score: 2.1546
Policy Zone: Alert
Recommended Action: Raise a SOC alert and enrich the event context.

#### Recommended Action
Human Review: Required
Human Review Confidence Threshold: 0.7
Reason: Detector confidence below the fixed 0.70 threshold.

#### Limitations
The recommended action is based on the provided evidence, which does not include any local feature data. This limits the accuracy of the risk assessment and the effectiveness of the recommended action.",352,144,4.942897589000495,29.132709591322584,False,102
UNSW-OFFICIAL-2842,A2_constrained_no_shap,2.0,success,,DoS,True,"### SOC Report

#### Prediction Summary
The predicted attack class is a Denial of Service (DoS) attack.

#### Evidence
No local feature evidence was supplied in this configuration.

#### Risk and Policy
Risk Score: 2.1546
Policy Zone: Alert
Recommended Action: Raise a SOC alert and enrich the event context.

#### Recommended Action
Human Review: Required
Human Review Confidence Threshold: 0.7
Reason: Detector confidence below the fixed 0.70 threshold.

#### Limitations
The recommended action is based on the provided evidence, which does not include any local feature data. This limits the accuracy of the risk assessment and the effectiveness of the recommended action.",352,144,5.89080488899981,24.44487683998808,False,102
UNSW-OFFICIAL-2854,A2_constrained_no_shap,2.0,success,,Worms,False,"### SOC Report

#### Prediction Summary
The predicted label is ""Generic,"" with a confidence of 0.3215. The attack is classified as Exploitation, and the risk score is 2.0898. The policy zone is ""Alert,"" and the recommended action is to raise a SOC alert and enrich the event context.

#### Evidence
No local feature evidence was supplied in this configuration.

#### Risk and Policy
The attack is classified as Exploitation, which poses a moderate risk. The policy zone is set to ""Alert,"" indicating that an alert should be raised to notify the security team.

#### Recommended Action
To mitigate the risk, the recommended action is to raise a SOC alert and enrich the event context. This action is based on the low confidence of the detection, which is below the fixed threshold of 0.70.

#### Human Review
Human review is required due to the low detector confidence below the fixed threshold of 0.70.

#### Limitations
The lack of local feature evidence prevents a more detailed analysis of the attack's characteristics or context.",351,225,7.643688957999984,29.43604864566239,False,171
UNSW-OFFICIAL-2866,A2_constrained_no_shap,2.0,success,,Exploits,False,"### SOC Report

#### Prediction Summary
The predicted attack class is a Backdoor, with a confidence of 31.81%.

#### Evidence
No local feature evidence was supplied in this configuration.

#### Risk and Policy
Risk Score: 2.5451
Policy Zone: Alert
Recommended Action: Raise a SOC alert and enrich the event context.

#### Recommended Action
Human Review: Required
Human Review Confidence Threshold: 0.7
Reason: Detector confidence below the fixed 0.70 threshold.

#### Limitations
The recommended action is based on a low confidence score (31.81%) and a risk score of 2.5451, which indicates a moderate risk. The lack of local feature evidence makes it challenging to provide more specific details or recommendations.",352,166,6.54973711599996,25.344528652071936,False,109
UNSW-OFFICIAL-2899,A2_constrained_no_shap,2.0,success,,Shellcode,False,"### SOC Report

#### Prediction Summary
The predicted attack class is **Reconnaissance** with a confidence of **0.3208**.

#### Evidence
No local feature evidence was supplied in this configuration.

#### Risk and Policy
**Risk Score:** 0.9625  
**Policy Zone:** Monitor  
**Recommended Action:** Log the event and continue monitoring.  
**Human Review:** Required, with a confidence threshold of 0.7.

#### Recommended Action
Log the event and continue monitoring.

#### Human Review
Human review is required due to the detector confidence below the fixed 0.70 threshold.

#### Limitations
The provided evidence does not include any local feature data, which limits the accuracy of the prediction.",350,153,5.347534918000747,28.6113138756654,False,100
UNSW-OFFICIAL-2905,A2_constrained_no_shap,2.0,success,,Fuzzers,False,"### SOC Report

#### Prediction Summary
The predicted attack class is a Backdoor, with a confidence of 46.04%. The attack is at the Command and Control stage, and the risk score is 3.6833.

#### Evidence
No local feature evidence was supplied in this configuration.

#### Risk and Policy
The attack is classified as a high-risk event, and it falls under the Alert policy zone. The recommended action is to raise a SOC alert and enrich the event context.

#### Recommended Action
Raise a SOC alert and enrich the event context.

#### Human Review
Human review is required due to the detector confidence below the fixed 0.70 threshold.

#### Limitations
The provided evidence does not include any local feature data, which limits the accuracy of the prediction.",350,164,6.239251273999798,26.285205194959953,False,126
UNSW-OFFICIAL-2942,A2_constrained_no_shap,2.0,success,,Fuzzers,False,"### Evidence-Grounded SOC Report

#### Prediction Summary
The predicted attack class is a Denial of Service (DoS) attack.

#### Evidence
No local feature evidence was supplied in this configuration.

#### Risk and Policy
Risk Score: 1.9258
Policy Zone: Monitor
Recommended Action: Log the event and continue monitoring.

#### Recommended Action
Log the event and continue monitoring.

#### Human Review
Human review is required due to the detector confidence below the fixed 0.70 threshold.

#### Limitations
The report is based on the provided evidence, which does not include local feature data.",347,127,4.536761465999916,27.993537009115997,False,90
UNSW-OFFICIAL-3205,A2_constrained_no_shap,2.0,success,,DoS,False,"### SOC Report

#### Prediction Summary
The predicted attack class is a Backdoor, with a confidence of 27.74%.

#### Evidence
No local feature evidence was supplied in this configuration.

#### Risk and Policy
Risk Score: 2.22
Policy Zone: Alert
Recommended Action: Raise a SOC alert and enrich the event context.

#### Human Review
Human review is required due to the detector confidence below the fixed 0.70 threshold.

#### Limitations
The provided evidence does not include any local feature data, which limits the accuracy of the prediction.",352,120,4.250484729999698,28.23207413334444,False,86
UNSW-OFFICIAL-3580,A2_constrained_no_shap,2.0,success,,Shellcode,False,"### SOC Report

#### Prediction Summary
The predicted label is ""Exploits,"" with a confidence of 0.4123355341592046 and an uncertainty score of 0.5876644658407955. The predicted stage is ""Exploitation,"" and the risk score is 2.6802. The policy zone is ""Alert,"" and the recommended action is to raise a SOC alert and enrich the event context.

#### Evidence
No local feature evidence was supplied in this configuration.

#### Risk and Policy
The risk score indicates a moderate risk, with the policy zone set to ""Alert."" The recommended action is to raise a SOC alert and enrich the event context.

#### Recommended Action
Raise a SOC alert and enrich the event context.

#### Human Review
Human review is required due to the detector confidence below the fixed 0.70 threshold.

#### Limitations
The provided evidence does not include local feature data, which is necessary for making accurate predictions.",353,220,8.55080506900049,25.728571546739282,False,143
UNSW-OFFICIAL-3606,A2_constrained_no_shap,2.0,success,,Shellcode,True,"### SOC Report

**Prediction Summary:** The predicted attack class is Shellcode, with a confidence of 28.67%.

**Evidence:** No local feature evidence was supplied in this configuration.

**Risk and Policy:** The risk score is 2.44, and the policy zone is Alert. The recommended action is to raise a SOC alert and enrich the event context.

**Recommended Action:** Raise a SOC alert and enrich the event context.

**Human Review:** Human review is required due to the detector confidence below the fixed 0.70 threshold.

**Limitations:** The provided evidence does not include any local feature data, which limits the accuracy of the prediction.",350,138,4.831990255999699,28.559660241170942,False,99
UNSW-OFFICIAL-3778,A2_constrained_no_shap,2.0,success,,Reconnaissance,False,"### Evidence-Grounded SOC Report

**Prediction Summary:** Analysis

**Evidence:** No local feature evidence was supplied in this configuration.

**Risk and Policy:** 
- **Risk Score:** 1.1374
- **Policy Zone:** Monitor

**Recommended Action:** Log the event and continue monitoring.

**Human Review:** 
- **Required:** Yes
- **Confidence Threshold:** 0.70
- **Reason:** Detector confidence below the fixed 0.70 threshold.

**Limitations:** The provided evidence does not include any specific features or attack behaviors that could be used to refine the prediction or improve the detection accuracy.",348,133,5.426970853000057,24.50722578074598,False,80
UNSW-OFFICIAL-3979,A2_constrained_no_shap,2.0,success,,Reconnaissance,True,"### SOC Report

#### Prediction Summary
The predicted attack class is **Reconnaissance** with a confidence of **95.17%**.

#### Evidence
No local feature evidence was supplied in this configuration.

#### Risk and Policy
**Risk Score:** 2.8552
**Policy Zone:** Alert
**Recommended Action:** Raise a SOC alert and enrich the event context.

#### Recommended Action
**Human Review:** Not required.

#### Limitations
The recommended action is based on the provided evidence, which does not include any local feature data. Therefore, the human review is not mandatory.",348,125,4.293195520000154,29.11584143272271,False,82
UNSW-OFFICIAL-4165,A2_constrained_no_shap,2.0,success,,Analysis,False,"### SOC Report

#### Prediction Summary
The predicted attack class is a Backdoor, with a confidence of 46.97%.

#### Evidence
No local feature evidence was supplied in this configuration.

#### Risk and Policy
Risk Score: 3.7576
Policy Zone: Alert
Recommended Action: Raise a SOC alert and enrich the event context.

#### Recommended Action
Human Review: Required
Human Review Confidence Threshold: 0.7
Reason: Detector confidence below the fixed 0.70 threshold.

#### Limitations
The recommended action is based on a high confidence prediction (46.97%) and a risk score of 3.7576, which indicates a moderate risk. However, the lack of local feature evidence means that the specific details of the attack, such as the backdoor's behavior or the command and control infrastructure, are not available for further analysis. This limits the ability to provide more detailed recommendations or to refine the risk assessment.",352,203,7.352420606000123,27.609954718087927,False,140
UNSW-OFFICIAL-4195,A2_constrained_no_shap,2.0,success,,Fuzzers,False,"### SOC Report

#### Prediction Summary
The predicted attack class is a Backdoor, with a confidence of 52.18%.

#### Evidence
No local feature evidence was supplied in this configuration.

#### Risk and Policy
Risk Score: 4.1745
Policy Zone: Alert
Recommended Action: Raise a SOC alert and enrich the event context.

#### Recommended Action
Human Review: Required
Human Review Confidence Threshold: 0.7
Reason: Detector confidence below the fixed 0.70 threshold.

#### Limitations
The recommended action is based on a high confidence prediction (52.18%) and a risk score of 4.1745, which indicates a moderate risk. However, the lack of local feature evidence means that the specific details of the attack, such as the backdoor's behavior or the command and control infrastructure, are not available for further analysis. This limits the ability to provide more detailed recommendations or to refine the risk assessment.",353,203,7.353561595999963,27.60567071477632,False,140
UNSW-OFFICIAL-4263,A2_constrained_no_shap,2.0,success,,Worms,True,"### Evidence-Grounded SOC Report

#### Prediction Summary
The predicted attack class is Worms, with a confidence of 34.0003% and an uncertainty score of 65.9997%. The attack is classified as Advanced Intrusion at the predicted stage.

#### Risk and Policy
The risk score is 2.89, indicating a moderate risk. The attack is categorized under the policy zone ""Alert,"" requiring immediate attention.

#### Recommended Action
A SOC alert should be raised, and the event context should be enriched to provide more details about the worm activity. The recommended action is to raise a SOC alert and enrich the event context.

#### Human Review
Human review is required due to the detector confidence below the fixed 0.70 threshold.

#### Limitations
No local feature evidence was supplied in this configuration.",351,174,6.443314158000248,27.00473634115068,False,126
UNSW-OFFICIAL-4309,A2_constrained_no_shap,2.0,success,,Analysis,False,"### SOC Report

#### Prediction Summary
The predicted attack class is a Backdoor, with a confidence of 34.73%.

#### Evidence
No local feature evidence was supplied in this configuration.

#### Risk and Policy
Risk Score: 2.7781
Policy Zone: Alert
Recommended Action: Raise a SOC alert and enrich the event context.

#### Recommended Action
Human Review: Required
Human Review Confidence Threshold: 0.7
Reason: Detector confidence below the fixed 0.70 threshold.

#### Limitations
The recommended action is based on a low confidence score (34.73%) and a risk score of 2.7781, which indicates a moderate risk. The lack of local feature evidence makes it challenging to provide more specific details or recommendations.",352,166,6.130842126000061,27.0762150759056,False,109
UNSW-OFFICIAL-4395,A2_constrained_no_shap,2.0,success,,Exploits,True,"### SOC Report

#### Prediction Summary
The predicted label is ""Exploits,"" with a confidence of 74.86% and an uncertainty score of 25.14%. The predicted stage is ""Exploitation,"" and the risk score is 4.87.

#### Evidence
No local feature evidence was supplied in this configuration.

#### Risk and Policy
**Risk Score:** 4.8657  
**Policy Zone:** Alert  
**Recommended Action:** Raise a SOC alert and enrich the event context.  
**Human Review:** Not required, as the confidence threshold is below 70%.

#### Recommended Action
Raise a SOC alert and enrich the event context.

#### Human Review
Not required, as the confidence threshold is below 70%.

#### Limitations
The provided evidence does not include any local feature data, which is necessary for making a more informed prediction.",347,185,6.600488764000147,28.028227395675916,False,121
UNSW-OFFICIAL-4466,A2_constrained_no_shap,2.0,success,,Reconnaissance,False,"### SOC Report

#### Prediction Summary
The predicted attack class is a Backdoor, with a confidence of 39.74%.

#### Evidence
No local feature evidence was supplied in this configuration.

#### Risk and Policy
Risk Score: 3.18
Policy Zone: Alert
Recommended Action: Raise a SOC alert and enrich the event context.

#### Human Review
Human review is required due to the detector confidence below the fixed 0.70 threshold.

#### Limitations
The provided evidence does not include any local feature data, which limits the accuracy of the prediction.",352,120,4.757297801999812,25.224403641402468,False,86
UNSW-OFFICIAL-4496,A2_constrained_no_shap,2.0,success,,Exploits,False,"### SOC Report

#### Prediction Summary
The predicted attack class is a Backdoor, with a confidence of 31.92%. The attack is at the Command and Control stage, and the risk score is 2.554.

#### Evidence
No local feature evidence was supplied in this configuration.

#### Risk and Policy
The attack is classified as a high-risk event, and it falls under the Alert policy zone. The recommended action is to raise a SOC alert and enrich the event context.

#### Recommended Action
Raise a SOC alert and enrich the event context.

#### Human Review
Human review is required due to the detector confidence below the fixed 0.70 threshold.

#### Limitations
The provided evidence does not include any local feature data, which limits the accuracy of the prediction.",351,163,5.5568562519993066,29.33313236982765,False,126
UNSW-OFFICIAL-4719,A2_constrained_no_shap,2.0,success,,Exploits,True,"### Evidence-Grounded SOC Report

#### Prediction Summary
The predicted label is ""Exploits,"" with a confidence of 0.7878. The predicted stage is ""Exploitation,"" and the risk score is 5.1207. The policy zone is ""Block,"" and the recommended action is to ""Block the suspected source and initiate investigation.""

#### Evidence
No local feature evidence was supplied in this configuration.

#### Risk and Policy
The risk score indicates a high risk, and the policy zone mandates that the source be blocked. The recommended action is to block the suspected source and initiate an investigation.

#### Recommended Action
Block the suspected source and initiate investigation.

#### Human Review
Human review is not required as the confidence threshold is not met.

#### Limitations
The provided evidence does not include any local feature data, which is necessary for making a more informed decision.",346,182,7.106720306999705,25.60956279941686,False,137
UNSW-OFFICIAL-4748,A2_constrained_no_shap,2.0,success,,Shellcode,True,"### Evidence-Grounded SOC Report

**Prediction Summary:** The predicted attack class is Shellcode, with a high confidence of 96.53%. The attack is classified as Advanced Intrusion, and the risk score is 8.2054.

**Evidence:** No local feature evidence was supplied in this configuration.

**Risk and Policy:** The recommended action is to isolate the affected asset and escalate to incident response. This recommendation is based on the high risk score and the policy zone of Isolation.

**Recommended Action:** Isolate the affected asset and escalate to incident response.

**Human Review:** No mandatory confidence-based referral is required.

**Limitations:** The provided evidence does not include any local feature data, which limits the accuracy of the prediction.",349,154,5.295601193000039,29.080739728581534,False,110
UNSW-OFFICIAL-4896,A2_constrained_no_shap,2.0,success,,Exploits,True,"### Evidence-Grounded SOC Report

#### Prediction Summary
The predicted label is ""Exploits,"" with a confidence of 84.24%. The predicted stage is ""Exploitation,"" and the risk score is 5.4757.

#### Evidence
No local feature evidence was supplied in this configuration.

#### Risk and Policy
The policy zone is ""Block,"" and the recommended action is to ""Block the suspected source and initiate investigation.""

#### Recommended Action
Block the suspected source and initiate investigation.

#### Human Review
Human review is not required, as the confidence threshold is not met (0.7).

#### Limitations
The provided evidence does not include any local feature data, which is necessary for making a more informed decision.",346,153,5.852595603999362,26.142247022064485,False,108
UNSW-OFFICIAL-5208,A2_constrained_no_shap,2.0,success,,DoS,False,"### SOC Report

#### Prediction Summary
The predicted attack class is a Backdoor, with a confidence of 53.33%.

#### Evidence
No local feature evidence was supplied in this configuration.

#### Risk and Policy
Risk Score: 4.2664
Policy Zone: Alert
Recommended Action: Raise a SOC alert and enrich the event context.

#### Recommended Action
Human Review: Required
Human Review Confidence Threshold: 0.7
Reason: Detector confidence below the fixed 0.70 threshold.

#### Limitations
The recommended action is based on a high confidence prediction (53.33%) and a risk score of 4.2664, which indicates a moderate risk. However, the lack of local feature evidence means that the specific details of the attack, such as the backdoor's behavior or the command and control infrastructure, are not fully captured. This limits the ability to provide precise remediation steps or additional context for human review.",352,202,7.2211189439995,27.973504046468452,False,138
UNSW-OFFICIAL-5249,A2_constrained_no_shap,2.0,success,,Exploits,False,"### SOC Report

#### Prediction Summary
The predicted attack class is a Backdoor, with a confidence of 32.64%.

#### Evidence
No local feature evidence was supplied in this configuration.

#### Risk and Policy
Risk Score: 2.6114
Policy Zone: Alert
Recommended Action: Raise a SOC alert and enrich the event context.

#### Recommended Action
Human Review: Required
Human Review Confidence Threshold: 0.7
Reason: Detector confidence below the fixed 0.70 threshold.

#### Limitations
The recommended action is based on a low confidence score (32.64%) and a risk score of 2.6114, which indicates a moderate risk. The lack of local feature evidence makes it challenging to provide more specific details or recommendations.",352,166,6.300205604999974,26.348346452099747,False,109
UNSW-OFFICIAL-5298,A2_constrained_no_shap,2.0,success,,Worms,True,"### Evidence-Grounded SOC Report

#### Prediction Summary
The predicted attack class is Worms, with a confidence of 48.95%.

#### Evidence
No local feature evidence was supplied in this configuration.

#### Risk and Policy
The risk score is 4.1603, indicating a moderate risk. The attack is classified as Advanced Intrusion, and it falls under the Alert policy zone.

#### Recommended Action
A SOC alert should be raised, and the event context should be enriched to provide more details about the worm activity.

#### Human Review
Human review is required due to the detector confidence below the fixed 0.70 threshold.

#### Limitations
The provided evidence does not include any local feature data, which limits the accuracy of the prediction.",352,157,5.618485496000176,27.943473398973616,False,117
UNSW-OFFICIAL-5355,A2_constrained_no_shap,2.0,success,,DoS,False,"### SOC Report

#### Prediction Summary
The predicted attack class is a Backdoor, with a confidence of 33.56%.

#### Evidence
No local feature evidence was supplied in this configuration.

#### Risk and Policy
Risk Score: 2.6851
Policy Zone: Alert
Recommended Action: Raise a SOC alert and enrich the event context.

#### Recommended Action
Human Review: Required
Human Review Confidence Threshold: 0.7
Reason: Detector confidence below the fixed 0.70 threshold.

#### Limitations
The recommended action is based on a low confidence score (33.56%) and a risk score of 2.6851, which indicates a moderate risk. The lack of local feature evidence makes it challenging to provide more specific details or recommendations.",352,166,5.751293956000154,28.863069992591342,False,109
UNSW-OFFICIAL-5529,A2_constrained_no_shap,2.0,success,,DoS,False,"### SOC Report

#### Prediction Summary
The predicted attack class is a Backdoor, with a confidence of 27.09%.

#### Evidence
No local feature evidence was supplied in this configuration.

#### Risk and Policy
Risk Score: 2.167
Policy Zone: Alert
Recommended Action: Raise a SOC alert and enrich the event context.

#### Human Review
Human review is required due to the detector confidence below the fixed 0.70 threshold.

#### Limitations
The provided evidence does not include any local feature data, which limits the accuracy of the prediction.",351,121,4.924609077000241,24.570478206100677,False,86
UNSW-OFFICIAL-5562,A2_constrained_no_shap,2.0,success,,DoS,False,"### SOC Report

#### Prediction Summary
The predicted attack class is a Backdoor, with a confidence of 39.8% and a risk score of 3.186.

#### Evidence
No local feature evidence was supplied in this configuration.

#### Risk and Policy
The risk score indicates a moderate risk, and the policy zone is set to Alert. The recommended action is to raise a SOC alert and enrich the event context.

#### Recommended Action
Raise a SOC alert and enrich the event context.

#### Human Review
Human review is required due to the detector confidence below the fixed 0.70 threshold.

#### Limitations
The provided evidence does not include any local feature data, which limits the accuracy of the prediction.",351,150,5.215200167000148,28.762079152617066,False,116
UNSW-OFFICIAL-5574,A2_constrained_no_shap,2.0,success,,Reconnaissance,False,"### SOC Report

#### Prediction Summary
The predicted attack class is a Backdoor, with a confidence of 41.5%.

#### Evidence
No local feature evidence was supplied in this configuration.

#### Risk and Policy
Risk Score: 3.32
Policy Zone: Alert
Recommended Action: Raise a SOC alert and enrich the event context.

#### Human Review
Human review is required due to the detector confidence below the fixed 0.70 threshold.

#### Limitations
The provided evidence does not include any local feature data, which limits the accuracy of the prediction.",352,119,4.402612625000074,27.029405068313952,False,86
UNSW-OFFICIAL-5722,A2_constrained_no_shap,2.0,success,,Exploits,False,"### SOC Report

#### Prediction Summary
The predicted attack class is a Backdoor, with a confidence of 26.84%.

#### Evidence
No local feature evidence was supplied in this configuration.

#### Risk and Policy
Risk Score: 2.1474
Policy Zone: Alert
Recommended Action: Raise a SOC alert and enrich the event context.

#### Recommended Action
Human Review: Required, with a confidence threshold of 0.7.

#### Limitations
The detector confidence is below the fixed 0.70 threshold, necessitating human review.",352,118,4.59591943400028,25.67494963620218,False,76
UNSW-OFFICIAL-6122,A2_constrained_no_shap,2.0,success,,DoS,True,"### Evidence-Grounded SOC Report

#### Prediction Summary
The predicted attack class is a Denial of Service (DoS) attack.

#### Evidence
No local feature evidence was supplied in this configuration.

#### Risk and Policy
**Risk Score:** 4.3305
**Policy Zone:** Alert
**Recommended Action:** Raise a SOC alert and enrich the event context.

#### Recommended Action
**Human Review:** Required
**Confidence Threshold:** 0.70
**Reason:** Detector confidence below the fixed 0.70 threshold.

#### Limitations
The recommended action is based on a high confidence threshold of 0.70, which may not be sufficient for all organizations. Further investigation and validation of the attack's impact and severity are recommended.",353,158,5.283627768999395,29.903696268505644,False,101
UNSW-OFFICIAL-6144,A2_constrained_no_shap,2.0,success,,Shellcode,True,"### SOC Report

**Prediction Summary:** The predicted attack class is Shellcode, with a confidence of 28.78%.

**Evidence:** No local feature evidence was supplied in this configuration.

**Risk and Policy:** The risk score is 2.4466, indicating a moderate risk. The attack is classified as Advanced Intrusion, and it falls under the Alert policy zone.

**Recommended Action:** A SOC alert should be raised, and the event context should be enriched. The recommended action is to raise a SOC alert and enrich the event context.

**Human Review:** Human review is required due to the detector confidence below the fixed 0.70 threshold.

**Limitations:** The provided evidence does not include any local feature data, which limits the accuracy of the prediction.",351,161,6.320919679000326,25.47097703754759,False,116
UNSW-OFFICIAL-6304,A2_constrained_no_shap,2.0,success,,Worms,True,"### Evidence-Grounded SOC Report

#### Prediction Summary
The predicted attack class is Worms, with a confidence of 0.5527764022284538 and an uncertainty score of 0.4472235977715462. The attack is classified as Advanced Intrusion, with a risk score of 4.6986.

#### Evidence
No local feature evidence was supplied in this configuration.

#### Risk and Policy
The risk score indicates a moderate risk, and the policy zone is set to Alert. The recommended action is to raise a SOC alert and enrich the event context.

#### Recommended Action
Raise a SOC alert and enrich the event context.

#### Human Review
Human review is required due to the detector confidence below the fixed 0.70 threshold.

#### Limitations
The provided evidence does not include local feature data, which is necessary for accurate detection and analysis.",353,200,6.655380363000404,30.050874494246823,False,129
UNSW-OFFICIAL-6482,A2_constrained_no_shap,2.0,success,,Worms,True,"### Evidence-Grounded SOC Report

#### Prediction Summary
The predicted attack class is Worms, with a confidence of 49.35%.

#### Evidence
No local feature evidence was supplied in this configuration.

#### Risk and Policy
The risk score is 4.1947, indicating a moderate risk. The attack is classified as Advanced Intrusion, and it falls under the Alert policy zone.

#### Recommended Action
A SOC alert should be raised, and the event context should be enriched to provide more details about the worm activity.

#### Human Review
Human review is required due to the detector confidence below the fixed 0.70 threshold.

#### Limitations
The provided evidence does not include any local feature data, which limits the accuracy of the prediction.",353,157,6.248570637000739,25.125746209913803,False,117
UNSW-OFFICIAL-6546,A2_constrained_no_shap,2.0,success,,DoS,True,"### Evidence-Grounded SOC Report

#### Prediction Summary
The predicted attack class is a Denial of Service (DoS) attack.

#### Evidence
No local feature evidence was supplied in this configuration.

#### Risk and Policy
Risk Score: 1.9987
Policy Zone: Monitor
Recommended Action: Log the event and continue monitoring.

#### Recommended Action
Log the event and continue monitoring.

#### Human Review
Human review is required due to the detector confidence below the fixed 0.70 threshold.

#### Limitations
The report is based on a prediction of a Denial of Service (DoS) attack with a confidence of 28.55%. The lack of local feature evidence prevents detailed analysis.",347,149,5.096383890000652,29.236416097371528,False,103
UNSW-OFFICIAL-6585,A2_constrained_no_shap,2.0,success,,DoS,False,"### SOC Report

#### Prediction Summary
The predicted attack class is a Backdoor, with a confidence of 33.56%.

#### Evidence
No local feature evidence was supplied in this configuration.

#### Risk and Policy
Risk Score: 2.6851
Policy Zone: Alert
Recommended Action: Raise a SOC alert and enrich the event context.

#### Recommended Action
Human Review: Required
Human Review Confidence Threshold: 0.7
Reason: Detector confidence below the fixed 0.70 threshold.

#### Limitations
The recommended action is based on a low confidence score (33.56%) and a risk score of 2.6851, which indicates a moderate risk. The lack of local feature evidence makes it challenging to provide more specific details or recommendations.",352,166,5.859624337000241,28.329461148525017,False,109
UNSW-OFFICIAL-6668,A2_constrained_no_shap,2.0,success,,Worms,False,"### SOC Report

#### Prediction Summary
The predicted label is ""Exploits,"" with a confidence of 0.4566 and an uncertainty score of 0.5434. The predicted stage is ""Exploitation,"" and the risk score is 2.9679. The policy zone is ""Alert,"" and the recommended action is to raise a SOC alert and enrich the event context.

#### Evidence
No local feature evidence was supplied in this configuration.

#### Risk and Policy
The risk score indicates a moderate risk, and the policy zone is set to ""Alert."" The recommended action is to raise a SOC alert and enrich the event context.

#### Recommended Action
Raise a SOC alert and enrich the event context.

#### Human Review
Human review is required due to the detector confidence below the fixed 0.70 threshold.

#### Limitations
The provided evidence does not include local feature data, which is necessary for making accurate predictions.",353,197,7.314322514999731,26.93345823840901,False,144
UNSW-OFFICIAL-6765,A2_constrained_no_shap,2.0,success,,Backdoor,True,"### SOC Report

#### Prediction Summary
The predicted attack class is a Backdoor, with a confidence of 27.5%.

#### Evidence
No local feature evidence was supplied in this configuration.

#### Risk and Policy
Risk score: 2.202
Policy zone: Alert
Recommended action: Raise a SOC alert and enrich the event context.

#### Recommended Action
Human Review: Raise a SOC alert and enrich the event context.

#### Limitations
The detector confidence is below the fixed 0.70 threshold, requiring human review.",351,113,3.8078081609992296,29.675864755315562,False,78
UNSW-OFFICIAL-7009,A2_constrained_no_shap,2.0,success,,Analysis,False,"### SOC Report

#### Prediction Summary
The predicted attack class is a Backdoor, with a confidence of 47.74%.

#### Evidence
No local feature evidence was supplied in this configuration.

#### Risk and Policy
Risk Score: 3.8194
Policy Zone: Alert
Recommended Action: Raise a SOC alert and enrich the event context.

#### Recommended Action
Human Review: Required
Human Review Confidence Threshold: 0.7
Reason: Detector confidence below the fixed 0.70 threshold.

#### Limitations
The recommended action is based on a high confidence prediction (47.74%) and a risk score of 3.8194, which indicates a moderate risk. However, the lack of local feature evidence means that the specific details of the attack, such as the backdoor's behavior or the command and control infrastructure, are not fully captured. This limits the ability to provide precise remediation steps or additional context that could enhance the human review process.",352,206,7.993865340999946,25.769761087097777,False,142
UNSW-OFFICIAL-7010,A2_constrained_no_shap,2.0,success,,Exploits,False,"### SOC Report

#### Prediction Summary
The predicted attack class is a Backdoor, with a confidence of 28.74%. The attack is at the Command and Control stage, and the risk score is 2.2995.

#### Evidence
No local feature evidence was supplied in this configuration.

#### Risk and Policy
The attack is classified as a high-risk event, and it falls under the Alert policy zone. The recommended action is to raise a SOC alert and enrich the event context.

#### Recommended Action
Raise a SOC alert and enrich the event context.

#### Human Review
Human review is required due to the detector confidence below the fixed 0.70 threshold.

#### Limitations
The provided evidence does not include any local feature data, which limits the accuracy of the prediction.",352,164,5.619536764000259,29.183900183839505,False,126
UNSW-OFFICIAL-7015,A2_constrained_no_shap,2.0,success,,DoS,False,"### SOC Report

#### Prediction Summary
The predicted attack class is a Backdoor, with a confidence of 34.07%.

#### Evidence
No local feature evidence was supplied in this configuration.

#### Risk and Policy
Risk Score: 2.7254
Policy Zone: Alert
Recommended Action: Raise a SOC alert and enrich the event context.

#### Recommended Action
Human Review: Required
Human Review Confidence Threshold: 0.7
Reason: Detector confidence below the fixed 0.70 threshold.

#### Limitations
The recommended action is based on a low confidence score (34.07%) and a risk score of 2.7254, which indicates a moderate risk. The lack of local feature evidence makes it challenging to provide more specific details or recommendations.",352,166,6.562935167000433,25.293560849827767,False,109
UNSW-OFFICIAL-7340,A2_constrained_no_shap,2.0,success,,Reconnaissance,False,"### SOC Report

#### Prediction Summary
The predicted attack class is a Backdoor, with a confidence of 30.09%.

#### Evidence
No local feature evidence was supplied in this configuration.

#### Risk and Policy
Risk Score: 2.4074
Policy Zone: Alert
Recommended Action: Raise a SOC alert and enrich the event context.

#### Recommended Action
Human Review: Required
Human Review Confidence Threshold: 0.7
Reason: Detector confidence below the fixed 0.70 threshold.

#### Limitations
The recommended action is based on a low confidence score (30.09%) and a human review requirement. The lack of local feature evidence prevents detailed analysis and remediation steps.",350,150,5.0889257279995945,29.475769153927796,False,99
UNSW-OFFICIAL-7367,A2_constrained_no_shap,2.0,success,,Shellcode,False,"### SOC Report

**Prediction Summary:** The predicted attack class is Fuzzers, with a confidence of 0.464172772454015.

**Evidence:** No local feature evidence was supplied in this configuration.

**Risk and Policy:** The risk score is 3.0171, indicating a moderate risk. The attack is classified as Exploitation, and it falls under the policy zone of Alert.

**Recommended Action:** A SOC alert should be raised, and the event context should be enriched. The recommended action is to raise a SOC alert and enrich the event context.

**Human Review:** Human review is required due to the detector confidence below the fixed 0.70 threshold.

**Limitations:** The provided evidence does not include any local feature data, which limits the accuracy of the prediction.",351,175,6.590656189000583,26.55274300183716,False,116
UNSW-OFFICIAL-7394,A2_constrained_no_shap,2.0,success,,DoS,True,"### Evidence-Grounded SOC Report

#### Prediction Summary
The predicted attack class is a Denial of Service (DoS) attack.

#### Evidence
No local feature evidence was supplied in this configuration.

#### Risk and Policy
Risk Score: 1.8938
Policy Zone: Monitor
Recommended Action: Log the event and continue monitoring.

#### Recommended Action
Log the event and continue monitoring.

#### Human Review
Human review is required due to the detector confidence below the fixed 0.70 threshold.

#### Limitations
The report is based on a prediction of a Denial of Service (DoS) attack with a confidence of 27.05%. The lack of local feature evidence prevents detailed analysis.",349,149,5.153807745999984,28.91066321122341,False,103
UNSW-OFFICIAL-7562,A2_constrained_no_shap,2.0,success,,Exploits,True,"### SOC Report

#### Prediction Summary
The predicted label is ""Exploits,"" with a confidence of 0.4766. The exploit is in the Exploitation stage, and the risk score is 3.0982. The policy zone is ""Alert,"" and the recommended action is to raise a SOC alert and enrich the event context.

#### Evidence
No local feature evidence was supplied in this configuration.

#### Risk and Policy
The exploit is classified as a high-risk activity, and it falls under the ""Alert"" policy zone. The recommended action is to raise a SOC alert and enrich the event context.

#### Recommended Action
To mitigate the risk, the recommended action is to raise a SOC alert and enrich the event context with additional details such as the exploit details, the system it targets, and any potential impact on the system.

#### Human Review
Human review is required due to the detector confidence below the fixed 0.70 threshold.

#### Limitations
The provided evidence does not include local feature data, which is necessary for making accurate predictions.",353,220,8.094739496999864,27.178144532203678,False,169
UNSW-OFFICIAL-7657,A2_constrained_no_shap,2.0,success,,Reconnaissance,False,"### SOC Report

#### Prediction Summary
The predicted attack class is a Backdoor, with a confidence of 29.63%.

#### Evidence
No local feature evidence was supplied in this configuration.

#### Risk and Policy
Risk Score: 2.3707
Policy Zone: Alert
Recommended Action: Raise a SOC alert and enrich the event context.

#### Recommended Action
Human Review: Required, with a confidence threshold of 0.7.

#### Limitations
The detector confidence is below the fixed 0.70 threshold, necessitating human review.",352,118,4.262011589999929,27.686456854520653,False,76
UNSW-OFFICIAL-7727,A2_constrained_no_shap,2.0,success,,Shellcode,False,"### SOC Report

**Prediction Summary:** The predicted attack class is Fuzzers, with a confidence of 35.6%.

**Evidence:** No local feature evidence was supplied in this configuration.

**Risk and Policy:** The risk score is 2.3144, and the policy zone is Alert. The recommended action is to raise a SOC alert and enrich the event context.

**Recommended Action:** Raise a SOC alert and enrich the event context.

**Human Review:** Human review is required due to the detector confidence below the fixed 0.70 threshold.

**Limitations:** The provided evidence does not include any local feature data, which limits the accuracy of the prediction.",352,140,4.795532955999988,29.193835447390125,False,99
UNSW-OFFICIAL-7796,A2_constrained_no_shap,2.0,success,,Reconnaissance,False,"### SOC Report

#### Prediction Summary
The predicted attack class is a Backdoor, with a confidence of 40.46%.

#### Evidence
No local feature evidence was supplied in this configuration.

#### Risk and Policy
Risk Score: 3.2369
Policy Zone: Alert
Recommended Action: Raise a SOC alert and enrich the event context.

#### Recommended Action
Human Review: Required
Human Review Confidence Threshold: 0.7
Reason: Detector confidence below the fixed 0.70 threshold.

#### Limitations
The recommended action is based on a high confidence threshold of 0.70, which may not be sufficient for all organizations. Further investigation and validation of the detected behavior are recommended.",352,150,6.0616645700001754,24.74567806710487,False,101
UNSW-OFFICIAL-7890,A2_constrained_no_shap,2.0,success,,Fuzzers,True,"### SOC Report

#### Prediction Summary
The predicted attack class is Fuzzers, with a confidence of 0.543571396749438.

#### Evidence
No local feature evidence was supplied in this configuration.

#### Risk and Policy
Risk Score: 3.5332
Policy Zone: Alert
Recommended Action: Raise a SOC alert and enrich the event context.

#### Human Review
Human review is required due to the detector confidence below the fixed 0.70 threshold.

#### Limitations
The provided evidence does not include any local feature data, which limits the accuracy of the prediction.",351,134,4.641087269999844,28.872544773329487,False,85
UNSW-OFFICIAL-8100,A2_constrained_no_shap,2.0,success,,Shellcode,True,"### SOC Report

**Prediction Summary:** The predicted attack class is Shellcode, with a confidence of 0.562989236340658.

**Evidence:** No local feature evidence was supplied in this configuration.

**Risk and Policy:** The risk score is 4.7854, placing the attack at a high risk level. The policy zone is set to Alert, indicating immediate action is required.

**Recommended Action:** A SOC alert should be raised, and the event context should be enriched to provide more context for further investigation.

**Human Review:** Human review is required due to the detector confidence below the fixed 0.70 threshold.

**Limitations:** The provided evidence does not include any local feature data, which limits the accuracy of the prediction.",350,165,6.031273075999707,27.357408281940643,False,110
UNSW-OFFICIAL-8207,A2_constrained_no_shap,2.0,success,,Reconnaissance,False,"### SOC Report

#### Prediction Summary
The predicted attack class is a Backdoor, with a confidence of 44.1%. The attack is at the Command and Control stage, and the risk score is 3.5285.

#### Evidence
No local feature evidence was supplied in this configuration.

#### Risk and Policy
The attack is classified as a high-risk event, and it falls under the Alert policy zone. The recommended action is to raise a SOC alert and enrich the event context.

#### Recommended Action
Raise a SOC alert and enrich the event context.

#### Human Review
Human review is required due to the detector confidence below the fixed 0.70 threshold.

#### Limitations
The provided evidence does not include any local feature data, which limits the accuracy of the prediction.",351,163,6.112257071000386,26.66772652173839,False,126
UNSW-OFFICIAL-8497,A2_constrained_no_shap,2.0,success,,Worms,False,"### Evidence-Grounded SOC Report

#### Prediction Summary
The predicted label is ""Exploits,"" with a confidence of 82.506%. The predicted stage is ""Exploitation,"" and the risk score is 5.3629. The policy zone is ""Block,"" and the recommended action is to ""Block the suspected source and initiate investigation.""

#### Evidence
No local feature evidence was supplied in this configuration.

#### Risk and Policy
The risk score indicates a high risk, and the policy zone mandates that the source be blocked. The recommended action is to block the suspected source and initiate an investigation.

#### Recommended Action
Block the suspected source and initiate investigation.

#### Human Review
Human review is not required as the confidence threshold is not met.

#### Limitations
The provided evidence does not include any local feature data, which is necessary for making a more informed decision.",345,182,6.429670655999871,28.306270995414987,False,137
UNSW-OFFICIAL-8748,A2_constrained_no_shap,2.0,success,,Reconnaissance,False,"### SOC Report

#### Prediction Summary
The predicted attack class is a Backdoor, with a confidence of 39.59%.

#### Evidence
No local feature evidence was supplied in this configuration.

#### Risk and Policy
Risk Score: 3.1671
Policy Zone: Alert
Recommended Action: Raise a SOC alert and enrich the event context.

#### Recommended Action
Human Review: Required
Human Review Confidence Threshold: 0.7
Reason: Detector confidence below the fixed 0.70 threshold.

#### Limitations
The recommended action is based on a low confidence score (39.59%) and a risk score of 3.1671, which indicates a moderate risk. The lack of local feature evidence makes it challenging to provide more specific details or recommendations.",352,166,6.428651804000765,25.821899375028003,False,109
UNSW-OFFICIAL-8793,A2_constrained_no_shap,2.0,success,,Worms,True,"### Evidence-Grounded SOC Report

**Prediction Summary:** The predicted attack class is Worms, with a confidence of 61.15%.

**Evidence:** No local feature evidence was supplied in this configuration.

**Risk and Policy:** The risk score is 5.1978, placing the attack at a moderate level. The policy zone is set to Block, indicating that the recommended action is to block the suspected source and initiate an investigation.

**Recommended Action:** Block the suspected source and initiate investigation.

**Human Review:** The recommended action is required due to the detector confidence below the fixed 0.70 threshold.

**Limitations:** The report does not include any local feature evidence, which limits the ability to provide specific details about the attack's behavior or characteristics.",351,159,5.5296175579997,28.754248975134754,False,114
UNSW-OFFICIAL-8891,A2_constrained_no_shap,2.0,success,,Worms,True,"### Evidence-Grounded SOC Report

**Prediction Summary:** The predicted attack class is Worms, with a confidence of 45.93%.

**Evidence:** No local feature evidence was supplied in this configuration.

**Risk and Policy:** The risk score is 3.9044, placing the attack at a moderate level. The policy zone is Alert, indicating that an alert should be raised.

**Recommended Action:** A SOC alert should be raised, and the event context should be enriched to provide more details about the worm activity.

**Human Review:** The recommended action is required due to the detector confidence below the fixed 0.70 threshold.

**Limitations:** The report does not include any specific details about the worm's behavior, impact, or any other relevant features that could have been used to refine the prediction.",353,169,6.684068363000733,25.284002320426517,False,122
UNSW-OFFICIAL-8897,A2_constrained_no_shap,2.0,success,,Reconnaissance,True,"### SOC Report

#### Prediction Summary
The predicted attack class is **Reconnaissance** with a confidence of **0.595**.

#### Evidence
No local feature evidence was supplied in this configuration.

#### Risk and Policy
**Risk Score:** 1.7861
**Policy Zone:** Monitor
**Recommended Action:** Log the event and continue monitoring.

#### Recommended Action
Log the event and continue monitoring.

#### Human Review
**Required:** Yes
**Confidence Threshold:** 0.70
**Reason:** Detector confidence below the fixed 0.70 threshold.

#### Limitations
The confidence threshold for human review was set at 0.70, which is below the default threshold of 0.70. This means that the system will not automatically trigger a human review but will require a manual assessment to determine if the event warrants further action.",351,183,6.259510142999716,29.23551457211982,False,117
UNSW-OFFICIAL-8900,A2_constrained_no_shap,2.0,success,,DoS,False,"### SOC Report

#### Prediction Summary
The predicted label is ""Exploits,"" with a confidence of 0.3622. The exploit is in the Exploitation stage, and the risk score is 2.3545. The policy zone is ""Alert,"" and the recommended action is to raise a SOC alert and enrich the event context.

#### Evidence
No local feature evidence was supplied in this configuration.

#### Risk and Policy
The exploit is in the Exploitation stage, indicating a high risk. The policy zone is set to ""Alert,"" which aligns with the recommended action to raise a SOC alert and enrich the event context.

#### Recommended Action
Raise a SOC alert and enrich the event context.

#### Human Review
Human review is required due to the detector confidence below the fixed 0.70 threshold.

#### Limitations
The provided evidence does not include local feature data, which is necessary for making accurate predictions.",353,195,7.6303780349999215,25.555745613854373,False,145
UNSW-OFFICIAL-8909,A2_constrained_no_shap,2.0,success,,DoS,True,"### SOC Report

#### Prediction Summary
The predicted attack class is a Denial of Service (DoS) attack.

#### Evidence
No local feature evidence was supplied in this configuration.

#### Risk and Policy
Risk Score: 2.2761
Policy Zone: Alert
Recommended Action: Raise a SOC alert and enrich the event context.

#### Recommended Action
Human Review: Raise a SOC alert and enrich the event context.

#### Limitations
The detector confidence is below the fixed 0.70 threshold, requiring human review.",352,111,3.8217162439996173,29.044542533548473,False,77
UNSW-OFFICIAL-9004,A2_constrained_no_shap,2.0,success,,Worms,False,"### Evidence-Grounded SOC Report

**Prediction Summary:** The predicted attack class is Fuzzers, with a confidence of 25.48%.

**Evidence:** No local feature evidence was supplied in this configuration.

**Risk and Policy:** The risk score is 1.6565, placing the event in the high-risk category. The policy zone is Monitor, indicating that monitoring is the recommended action.

**Recommended Action:** Log the event and continue monitoring.

**Human Review:** The event should be reviewed by a human with a confidence threshold of 0.7, as the detector's confidence is below this threshold.

**Limitations:** The report does not include any specific details about the attack, such as the type of fuzzers used, the system they are targeting, or the potential impacts.",350,164,6.237888287000715,26.290948547726245,False,114
UNSW-OFFICIAL-9757,A2_constrained_no_shap,2.0,success,,Reconnaissance,False,"### SOC Report

#### Prediction Summary
The predicted attack class is a Backdoor, with a confidence of 62.25%.

#### Evidence
No local feature evidence was supplied in this configuration.

#### Risk and Policy
Risk Score: 4.98
Policy Zone: Alert
Recommended Action: Raise a SOC alert and enrich the event context.

#### Human Review
Human review is required due to the detector confidence below the fixed 0.70 threshold.

#### Limitations
The provided evidence does not include any local feature data, which limits the accuracy of the prediction.",353,120,4.469719751000412,26.847320790781488,False,86
UNSW-OFFICIAL-9931,A2_constrained_no_shap,2.0,success,,Exploits,False,"### Evidence-Grounded SOC Report

#### Prediction Summary
The predicted attack class is a Denial of Service (DoS) attack.

#### Evidence
No local feature evidence was supplied in this configuration.

#### Risk and Policy
Risk Score: 5.8894  
Policy Zone: Block  
Recommended Action: Block the suspected source and initiate investigation.

#### Recommended Action
Block the suspected source and initiate investigation.

#### Human Review
Human review is not required as the confidence threshold is not met.

#### Limitations
The confidence threshold for human review is not met.",345,116,3.980705202000536,29.140565330410112,False,84
UNSW-OFFICIAL-10015,A2_constrained_no_shap,2.0,success,,Shellcode,True,"### SOC Report

**Prediction Summary:** The predicted attack class is Shellcode, with a confidence of 51.25%.

**Evidence:** No local feature evidence was supplied in this configuration.

**Risk and Policy:** The risk score is 4.36, and the policy zone is Alert. The recommended action is to raise a SOC alert and enrich the event context.

**Recommended Action:** Raise a SOC alert and enrich the event context.

**Human Review:** Human review is required due to the detector confidence below the fixed 0.70 threshold.

**Limitations:** The provided evidence does not include any local feature data, which limits the accuracy of the prediction.",351,138,5.447871399999713,25.330994413709412,False,99
UNSW-OFFICIAL-10029,A2_constrained_no_shap,2.0,success,,Reconnaissance,True,"### SOC Report

#### Prediction Summary
The predicted attack class is **Reconnaissance** with a confidence of **0.5137**.

#### Evidence
No local feature evidence was supplied in this configuration.

#### Risk and Policy
**Risk Score:** 1.5411  
**Policy Zone:** Monitor  
**Recommended Action:** Log the event and continue monitoring.  
**Human Review:** Required, with a confidence threshold of 0.7.

#### Recommended Action
Log the event and continue monitoring.

#### Human Review
Human review is required due to the detector confidence below the fixed 0.70 threshold.

#### Limitations
The provided evidence does not include any local feature data, which limits the accuracy of the prediction.",351,153,5.526789261999511,27.68334248819302,False,100
UNSW-OFFICIAL-10238,A2_constrained_no_shap,2.0,success,,Reconnaissance,False,"### SOC Report

#### Prediction Summary
The predicted attack class is a Backdoor, with a confidence of 51.16%.

#### Evidence
No local feature evidence was supplied in this configuration.

#### Risk and Policy
Risk Score: 4.09
Policy Zone: Alert
Recommended Action: Raise a SOC alert and enrich the event context.

#### Recommended Action
Human Review: Required
Human Review Confidence Threshold: 0.7
Reason: Detector confidence below the fixed 0.70 threshold.

#### Limitations
The recommended action is based on a high confidence prediction (51.16%) and a risk score of 4.09, which indicates a moderate risk. However, the lack of local feature evidence means that the specific details of the attack, such as the backdoor's behavior or the command and control infrastructure, are not fully captured. This limits the ability to provide precise remediation steps or additional context that could be crucial for effective response.",353,202,7.469362052999713,27.043808904520343,False,142
UNSW-OFFICIAL-10272,A2_constrained_no_shap,2.0,success,,Reconnaissance,True,"### SOC Report

#### Prediction Summary
The predicted attack class is **Reconnaissance** with a confidence of **99.67%**.

#### Evidence
No local feature evidence was supplied in this configuration.

#### Risk and Policy
**Risk Score:** 2.9901
**Policy Zone:** Alert
**Recommended Action:** Raise a SOC alert and enrich the event context.

#### Human Review
**Required:** No
**Confidence Threshold:** 0.7
**Reason:** No mandatory confidence-based referral.

#### Limitations
The provided evidence does not include any specific features or attack behaviors that could be used to refine the prediction or enhance the human review process.",348,141,5.155571188999602,27.349054999153246,False,90
UNSW-OFFICIAL-10450,A2_constrained_no_shap,2.0,success,,Exploits,True,"### Evidence-Grounded SOC Report

#### Prediction Summary
The predicted label is ""Exploits,"" with a confidence of 0.9043. The predicted stage is ""Exploitation,"" and the risk score is 5.8777. The policy zone is ""Block,"" and the recommended action is to ""Block the suspected source and initiate investigation.""

#### Evidence
No local feature evidence was supplied in this configuration.

#### Risk and Policy
The risk score indicates a high risk, and the policy zone mandates that the source be blocked. The recommended action is to block the suspected source and initiate an investigation.

#### Recommended Action
Block the suspected source and initiate investigation.

#### Human Review
Human review is not required as the confidence threshold is not met.

#### Limitations
The provided evidence does not include any local feature data, which is necessary for making a more informed decision.",346,182,6.286380759999702,28.951475729575222,False,137
UNSW-OFFICIAL-10690,A2_constrained_no_shap,2.0,success,,Worms,True,"### Evidence-Grounded SOC Report

#### Prediction Summary
The predicted attack class is Worms, with a confidence of 79.44%.

#### Evidence
No local feature evidence was supplied in this configuration.

#### Risk and Policy
Risk score: 6.7523  
Policy zone: Block  
Recommended action: Block the suspected source and initiate investigation.

#### Recommended Action
Block the suspected source and initiate investigation.

#### Human Review
Human review is not required as the confidence threshold is not met.

#### Limitations
The confidence threshold for human review is not met.",346,119,4.916027235999536,24.206537980216194,False,84
UNSW-OFFICIAL-10762,A2_constrained_no_shap,2.0,success,,Shellcode,False,"### SOC Report

**Prediction Summary:** The predicted attack class is Fuzzers, with a confidence of 35.35%.

**Evidence:** No local feature evidence was supplied in this configuration.

**Risk and Policy:** The risk score is 2.298, indicating a moderate risk. The attack is classified as Exploitation, and it falls under the Alert policy zone.

**Recommended Action:** A SOC alert should be raised, and the event context should be enriched. The recommended action is to raise a SOC alert and enrich the event context.

**Human Review:** Human review is required due to the detector confidence below the fixed 0.70 threshold.

**Limitations:** The provided evidence does not include any local feature data, which limits the accuracy of the prediction.",352,161,5.621970467999745,28.637645984875228,False,115
UNSW-OFFICIAL-10832,A2_constrained_no_shap,2.0,success,,DoS,True,"### SOC Report

#### Prediction Summary
The predicted attack class is a Denial of Service (DoS) attack.

#### Evidence
No local feature evidence was supplied in this configuration.

#### Risk and Policy
Risk Score: 3.0985
Policy Zone: Alert
Recommended Action: Raise a SOC alert and enrich the event context.

#### Recommended Action
Human Review: Required
Human Review Confidence Threshold: 0.7
Reason: Detector confidence below the fixed 0.70 threshold.

#### Limitations
The recommended action is based on the provided evidence, which does not include any local feature data. This limits the accuracy of the risk assessment and the effectiveness of the recommended action.",352,144,5.6205376779998915,25.620324646812694,False,102
UNSW-OFFICIAL-10870,A2_constrained_no_shap,2.0,success,,Reconnaissance,True,"### SOC Report

#### Prediction Summary
The predicted attack class is **Reconnaissance** with a confidence of **94.14%**.

#### Evidence
No local feature evidence was supplied in this configuration.

#### Risk and Policy
**Risk Score:** 2.8242
**Policy Zone:** Alert
**Recommended Action:** Raise a SOC alert and enrich the event context.

#### Human Review
**Required:** No
**Confidence Threshold:** 0.7
**Reason:** No mandatory confidence-based referral.

#### Limitations
The provided evidence does not include any specific features or attack behaviors that could be used to refine the prediction or enhance the human review process.",349,141,5.1313125549995675,27.478349542870884,False,90
UNSW-OFFICIAL-11213,A2_constrained_no_shap,2.0,success,,DoS,False,"### SOC Report

#### Prediction Summary
The predicted attack class is a Backdoor, with a confidence of 33.17%.

#### Evidence
No local feature evidence was supplied in this configuration.

#### Risk and Policy
Risk Score: 2.6537
Policy Zone: Alert
Recommended Action: Raise a SOC alert and enrich the event context.

#### Recommended Action
Human Review: Required
Human Review Confidence Threshold: 0.7
Reason: Detector confidence below the fixed 0.70 threshold.

#### Limitations
The recommended action is based on a low confidence score (33.17%) and a risk score of 2.6537, which indicates a moderate risk. The lack of local feature evidence makes it challenging to provide more specific details or recommendations.",352,166,5.812241002000519,28.560412402525007,False,109
UNSW-OFFICIAL-11343,A2_constrained_no_shap,2.0,success,,Shellcode,True,"### Evidence-Grounded SOC Report

**Prediction Summary:** The predicted attack class is Shellcode, with a confidence of 77.66%.

**Evidence:** No local feature evidence was supplied in this configuration.

**Risk and Policy:** The risk score is 6.6007, placing the attack at a moderate level. The policy zone is ""Block,"" indicating that the recommended action is to block the suspected source and initiate an investigation.

**Recommended Action:** Block the suspected source and initiate investigation.

**Human Review:** No mandatory confidence-based referral is required.

**Limitations:** The provided evidence does not include any specific details about the attack, such as the type of shellcode, its behavior, or the impact on the system.",345,151,6.040107981999427,24.999553062628397,False,106
UNSW-OFFICIAL-11434,A2_constrained_no_shap,2.0,success,,Reconnaissance,True,"### SOC Report

#### Prediction Summary
The predicted attack class is **Reconnaissance** with a confidence of **0.656**.

#### Evidence
No local feature evidence was supplied in this configuration.

#### Risk and Policy
**Risk Score:** 1.9692
**Policy Zone:** Monitor
**Recommended Action:** Log the event and continue monitoring.

#### Recommended Action
Log the event and continue monitoring.

#### Human Review
**Required:** Yes
**Confidence Threshold:** 0.7
**Reason:** Detector confidence below the fixed 0.70 threshold.

#### Limitations
The confidence threshold for human review was set at 0.7, which is below the default threshold of 0.8. This means that the system will not automatically trigger a human review but will require a manual assessment to ensure the event is properly investigated and addressed.",350,181,6.191445055000258,29.23388617554201,False,118
UNSW-OFFICIAL-11472,A2_constrained_no_shap,2.0,success,,Worms,False,"### SOC Report

#### Prediction Summary
The predicted label is ""Exploits,"" with a confidence of 0.4322. The exploit is in the Exploitation stage, and the risk score is 2.8095. The policy zone is ""Alert,"" and the recommended action is to raise a SOC alert and enrich the event context.

#### Evidence
No local feature evidence was supplied in this configuration.

#### Risk and Policy
The exploit is classified as a high-risk activity, and it falls under the ""Alert"" policy zone. The recommended action is to raise a SOC alert and enrich the event context.

#### Recommended Action
To mitigate the risk, the recommended action is to raise a SOC alert and enrich the event context with additional details such as the exploit details, the system it targets, and any potential impact on the system.

#### Human Review
Human review is required due to the detector confidence below the fixed 0.70 threshold.

#### Limitations
The provided evidence does not include local feature data, which is necessary for making accurate predictions.",353,220,8.467037176999838,25.983114919775698,False,169
UNSW-OFFICIAL-12960,A2_constrained_no_shap,2.0,success,,Exploits,True,"### Evidence Grounded SOC Report

#### Prediction Summary
The predicted label is ""Exploits,"" with a confidence of 1.0 and an uncertainty score of 0.0. The predicted stage is ""Exploitation,"" and the risk score is 6.5. The policy zone is ""Block,"" and the recommended action is to ""Block the suspected source and initiate investigation.""

#### Evidence
No local feature evidence was supplied in this configuration.

#### Risk and Policy
The risk score indicates a high risk, with the policy zone set to ""Block."" The recommended action is to block the suspected source and initiate an investigation.

#### Recommended Action
Block the suspected source and initiate investigation.

#### Human Review
Human review is not required, as the confidence threshold is not met (0.7).

#### Limitations
The provided evidence does not include any local feature data, which is necessary for making a more informed decision.",312,188,6.581014452999625,28.567024330771623,False,142
UNSW-OFFICIAL-13342,A2_constrained_no_shap,2.0,success,,Generic,True,"### Evidence Grounded SOC Report

#### Prediction Summary
The predicted label is ""Generic,"" with a confidence of 1.0 and an uncertainty score of 0.0. The predicted stage is ""Exploitation,"" and the risk score is 6.5. The policy zone is ""Block,"" and the recommended action is to ""Block the suspected source and initiate investigation.""

#### Evidence
No local feature evidence was supplied in this configuration.

#### Risk and Policy
The risk score indicates a high risk, with a policy zone of ""Block."" The recommended action is to block the suspected source and initiate an investigation.

#### Recommended Action
Block the suspected source and initiate investigation.

#### Human Review
Human review is not required, as the confidence threshold is not met.

#### Limitations
The provided evidence does not include any local feature data, which is necessary for a more accurate risk assessment.",310,181,7.024263549999887,25.767825866955533,False,140
UNSW-OFFICIAL-15213,A2_constrained_no_shap,2.0,success,,Generic,True,"### Evidence Grounded SOC Report

#### Prediction Summary
The predicted label is ""Generic,"" with a confidence of 1.0 and an uncertainty score of 0.0. The predicted stage is ""Exploitation,"" and the risk score is 6.5. The policy zone is ""Block,"" and the recommended action is to ""Block the suspected source and initiate investigation.""

#### Evidence
No local feature evidence was supplied in this configuration.

#### Risk and Policy
The risk score indicates a high risk, with a policy zone of ""Block."" The recommended action is to block the suspected source and initiate an investigation.

#### Recommended Action
Block the suspected source and initiate investigation.

#### Human Review
Human review is not required, as the confidence threshold is not met.

#### Limitations
The provided evidence does not include any local feature data, which is necessary for a more accurate risk assessment.",310,181,6.208283054999811,29.154598525309268,False,140
UNSW-OFFICIAL-15415,A2_constrained_no_shap,2.0,success,,Generic,True,"### Evidence Grounded SOC Report

#### Prediction Summary
The predicted label is ""Generic,"" with a confidence of 1.0 and an uncertainty score of 0.0. The predicted stage is ""Exploitation,"" and the risk score is 6.5. The policy zone is ""Block,"" and the recommended action is to ""Block the suspected source and initiate investigation.""

#### Evidence
No local feature evidence was supplied in this configuration.

#### Risk and Policy
The risk score indicates a high risk, with a policy zone of ""Block."" The recommended action is to block the suspected source and initiate an investigation.

#### Recommended Action
Block the suspected source and initiate investigation.

#### Human Review
Human review is not required, as the confidence threshold is not met.

#### Limitations
The provided evidence does not include any local feature data, which is necessary for a more accurate risk assessment.",310,181,7.195092629000101,25.15603472156459,False,140
UNSW-OFFICIAL-15513,A2_constrained_no_shap,2.0,success,,Generic,True,"### Evidence-Grounded SOC Report

#### Prediction Summary
The predicted label is ""Generic,"" with a confidence of 0.9933. The predicted stage is ""Exploitation,"" and the risk score is 6.4567. The policy zone is ""Block,"" and the recommended action is ""Block the suspected source and initiate investigation.""

#### Evidence
No local feature evidence was supplied in this configuration.

#### Risk and Policy
The risk score indicates a high level of risk, with the policy zone set to ""Block."" The recommended action is to block the suspected source and initiate an investigation.

#### Recommended Action
Block the suspected source and initiate investigation.

#### Human Review
Human review is not required as the confidence threshold is not met.

#### Limitations
The provided evidence does not include any local feature data, which is necessary for making a more accurate prediction.",345,179,6.198581137000474,28.87757634267558,False,135
UNSW-OFFICIAL-15593,A2_constrained_no_shap,2.0,success,,Generic,True,"### Evidence Grounded SOC Report

#### Prediction Summary
The predicted label is ""Generic,"" with a confidence of 1.0 and an uncertainty score of 0.0. The predicted stage is ""Exploitation,"" and the risk score is 6.5. The policy zone is ""Block,"" and the recommended action is to ""Block the suspected source and initiate investigation.""

#### Evidence
No local feature evidence was supplied in this configuration.

#### Risk and Policy
The risk score indicates a high risk, with a policy zone of ""Block."" The recommended action is to block the suspected source and initiate an investigation.

#### Recommended Action
Block the suspected source and initiate investigation.

#### Human Review
Human review is not required, as the confidence threshold is not met.

#### Limitations
The provided evidence does not include any local feature data, which is necessary for a more accurate risk assessment.",310,181,7.153242786000192,25.303209385572664,False,140
UNSW-OFFICIAL-16778,A2_constrained_no_shap,2.0,success,,Generic,True,"### Evidence Grounded SOC Report

#### Prediction Summary
The predicted label is ""Generic,"" with a confidence of 1.0 and an uncertainty score of 0.0. The predicted stage is ""Exploitation,"" and the risk score is 6.5. The policy zone is ""Block,"" and the recommended action is to ""Block the suspected source and initiate investigation.""

#### Evidence
No local feature evidence was supplied in this configuration.

#### Risk and Policy
The risk score indicates a high risk, with a policy zone of ""Block."" The recommended action is to block the suspected source and initiate an investigation.

#### Recommended Action
Block the suspected source and initiate investigation.

#### Human Review
Human review is not required, as the confidence threshold is not met.

#### Limitations
The provided evidence does not include any local feature data, which is necessary for a more accurate risk assessment.",310,181,6.2532794990002,28.944812082834137,False,140
UNSW-OFFICIAL-17774,A2_constrained_no_shap,2.0,success,,Generic,False,"### SOC Report

#### Prediction Summary
The predicted label is ""Exploits,"" with a confidence of 0.5190943984441545 and an uncertainty score of 0.480905601555845. The predicted stage is ""Exploitation,"" and the risk score is 3.3741. The policy zone is ""Alert,"" and the recommended action is to raise a SOC alert and enrich the event context.

#### Evidence
No local feature evidence was supplied in this configuration.

#### Risk and Policy
The risk score indicates a moderate risk, with the policy zone set to ""Alert."" The recommended action is to raise a SOC alert and enrich the event context.

#### Recommended Action
Raise a SOC alert and enrich the event context.

#### Human Review
Human review is required due to the detector confidence below the fixed 0.70 threshold.

#### Limitations
The provided evidence does not include local feature data, which is necessary for making accurate predictions.",353,219,8.529598732000522,25.67529925861307,False,143
UNSW-OFFICIAL-18095,A2_constrained_no_shap,2.0,success,,Generic,True,"### Evidence Grounded SOC Report

#### Prediction Summary
The predicted label is ""Generic,"" with a confidence of 1.0 and an uncertainty score of 0.0. The predicted stage is ""Exploitation,"" and the risk score is 6.5. The policy zone is ""Block,"" and the recommended action is to ""Block the suspected source and initiate investigation.""

#### Evidence
No local feature evidence was supplied in this configuration.

#### Risk and Policy
The risk score indicates a high risk, with a policy zone of ""Block."" The recommended action is to block the suspected source and initiate an investigation.

#### Recommended Action
Block the suspected source and initiate investigation.

#### Human Review
Human review is not required, as the confidence threshold is not met.

#### Limitations
The provided evidence does not include any local feature data, which is necessary for a more accurate risk assessment.",310,181,6.366550511999776,28.429838051052656,False,140
UNSW-OFFICIAL-19389,A2_constrained_no_shap,2.0,success,,Generic,True,"### Evidence Grounded SOC Report

#### Prediction Summary
The predicted label is ""Generic,"" with a confidence of 1.0 and an uncertainty score of 0.0. The predicted stage is ""Exploitation,"" and the risk score is 6.5. The policy zone is ""Block,"" and the recommended action is to ""Block the suspected source and initiate investigation.""

#### Evidence
No local feature evidence was supplied in this configuration.

#### Risk and Policy
The risk score indicates a high risk, with a policy zone of ""Block."" The recommended action is to block the suspected source and initiate an investigation.

#### Recommended Action
Block the suspected source and initiate investigation.

#### Human Review
Human review is not required, as the confidence threshold is not met.

#### Limitations
The provided evidence does not include any local feature data, which is necessary for a more accurate risk assessment.",310,181,6.961358730000029,26.00067127987229,False,140
UNSW-OFFICIAL-20794,A2_constrained_no_shap,2.0,success,,Generic,True,"### Evidence Grounded SOC Report

#### Prediction Summary
The predicted label is ""Generic,"" with a confidence of 1.0 and an uncertainty score of 0.0. The predicted stage is ""Exploitation,"" and the risk score is 6.5. The policy zone is ""Block,"" and the recommended action is to ""Block the suspected source and initiate investigation.""

#### Evidence
No local feature evidence was supplied in this configuration.

#### Risk and Policy
The risk score indicates a high risk, with a policy zone of ""Block."" The recommended action is to block the suspected source and initiate an investigation.

#### Recommended Action
Block the suspected source and initiate investigation.

#### Human Review
Human review is not required, as the confidence threshold is not met.

#### Limitations
The provided evidence does not include any local feature data, which is necessary for a more accurate risk assessment.",310,181,6.354907291999552,28.481926121545182,False,140
UNSW-OFFICIAL-20956,A2_constrained_no_shap,2.0,success,,Generic,True,"### Evidence Grounded SOC Report

#### Prediction Summary
The predicted label is ""Generic,"" with a confidence of 1.0 and an uncertainty score of 0.0. The predicted stage is ""Exploitation,"" and the risk score is 6.5. The policy zone is ""Block,"" and the recommended action is to ""Block the suspected source and initiate investigation.""

#### Evidence
No local feature evidence was supplied in this configuration.

#### Risk and Policy
The risk score indicates a high risk, with a policy zone of ""Block."" The recommended action is to block the suspected source and initiate an investigation.

#### Recommended Action
Block the suspected source and initiate investigation.

#### Human Review
Human review is not required, as the confidence threshold is not met.

#### Limitations
The provided evidence does not include any local feature data, which is necessary for a more accurate risk assessment.",310,181,7.043775111000286,25.69644787740763,False,140
UNSW-OFFICIAL-22460,A2_constrained_no_shap,2.0,success,,Generic,False,"### SOC Report

**Prediction Summary:** The predicted attack class is Fuzzers, with a confidence of 54.44%.

**Evidence:** No local feature evidence was supplied in this configuration.

**Risk and Policy:** The risk score is 3.5392, and the policy zone is Alert. The recommended action is to raise a SOC alert and enrich the event context.

**Recommended Action:** Raise a SOC alert and enrich the event context.

**Human Review:** Human review is required due to the detector confidence below the fixed 0.70 threshold.

**Limitations:** The provided evidence does not include any local feature data, which limits the accuracy of the prediction.",353,141,4.836851180999474,29.15119666155702,False,99
UNSW-OFFICIAL-22782,A2_constrained_no_shap,2.0,success,,Generic,True,"### Evidence Grounded SOC Report

#### Prediction Summary
The predicted label is ""Generic,"" with a confidence of 1.0 and an uncertainty score of 0.0. The predicted stage is ""Exploitation,"" and the risk score is 6.5. The policy zone is ""Block,"" and the recommended action is to ""Block the suspected source and initiate investigation.""

#### Evidence
No local feature evidence was supplied in this configuration.

#### Risk and Policy
The risk score indicates a high risk, with a policy zone of ""Block."" The recommended action is to block the suspected source and initiate an investigation.

#### Recommended Action
Block the suspected source and initiate investigation.

#### Human Review
Human review is not required, as the confidence threshold is not met.

#### Limitations
The provided evidence does not include any local feature data, which is necessary for a more accurate risk assessment.",310,181,7.133915403999708,25.371761473162458,False,140
UNSW-OFFICIAL-25473,A2_constrained_no_shap,2.0,success,,Normal,True,"### Evidence Grounded SOC Report

#### Prediction Summary
The system predicted a normal event with a confidence of 1.0.

#### Evidence
No local feature evidence was supplied in this configuration.

#### Risk and Policy
Risk Score: 0.0
Policy Zone: Monitor
Recommended Action: Log the event and continue monitoring.

#### Human Review
Human review is not required as the confidence threshold is not met.

#### Limitations
The system did not provide any local feature evidence, which limits the ability to make a more detailed risk assessment or policy recommendation.",307,114,3.9751982160005355,28.67781524481964,False,88
UNSW-OFFICIAL-29954,A2_constrained_no_shap,2.0,success,,Normal,True,"### Evidence Grounded SOC Report

#### Prediction Summary
The system predicted a normal event with a confidence of 1.0.

#### Evidence
No local feature evidence was supplied in this configuration.

#### Risk and Policy
Risk Score: 0.0
Policy Zone: Monitor
Recommended Action: Log the event and continue monitoring.

#### Human Review
Human review is not required as the confidence threshold is not met.

#### Limitations
The system did not provide any local feature evidence, which limits the ability to make a more detailed risk assessment or policy recommendation.",307,114,4.057683705000272,28.094846293593097,False,88
UNSW-OFFICIAL-33099,A2_constrained_no_shap,2.0,success,,Normal,True,"### Evidence Grounded SOC Report

#### Prediction Summary
The system predicted a normal event with a confidence of 1.0.

#### Evidence
No local feature evidence was supplied in this configuration.

#### Risk and Policy
Risk Score: 0.0
Policy Zone: Monitor
Recommended Action: Log the event and continue monitoring.

#### Human Review
Human review is not required as the confidence threshold is not met.

#### Limitations
The system did not provide any local feature evidence, which limits the ability to make a more detailed risk assessment or policy recommendation.",307,114,4.8415252859995235,23.54629858686464,False,88
UNSW-OFFICIAL-33218,A2_constrained_no_shap,2.0,success,,Normal,True,"### Evidence Grounded SOC Report

#### Prediction Summary
The system predicted a normal event with a confidence of 1.0.

#### Evidence
No local feature evidence was supplied in this configuration.

#### Risk and Policy
Risk Score: 0.0
Policy Zone: Monitor
Recommended Action: Log the event and continue monitoring.

#### Human Review
Human review is not required as the confidence threshold is not met.

#### Limitations
The system did not provide any local feature evidence, which limits the ability to make a more detailed risk assessment or policy recommendation.",307,114,3.9396189330000198,28.936808848461137,False,88
UNSW-OFFICIAL-34459,A2_constrained_no_shap,2.0,success,,Normal,True,"### Evidence Grounded SOC Report

#### Prediction Summary
The system predicted a normal event with a confidence of 1.0.

#### Evidence
No local feature evidence was supplied in this configuration.

#### Risk and Policy
Risk Score: 0.0
Policy Zone: Monitor
Recommended Action: Log the event and continue monitoring.

#### Human Review
Human review is not required as the confidence threshold is not met.

#### Limitations
The system did not provide any local feature evidence, which limits the ability to make a more detailed risk assessment or policy recommendation.",307,114,3.9055939669997315,29.188902114055278,False,88
UNSW-OFFICIAL-34555,A2_constrained_no_shap,2.0,success,,Normal,True,"### Evidence Grounded SOC Report

#### Prediction Summary
The system predicted a normal event with a confidence of 1.0.

#### Evidence
No local feature evidence was supplied in this configuration.

#### Risk and Policy
Risk Score: 0.0
Policy Zone: Monitor
Recommended Action: Log the event and continue monitoring.

#### Human Review
Human review is not required as the confidence threshold is not met.

#### Limitations
The system did not provide any local feature evidence, which limits the ability to make a more detailed risk assessment or policy recommendation.",307,114,4.777829923999889,23.86020469823711,False,88
UNSW-OFFICIAL-35071,A2_constrained_no_shap,2.0,success,,Normal,True,"### Evidence Grounded SOC Report

#### Prediction Summary
The system predicted a normal event with a confidence of 1.0.

#### Evidence
No local feature evidence was supplied in this configuration.

#### Risk and Policy
Risk Score: 0.0
Policy Zone: Monitor
Recommended Action: Log the event and continue monitoring.

#### Human Review
Human review is not required as the confidence threshold is not met.

#### Limitations
The system did not provide any local feature evidence, which limits the ability to make a more detailed risk assessment or policy recommendation.",307,114,3.9001024409999445,29.230001448570057,False,88
UNSW-OFFICIAL-35319,A2_constrained_no_shap,2.0,success,,Normal,True,"### Evidence Grounded SOC Report

#### Prediction Summary
The system predicted a normal event with a confidence of 1.0.

#### Evidence
No local feature evidence was supplied in this configuration.

#### Risk and Policy
Risk Score: 0.0
Policy Zone: Monitor
Recommended Action: Log the event and continue monitoring.

#### Human Review
Human review is not required as the confidence threshold is not met.

#### Limitations
The system did not provide any local feature evidence, which limits the ability to make a more detailed risk assessment or policy recommendation.",307,114,3.9255458650004584,29.040547205525183,False,88
UNSW-OFFICIAL-36330,A2_constrained_no_shap,2.0,success,,Normal,True,"### Evidence-Grounded SOC Report

**Prediction Summary:** The system predicted a normal event with a confidence of 99.33%.

**Evidence:** No local feature evidence was supplied in this configuration.

**Risk and Policy:** The risk score is 0.0, indicating no significant risk. The policy zone is ""Monitor,"" suggesting that monitoring is the recommended action.

**Recommended Action:** Log the event and continue monitoring.

**Human Review:** No mandatory human review is required.

**Limitations:** The system did not provide any specific features or attack behavior to support the prediction.",339,118,4.813098378999712,24.51643218323817,False,83
UNSW-OFFICIAL-36644,A2_constrained_no_shap,2.0,success,,Normal,True,"### Evidence Grounded SOC Report

#### Prediction Summary
The system predicted a normal event with a confidence of 1.0.

#### Evidence
No local feature evidence was supplied in this configuration.

#### Risk and Policy
Risk Score: 0.0
Policy Zone: Monitor
Recommended Action: Log the event and continue monitoring.

#### Human Review
Human review is not required as the confidence threshold is not met.

#### Limitations
The system did not provide any local feature evidence, which limits the ability to make a more detailed risk assessment or policy recommendation.",307,114,4.092906741000661,27.853065611782917,False,88
UNSW-OFFICIAL-40504,A2_constrained_no_shap,2.0,success,,Normal,False,"### SOC Report

#### Prediction Summary
The predicted label is ""Analysis"" with a confidence of 0.7824771822788469. The predicted stage is ""Reconnaissance"" and the risk score is 2.3474. The policy zone is ""Alert"" and the recommended action is to raise a SOC alert and enrich the event context.

#### Evidence
No local feature evidence was supplied in this configuration.

#### Risk and Policy
The risk score indicates a moderate risk, and the policy zone is set to ""Alert."" The recommended action is to raise a SOC alert and enrich the event context.

#### Recommended Action
Raise a SOC alert and enrich the event context.

#### Human Review
Human review is not required as the confidence threshold is not met.

#### Limitations
The provided evidence does not include any local feature data, which is necessary for making a more accurate prediction.",346,192,6.795591830999911,28.253609806895792,False,139
UNSW-OFFICIAL-42048,A2_constrained_no_shap,2.0,success,,Normal,False,"### SOC Report

**Prediction Summary:** The predicted attack class is Fuzzers, with a confidence of 69.62%.

**Evidence:** No local feature evidence was supplied in this configuration.

**Risk and Policy:** The risk score is 4.5251, indicating a moderate risk. The attack is classified as Exploitation, and it falls under the policy zone of Alert.

**Recommended Action:** A SOC alert should be raised, and the event context should be enriched. The recommended action is to raise a SOC alert and enrich the event context.

**Human Review:** Human review is required due to the detector confidence below the fixed 0.70 threshold.

**Limitations:** The provided evidence does not include any local feature data, which limits the accuracy of the prediction.",353,163,6.459495642000547,25.234168274710353,False,116
UNSW-OFFICIAL-42451,A2_constrained_no_shap,2.0,success,,Normal,True,"### Evidence Grounded SOC Report

#### Prediction Summary
The system predicted a normal event with a confidence of 1.0.

#### Evidence
No local feature evidence was supplied in this configuration.

#### Risk and Policy
Risk Score: 0.0
Policy Zone: Monitor
Recommended Action: Log the event and continue monitoring.

#### Human Review
Human review is not required as the confidence threshold is not met.

#### Limitations
The system did not provide any local feature evidence, which limits the ability to make a more detailed risk assessment or policy recommendation.",307,114,3.973715314999936,28.688517159161876,False,88
UNSW-OFFICIAL-43110,A2_constrained_no_shap,2.0,success,,Normal,True,"### Evidence-Grounded SOC Report

**Prediction Summary:** The system detected a normal event.

**Evidence:** No local feature evidence was supplied in this configuration.

**Risk and Policy:** The risk score is 0.0, indicating no significant risk. The policy zone is ""Monitor,"" suggesting that monitoring is the recommended action.

**Recommended Action:** Log the event and continue monitoring.

**Human Review:** The recommended action is based on the low confidence threshold of the detector, which is below the fixed 0.70 threshold. This indicates that further investigation or escalation may be necessary.

**Limitations:** The confidence threshold for the detector is set at 0.70, which is below the threshold for human review. This means that the system's detection and recommendation are based on automated analysis rather than human judgment.",344,165,6.61410696799976,24.946678485591434,False,122
UNSW-OFFICIAL-43373,A2_constrained_no_shap,2.0,success,,Normal,False,"### SOC Report

**Prediction Summary:** The predicted attack class is Fuzzers, with a confidence of 69.18%.

**Evidence:** No local feature evidence was supplied in this configuration.

**Risk and Policy:** The risk score is 4.4966, indicating a moderate risk. The attack is classified as Exploitation, and it falls under the policy zone of Alert.

**Recommended Action:** A SOC alert should be raised, and the event context should be enriched. The recommended action is to raise a SOC alert and enrich the event context.

**Human Review:** Human review is required due to the detector confidence below the fixed 0.70 threshold.

**Limitations:** The provided evidence does not include any local feature data, which limits the accuracy of the prediction.",353,163,5.717625140000564,28.508339740507004,False,116
UNSW-OFFICIAL-43394,A2_constrained_no_shap,2.0,success,,Normal,False,"### Evidence-Grounded SOC Report

#### Prediction Summary
The predicted attack class is Fuzzers, with a high confidence of 0.911040480126036.

#### Evidence
No local feature evidence was supplied in this configuration.

#### Risk and Policy
Risk score: 5.9218
Policy zone: Block
Recommended action: Block the suspected source and initiate investigation.

#### Recommended Action
Block the suspected source and initiate investigation.

#### Human Review
Human review is not required as the confidence threshold is not met.

#### Limitations
The provided evidence does not include any local feature data, which is necessary for making a more informed decision.",343,144,5.292511382999692,27.208255132440286,False,95
UNSW-OFFICIAL-43864,A2_constrained_no_shap,2.0,success,,Shellcode,True,"### Evidence-Grounded SOC Report

**Prediction Summary:** The predicted attack class is Shellcode, with a confidence of 70.48%.

**Evidence:** No local feature evidence was supplied in this configuration.

**Risk and Policy:** The risk score is 5.9911, placing the attack at a high level. The policy zone is set to Block, indicating a mandatory response.

**Recommended Action:** The recommended action is to block the suspected source and initiate an investigation.

**Human Review:** Human review is not required as the confidence threshold is below 70%.

**Limitations:** The provided evidence does not include any specific details about the attack, such as the IP addresses, hostnames, or the exact nature of the shellcode.",344,154,5.9006954759997825,26.098618480884586,False,108
UNSW-OFFICIAL-43895,A2_constrained_no_shap,2.0,success,,Exploits,True,"### SOC Report

#### Prediction Summary
The predicted label is ""Exploits,"" with a confidence of 70.45%. The predicted stage is ""Exploitation,"" and the risk score is 4.5793. The policy zone is ""Alert,"" and the recommended action is to raise a SOC alert and enrich the event context.

#### Evidence
No local feature evidence was supplied in this configuration.

#### Risk and Policy
The risk score indicates a high risk, and the policy zone is set to ""Alert."" The recommended action is to raise a SOC alert and enrich the event context.

#### Recommended Action
Raise a SOC alert and enrich the event context.

#### Human Review
Human review is not required as the confidence threshold is not met.

#### Limitations
The provided evidence does not include any local feature data, which is necessary for making a more accurate prediction.",348,181,6.234126837000076,29.033737158786938,False,139
UNSW-OFFICIAL-43985,A2_constrained_no_shap,2.0,success,,Worms,True,"### Evidence-Grounded SOC Report

#### Prediction Summary
The predicted attack class is Worms, with a confidence of 47.96%.

#### Evidence
No local feature evidence was supplied in this configuration.

#### Risk and Policy
The risk score is 4.08, indicating a moderate risk. The attack is classified as Advanced Intrusion, and it falls under the Alert policy zone.

#### Recommended Action
A SOC alert should be raised, and the event context should be enriched to provide more details about the worm activity.

#### Human Review
Human review is required due to the detector confidence below the fixed 0.70 threshold.

#### Limitations
The provided evidence does not include any local feature data, which limits the accuracy of the prediction.",353,155,6.250233513999774,24.79907345106684,False,117
UNSW-OFFICIAL-44001,A2_constrained_no_shap,2.0,success,,Exploits,True,"### Evidence-Grounded SOC Report

#### Prediction Summary
The predicted label is ""Exploits,"" with a confidence of 0.7794915119406506 and an uncertainty score of 0.22050848805934942. The predicted stage is ""Exploitation,"" and the risk score is 5.0667. The policy zone is ""Block,"" and the recommended action is ""Block the suspected source and initiate investigation.""

#### Evidence
No local feature evidence was supplied in this configuration.

#### Risk and Policy
The risk score indicates a high risk, with the policy zone set to ""Block."" The recommended action is to block the suspected source and initiate an investigation.

#### Recommended Action
Block the suspected source and initiate investigation.

#### Human Review
Human review is not required, as the confidence threshold is not met (0.7).

#### Limitations
The provided evidence does not include any local feature data, which is necessary for making a more informed decision.",346,221,7.83684561499922,28.200121688887194,False,140
UNSW-OFFICIAL-44015,A2_constrained_no_shap,2.0,success,,Fuzzers,True,"### Evidence Grounded SOC Report

#### Prediction Summary
The predicted attack class is Fuzzers, with a high confidence of 0.9501369822186658.

#### Risk and Policy
- **Risk Score:** 6.1759
- **Policy Zone:** Block
- **Recommended Action:** Block the suspected source and initiate investigation.

#### Recommended Action
Block the suspected source and initiate investigation.

#### Human Review
No mandatory confidence-based referral.

#### Limitations
No local feature evidence was supplied in this configuration.",347,120,4.8990575950001585,24.494506886889564,False,70
UNSW-OFFICIAL-44322,A2_constrained_no_shap,2.0,success,,Shellcode,False,"### Evidence-Grounded SOC Report

**Prediction Summary:** The predicted attack class is Fuzzers, with a confidence of 0.2989905706101302.

**Evidence:** No local feature evidence was supplied in this configuration.

**Risk and Policy:** The risk score is 1.9434, placing the event in the high-risk zone. The policy zone is Monitor, indicating that the event should be logged and monitored.

**Recommended Action:** Log the event and continue monitoring.

**Human Review:** The recommended action is required due to the detector confidence below the fixed 0.70 threshold.

**Limitations:** The recommended action is based on the provided evidence and confidence score, which may not account for all possible attack vectors or mitigations. Further investigation and analysis may be necessary to ensure comprehensive security measures are in place.",350,181,6.233764289999272,29.03542572027874,False,120
UNSW-OFFICIAL-44403,A2_constrained_no_shap,2.0,success,,Shellcode,True,"### SOC Report

#### Prediction Summary
The predicted attack class is Shellcode, with a confidence of 59.74%.

#### Evidence
No local feature evidence was supplied in this configuration.

#### Risk and Policy
The risk score is 5.08, and the policy zone is Block. The recommended action is to block the suspected source and initiate an investigation.

#### Recommended Action
Block the suspected source and initiate investigation.

#### Human Review
Human review is required due to the detector confidence below the fixed 0.70 threshold.

#### Limitations
The provided evidence does not include any local feature data, which limits the accuracy of the prediction.",350,135,5.513228241999968,24.486561062639346,False,102
UNSW-OFFICIAL-44487,A2_constrained_no_shap,2.0,success,,Worms,True,"### Evidence-Grounded SOC Report

#### Prediction Summary
The predicted attack class is Worms, with a confidence of 76.4%. The attack is classified as Advanced Intrusion.

#### Evidence
No local feature evidence was supplied in this configuration.

#### Risk and Policy
Risk Score: 6.4937  
Policy Zone: Block  
Recommended Action: Block the suspected source and initiate investigation.

#### Recommended Action
Block the suspected source and initiate investigation.

#### Human Review
Human review is not required as the confidence threshold is not met.

#### Limitations
The provided evidence does not include any local feature data, which is necessary for making a more informed decision.",346,138,4.7514204379995135,29.043946289480967,False,101
UNSW-OFFICIAL-44627,A2_constrained_no_shap,2.0,success,,Fuzzers,True,"### Evidence Grounded SOC Report

#### Prediction Summary
The predicted attack class is Fuzzers, with a confidence of 76.36%.

#### Evidence
No local feature evidence was supplied in this configuration.

#### Risk and Policy
Risk Score: 4.9633
Policy Zone: Alert
Recommended Action: Raise a SOC alert and enrich the event context.

#### Recommended Action
Human Review: Required
Human Review Confidence Threshold: 0.7
Reason: No mandatory confidence-based referral.

#### Limitations
The provided evidence does not include any specific features or attack behaviors that could be used to refine the prediction or enhance the human review process.",347,137,4.708925056000226,29.093688765641176,False,95
UNSW-OFFICIAL-44897,A2_constrained_no_shap,2.0,success,,Worms,True,"### Evidence-Grounded SOC Report

#### Prediction Summary
The predicted attack class is Worms, with a confidence of 78.85%.

#### Evidence
No local feature evidence was supplied in this configuration.

#### Risk and Policy
Risk score: 6.7023
Policy zone: Block
Recommended action: Block the suspected source and initiate investigation.

#### Recommended Action
Block the suspected source and initiate investigation.

#### Human Review
Human review is not required as the confidence threshold is not met.

#### Limitations
The confidence threshold for human review is not met.",345,119,5.150137643000562,23.106178562378865,False,84
UNSW-OFFICIAL-45256,A2_constrained_no_shap,2.0,success,,Exploits,True,"### SOC Report

#### Prediction Summary
The predicted label is ""Exploits,"" with a confidence of 0.376 and an uncertainty score of 0.624. The predicted stage is ""Exploitation,"" and the risk score is 2.445. The policy zone is ""Alert,"" and the recommended action is to raise a SOC alert and enrich the event context.

#### Evidence
No local feature evidence was supplied in this configuration.

#### Risk and Policy
The risk score indicates a moderate risk, and the policy zone is set to ""Alert."" The recommended action is to raise a SOC alert and enrich the event context.

#### Recommended Action
Raise a SOC alert and enrich the event context.

#### Human Review
Human review is required due to the detector confidence below the fixed 0.70 threshold.

#### Limitations
The provided evidence does not include any local feature data, which is necessary for making accurate predictions.",352,195,6.757131346000278,28.858400113152392,False,145
UNSW-OFFICIAL-45328,A2_constrained_no_shap,2.0,success,,Generic,False,"### SOC Report

#### Prediction Summary
The predicted label is ""Exploits,"" with a confidence of 0.616 and an uncertainty score of 0.384. The predicted stage is ""Exploitation,"" and the risk score is 4.0043. The policy zone is ""Alert,"" and the recommended action is to raise a SOC alert and enrich the event context.

#### Evidence
No local feature evidence was supplied in this configuration.

#### Risk and Policy
The risk score indicates a moderate risk, and the policy zone is set to ""Alert."" The recommended action is to raise a SOC alert and enrich the event context.

#### Recommended Action
Raise a SOC alert and enrich the event context.

#### Human Review
Human review is required due to the detector confidence below the fixed 0.70 threshold.

#### Limitations
The provided evidence does not include any local feature data, which limits the accuracy of the prediction.",353,196,7.673357220000071,25.542926567935567,False,145
UNSW-OFFICIAL-45697,A2_constrained_no_shap,2.0,success,,Reconnaissance,True,"### SOC Report

#### Prediction Summary
The predicted attack class is **Reconnaissance** with a confidence of **0.59088**.

#### Evidence
No local feature evidence was supplied in this configuration.

#### Risk and Policy
**Risk Score:** 1.7726  
**Policy Zone:** Monitor  
**Recommended Action:** Log the event and continue monitoring.  
**Human Review:** Required, with a confidence threshold of 0.7.

#### Recommended Action
Log the event and continue monitoring.

#### Human Review
Human review is required due to the detector confidence below the fixed 0.70 threshold.

#### Limitations
The provided evidence does not include any local feature data, which limits the accuracy of the prediction.",350,154,5.251264594000531,29.326269366800148,False,100
UNSW-OFFICIAL-45795,A2_constrained_no_shap,2.0,success,,Worms,True,"### Evidence-Grounded SOC Report

#### Prediction Summary
The predicted attack class is Worms, with a confidence of 64.02%.

#### Evidence
No local feature evidence was supplied in this configuration.

#### Risk and Policy
The risk score is 5.4415, indicating a moderate risk. The attack is classified as Advanced Intrusion, and it is recommended to block the suspected source and initiate an investigation.

#### Recommended Action
Block the suspected source and initiate investigation.

#### Human Review
Human review is required due to the detector confidence below the fixed 0.70 threshold.

#### Limitations
The report does not include any local feature evidence, which limits the ability to provide specific details about the attack.",351,150,5.846820675999879,25.654968454175847,False,111
UNSW-OFFICIAL-45818,A2_constrained_no_shap,2.0,success,,Exploits,True,"### Evidence-Grounded SOC Report

#### Prediction Summary
The predicted label is ""Exploits,"" with a confidence of 85.87%. The predicted stage is ""Exploitation,"" and the risk score is 5.58. The policy zone is ""Block,"" and the recommended action is to ""Block the suspected source and initiate investigation.""

#### Evidence
No local feature evidence was supplied in this configuration.

#### Risk and Policy
The risk score indicates a high risk, and the policy zone mandates that the source be blocked. The recommended action is to block the suspected source and initiate an investigation.

#### Recommended Action
Block the suspected source and initiate investigation.

#### Human Review
Human review is not required as the confidence threshold is not met.

#### Limitations
The provided evidence does not include any local feature data, which is necessary for making a more accurate prediction.",346,179,6.331940030999249,28.269377019313282,False,137
UNSW-OFFICIAL-45887,A2_constrained_no_shap,2.0,success,,Reconnaissance,True,"### SOC Report

#### Prediction Summary
The predicted attack class is **Reconnaissance** with a confidence of **0.933**.

#### Evidence
No local feature evidence was supplied in this configuration.

#### Risk and Policy
**Risk Score:** 2.7995  
**Policy Zone:** Alert  
**Recommended Action:** Raise a SOC alert and enrich the event context.

#### Recommended Action
**Human Review:** Not required.

#### Limitations
The recommended action is based on the provided evidence, which does not include any local feature data. Therefore, the human review is not mandatory.",348,124,4.333237216999805,28.61601933850592,False,82
UNSW-OFFICIAL-45973,A2_constrained_no_shap,2.0,success,,Reconnaissance,True,"### SOC Report

#### Prediction Summary
The predicted attack class is **Reconnaissance** with a confidence of **95.14%**.

#### Evidence
No local feature evidence was supplied in this configuration.

#### Risk and Policy
**Risk Score:** 2.8543
**Policy Zone:** Alert
**Recommended Action:** Raise a SOC alert and enrich the event context.

#### Human Review
**Required:** No
**Confidence Threshold:** 0.7
**Reason:** No mandatory confidence-based referral.

#### Limitations
The provided evidence does not include any specific features or attack behaviors that could be used to refine the prediction or enhance the human review process.",349,141,5.68994439800008,24.780558497119785,False,90
UNSW-OFFICIAL-46039,A2_constrained_no_shap,2.0,success,,Exploits,True,"### SOC Report

#### Prediction Summary
The predicted label is ""Exploits,"" with a confidence of 0.6977. The exploit is in the Exploitation stage, and the risk score is 4.5351. The policy zone is ""Alert,"" and the recommended action is to raise a SOC alert and enrich the event context.

#### Evidence
No local feature evidence was supplied in this configuration.

#### Risk and Policy
The exploit is classified as a high-risk activity, and it falls under the ""Alert"" policy zone. The recommended action is to raise a SOC alert and enrich the event context.

#### Recommended Action
To mitigate the risk, the recommended action is to raise a SOC alert and enrich the event context with additional details such as the exploit details, the system it targets, and any potential impact on the system.

#### Human Review
Human review is required due to the detector confidence below the fixed 0.70 threshold.

#### Limitations
The provided evidence does not include local feature data, which is necessary for making accurate predictions.",354,220,7.584852426999532,29.0051786923202,False,169
UNSW-OFFICIAL-46255,A2_constrained_no_shap,2.0,success,,Shellcode,False,"### Evidence-Grounded SOC Report

**Prediction Summary:** The system detected a normal event.

**Evidence:** No local feature evidence was supplied in this configuration.

**Risk and Policy:** The risk score is 0.0, indicating no significant risk. The policy zone is ""Monitor,"" suggesting that monitoring is the recommended action.

**Recommended Action:** Log the event and continue monitoring.

**Human Review:** The recommended action is based on the low confidence threshold of the detector, which is below the fixed 0.70 threshold. This indicates that further investigation or escalation may be necessary.

**Limitations:** The confidence threshold for the detector is set at 0.70, which is below the threshold for human review. This means that the system's detection and recommendation are based on automated analysis rather than human judgment.",343,165,6.634902079999847,24.868490598734475,False,122
UNSW-OFFICIAL-46335,A2_constrained_no_shap,2.0,success,,Reconnaissance,False,"### Evidence-Grounded SOC Report

**Prediction Summary:** The system detected a normal event.

**Evidence:** No local feature evidence was supplied in this configuration.

**Risk and Policy:** The risk score is 0.0, indicating no significant risk. The policy zone is ""Monitor,"" suggesting that monitoring is the recommended action.

**Recommended Action:** Log the event and continue monitoring.

**Human Review:** The recommended action is based on the low confidence threshold of the detector, which is below the fixed 0.70 threshold. This indicates that further investigation or escalation may be necessary.

**Limitations:** The confidence threshold for the detector is set at 0.70, which is below the threshold for human review. This means that the system's detection and recommendation are based on automated analysis rather than human judgment.",343,165,5.667511291000665,29.11330768092168,False,122
UNSW-OFFICIAL-46444,A2_constrained_no_shap,2.0,success,,Generic,False,"### SOC Report

#### Prediction Summary
The predicted label is ""Exploits,"" with a confidence of 0.5082366878681781 and an uncertainty score of 0.4917633121318219. The predicted stage is ""Exploitation,"" and the risk score is 3.3035. The policy zone is ""Alert,"" and the recommended action is to raise a SOC alert and enrich the event context.

#### Evidence
No local feature evidence was supplied in this configuration.

#### Risk and Policy
The risk score indicates a moderate risk, with the policy zone set to ""Alert."" The recommended action is to raise a SOC alert and enrich the event context.

#### Recommended Action
Raise a SOC alert and enrich the event context.

#### Human Review
Human review is required due to the detector confidence below the fixed 0.70 threshold.

#### Limitations
The provided evidence does not include local feature data, which is necessary for making accurate predictions.",353,220,8.431033965999632,26.094071129022613,False,143
UNSW-OFFICIAL-46552,A2_constrained_no_shap,2.0,success,,Reconnaissance,True,"### SOC Report

#### Prediction Summary
The predicted attack class is **Reconnaissance** with a confidence of **95.45%**.

#### Evidence
No local feature evidence was supplied in this configuration.

#### Risk and Policy
**Risk Score:** 2.8635
**Policy Zone:** Alert
**Recommended Action:** Raise a SOC alert and enrich the event context.

#### Human Review
**Required:** No
**Confidence Threshold:** 0.7
**Reason:** No mandatory confidence-based referral.

#### Limitations
The provided evidence does not include any specific features or attack behaviors that could be used to refine the prediction or enhance the human review process.",348,141,4.703577193000456,29.977184218391617,False,90
UNSW-OFFICIAL-46586,A2_constrained_no_shap,2.0,success,,Generic,False,"### SOC Report

#### Prediction Summary
The predicted label is ""Exploits"" with a confidence of 0.6012. The exploit stage is ""Exploitation"" and the risk score is 3.908. The policy zone is ""Alert"" and the recommended action is to raise a SOC alert and enrich the event context.

#### Evidence
No local feature evidence was supplied in this configuration.

#### Risk and Policy
The risk score indicates a moderate risk, and the policy zone is set to ""Alert."" The recommended action is to raise a SOC alert and enrich the event context.

#### Recommended Action
Raise a SOC alert and enrich the event context.

#### Human Review
Human review is required due to the detector confidence below the fixed 0.70 threshold.

#### Limitations
The provided evidence does not include local feature data, which is necessary for making accurate predictions.",353,184,7.091928969999572,25.944986304623285,False,138
UNSW-OFFICIAL-46849,A2_constrained_no_shap,2.0,success,,DoS,True,"### Evidence-Grounded SOC Report

#### Prediction Summary
The predicted attack class is a Denial of Service (DoS) attack.

#### Evidence
No local feature evidence was supplied in this configuration.

#### Risk and Policy
Risk Score: 1.7622
Policy Zone: Monitor
Recommended Action: Log the event and continue monitoring.

#### Recommended Action
Log the event and continue monitoring.

#### Human Review
Human review is required due to the detector confidence below the fixed 0.70 threshold.

#### Limitations
The report is based on a prediction of a Denial of Service (DoS) attack with a confidence of 25.17%. The lack of local feature evidence prevents detailed analysis.",349,149,5.134976454000025,29.0166861201345,False,103
UNSW-OFFICIAL-46967,A2_constrained_no_shap,2.0,success,,Fuzzers,True,"### SOC Report

**Prediction Summary:** The predicted attack class is Fuzzers, with a confidence of 67.6%.

**Evidence:** No local feature evidence was supplied in this configuration.

**Risk and Policy:** The risk score is 4.3958, and the policy zone is Alert. The recommended action is to raise a SOC alert and enrich the event context.

**Recommended Action:** Raise a SOC alert and enrich the event context.

**Human Review:** Human review is required due to the detector confidence below the fixed 0.70 threshold.

**Limitations:** The provided evidence does not include any local feature data, which limits the accuracy of the prediction.",353,140,5.315862436000316,26.33627218264451,False,99
UNSW-OFFICIAL-47133,A2_constrained_no_shap,2.0,success,,DoS,True,"### Evidence-Grounded SOC Report

#### Prediction Summary
The predicted attack class is a Denial of Service (DoS) attack.

#### Evidence
No local feature evidence was supplied in this configuration.

#### Risk and Policy
**Risk Score:** 4.0585
**Policy Zone:** Alert
**Recommended Action:** Raise a SOC alert and enrich the event context.

#### Recommended Action
**Human Review:** Required
**Confidence Threshold:** 0.70
**Reason:** Detector confidence below the fixed 0.70 threshold.

#### Limitations
The recommended action is based on a high confidence threshold of 0.70, which may not be sufficient for all organizations. Further investigation and validation of the attack's impact and severity are recommended.",353,158,5.94779509,26.5644659254729,False,101
UNSW-OFFICIAL-47310,A2_constrained_no_shap,2.0,success,,Reconnaissance,True,"### SOC Report

#### Prediction Summary
The predicted attack class is **Reconnaissance** with a confidence of **94.62%**.

#### Evidence
No local feature evidence was supplied in this configuration.

#### Risk and Policy
**Risk Score:** 2.8386
**Policy Zone:** Alert
**Recommended Action:** Raise a SOC alert and enrich the event context.

#### Recommended Action
**Human Review:** Not required.

#### Limitations
The recommended action is based on the provided evidence, which does not include any local feature data. Therefore, the human review is not mandatory.",348,125,4.303776192999976,29.044261224203648,False,82
UNSW-OFFICIAL-47341,A2_constrained_no_shap,2.0,success,,Worms,True,"### Evidence-Grounded SOC Report

#### Prediction Summary
The predicted attack class is Worms, with a confidence of 66.8%. The attack is classified as Advanced Intrusion.

#### Evidence
No local feature evidence was supplied in this configuration.

#### Risk and Policy
The risk score is 5.6774, placing the attack at a moderate level. The policy zone is set to Block, indicating that the attack should be blocked.

#### Recommended Action
The recommended action is to block the suspected source and initiate an investigation.

#### Human Review
Human review is required due to the detector confidence below the fixed 0.70 threshold.

#### Limitations
The report does not include any local feature evidence, which limits the ability to provide specific details about the attack.",351,160,6.403704383999866,24.985538120680893,False,121
UNSW-OFFICIAL-47369,A2_constrained_no_shap,2.0,success,,DoS,True,"### Evidence-Grounded SOC Report

#### Prediction Summary
The predicted attack class is a Denial of Service (DoS) attack.

#### Evidence
No local feature evidence was supplied in this configuration.

#### Risk and Policy
Risk Score: 1.5936
Policy Zone: Monitor
Recommended Action: Log the event and continue monitoring.

#### Recommended Action
Log the event and continue monitoring.

#### Human Review
Human review is required due to the detector confidence below the fixed 0.70 threshold.

#### Limitations
The report is based on a prediction of a Denial of Service (DoS) attack with a confidence of 22.77%. The lack of local feature evidence prevents detailed analysis.",349,149,5.0819245769998815,29.319600820987052,False,103
UNSW-OFFICIAL-47404,A2_constrained_no_shap,2.0,success,,Generic,False,"### Evidence-Grounded SOC Report

#### Prediction Summary
The predicted attack class is a Denial of Service (DoS) attack.

#### Evidence
No local feature evidence was supplied in this configuration.

#### Risk and Policy
Risk Score: 1.5936
Policy Zone: Monitor
Recommended Action: Log the event and continue monitoring.

#### Recommended Action
Log the event and continue monitoring.

#### Human Review
Human review is required due to the detector confidence below the fixed 0.70 threshold.

#### Limitations
The report is based on a prediction of a Denial of Service (DoS) attack with a confidence of 22.77%. The lack of local feature evidence prevents detailed analysis.",349,149,5.723971577000157,26.030876987353693,False,103
UNSW-OFFICIAL-47409,A2_constrained_no_shap,2.0,success,,Fuzzers,False,"### SOC Report

**Prediction Summary:** The predicted attack class is Shellcode, with a confidence of 51.51%.

**Evidence:** No local feature evidence was supplied in this configuration.

**Risk and Policy:** The risk score is 4.3786, and the policy zone is Alert. The recommended action is to raise a SOC alert and enrich the event context.

**Recommended Action:** Raise a SOC alert and enrich the event context.

**Human Review:** Human review is required due to the detector confidence below the fixed 0.70 threshold.

**Limitations:** The provided evidence does not include any local feature data, which limits the accuracy of the prediction.",352,140,5.135946704000162,27.25884984183348,False,99
UNSW-OFFICIAL-47850,A2_constrained_no_shap,2.0,success,,Fuzzers,True,"### Evidence Grounded SOC Report

**Prediction Summary:** The predicted attack class is Fuzzers, with a confidence of 0.2734.

**Evidence:** No local feature evidence was supplied in this configuration.

**Risk and Policy:** The risk score is 1.777, indicating a moderate risk. The attack is classified under the policy zone ""Monitor,"" suggesting that monitoring is the recommended action.

**Recommended Action:** Log the event and continue monitoring.

**Human Review:** The recommended action is required due to the detector confidence below the fixed 0.70 threshold.

**Limitations:** The report does not include any specific details about the attack, such as the type of fuzzers, their behavior, or the potential impacts.",349,153,5.249947929999507,29.143146187359303,False,105
UNSW-OFFICIAL-48119,A2_constrained_no_shap,2.0,success,,Generic,True,"### Evidence-Grounded SOC Report

#### Prediction Summary
The predicted label is ""Generic,"" with a confidence of 93.57%. The prediction stage is ""Exploitation,"" and the risk score is 6.0823. The policy zone is ""Block,"" and the recommended action is to ""Block the suspected source and initiate investigation.""

#### Evidence
No local feature evidence was supplied in this configuration.

#### Risk and Policy
The risk score indicates a high level of risk, with the policy zone set to ""Block."" The recommended action is to block the suspected source and initiate an investigation.

#### Recommended Action
Block the suspected source and initiate investigation.

#### Human Review
Human review is not required as the confidence threshold is not met.

#### Limitations
The provided evidence does not include any local feature data, which is necessary for making a more specific prediction.",344,179,7.037961624000673,25.433500431371904,False,136
UNSW-OFFICIAL-48541,A2_constrained_no_shap,2.0,success,,Shellcode,True,"### SOC Report

**Prediction Summary:** The predicted attack class is Shellcode, with a confidence of 51.14%.

**Evidence:** No local feature evidence was supplied in this configuration.

**Risk and Policy:** The risk score is 4.3471, and the policy zone is Alert. The recommended action is to raise a SOC alert and enrich the event context.

**Recommended Action:** Raise a SOC alert and enrich the event context.

**Human Review:** Human review is required due to the detector confidence below the fixed 0.70 threshold.

**Limitations:** The provided evidence does not include any local feature data, which limits the accuracy of the prediction.",352,140,4.731373300000087,29.589717640752937,False,99
UNSW-OFFICIAL-48574,A2_constrained_no_shap,2.0,success,,Backdoor,False,"### Evidence-Grounded SOC Report

**Prediction Summary:** The predicted attack class is Fuzzers, with a confidence of 0.201214576895.

**Evidence:** No local feature evidence was supplied in this configuration.

**Risk and Policy:** The risk score is 1.3079, placing the event in the high-risk zone. The policy zone is Monitor, indicating that monitoring is the recommended action.

**Recommended Action:** Log the event and continue monitoring.

**Human Review:** The event should be reviewed by a human with a confidence threshold of 0.7, as the detector confidence is below this threshold.

**Limitations:** The report does not include any specific details about the attack, such as the type of fuzzers used, the system they are targeting, or the potential impacts.",342,172,6.779852511999707,25.36928343139855,False,114
UNSW-OFFICIAL-48600,A2_constrained_no_shap,2.0,success,,Fuzzers,True,"### Evidence Grounded SOC Report

#### Prediction Summary
The predicted attack class is Fuzzers, with a confidence of 71.91%.

#### Evidence
No local feature evidence was supplied in this configuration.

#### Risk and Policy
Risk Score: 4.6743
Policy Zone: Alert
Recommended Action: Raise a SOC alert and enrich the event context.

#### Recommended Action
Human Review: Required
Human Review Confidence Threshold: 0.7
Reason: No mandatory confidence-based referral.

#### Limitations
The provided evidence does not include any specific features or attack behaviors that could be used to refine the prediction or enhance the human review process.",347,137,4.740288060999774,28.901197192456134,False,95
UNSW-OFFICIAL-48615,A2_constrained_no_shap,2.0,success,,Fuzzers,True,"### Evidence-Grounded SOC Report

**Prediction Summary:** The predicted attack class is Fuzzers, with a confidence of 87.9%.

**Evidence:** No local feature evidence was supplied in this configuration.

**Risk and Policy:** The risk score is 5.7134, and the policy zone is Block. The recommended action is to block the suspected source and initiate investigation.

**Recommended Action:** Block the suspected source and initiate investigation.

**Human Review:** No mandatory confidence-based referral is required.

**Limitations:** The report is based on a prediction without any local feature evidence.",346,122,4.229380083999786,28.845834986914404,False,83
UNSW-OFFICIAL-48701,A2_constrained_no_shap,2.0,success,,Analysis,False,"### Evidence-Grounded SOC Report

#### Prediction Summary
The predicted attack class is a Denial of Service (DoS) attack.

#### Evidence
No local feature evidence was supplied in this configuration.

#### Risk and Policy
Risk Score: 1.91
Policy Zone: Monitor
Recommended Action: Log the event and continue monitoring.

#### Recommended Action
Log the event and continue monitoring.

#### Human Review
Human review is required due to the detector confidence below the fixed 0.70 threshold.

#### Limitations
The recommended action is based on the provided evidence, which does not include local feature evidence.",347,126,5.247339947,24.012166406721274,False,91
UNSW-OFFICIAL-48723,A2_constrained_no_shap,2.0,success,,Analysis,False,"### Evidence-Grounded SOC Report

#### Prediction Summary
The predicted attack class is a Denial of Service (DoS) attack.

#### Evidence
No local feature evidence was supplied in this configuration.

#### Risk and Policy
Risk Score: 1.7967
Policy Zone: Monitor
Recommended Action: Log the event and continue monitoring.

#### Recommended Action
Log the event and continue monitoring.

#### Human Review
Human review is required due to the detector confidence below the fixed 0.70 threshold.

#### Limitations
The report is based on a prediction of a Denial of Service (DoS) attack with a confidence of 25.67%. The lack of local feature evidence prevents detailed analysis.",349,149,5.212183515999641,28.586867584884605,False,103
UNSW-OFFICIAL-48748,A2_constrained_no_shap,2.0,success,,Backdoor,False,"### Evidence-Grounded SOC Report

#### Prediction Summary
The predicted attack class is a Denial of Service (DoS) attack.

#### Evidence
No local feature evidence was supplied in this configuration.

#### Risk and Policy
Risk Score: 1.7817
Policy Zone: Monitor
Recommended Action: Log the event and continue monitoring.

#### Recommended Action
Log the event and continue monitoring.

#### Human Review
Human review is required due to the detector confidence below the fixed 0.70 threshold.

#### Limitations
The report is based on a prediction of a Denial of Service (DoS) attack with a confidence of 25.45%. The lack of local feature evidence prevents detailed analysis.",349,149,5.73427761899984,25.98409248730937,False,103
UNSW-OFFICIAL-48864,A2_constrained_no_shap,2.0,success,,Backdoor,True,"### SOC Report

#### Prediction Summary
The predicted attack class is a Backdoor, with a confidence of 26.16%.

#### Evidence
No local feature evidence was supplied in this configuration.

#### Risk and Policy
Risk Score: 2.093
Policy Zone: Alert
Recommended Action: Raise a SOC alert and enrich the event context.

#### Human Review
Human review is required due to the detector confidence below the fixed 0.70 threshold.

#### Limitations
The provided evidence does not include any local feature data, which limits the accuracy of the prediction.",351,121,4.515169014000094,26.79855385807657,False,86
UNSW-OFFICIAL-49168,A2_constrained_no_shap,2.0,success,,Reconnaissance,False,"### SOC Report

#### Prediction Summary
The predicted label is ""Exploits"" with a confidence of 0.65455. The exploit is in the Exploitation stage and has a risk score of 4.2546.

#### Evidence
No local feature evidence was supplied in this configuration.

#### Risk and Policy
The risk score indicates a moderate risk. The exploit is classified under the ""Alert"" policy zone, and the recommended action is to raise a SOC alert and enrich the event context.

#### Recommended Action
Raise a SOC alert and enrich the event context.

#### Human Review
Human review is required due to the detector confidence below the fixed 0.70 threshold.

#### Limitations
The provided evidence does not include any local feature data, which limits the accuracy of the prediction.",353,168,5.771487573000741,29.108613312434564,False,124
UNSW-OFFICIAL-49219,A2_constrained_no_shap,2.0,success,,Backdoor,False,"### Evidence-Grounded SOC Report

**Prediction Summary:** The predicted attack class is Fuzzers, with a confidence of 0.1736 and a risk score of 1.1284.

**Evidence:** No local feature evidence was supplied in this configuration.

**Risk and Policy:** The attack is classified as Exploitation, with a risk score of 1.1284. The policy zone is Monitor, and the recommended action is to log the event and continue monitoring.

**Recommended Action:** Log the event and continue monitoring.

**Human Review:** The required human review is indicated with a confidence threshold of 0.7, as the detector confidence is below this threshold.

**Limitations:** The report does not include any specific details about the attack, such as the type of fuzzers, their behavior, or the potential impacts.",350,176,6.874068323999381,25.60346969283569,False,119
UNSW-OFFICIAL-49522,A2_constrained_no_shap,2.0,success,,Shellcode,True,"### Evidence-Grounded SOC Report

**Prediction Summary:** The predicted attack class is Shellcode, with a confidence of 74.18%.

**Evidence:** No local feature evidence was supplied in this configuration.

**Risk and Policy:** The risk score is 6.3055, placing the attack at a moderate level. The policy zone is ""Block,"" indicating that the recommended action is to block the suspected source and initiate an investigation.

**Recommended Action:** Block the suspected source and initiate investigation.

**Human Review:** No mandatory confidence-based referral is required.

**Limitations:** The provided evidence does not include any specific details about the attack, such as the type of shellcode, its behavior, or the impact on the system.",344,151,5.160455203000311,29.260984556596473,False,106
UNSW-OFFICIAL-49542,A2_constrained_no_shap,2.0,success,,Worms,False,"### SOC Report

#### Prediction Summary
The predicted label is ""Exploits,"" with a confidence of 0.4947657791266811 and an uncertainty score of 0.5052342208733189. The predicted stage is ""Exploitation,"" and the risk score is 3.216. The policy zone is ""Alert,"" and the recommended action is to raise a SOC alert and enrich the event context.

#### Evidence
No local feature evidence was supplied in this configuration.

#### Risk and Policy
The risk score indicates a moderate risk, with the policy zone set to ""Alert."" The recommended action is to raise a SOC alert and enrich the event context.

#### Recommended Action
Raise a SOC alert and enrich the event context.

#### Human Review
Human review is required due to the detector confidence below the fixed 0.70 threshold.

#### Limitations
The provided evidence does not include local feature data, which is necessary for making accurate predictions.",352,219,8.394007977000001,26.090039537735834,False,143
UNSW-OFFICIAL-49575,A2_constrained_no_shap,2.0,success,,DoS,True,"### Evidence-Grounded SOC Report

#### Prediction Summary
The predicted attack class is a Denial of Service (DoS) attack.

#### Evidence
No local feature evidence was supplied in this configuration.

#### Risk and Policy
Risk Score: 1.8883
Policy Zone: Monitor
Recommended Action: Log the event and continue monitoring.

#### Recommended Action
Log the event and continue monitoring.

#### Human Review
Human review is required due to the detector confidence below the fixed 0.70 threshold.

#### Limitations
The report is based on a prediction of a Denial of Service (DoS) attack with a confidence of 26.98%. The lack of local feature evidence prevents detailed analysis.",349,149,5.116792570999678,29.119804630049636,False,103
UNSW-OFFICIAL-49642,A2_constrained_no_shap,2.0,success,,Shellcode,True,"### Evidence-Grounded SOC Report

**Prediction Summary:** The predicted attack class is Shellcode, with a confidence of 69.48%.

**Evidence:** No local feature evidence was supplied in this configuration.

**Risk and Policy:** The risk score is 5.906, placing the attack at a moderate level. The policy zone is set to Block, indicating a strong policy response.

**Recommended Action:** The recommended action is to block the suspected source and initiate an investigation.

**Human Review:** The required human review is indicated with a confidence threshold of 0.7, suggesting that the detector's confidence is below this threshold, necessitating further human assessment.

**Limitations:** The recommended action is based on the provided evidence, which lacks specific local feature details.",349,158,6.35371148700051,24.867355139317066,False,112
UNSW-OFFICIAL-49715,A2_constrained_no_shap,2.0,success,,Backdoor,False,"### Evidence-Grounded SOC Report

#### Prediction Summary
The predicted attack class is a Denial of Service (DoS) attack.

#### Evidence
No local feature evidence was supplied in this configuration.

#### Risk and Policy
Risk Score: 1.6167
Policy Zone: Monitor
Recommended Action: Log the event and continue monitoring.

#### Recommended Action
Log the event and continue monitoring.

#### Human Review
Human review is required due to the detector confidence below the fixed 0.70 threshold.

#### Limitations
The report is based on a prediction of a Denial of Service (DoS) attack with a confidence of 23.09%. The lack of local feature evidence prevents detailed analysis.",349,149,5.132694537000134,29.029586492221856,False,103
UNSW-OFFICIAL-49742,A2_constrained_no_shap,2.0,success,,Generic,False,"### SOC Report

**Prediction Summary:** The predicted attack class is Fuzzers, with a confidence of 47.56%.

**Evidence:** No local feature evidence was supplied in this configuration.

**Risk and Policy:** The risk score is 3.0913, and the policy zone is Alert. The recommended action is to raise a SOC alert and enrich the event context.

**Recommended Action:** Raise a SOC alert and enrich the event context.

**Human Review:** Human review is required due to the detector confidence below the fixed 0.70 threshold.

**Limitations:** The provided evidence does not include any local feature data, which limits the accuracy of the prediction.",353,141,4.975357182999687,28.339673879451976,False,99
UNSW-OFFICIAL-49861,A2_constrained_no_shap,2.0,success,,Analysis,True,"### Evidence-Grounded SOC Report

**Prediction Summary:** Analysis

**Evidence:** No local feature evidence was supplied in this configuration.

**Risk and Policy:** 
- **Risk Score:** 0.5709
- **Policy Zone:** Monitor

**Recommended Action:** Log the event and continue monitoring.

**Human Review:** 
- **Required:** Yes
- **Confidence Threshold:** 0.70
- **Reason:** Detector confidence below the fixed 0.70 threshold.

**Limitations:** The provided evidence does not include any specific features or attack behaviors that could be used to refine the prediction or improve the detection accuracy.",348,133,5.387454563000574,24.68698314662442,False,80
UNSW-OFFICIAL-49909,A2_constrained_no_shap,2.0,success,,Backdoor,False,"### Evidence Grounded SOC Report

**Prediction Summary:** The predicted attack class is Fuzzers, with a confidence of 0.211.

**Evidence:** No local feature evidence was supplied in this configuration.

**Risk and Policy:** The risk score is 1.372, indicating a moderate risk. The attack is classified under the policy zone ""Monitor,"" suggesting that monitoring is the recommended action.

**Recommended Action:** Log the event and continue monitoring.

**Human Review:** The recommended action is required due to the detector confidence below the fixed 0.70 threshold.

**Limitations:** The report does not include any specific details about the attack, such as the type of fuzzers, their behavior, or the potential impacts.",347,152,5.270809941000152,28.838072649448925,False,105
UNSW-OFFICIAL-49945,A2_constrained_no_shap,2.0,success,,Fuzzers,True,"### SOC Report

**Prediction Summary:** The predicted attack class is Fuzzers, with a confidence of 51.91%.

**Evidence:** No local feature evidence was supplied in this configuration.

**Risk and Policy:** The risk score is 3.3743, indicating a moderate risk. The attack is classified as Exploitation, and it falls under the policy zone of Alert.

**Recommended Action:** A SOC alert should be raised, and the event context should be enriched. The recommended action is to raise a SOC alert and enrich the event context.

**Human Review:** Human review is required due to the detector confidence below the fixed 0.70 threshold.

**Limitations:** The provided evidence does not include any local feature data, which limits the accuracy of the prediction.",353,163,6.58444656499978,24.755307585977114,False,116
UNSW-OFFICIAL-49959,A2_constrained_no_shap,2.0,success,,Exploits,True,"### Evidence-Grounded SOC Report

#### Prediction Summary
The predicted label is ""Exploits,"" with a high confidence of 0.9816. The predicted stage is ""Exploitation,"" and the risk score is 6.3803. The policy zone is ""Block,"" and the recommended action is to ""Block the suspected source and initiate investigation.""

#### Evidence
No local feature evidence was supplied in this configuration.

#### Risk and Policy
The risk score indicates a high level of risk, with the policy zone set to ""Block."" The recommended action is to block the suspected source and initiate an investigation.

#### Recommended Action
Block the suspected source and initiate investigation.

#### Human Review
Human review is not required as the confidence threshold is not met.

#### Limitations
The provided evidence does not include any local feature data, which is necessary for making a more informed decision.",347,183,6.304070606000096,29.028862688470532,False,137
UNSW-OFFICIAL-50052,A2_constrained_no_shap,2.0,success,,Fuzzers,False,"### Evidence-Grounded SOC Report

**Prediction Summary:** The predicted attack class is a Backdoor, with a confidence of 20.46%.

**Evidence:** No local feature evidence was supplied in this configuration.

**Risk and Policy:** The risk score is 1.637, placing the event in the Monitor policy zone. The recommended action is to log the event and continue monitoring.

**Recommended Action:** Log the event and continue monitoring.

**Human Review:** The event should be reviewed by a human with a confidence threshold of 0.7, as the detector confidence is below this threshold.

**Limitations:** The report does not include any specific details about the attack, such as the type of backdoor, the command and control infrastructure, or the potential impacts.",348,159,6.205621750999853,25.6219290153129,False,114
UNSW-OFFICIAL-50062,A2_constrained_no_shap,2.0,success,,Backdoor,True,"### Evidence-Grounded SOC Report

**Prediction Summary:** The predicted attack class is a Backdoor, with a confidence of 20.36%.

**Evidence:** No local feature evidence was supplied in this configuration.

**Risk and Policy:** The risk score is 1.6285, placing the event in the Monitor policy zone. The recommended action is to log the event and continue monitoring.

**Recommended Action:** Log the event and continue monitoring.

**Human Review:** The event should be reviewed by a human analyst with a confidence threshold of 70% or higher.

**Limitations:** The confidence threshold for human review is set at 70%, which is below the default threshold of 0.70. This may require further investigation or adjustment of the confidence threshold.",347,161,5.778589553000529,27.8614700911576,False,112
UNSW-OFFICIAL-50087,A2_constrained_no_shap,2.0,success,,Worms,True,"### Evidence-Grounded SOC Report

#### Prediction Summary
The predicted attack class is Worms, with a confidence of 48.78%. The attack is classified as Advanced Intrusion.

#### Evidence
No local feature evidence was supplied in this configuration.

#### Risk and Policy
The risk score is 4.1467, indicating a moderate risk. The attack is classified under the policy zone ""Alert.""

#### Recommended Action
A SOC alert should be raised, and the event context should be enriched. The recommended action is to raise a SOC alert and enrich the event context.

#### Human Review
Human review is required due to the detector confidence below the fixed 0.70 threshold.

#### Limitations
The provided evidence does not include local feature data, which is necessary for accurate detection and analysis.",352,166,6.0618977580006685,27.384163611289615,False,124
UNSW-OFFICIAL-50135,A2_constrained_no_shap,2.0,success,,Backdoor,False,"### Evidence-Grounded SOC Report

#### Prediction Summary
The predicted attack class is a Denial of Service (DoS) attack.

#### Evidence
No local feature evidence was supplied in this configuration.

#### Risk and Policy
Risk Score: 1.3268
Policy Zone: Monitor
Recommended Action: Log the event and continue monitoring.

#### Recommended Action
Log the event and continue monitoring.

#### Human Review
Human review is required due to the detector confidence below the fixed 0.70 threshold.

#### Limitations
The report is based on a prediction of a Denial of Service (DoS) attack with a confidence of 18.95%. The lack of local feature evidence prevents detailed analysis.",349,149,5.769178858000487,25.826899055724756,False,103
UNSW-OFFICIAL-50360,A2_constrained_no_shap,2.0,success,,Fuzzers,False,"### Evidence-Grounded SOC Report

**Prediction Summary:** The system detected a normal event.

**Evidence:** No local feature evidence was supplied in this configuration.

**Risk and Policy:** The risk score is 0.0, indicating no significant risk. The policy zone is ""Monitor,"" suggesting that monitoring is the recommended action.

**Recommended Action:** Log the event and continue monitoring.

**Human Review:** The recommended action is based on the low confidence threshold of the detector, which is below the fixed 0.70 threshold. This indicates that further investigation or escalation may be necessary.

**Limitations:** The confidence threshold for the detector is set at 0.70, which is below the threshold for human review. This means that the system's detection and recommendation are based on automated analysis rather than human judgment.",343,165,5.789242236999598,28.501139397047385,False,122
UNSW-OFFICIAL-50400,A2_constrained_no_shap,2.0,success,,Exploits,True,"### Evidence-Grounded SOC Report

#### Prediction Summary
The predicted label is ""Exploits,"" with a high confidence of 0.9759766811987348. The predicted stage is ""Exploitation,"" and the risk score is 6.3438.

#### Risk and Policy
**Risk Score:** 6.3438  
**Policy Zone:** Block  
**Recommended Action:** Block the suspected source and initiate investigation.  
**Human Review:** Not required, as the confidence threshold is not met.

#### Human Review
**Required:** No  
**Confidence Threshold:** 0.7  
**Reason:** No mandatory confidence-based referral.

#### Limitations
No local feature evidence was supplied in this configuration.",346,161,6.485579674000292,24.824303777413245,False,83
UNSW-OFFICIAL-50638,A2_constrained_no_shap,2.0,success,,Analysis,False,"### Evidence-Grounded SOC Report

#### Prediction Summary
The predicted attack class is a Denial of Service (DoS) attack.

#### Evidence
No local feature evidence was supplied in this configuration.

#### Risk and Policy
Risk Score: 1.6493
Policy Zone: Monitor
Recommended Action: Log the event and continue monitoring.

#### Recommended Action
Log the event and continue monitoring.

#### Human Review
Human review is required due to the detector confidence below the fixed 0.70 threshold.

#### Limitations
The report is based on a prediction of a Denial of Service (DoS) attack with a confidence of 23.56%. The lack of local feature evidence prevents detailed analysis.",349,149,5.115301128000283,29.1282949471732,False,103
UNSW-OFFICIAL-50680,A2_constrained_no_shap,2.0,success,,Worms,True,"### Evidence-Grounded SOC Report

#### Prediction Summary
The predicted attack class is Worms, with a confidence of 51.26%.

#### Evidence
No local feature evidence was supplied in this configuration.

#### Risk and Policy
The risk score is 4.3574, indicating a moderate risk. The attack is classified as Advanced Intrusion, and it falls under the Alert policy zone.

#### Recommended Action
A SOC alert should be raised, and the event context should be enriched to provide more details about the worm activity.

#### Human Review
Human review is required due to the detector confidence below the fixed 0.70 threshold.

#### Limitations
The provided evidence does not include any local feature data, which limits the accuracy of the prediction.",351,157,6.618834842000069,23.720186973657434,False,117
UNSW-OFFICIAL-50773,A2_constrained_no_shap,2.0,success,,Analysis,True,"### Evidence-Grounded SOC Report

**Prediction Summary:** Analysis

**Evidence:** No local feature evidence was supplied in this configuration.

**Risk and Policy:** 
- **Risk Score:** 0.7893
- **Policy Zone:** Monitor

**Recommended Action:** Log the event and continue monitoring.

**Human Review:** 
- **Required:** Yes
- **Confidence Threshold:** 0.70
- **Reason:** Detector confidence below the fixed 0.70 threshold.

**Limitations:** The analysis is based on the provided evidence, which does not include any local feature data. This limits the accuracy and specificity of the prediction.",348,135,4.810405598000216,28.064161586732368,False,80
UNSW-OFFICIAL-50850,A2_constrained_no_shap,2.0,success,,Backdoor,False,"### SOC Report

**Prediction Summary:** The predicted attack class is Fuzzers, with a confidence of 65.29%.

**Evidence:** No local feature evidence was supplied in this configuration.

**Risk and Policy:** The risk score is 4.24, indicating a moderate risk. The attack is classified as Exploitation, and it falls under the Alert policy zone.

**Recommended Action:** A SOC alert should be raised, and the event context should be enriched. The recommended action is to raise a SOC alert and enrich the event context.

**Human Review:** Human review is required due to the detector confidence below the fixed 0.70 threshold.

**Limitations:** The provided evidence does not include any local feature data, which limits the accuracy of the prediction.",353,160,5.827644052000323,27.45534877770725,False,115
UNSW-OFFICIAL-50947,A2_constrained_no_shap,2.0,success,,Backdoor,True,"### SOC Report

#### Prediction Summary
The predicted attack class is a Backdoor, with a confidence of 32.4%.

#### Evidence
No local feature evidence was supplied in this configuration.

#### Risk and Policy
Risk Score: 2.5927
Policy Zone: Alert
Recommended Action: Raise a SOC alert and enrich the event context.

#### Recommended Action
Human Review: Required
Human Review Confidence Threshold: 0.7
Reason: Detector confidence below the fixed 0.70 threshold.

#### Limitations
The recommended action is based on a low confidence score (32.4%) and a risk score of 2.5927, which indicates a moderate risk. The lack of local feature evidence makes it challenging to provide more specific details or recommendations.",352,164,6.689690082000197,24.515335985634252,False,109
UNSW-OFFICIAL-51028,A2_constrained_no_shap,2.0,success,,DoS,True,"### Evidence-Grounded SOC Report

#### Prediction Summary
The predicted attack class is a Denial of Service (DoS) attack.

#### Evidence
No local feature evidence was supplied in this configuration.

#### Risk and Policy
Risk Score: 1.6332
Policy Zone: Monitor
Recommended Action: Log the event and continue monitoring.

#### Recommended Action
Log the event and continue monitoring.

#### Human Review
Human review is required due to the detector confidence below the fixed 0.70 threshold.

#### Limitations
The report is based on the provided evidence, which does not include local feature data.",347,127,4.466613206999682,28.433176125700072,False,90
UNSW-OFFICIAL-51030,A2_constrained_no_shap,2.0,success,,Reconnaissance,True,"### SOC Report

#### Prediction Summary
The predicted attack class is **Reconnaissance** with a confidence of **91.99%**.

#### Evidence
No local feature evidence was supplied in this configuration.

#### Risk and Policy
**Risk Score:** 2.76
**Policy Zone:** Alert
**Recommended Action:** Raise a SOC alert and enrich the event context.

#### Recommended Action
- **Human Review:** Not required.
- **Human Review Confidence Threshold:** 0.7
- **Human Review Reason:** No mandatory confidence-based referral.

#### Limitations
- The provided evidence does not include any specific features or attack behaviors that could be used to refine the prediction or enhance the recommended action.",348,147,6.00395564199971,24.48385843687536,False,99
UNSW-OFFICIAL-51121,A2_constrained_no_shap,2.0,success,,Exploits,False,"### Evidence-Grounded SOC Report

#### Prediction Summary
The predicted attack class is a Denial of Service (DoS) attack.

#### Evidence
No local feature evidence was supplied in this configuration.

#### Risk and Policy
Risk Score: 1.6719
Policy Zone: Monitor
Recommended Action: Log the event and continue monitoring.

#### Recommended Action
Log the event and continue monitoring.

#### Human Review
Human review is required due to the detector confidence below the fixed 0.70 threshold.

#### Limitations
The report is based on the provided evidence, which does not include local feature data.",347,127,4.355501340999581,29.15852620788166,False,90
UNSW-OFFICIAL-51213,A2_constrained_no_shap,2.0,success,,DoS,True,"### Evidence-Grounded SOC Report

#### Prediction Summary
The predicted attack class is a Denial of Service (DoS) attack.

#### Evidence
No local feature evidence was supplied in this configuration.

#### Risk and Policy
Risk Score: 1.6332
Policy Zone: Monitor
Recommended Action: Log the event and continue monitoring.

#### Recommended Action
Log the event and continue monitoring.

#### Human Review
Human review is required due to the detector confidence below the fixed 0.70 threshold.

#### Limitations
The report is based on the provided evidence, which does not include local feature data.",347,127,4.397797284999797,28.878093229348533,False,90
UNSW-OFFICIAL-51307,A2_constrained_no_shap,2.0,success,,Analysis,False,"### Evidence-Grounded SOC Report

#### Prediction Summary
The predicted attack class is a Denial of Service (DoS) attack.

#### Evidence
No local feature evidence was supplied in this configuration.

#### Risk and Policy
Risk Score: 1.9158
Policy Zone: Monitor
Recommended Action: Log the event and continue monitoring.

#### Recommended Action
Log the event and continue monitoring.

#### Human Review
Human review is required due to the detector confidence below the fixed 0.70 threshold.

#### Limitations
The report is based on a prediction of a Denial of Service (DoS) attack with a confidence of 27.37%. The lack of local feature evidence prevents detailed analysis.",349,149,5.992899806000423,24.862755064053122,False,103
UNSW-OFFICIAL-51308,A2_constrained_no_shap,2.0,success,,Shellcode,False,"### SOC Report

**Prediction Summary:** The predicted attack class is Fuzzers, with a confidence of 36.73%.

**Evidence:** No local feature evidence was supplied in this configuration.

**Risk and Policy:** The risk score is 2.3877, and the policy zone is Alert. The recommended action is to raise a SOC alert and enrich the event context.

**Recommended Action:** Raise a SOC alert and enrich the event context.

**Human Review:** Human review is required due to the detector confidence below the fixed 0.70 threshold.

**Limitations:** The provided evidence does not include any local feature data, which limits the accuracy of the prediction.",353,141,4.837870952999765,29.145051897792293,False,99
UNSW-OFFICIAL-51486,A2_constrained_no_shap,2.0,success,,Worms,False,"### SOC Report

#### Prediction Summary
The predicted label is ""Exploits,"" with a confidence of 0.5026 and an uncertainty score of 0.4974. The predicted stage is ""Exploitation,"" and the risk score is 3.2671. The policy zone is ""Alert,"" and the recommended action is to raise a SOC alert and enrich the event context.

#### Evidence
No local feature evidence was supplied in this configuration.

#### Risk and Policy
The risk score indicates a moderate risk, and the policy zone is set to ""Alert."" The recommended action is to raise a SOC alert and enrich the event context.

#### Recommended Action
Raise a SOC alert and enrich the event context.

#### Human Review
Human review is required due to the detector confidence below the fixed 0.70 threshold.

#### Limitations
The provided evidence does not include local feature data, which is necessary for making accurate predictions.",354,197,7.6777946000001975,25.658409773034947,False,144
UNSW-OFFICIAL-51509,A2_constrained_no_shap,2.0,success,,Backdoor,True,"### SOC Report

#### Prediction Summary
The predicted attack class is a Backdoor, with a confidence of 28.47%.

#### Evidence
No local feature evidence was supplied in this configuration.

#### Risk and Policy
Risk Score: 2.2774
Policy Zone: Alert
Recommended Action: Raise a SOC alert and enrich the event context.

#### Recommended Action
Human Review: Required, with a confidence threshold of 0.7.

#### Limitations
The detector confidence is below the fixed 0.70 threshold, necessitating human review.",352,118,4.0426635150006405,29.18867710907701,False,76
UNSW-OFFICIAL-51611,A2_constrained_no_shap,2.0,success,,Backdoor,True,"### SOC Report

#### Prediction Summary
The predicted attack class is a Backdoor, with a confidence of 28.47%.

#### Evidence
No local feature evidence was supplied in this configuration.

#### Risk and Policy
Risk Score: 2.2774
Policy Zone: Alert
Recommended Action: Raise a SOC alert and enrich the event context.

#### Recommended Action
Human Review: Required, with a confidence threshold of 0.7.

#### Limitations
The detector confidence is below the fixed 0.70 threshold, necessitating human review.",352,118,4.105537117000495,28.741671707552555,False,76
UNSW-OFFICIAL-51793,A2_constrained_no_shap,2.0,success,,DoS,False,"### SOC Report

**Prediction Summary:** The predicted attack class is Fuzzers, with a confidence of 32.39%.

**Evidence:** No local feature evidence was supplied in this configuration.

**Risk and Policy:** The risk score is 2.1057, and the policy zone is Alert. The recommended action is to raise a SOC alert and enrich the event context.

**Recommended Action:** Raise a SOC alert and enrich the event context.

**Human Review:** Human review is required due to the detector confidence below the fixed 0.70 threshold.

**Limitations:** The provided evidence does not include any local feature data, which limits the accuracy of the prediction.",351,141,5.733830825000041,24.590889460014544,False,99
UNSW-OFFICIAL-51828,A2_constrained_no_shap,2.0,success,,Worms,False,"### SOC Report

#### Prediction Summary
The predicted label is ""Exploits,"" with a confidence of 0.4123. The exploit is in the Exploitation stage, and the risk score is 2.6801, indicating a moderate risk.

#### Evidence
No local feature evidence was supplied in this configuration.

#### Risk and Policy
The recommended action is to raise a SOC alert and enrich the event context. The policy zone is ""Alert,"" and the risk score is 2.6801, which falls under the ""Alert"" risk zone.

#### Recommended Action
Raise a SOC alert and enrich the event context.

#### Human Review
Human review is required due to the detector confidence below the fixed 0.70 threshold.

#### Limitations
The provided evidence does not include local feature data, which is necessary for making accurate predictions.",353,180,6.1104595649994735,29.45768613395865,False,127
UNSW-OFFICIAL-51945,A2_constrained_no_shap,2.0,success,,Analysis,True,"### Evidence-Grounded SOC Report

**Prediction Summary:** Analysis

**Evidence:** No local feature evidence was supplied in this configuration.

**Risk and Policy:** 
- **Risk Score:** 0.7436
- **Policy Zone:** Monitor

**Recommended Action:** Log the event and continue monitoring.

**Human Review:** 
- **Required:** Yes
- **Confidence Threshold:** 0.7
- **Reason:** Detector confidence below the fixed 0.70 threshold.

**Limitations:** The analysis is based on the provided evidence, which does not include any local feature data. This limits the accuracy and specificity of the prediction.",348,134,5.124251853000715,26.15015886105029,False,80
UNSW-OFFICIAL-51980,A2_constrained_no_shap,2.0,success,,Worms,False,"### SOC Report

#### Prediction Summary
The predicted label is ""Exploits"" with a confidence of 0.6825. The exploit stage is ""Exploitation"" and the risk score is 4.4363. The policy zone is ""Alert"" and the recommended action is to raise a SOC alert and enrich the event context.

#### Evidence
No local feature evidence was supplied in this configuration.

#### Risk and Policy
The risk score indicates a moderate risk, and the policy zone is set to ""Alert."" The recommended action is to raise a SOC alert and enrich the event context.

#### Recommended Action
Raise a SOC alert and enrich the event context.

#### Human Review
Human review is required due to the detector confidence below the fixed 0.70 threshold.

#### Limitations
The provided evidence does not include any local feature data, which limits the accuracy of the prediction.",354,186,6.721413272000063,27.672751618299575,False,139
UNSW-OFFICIAL-52080,A2_constrained_no_shap,2.0,success,,Fuzzers,False,"### Evidence-Grounded SOC Report

#### Prediction Summary
The predicted attack class is a Denial of Service (DoS) attack.

#### Evidence
No local feature evidence was supplied in this configuration.

#### Risk and Policy
Risk Score: 1.9037
Policy Zone: Monitor
Recommended Action: Log the event and continue monitoring.

#### Recommended Action
Log the event and continue monitoring.

#### Human Review
Human review is required due to the detector confidence below the fixed 0.70 threshold.

#### Limitations
The report is based on a prediction of a Denial of Service (DoS) attack with a confidence of 27.19%. The lack of local feature evidence prevents detailed analysis.",349,149,5.300556172999677,28.110257704462416,False,103
UNSW-OFFICIAL-52108,A2_constrained_no_shap,2.0,success,,Analysis,False,"### Evidence-Grounded SOC Report

#### Prediction Summary
The predicted attack class is a Denial of Service (DoS) attack.

#### Evidence
No local feature evidence was supplied in this configuration.

#### Risk and Policy
Risk Score: 1.8625
Policy Zone: Monitor
Recommended Action: Log the event and continue monitoring.

#### Recommended Action
Log the event and continue monitoring.

#### Human Review
Human review is required due to the detector confidence below the fixed 0.70 threshold.

#### Limitations
The report is based on a prediction of a Denial of Service (DoS) attack with a confidence of 26.6%. The lack of local feature evidence prevents detailed analysis.",349,148,5.819699403999948,25.43086673828512,False,103
UNSW-OFFICIAL-52453,A2_constrained_no_shap,2.0,success,,Backdoor,True,"### Evidence-Grounded SOC Report

**Prediction Summary:** The predicted attack class is a Backdoor, with a confidence of 22.74%.

**Evidence:** No local feature evidence was supplied in this configuration.

**Risk and Policy:** The risk score is 1.82, placing the event at a moderate risk. The policy zone is Monitor, indicating that monitoring is the recommended action.

**Recommended Action:** Log the event and continue monitoring.

**Human Review:** The recommended action is required due to the detector confidence below the fixed 0.70 threshold.

**Limitations:** The report does not include any specific details about the attack, such as the type of backdoor, the method of execution, or the potential impacts.",349,151,5.198332525999831,29.04777623300601,False,106
UNSW-OFFICIAL-52808,A2_constrained_no_shap,2.0,success,,Backdoor,False,"### Evidence-Grounded SOC Report

#### Prediction Summary
The predicted attack class is a Denial of Service (DoS) attack.

#### Evidence
No local feature evidence was supplied in this configuration.

#### Risk and Policy
Risk Score: 1.8258
Policy Zone: Monitor
Recommended Action: Log the event and continue monitoring.

#### Recommended Action
Log the event and continue monitoring.

#### Human Review
Human review is required due to the detector confidence below the fixed 0.70 threshold.

#### Limitations
The report is based on a prediction of a Denial of Service (DoS) attack with a confidence of 26.08%. The lack of local feature evidence prevents detailed analysis.",349,149,6.008626998999716,24.79767840886191,False,103
UNSW-OFFICIAL-52914,A2_constrained_no_shap,2.0,success,,Backdoor,True,"### SOC Report

#### Prediction Summary
The predicted attack class is a Backdoor, with a confidence of 26.64%.

#### Evidence
No local feature evidence was supplied in this configuration.

#### Risk and Policy
Risk Score: 2.1316
Policy Zone: Alert
Recommended Action: Raise a SOC alert and enrich the event context.

#### Recommended Action
Human Review: Required
Human Review Confidence Threshold: 0.7
Reason: Detector confidence below the fixed 0.70 threshold.

#### Limitations
The recommended action is based on a low confidence prediction, which may not be sufficient for immediate action. Further investigation and higher confidence evidence is needed to confirm the threat.",352,146,5.0288089490004495,29.03271957249831,False,101
UNSW-OFFICIAL-52923,A2_constrained_no_shap,2.0,success,,Fuzzers,False,"### Evidence-Grounded SOC Report

#### Prediction Summary
The predicted attack class is a Denial of Service (DoS) attack.

#### Evidence
No local feature evidence was supplied in this configuration.

#### Risk and Policy
Risk Score: 1.8258
Policy Zone: Monitor
Recommended Action: Log the event and continue monitoring.

#### Recommended Action
Log the event and continue monitoring.

#### Human Review
Human review is required due to the detector confidence below the fixed 0.70 threshold.

#### Limitations
The report is based on a prediction of a Denial of Service (DoS) attack with a confidence of 26.08%. The lack of local feature evidence prevents detailed analysis.",349,149,5.401336574999732,27.585764732687,False,103
UNSW-OFFICIAL-52960,A2_constrained_no_shap,2.0,success,,Exploits,False,"### Evidence-Grounded SOC Report

#### Prediction Summary
The predicted attack class is a Denial of Service (DoS) attack.

#### Evidence
No local feature evidence was supplied in this configuration.

#### Risk and Policy
Risk Score: 1.9448
Policy Zone: Monitor
Recommended Action: Log the event and continue monitoring.

#### Recommended Action
Log the event and continue monitoring.

#### Human Review
Human review is required due to the detector confidence below the fixed 0.70 threshold.

#### Limitations
The report is based on a prediction of a Denial of Service (DoS) attack with a confidence of 27.78%. The lack of local feature evidence prevents detailed analysis.",349,149,5.6851417449997825,26.20866931436653,False,103
UNSW-OFFICIAL-52966,A2_constrained_no_shap,2.0,success,,DoS,True,"### Evidence-Grounded SOC Report

#### Prediction Summary
The predicted attack class is a Denial of Service (DoS) attack.

#### Evidence
No local feature evidence was supplied in this configuration.

#### Risk and Policy
Risk Score: 1.9362
Policy Zone: Monitor
Recommended Action: Log the event and continue monitoring.

#### Recommended Action
Log the event and continue monitoring.

#### Human Review
Human review is required due to the detector confidence below the fixed 0.70 threshold.

#### Limitations
The report is based on a prediction of a Denial of Service (DoS) attack with a confidence of 27.66%. The lack of local feature evidence prevents detailed analysis.",348,149,5.036597186000108,29.583465680790457,False,103
UNSW-OFFICIAL-53166,A2_constrained_no_shap,2.0,success,,DoS,True,"### Evidence-Grounded SOC Report

#### Prediction Summary
The predicted attack class is a Denial of Service (DoS) attack.

#### Evidence
No local feature evidence was supplied in this configuration.

#### Risk and Policy
Risk Score: 1.7962
Policy Zone: Monitor
Recommended Action: Log the event and continue monitoring.

#### Recommended Action
Log the event and continue monitoring.

#### Human Review
Human review is required due to the detector confidence below the fixed 0.70 threshold.

#### Limitations
The report is based on a prediction of a Denial of Service (DoS) attack with a confidence of 25.66%. The lack of local feature evidence prevents detailed analysis.",349,149,6.057441795999694,24.597842623663162,False,103
UNSW-OFFICIAL-53212,A2_constrained_no_shap,2.0,success,,Analysis,True,"### Evidence-Grounded SOC Report

**Prediction Summary:** Analysis

**Evidence:** No local feature evidence was supplied in this configuration.

**Risk and Policy:** 
- **Risk Score:** 0.7819
- **Policy Zone:** Monitor

**Recommended Action:** Log the event and continue monitoring.

**Human Review:** 
- **Required:** Yes
- **Confidence Threshold:** 0.70
- **Reason:** Detector confidence below the fixed 0.70 threshold.

**Limitations:** The analysis is based on the provided evidence, which does not include any local feature data. This limits the accuracy and specificity of the prediction.",348,135,4.644253810000009,29.068178769497468,False,80
UNSW-OFFICIAL-53380,A2_constrained_no_shap,2.0,success,,Worms,True,"### Evidence-Grounded SOC Report

#### Prediction Summary
The predicted attack class is Worms, with a confidence of 0.5418545957677666 and an uncertainty score of 0.4581454042322334. The attack is classified as Advanced Intrusion, with a risk score of 4.6058.

#### Evidence
No local feature evidence was supplied in this configuration.

#### Risk and Policy
The risk score indicates a moderate risk, and the policy zone is set to Alert. The recommended action is to raise a SOC alert and enrich the event context.

#### Recommended Action
Raise a SOC alert and enrich the event context.

#### Human Review
Human review is required due to the detector confidence below the fixed 0.70 threshold.

#### Limitations
The provided evidence does not include local feature data, which is necessary for accurate detection and analysis.",353,200,7.4038713709996955,27.012895008330666,False,129
UNSW-OFFICIAL-53416,A2_constrained_no_shap,2.0,success,,Backdoor,True,"### SOC Report

#### Prediction Summary
The predicted attack class is a Backdoor, with a confidence of 28.6%.

#### Evidence
No local feature evidence was supplied in this configuration.

#### Risk and Policy
Risk Score: 2.2886
Policy Zone: Alert
Recommended Action: Raise a SOC alert and enrich the event context.

#### Human Review
Human review is required due to the detector confidence below the fixed 0.70 threshold.

#### Limitations
The provided evidence does not include any local feature data, which limits the accuracy of the prediction.",350,121,4.288871531000041,28.21254941431792,False,86
UNSW-OFFICIAL-53434,A2_constrained_no_shap,2.0,success,,Generic,False,"### SOC Report

#### Prediction Summary
The predicted label is ""Exploits,"" with a confidence of 0.5189539540836967 and an uncertainty score of 0.4810460459163033. The predicted stage is ""Exploitation,"" and the risk score is 3.3732. The policy zone is ""Alert,"" and the recommended action is to raise a SOC alert and enrich the event context.

#### Evidence
No local feature evidence was supplied in this configuration.

#### Risk and Policy
The risk score indicates a moderate risk, with the policy zone set to ""Alert."" The recommended action is to raise a SOC alert and enrich the event context.

#### Recommended Action
Raise a SOC alert and enrich the event context.

#### Human Review
Human review is required due to the detector confidence below the fixed 0.70 threshold.

#### Limitations
The provided evidence does not include local feature data, which is necessary for making accurate predictions.",353,220,7.7446322610003335,28.40677163044327,False,143
UNSW-OFFICIAL-53474,A2_constrained_no_shap,2.0,success,,Analysis,True,"### Evidence-Grounded SOC Report

**Prediction Summary:** Analysis

**Evidence:** No local feature evidence was supplied in this configuration.

**Risk and Policy:** 
- **Risk Score:** 0.925
- **Policy Zone:** Monitor

**Recommended Action:** Log the event and continue monitoring.

**Human Review:** 
- **Required:** Yes
- **Confidence Threshold:** 0.7
- **Reason:** Detector confidence below the fixed 0.70 threshold.

**Limitations:** The analysis is based on the provided evidence, which does not include any local feature data. This limits the accuracy and specificity of the risk assessment and recommended action.",347,137,5.295693394999944,25.87007777477296,False,84
UNSW-OFFICIAL-53482,A2_constrained_no_shap,2.0,success,,Backdoor,False,"### Evidence-Grounded SOC Report

**Prediction Summary:** Analysis

**Evidence:** No local feature evidence was supplied in this configuration.

**Risk and Policy:** 
- **Risk Score:** 0.925
- **Policy Zone:** Monitor

**Recommended Action:** Log the event and continue monitoring.

**Human Review:** 
- **Required:** Yes
- **Confidence Threshold:** 0.7
- **Reason:** Detector confidence below the fixed 0.70 threshold.

**Limitations:** The analysis is based on the provided evidence, which does not include any local feature data. This limits the accuracy and specificity of the risk assessment and recommended action.",347,137,4.693938942999921,29.186574785832768,False,84
UNSW-OFFICIAL-53516,A2_constrained_no_shap,2.0,success,,Fuzzers,True,"### SOC Report

#### Prediction Summary
The predicted attack class is Fuzzers, with a confidence of 33.2% and a risk score of 2.16.

#### Evidence
No local feature evidence was supplied in this configuration.

#### Risk and Policy
The risk score indicates a moderate risk, and the policy zone is set to Alert. The recommended action is to raise a SOC alert and enrich the event context.

#### Recommended Action
Raise a SOC alert and enrich the event context.

#### Human Review
Human review is required due to the detector confidence below the fixed 0.70 threshold.

#### Limitations
The provided evidence does not include any local feature data, which limits the accuracy of the prediction.",353,149,6.0212149979997776,24.74583618912415,False,115
UNSW-OFFICIAL-53541,A2_constrained_no_shap,2.0,success,,Exploits,False,"### SOC Report

#### Prediction Summary
The predicted attack class is a Backdoor, with a confidence of 26.79%.

#### Evidence
No local feature evidence was supplied in this configuration.

#### Risk and Policy
Risk Score: 2.143
Policy Zone: Alert
Recommended Action: Raise a SOC alert and enrich the event context.

#### Human Review
Human review is required due to the detector confidence below the fixed 0.70 threshold.

#### Limitations
The provided evidence does not include any local feature data, which limits the accuracy of the prediction.",351,121,4.163170494000042,29.064387388021967,False,86
UNSW-OFFICIAL-53550,A2_constrained_no_shap,2.0,success,,Fuzzers,False,"### SOC Report

#### Prediction Summary
The predicted attack class is a Backdoor, with a confidence of 28.6%.

#### Evidence
No local feature evidence was supplied in this configuration.

#### Risk and Policy
Risk Score: 2.2886
Policy Zone: Alert
Recommended Action: Raise a SOC alert and enrich the event context.

#### Human Review
Human review is required due to the detector confidence below the fixed 0.70 threshold.

#### Limitations
The provided evidence does not include any local feature data, which limits the accuracy of the prediction.",350,121,4.196295390999694,28.83495767707951,False,86
UNSW-OFFICIAL-53900,A2_constrained_no_shap,2.0,success,,Analysis,True,"### Evidence-Grounded SOC Report

**Prediction Summary:** Analysis

**Evidence:** No local feature evidence was supplied in this configuration.

**Risk and Policy:** 
- **Risk Score:** 0.5193
- **Policy Zone:** Monitor

**Recommended Action:** Log the event and continue monitoring.

**Human Review:** 
- **Required:** Yes
- **Confidence Threshold:** 0.7
- **Reason:** Detector confidence below the fixed 0.70 threshold.

**Limitations:** The provided evidence does not include any specific features or attack behaviors that could be used to refine the prediction or improve the detection accuracy.",348,132,5.403298428000198,24.429522403569,False,80
UNSW-OFFICIAL-53984,A2_constrained_no_shap,2.0,success,,Analysis,True,"### Evidence-Grounded SOC Report

**Prediction Summary:** Analysis

**Evidence:** No local feature evidence was supplied in this configuration.

**Risk and Policy:** 
- **Risk Score:** 0.9171
- **Policy Zone:** Monitor

**Recommended Action:** Log the event and continue monitoring.

**Human Review:** 
- **Required:** Yes
- **Confidence Threshold:** 0.7
- **Reason:** Detector confidence below the fixed 0.70 threshold.

**Limitations:** The analysis is based on the provided evidence, which does not include any local feature data. This limits the accuracy and specificity of the risk assessment and recommended action.",348,138,4.788480004999656,28.819165968306038,False,84
UNSW-OFFICIAL-54004,A2_constrained_no_shap,2.0,success,,Analysis,True,"### Evidence-Grounded SOC Report

**Prediction Summary:** Analysis

**Evidence:** No local feature evidence was supplied in this configuration.

**Risk and Policy:** 
- **Risk Score:** 0.5246
- **Policy Zone:** Monitor

**Recommended Action:** Log the event and continue monitoring.

**Human Review:** 
- **Required:** Yes
- **Confidence Threshold:** 0.7
- **Reason:** Detector confidence below the fixed 0.70 threshold.

**Limitations:** The provided evidence does not include any specific features or attack behaviors that could be used to refine the prediction or improve the detection accuracy.",348,132,4.521209813000496,29.195725361039667,False,80
UNSW-OFFICIAL-54105,A2_constrained_no_shap,2.0,success,,Analysis,True,"### Evidence-Grounded SOC Report

**Prediction Summary:** Analysis

**Evidence:** No local feature evidence was supplied in this configuration.

**Risk and Policy:** 
- **Risk Score:** 0.5709
- **Policy Zone:** Monitor

**Recommended Action:** Log the event and continue monitoring.

**Human Review:** 
- **Required:** Yes
- **Confidence Threshold:** 0.70
- **Reason:** Detector confidence below the fixed 0.70 threshold.

**Limitations:** The provided evidence does not include any specific features or attack behaviors that could be used to refine the prediction or improve the detection accuracy.",348,133,5.4424146339997606,24.437682342158322,False,80
UNSW-OFFICIAL-54114,A2_constrained_no_shap,2.0,success,,Generic,False,"### SOC Report

**Prediction Summary:** The predicted attack class is Fuzzers, with a confidence of 68.72%.

**Evidence:** No local feature evidence was supplied in this configuration.

**Risk and Policy:** The risk score is 4.4669, indicating a moderate risk. The attack is classified as Exploitation, and it falls under the policy zone of Alert.

**Recommended Action:** A SOC alert should be raised, and the event context should be enriched. The recommended action is to raise a SOC alert and enrich the event context.

**Human Review:** Human review is required due to the detector confidence below the fixed 0.70 threshold.

**Limitations:** The provided evidence does not include any local feature data, which limits the accuracy of the prediction.",353,163,5.598278018999736,29.11609595786452,False,116
UNSW-OFFICIAL-54426,A2_constrained_no_shap,2.0,success,,Backdoor,True,"### SOC Report

#### Prediction Summary
The predicted attack class is a Backdoor, with a confidence of 27.17%. The attack is at the Command and Control stage.

#### Evidence
No local feature evidence was supplied in this configuration.

#### Risk and Policy
Risk score: 2.174
Policy zone: Alert
Recommended Action: Raise a SOC alert and enrich the event context.

#### Human Review
Human review is required due to the detector confidence below the fixed 0.70 threshold.

#### Limitations
The provided evidence does not include any local feature data, which limits the accuracy of the prediction.",351,131,4.919074179000745,26.6310275537685,False,95
UNSW-OFFICIAL-54570,A2_constrained_no_shap,2.0,success,,Generic,False,"### SOC Report

#### Prediction Summary
The predicted label is ""Exploits,"" with a confidence of 0.3603541608103965 and an uncertainty score of 0.6396458391896035. The predicted stage is ""Exploitation,"" and the risk score is 2.3423. The policy zone is ""Alert,"" and the recommended action is to raise a SOC alert and enrich the event context.

#### Evidence
No local feature evidence was supplied in this configuration.

#### Risk and Policy
The risk score indicates a moderate risk, and the policy zone is set to ""Alert."" The recommended action is to raise a SOC alert and enrich the event context.

#### Recommended Action
Raise a SOC alert and enrich the event context.

#### Human Review
Human review is required due to the detector confidence below the fixed 0.70 threshold.

#### Limitations
The provided evidence does not include local feature data, which is necessary for making accurate predictions.",353,221,7.864926904999265,28.09943470161477,False,144
UNSW-OFFICIAL-54748,A2_constrained_no_shap,2.0,success,,Generic,True,"### Evidence-Grounded SOC Report

#### Prediction Summary
The predicted label is ""Generic,"" with a confidence of 98.35%. The prediction stage is ""Exploitation,"" and the risk score is 6.39. The policy zone is ""Block,"" and the recommended action is ""Block the suspected source and initiate investigation.""

#### Evidence
No local feature evidence was supplied in this configuration.

#### Risk and Policy
The risk score indicates a high risk, and the policy zone mandates a block action. The recommended action is to block the suspected source and initiate an investigation.

#### Recommended Action
Block the suspected source and initiate investigation.

#### Human Review
Human review is not required as the confidence threshold is not met.

#### Limitations
The provided evidence does not include any local feature data, which is necessary for making a more specific prediction.",342,174,6.736723773999984,25.828578673738036,False,134
UNSW-OFFICIAL-54790,A2_constrained_no_shap,2.0,success,,Analysis,False,"### Evidence-Grounded SOC Report

#### Prediction Summary
The predicted attack class is a Denial of Service (DoS) attack.

#### Evidence
No local feature evidence was supplied in this configuration.

#### Risk and Policy
Risk Score: 1.9033
Policy Zone: Monitor
Recommended Action: Log the event and continue monitoring.

#### Recommended Action
Log the event and continue monitoring.

#### Human Review
Human review is required due to the detector confidence below the fixed 0.70 threshold.

#### Limitations
The report is based on the provided evidence, which does not include local feature data.",348,127,4.55625405200044,27.873774936724647,False,90
UNSW-OFFICIAL-54966,A2_constrained_no_shap,2.0,success,,Worms,False,"### SOC Report

#### Prediction Summary
The predicted label is ""Exploits,"" with a confidence of 0.6156. The exploit is in the Exploitation stage, and the risk score is 4.0016.

#### Evidence
No local feature evidence was supplied in this configuration.

#### Risk and Policy
**Risk Score:** 4.0016
**Policy Zone:** Alert
**Recommended Action:** Raise a SOC alert and enrich the event context.

#### Human Review
**Required:** Yes
**Confidence Threshold:** 0.70
**Reason:** Detector confidence below the fixed 0.70 threshold.

#### Limitations
The provided evidence does not include any local feature data, which is necessary for making a more accurate prediction.",354,163,5.622984622999866,28.988163925129037,False,98
UNSW-OFFICIAL-55189,A2_constrained_no_shap,2.0,success,,Fuzzers,True,"### Evidence-Grounded SOC Report

**Prediction Summary:** The predicted attack class is Fuzzers, with a confidence of 20.5%.

**Evidence:** No local feature evidence was supplied in this configuration.

**Risk and Policy:** The risk score is 1.3328, and the policy zone is Monitor. The recommended action is to log the event and continue monitoring.

**Recommended Action:** Log the event and continue monitoring.

**Human Review:** The event should be reviewed by a human with a confidence threshold of 70% or higher.

**Limitations:** The confidence threshold for human review is set at 70%, and the recommended action is to log the event and continue monitoring.",350,145,5.871291984999516,24.69643825762005,False,101
UNSW-OFFICIAL-55191,A2_constrained_no_shap,2.0,success,,Backdoor,True,"### SOC Report

#### Prediction Summary
The predicted attack class is a Backdoor, with a confidence of 29.996%.

#### Evidence
No local feature evidence was supplied in this configuration.

#### Risk and Policy
Risk Score: 2.3997
Policy Zone: Alert
Recommended Action: Raise a SOC alert and enrich the event context.

#### Recommended Action
Human Review: Required
Human Review Confidence Threshold: 0.7
Reason: Detector confidence below the fixed 0.70 threshold.

#### Limitations
The recommended action is based on a low confidence prediction, which may not be sufficient for immediate action. Further investigation and higher confidence evidence is needed to confirm the threat.",352,147,5.1032434090002425,28.805210376747095,False,101
UNSW-OFFICIAL-55269,A2_constrained_no_shap,2.0,success,,Fuzzers,True,"### SOC Report

**Prediction Summary:** The predicted attack class is Fuzzers, with a confidence of 44.13%.

**Evidence:** No local feature evidence was supplied in this configuration.

**Risk and Policy:** The risk score is 2.8685, and the policy zone is Alert. The recommended action is to raise a SOC alert and enrich the event context.

**Recommended Action:** Raise a SOC alert and enrich the event context.

**Human Review:** Human review is required due to the detector confidence below the fixed 0.70 threshold.

**Limitations:** The provided evidence does not include any local feature data, which limits the accuracy of the prediction.",353,141,5.521816798000145,25.535073900145772,False,99
UNSW-OFFICIAL-55337,A2_constrained_no_shap,2.0,success,,Worms,False,"### Evidence-Grounded SOC Report

**Prediction Summary:** The predicted attack class is Fuzzers, with a confidence of 0.2910562231524107.

**Evidence:** No local feature evidence was supplied in this configuration.

**Risk and Policy:** The risk score is 1.8919, placing the event in the high-risk zone. The policy zone is Monitor, and the recommended action is to log the event and continue monitoring.

**Recommended Action:** Log the event and continue monitoring.

**Human Review:** The event should be reviewed by a human with a confidence threshold of 0.7, as the detector confidence is below this threshold.

**Limitations:** The report does not include any specific details about the attack, such as the type of fuzzers used, the target system, or the potential impacts.",350,179,6.451951836999797,27.743542500347658,False,117
UNSW-OFFICIAL-55418,A2_constrained_no_shap,2.0,success,,Reconnaissance,False,"### SOC Report

#### Prediction Summary
The predicted label is ""Exploits,"" with a confidence of 0.5646 and an uncertainty score of 0.4354. The predicted stage is ""Exploitation,"" and the risk score is 3.6701. The policy zone is ""Alert,"" and the recommended action is to raise a SOC alert and enrich the event context.

#### Evidence
No local feature evidence was supplied in this configuration.

#### Risk and Policy
The risk score indicates a moderate risk, and the policy zone is set to ""Alert."" The recommended action is to raise a SOC alert and enrich the event context.

#### Recommended Action
Raise a SOC alert and enrich the event context.

#### Human Review
Human review is required due to the detector confidence below the fixed 0.70 threshold.

#### Limitations
The provided evidence does not include local feature data, which is necessary for making accurate predictions.",353,197,7.397537152000041,26.630484707567565,False,144
UNSW-OFFICIAL-55526,A2_constrained_no_shap,2.0,success,,Fuzzers,False,"### SOC Report

**Prediction Summary:** The predicted attack class is Shellcode, with a confidence of 62.81%.

**Evidence:** No local feature evidence was supplied in this configuration.

**Risk and Policy:** The risk score is 5.3386, and the policy zone is Block. The recommended action is to block the suspected source and initiate an investigation.

**Recommended Action:** Block the suspected source and initiate investigation.

**Human Review:** The recommended action is required due to the detector confidence below the fixed 0.70 threshold.

**Limitations:** The confidence threshold for human review is set at 0.70, which is below the current detector confidence of 62.81%.",351,149,5.3571996970003966,27.813038234028888,False,99
UNSW-OFFICIAL-55890,A2_constrained_no_shap,2.0,success,,Backdoor,False,"### Evidence-Grounded SOC Report

#### Prediction Summary
The predicted attack class is a Denial of Service (DoS) attack.

#### Evidence
No local feature evidence was supplied in this configuration.

#### Risk and Policy
Risk Score: 1.8292
Policy Zone: Monitor
Recommended Action: Log the event and continue monitoring.

#### Recommended Action
Log the event and continue monitoring.

#### Human Review
Human review is required due to the detector confidence below the fixed 0.70 threshold.

#### Limitations
The report is based on a prediction of a Denial of Service (DoS) attack with a confidence of 26.13%. The lack of local feature evidence prevents detailed analysis.",349,149,5.108786403000522,29.165439352189093,False,103
UNSW-OFFICIAL-55989,A2_constrained_no_shap,2.0,success,,Backdoor,False,"### Evidence-Grounded SOC Report

**Prediction Summary:** The predicted attack class is Fuzzers, with a confidence of 21.85%.

**Evidence:** No local feature evidence was supplied in this configuration.

**Risk and Policy:** The risk score is 1.4202, indicating a moderate risk. The attack is classified as Exploitation, and it falls under the Monitor policy zone.

**Recommended Action:** Log the event and continue monitoring. The human review is required due to the detector confidence below the fixed 0.70 threshold.

**Human Review:** Required due to the detector confidence below the fixed 0.70 threshold.

**Limitations:** The report is based on a model prediction with a confidence of 21.85%, and no local feature evidence was supplied in this configuration.",350,170,6.738244666000355,25.22912248315666,False,113
UNSW-OFFICIAL-56041,A2_constrained_no_shap,2.0,success,,Generic,False,"### Evidence-Grounded SOC Report

#### Prediction Summary
The predicted label is ""Exploits,"" with a confidence of 0.7756578192149923 and an uncertainty score of 0.22434218078500767. The predicted stage is ""Exploitation,"" and the risk score is 5.0418.

#### Risk and Policy
The recommended action is to ""Block the suspected source and initiate investigation."" The policy zone is ""Block,"" and the human review is not required.

#### Recommended Action
The recommended action is to ""Block the suspected source and initiate investigation.""

#### Human Review
Human review is not required.

#### Limitations
No local feature evidence was supplied in this configuration.",346,168,5.774861361999683,29.091607480915524,False,96
UNSW-OFFICIAL-56043,A2_constrained_no_shap,2.0,success,,DoS,False,"### Evidence-Grounded SOC Report

**Prediction Summary:** The predicted attack class is Fuzzers, with a confidence of 21.83%.

**Evidence:** No local feature evidence was supplied in this configuration.

**Risk and Policy:** The risk score is 1.4192, placing the event in the Monitor policy zone. The recommended action is to log the event and continue monitoring.

**Recommended Action:** Log the event and continue monitoring.

**Human Review:** The event should be reviewed by a human with a confidence threshold of 70% or higher.

**Limitations:** The confidence threshold for human review is set at 70%, and the event is currently below this threshold.",350,144,5.817412015999253,24.753275099643293,False,99
UNSW-OFFICIAL-56217,A2_constrained_no_shap,2.0,success,,Analysis,False,"### Evidence-Grounded SOC Report

#### Prediction Summary
The predicted attack class is a Denial of Service (DoS) attack.

#### Evidence
No local feature evidence was supplied in this configuration.

#### Risk and Policy
Risk Score: 1.6723
Policy Zone: Monitor
Recommended Action: Log the event and continue monitoring.

#### Recommended Action
Log the event and continue monitoring.

#### Human Review
Human review is required due to the detector confidence below the fixed 0.70 threshold.

#### Limitations
The report is based on a prediction of a Denial of Service (DoS) attack with a confidence of 23.89%. The lack of local feature evidence prevents detailed analysis.",349,149,5.051456412999869,29.496443761555597,False,103
UNSW-OFFICIAL-56979,A2_constrained_no_shap,2.0,success,,Backdoor,False,"### Evidence-Grounded SOC Report

#### Prediction Summary
The predicted attack class is a Denial of Service (DoS) attack.

#### Evidence
No local feature evidence was supplied in this configuration.

#### Risk and Policy
Risk Score: 1.7142
Policy Zone: Monitor
Recommended Action: Log the event and continue monitoring.

#### Recommended Action
Log the event and continue monitoring.

#### Human Review
Human review is required due to the detector confidence below the fixed 0.70 threshold.

#### Limitations
The report is based on a prediction of a Denial of Service (DoS) attack with a confidence of 24.48%. The lack of local feature evidence prevents detailed analysis.",349,149,5.346948663999683,27.86636067841792,False,103
UNSW-OFFICIAL-57049,A2_constrained_no_shap,2.0,success,,Analysis,False,"### Evidence-Grounded SOC Report

**Prediction Summary:** The predicted attack class is a Backdoor, with a confidence of 26.18%.

**Evidence:** No local feature evidence was supplied in this configuration.

**Risk and Policy:** The risk score is 2.0948, indicating a moderate risk. The attack is classified as a Command and Control (C2) activity, which is an alerting requirement.

**Recommended Action:** Raise a SOC alert and enrich the event context. The recommended action is based on the policy zone being ""Alert.""

**Human Review:** Human review is required due to the detector confidence below the fixed 0.70 threshold.

**Limitations:** The report does not include any specific details about the attack, such as the malware used, the IP addresses involved, or the hostnames.",348,171,6.464406168000096,26.452545764602313,False,118
UNSW-OFFICIAL-57299,A2_constrained_no_shap,2.0,success,,Analysis,True,"### Evidence-Grounded SOC Report

**Prediction Summary:** Analysis

**Evidence:** No local feature evidence was supplied in this configuration.

**Risk and Policy:** 
- **Risk Score:** 0.7044
- **Policy Zone:** Monitor

**Recommended Action:** Log the event and continue monitoring.

**Human Review:** 
- **Required:** Yes
- **Confidence Threshold:** 0.7
- **Reason:** Detector confidence below the fixed 0.70 threshold.

**Limitations:** The analysis is based on the provided evidence, which does not include any local feature data. This limits the accuracy and specificity of the risk assessment and recommended action.",348,138,4.74551647699991,29.080080254455854,False,84
UNSW-OFFICIAL-57328,A2_constrained_no_shap,2.0,success,,Backdoor,True,"### Evidence-Grounded SOC Report

**Prediction Summary:** The predicted attack class is a Backdoor, with a confidence of 24.02%.

**Evidence:** No local feature evidence was supplied in this configuration.

**Risk and Policy:** The risk score is 1.9216, placing the event in the Monitor policy zone. The recommended action is to log the event and continue monitoring.

**Recommended Action:** Log the event and continue monitoring.

**Human Review:** The event should be reviewed by a human with a confidence threshold of 0.7, as the detector confidence is below this threshold.

**Limitations:** The report does not include any specific details about the attack, such as the type of backdoor, the command and control infrastructure, or the potential impacts.",349,160,6.431470157000149,24.877671215787668,False,114
UNSW-OFFICIAL-57391,A2_constrained_no_shap,2.0,success,,Analysis,True,"### Evidence-Grounded SOC Report

**Prediction Summary:** Analysis

**Evidence:** No local feature evidence was supplied in this configuration.

**Risk and Policy:** 
- **Risk Score:** 0.7044
- **Policy Zone:** Monitor

**Recommended Action:** Log the event and continue monitoring.

**Human Review:** 
- **Required:** Yes
- **Confidence Threshold:** 0.7
- **Reason:** Detector confidence below the fixed 0.70 threshold.

**Limitations:** The analysis is based on the provided evidence, which does not include any local feature data. This limits the accuracy and specificity of the risk assessment and recommended action.",348,138,4.751527046999399,29.04329463664683,False,84
UNSW-OFFICIAL-57852,A2_constrained_no_shap,2.0,success,,Generic,False,"### Evidence-Grounded SOC Report

#### Prediction Summary
The predicted attack class is a Denial of Service (DoS) attack.

#### Evidence
No local feature evidence was supplied in this configuration.

#### Risk and Policy
**Risk Score:** 3.6722
**Policy Zone:** Alert
**Recommended Action:** Raise a SOC alert and enrich the event context.

#### Recommended Action
**Human Review:** Required
**Confidence Threshold:** 0.70
**Reason:** Detector confidence below the fixed 0.70 threshold.

#### Limitations
The recommended action is based on a high confidence threshold of 0.70, which may not be sufficient for all organizations. Further investigation and validation of the attack's impact and severity are recommended.",353,158,6.005694411999684,26.308364888547764,False,101
UNSW-OFFICIAL-57874,A2_constrained_no_shap,2.0,success,,Backdoor,True,"### SOC Report

#### Prediction Summary
The predicted attack class is a Backdoor, with a confidence of 26.48%.

#### Evidence
No local feature evidence was supplied in this configuration.

#### Risk and Policy
Risk Score: 2.1186
Policy Zone: Alert
Recommended Action: Raise a SOC alert and enrich the event context.

#### Recommended Action
Human Review: Required
Human Review Confidence Threshold: 0.7
Reason: Detector confidence below the fixed 0.70 threshold.

#### Limitations
The recommended action is based on a low confidence prediction, which may not be sufficient for immediate action. Further investigation and higher confidence evidence is needed to confirm the threat.",352,146,5.272954938000112,27.688459642967064,False,101
UNSW-OFFICIAL-57935,A2_constrained_no_shap,2.0,success,,Analysis,False,"### Evidence-Grounded SOC Report

#### Prediction Summary
The predicted attack class is a Denial of Service (DoS) attack.

#### Evidence
No local feature evidence was supplied in this configuration.

#### Risk and Policy
Risk Score: 1.6642
Policy Zone: Monitor
Recommended Action: Log the event and continue monitoring.

#### Recommended Action
Log the event and continue monitoring.

#### Human Review
Human review is required due to the detector confidence below the fixed 0.70 threshold.

#### Limitations
The report is based on a prediction of a Denial of Service (DoS) attack with a confidence of 23.77%. The lack of local feature evidence prevents detailed analysis.",349,149,5.02527231699969,29.65013448046525,False,103
UNSW-OFFICIAL-58114,A2_constrained_no_shap,2.0,success,,Exploits,True,"### Evidence-Grounded SOC Report

#### Prediction Summary
The predicted label is ""Exploits,"" with a high confidence of 0.9722. The predicted stage is ""Exploitation,"" indicating a high risk.

#### Risk and Policy
Risk score: 6.3196
Policy zone: Block
Recommended action: Block the suspected source and initiate investigation.

#### Recommended Action
Block the suspected source and initiate investigation.

#### Human Review
Human review is not required.

#### Limitations
No local feature evidence was supplied in this configuration.",346,116,4.803209921999951,24.150516401269456,False,75
UNSW-OFFICIAL-58156,A2_constrained_no_shap,2.0,success,,Analysis,False,"### SOC Report

#### Prediction Summary
The predicted label is ""Exploits,"" with a confidence of 0.5731251046677538 and an uncertainty score of 0.4268748953322462. The predicted stage is ""Exploitation,"" and the risk score is 3.7253. The policy zone is ""Alert,"" and the recommended action is to raise a SOC alert and enrich the event context.

#### Evidence
No local feature evidence was supplied in this configuration.

#### Risk and Policy
The risk score indicates a moderate risk, with the policy zone set to ""Alert."" The recommended action is to raise a SOC alert and enrich the event context.

#### Recommended Action
Raise a SOC alert and enrich the event context.

#### Human Review
Human review is required due to the detector confidence below the fixed 0.70 threshold.

#### Limitations
The provided evidence does not include local feature data, which is necessary for making accurate predictions.",353,220,7.619702069000596,28.87251994996378,False,143
UNSW-OFFICIAL-58200,A2_constrained_no_shap,2.0,success,,Generic,False,"### SOC Report

#### Prediction Summary
The predicted label is ""Exploits,"" with a confidence of 0.7202. The predicted stage is ""Exploitation,"" and the risk score is 4.681.

#### Evidence
No local feature evidence was supplied in this configuration.

#### Risk and Policy
**Risk Score:** 4.681
**Policy Zone:** Alert
**Recommended Action:** Raise a SOC alert and enrich the event context.

#### Recommended Action
**Human Review:** Not required, as the confidence threshold is below 0.7.

#### Limitations
The provided evidence does not include any local feature data, which is necessary for making a more informed prediction.",346,147,5.9711612810006045,24.618326834971505,False,94
UNSW-OFFICIAL-58369,A2_constrained_no_shap,2.0,success,,Reconnaissance,True,"### SOC Report

#### Prediction Summary
The predicted attack class is **Reconnaissance** with a confidence of **0.961**.

#### Evidence
No local feature evidence was supplied in this configuration.

#### Risk and Policy
**Risk Score:** 2.884
**Policy Zone:** Alert
**Recommended Action:** Raise a SOC alert and enrich the event context.

#### Recommended Action
**Human Review:** Required
**Confidence Threshold:** 0.7
**Reason:** No mandatory confidence-based referral.

#### Limitations
- The provided evidence does not include any specific features or attack behaviors that could be used to refine the prediction or enhance the recommended action.",347,140,4.753622234999966,29.451225419051624,False,91
UNSW-OFFICIAL-58657,A2_constrained_no_shap,2.0,success,,Backdoor,False,"### Evidence-Grounded SOC Report

#### Prediction Summary
The predicted attack class is a Denial of Service (DoS) attack.

#### Evidence
No local feature evidence was supplied in this configuration.

#### Risk and Policy
Risk Score: 1.9417
Policy Zone: Monitor
Recommended Action: Log the event and continue monitoring.

#### Recommended Action
Log the event and continue monitoring.

#### Human Review
Human review is required due to the detector confidence below the fixed 0.70 threshold.

#### Limitations
The report is based on a prediction of a Denial of Service (DoS) attack with a confidence of 27.74%. The lack of local feature evidence prevents detailed analysis.",349,149,5.350986157000079,27.845334603432015,False,103
UNSW-OFFICIAL-58779,A2_constrained_no_shap,2.0,success,,Generic,True,"### Evidence-Grounded SOC Report

#### Prediction Summary
The predicted label is ""Generic,"" with a confidence of 92.64%. The prediction stage is ""Exploitation,"" and the risk score is 6.0216.

#### Risk and Policy
- **Risk Score:** 6.0216
- **Policy Zone:** Block
- **Recommended Action:** Block the suspected source and initiate investigation.

#### Recommended Action
Block the suspected source and initiate investigation.

#### Human Review
Human review is not required.

#### Limitations
No local feature evidence was supplied in this configuration.",344,126,5.040734281999903,24.996358258743548,False,79
UNSW-OFFICIAL-59012,A2_constrained_no_shap,2.0,success,,DoS,False,"### SOC Report

#### Prediction Summary
The predicted label is ""Exploits,"" with a confidence of 0.383 and an uncertainty score of 0.617. The predicted stage is ""Exploitation,"" and the risk score is 2.49. The policy zone is ""Alert,"" and the recommended action is to raise a SOC alert and enrich the event context.

#### Evidence
No local feature evidence was supplied in this configuration.

#### Risk and Policy
The risk score indicates a moderate risk, and the policy zone is set to ""Alert."" The recommended action is to raise a SOC alert and enrich the event context.

#### Recommended Action
Raise a SOC alert and enrich the event context.

#### Human Review
Human review is required due to the detector confidence below the fixed 0.70 threshold.

#### Limitations
The provided evidence does not include local feature data, which is necessary for making accurate predictions.",351,193,6.634312187999967,29.09118451632336,False,144
UNSW-OFFICIAL-59026,A2_constrained_no_shap,2.0,success,,Backdoor,True,"### SOC Report

#### Prediction Summary
The predicted attack class is a Backdoor, with a confidence of 29.13%.

#### Evidence
No local feature evidence was supplied in this configuration.

#### Risk and Policy
Risk Score: 2.3303
Policy Zone: Alert
Recommended Action: Raise a SOC alert and enrich the event context.

#### Recommended Action
Human Review: Required, with a confidence threshold of 0.7.

#### Limitations
The detector confidence is below the fixed 0.70 threshold, necessitating human review.",352,118,4.9702947779996975,23.74104661202595,False,76
UNSW-OFFICIAL-59066,A2_constrained_no_shap,2.0,success,,Generic,True,"### Evidence-Grounded SOC Report

#### Prediction Summary
The predicted label is ""Generic,"" with a confidence of 96.86% and an uncertainty score of 3.14%. The predicted stage is ""Exploitation,"" and the risk score is 6.2961.

#### Risk and Policy
- **Risk Score:** 6.2961
- **Policy Zone:** Block
- **Recommended Action:** Block the suspected source and initiate investigation.

#### Recommended Action
Block the suspected source and initiate investigation.

#### Human Review
Human review is not required.

#### Limitations
No local feature evidence was supplied in this configuration.",344,137,4.763268186999994,28.761764952454936,False,85
UNSW-OFFICIAL-59144,A2_constrained_no_shap,2.0,success,,Analysis,True,"### Evidence-Grounded SOC Report

**Prediction Summary:** Analysis

**Evidence:** No local feature evidence was supplied in this configuration.

**Risk and Policy:** 
- **Risk Score:** 0.7803
- **Policy Zone:** Monitor

**Recommended Action:** Log the event and continue monitoring.

**Human Review:** 
- **Required:** Yes
- **Confidence Threshold:** 0.7
- **Reason:** Detector confidence below the fixed 0.70 threshold.

**Limitations:** The analysis is based on the provided evidence, which does not include any local feature data. This limits the accuracy and specificity of the risk assessment and recommended action.",348,138,4.7507050909998725,29.048319640265312,False,84
UNSW-OFFICIAL-59165,A2_constrained_no_shap,2.0,success,,Analysis,True,"### Evidence-Grounded SOC Report

**Prediction Summary:** Analysis

**Evidence:** No local feature evidence was supplied in this configuration.

**Risk and Policy:** 
- **Risk Score:** 0.925
- **Policy Zone:** Monitor

**Recommended Action:** Log the event and continue monitoring.

**Human Review:** 
- **Required:** Yes
- **Confidence Threshold:** 0.7
- **Reason:** Detector confidence below the fixed 0.70 threshold.

**Limitations:** The analysis is based on the provided evidence, which does not include any local feature data. This limits the accuracy and specificity of the risk assessment and recommended action.",347,137,5.660038696999436,24.20478151017377,False,84
UNSW-OFFICIAL-59292,A2_constrained_no_shap,2.0,success,,Generic,False,"### SOC Report

#### Prediction Summary
The predicted label for the attack is ""Exploits,"" with a confidence of 80.39%. The attack is currently in the Exploitation stage and poses a high risk score of 5.2257.

#### Evidence
No local feature evidence was supplied in this configuration.

#### Risk and Policy
The attack is classified as a high-risk event, and it falls under the policy zone of ""Block."" The recommended action is to block the suspected source and initiate an investigation.

#### Recommended Action
Block the suspected source and initiate investigation.

#### Human Review
Human review is not required as the confidence threshold is not met.

#### Limitations
The provided evidence does not include any local feature data, which limits the accuracy of the prediction.",343,162,5.609578943999622,28.879172860787698,False,124
UNSW-OFFICIAL-59529,A2_constrained_no_shap,2.0,success,,Exploits,False,"### Evidence-Grounded SOC Report

**Prediction Summary:** The predicted attack class is Shellcode, with a confidence of 0.5705120400450255.

**Evidence:** No local feature evidence was supplied in this configuration.

**Risk and Policy:** The risk score is 4.8494, placing the attack at a high risk level. The policy zone is Alert, indicating immediate action is required.

**Recommended Action:** Raise a SOC alert and enrich the event context. The recommended action is based on the high risk score and the requirement to raise an alert.

**Human Review:** Human review is required due to the detector confidence below the fixed 0.70 threshold.

**Limitations:** The provided evidence does not include any local feature data, which limits the accuracy of the prediction.",353,173,6.907713841000259,25.044465358881897,False,115
UNSW-OFFICIAL-59623,A2_constrained_no_shap,2.0,success,,Fuzzers,False,"### SOC Report

#### Prediction Summary
The predicted attack class is **Reconnaissance** with a confidence of **0.31**.

#### Evidence
No local feature evidence was supplied in this configuration.

#### Risk and Policy
**Risk Score:** 0.9302  
**Policy Zone:** Monitor  
**Recommended Action:** Log the event and continue monitoring.  
**Human Review:** Required, with a confidence threshold of 0.7.

#### Recommended Action
Log the event and continue monitoring.

#### Human Review
Human review is required due to the detector confidence below the fixed 0.70 threshold.

#### Limitations
The provided evidence does not include any local feature data, which limits the accuracy of the prediction.",350,151,5.20804310999938,28.993615607766728,False,100
UNSW-OFFICIAL-59684,A2_constrained_no_shap,2.0,success,,Reconnaissance,False,"### Evidence-Grounded SOC Report

**Prediction Summary:** The predicted attack class is Shellcode, with a confidence of 0.5791151264505036.

**Evidence:** No local feature evidence was supplied in this configuration.

**Risk and Policy:** The risk score is 4.9225, indicating a significant risk. The attack is classified as Advanced Intrusion, and it falls under the policy zone of Alert.

**Recommended Action:** A SOC alert should be raised, and the event context should be enriched to provide more details about the detected activity.

**Human Review:** The recommended action requires human review due to the detector confidence below the fixed 0.70 threshold.

**Limitations:** The provided evidence does not include any local feature data, which limits the accuracy of the prediction.",353,173,6.647423102000175,26.025122418933314,False,114
UNSW-OFFICIAL-60081,A2_constrained_no_shap,2.0,success,,Fuzzers,True,"### Evidence Grounded SOC Report

#### Prediction Summary
The predicted attack class is Fuzzers, with a confidence of 75.36%.

#### Evidence
No local feature evidence was supplied in this configuration.

#### Risk and Policy
Risk Score: 4.8985
Policy Zone: Alert
Recommended Action: Raise a SOC alert and enrich the event context.

#### Recommended Action
Human Review: Required
Human Review Confidence Threshold: 0.7
Reason: No mandatory confidence-based referral.

#### Limitations
The provided evidence does not include any specific features or attack behaviors that could be used to refine the prediction or enhance the human review process.",348,137,5.109965878999901,26.810355146013812,False,95
UNSW-OFFICIAL-60156,A2_constrained_no_shap,2.0,success,,Exploits,False,"### Evidence-Grounded SOC Report

**Prediction Summary:** The predicted attack class is Fuzzers, with a confidence of 0.2905162875079856.

**Evidence:** No local feature evidence was supplied in this configuration.

**Risk and Policy:** The risk score is 1.8884, placing the event in the high-risk category. The policy zone is Monitor, indicating that monitoring is the recommended action.

**Recommended Action:** Log the event and continue monitoring.

**Human Review:** The event should be reviewed by a human with a confidence threshold of 0.7, as the detector confidence is below this threshold.

**Limitations:** The recommended action is to log the event and continue monitoring. This is based on the provided evidence and the confidence threshold.",350,168,5.825305405000108,28.839689650571525,False,109
UNSW-OFFICIAL-60355,A2_constrained_no_shap,2.0,success,,Reconnaissance,True,"### SOC Report

#### Prediction Summary
The predicted attack class is **Reconnaissance** with a confidence of **0.897**.

#### Evidence
No local feature evidence was supplied in this configuration.

#### Risk and Policy
**Risk Score:** 2.6923
**Policy Zone:** Alert
**Recommended Action:** Raise a SOC alert and enrich the event context.

#### Recommended Action
**Human Review:** Not required.

#### Limitations
The recommended action is based on the provided evidence, which does not include any local feature data. Therefore, the risk assessment and recommended action are limited by the available information.",348,130,5.364144606999616,24.23499169473626,False,88
UNSW-OFFICIAL-61330,A2_constrained_no_shap,2.0,success,,Backdoor,False,"### Evidence-Grounded SOC Report

#### Prediction Summary
The predicted attack class is a Denial of Service (DoS) attack.

#### Evidence
No local feature evidence was supplied in this configuration.

#### Risk and Policy
Risk Score: 1.9372
Policy Zone: Monitor
Recommended Action: Log the event and continue monitoring.

#### Recommended Action
Log the event and continue monitoring.

#### Human Review
Human review is required due to the detector confidence below the fixed 0.70 threshold.

#### Limitations
The report is based on a model prediction and does not include any specific attack details or evidence.",349,129,4.4925852080004915,28.713979596930972,False,93
UNSW-OFFICIAL-61487,A2_constrained_no_shap,2.0,success,,Shellcode,False,"### SOC Report

**Prediction Summary:** The predicted attack class is Fuzzers, with a confidence of 39.68%.

**Evidence:** No local feature evidence was supplied in this configuration.

**Risk and Policy:** The risk score is 2.58, and the policy zone is Alert. The recommended action is to raise a SOC alert and enrich the event context.

**Recommended Action:** Raise a SOC alert and enrich the event context.

**Human Review:** Human review is required due to the detector confidence below the fixed 0.70 threshold.

**Limitations:** The provided evidence does not include any local feature data, which limits the accuracy of the prediction.",353,139,5.203313736999917,26.71374570623978,False,99
UNSW-OFFICIAL-61712,A2_constrained_no_shap,2.0,success,,Exploits,False,"### Evidence-Grounded SOC Report

#### Prediction Summary
The predicted attack class is a Denial of Service (DoS) attack.

#### Evidence
No local feature evidence was supplied in this configuration.

#### Risk and Policy
Risk Score: 1.5288
Policy Zone: Monitor
Recommended Action: Log the event and continue monitoring.

#### Recommended Action
Log the event and continue monitoring.

#### Human Review
Human review is required due to the detector confidence below the fixed 0.70 threshold.

#### Limitations
The report is based on a prediction of a Denial of Service (DoS) attack with a confidence of 21.84%. The lack of local feature evidence prevents detailed analysis.",349,149,5.667546909000521,26.2900338351635,False,103
UNSW-OFFICIAL-61925,A2_constrained_no_shap,2.0,success,,Shellcode,False,"### SOC Report

#### Prediction Summary
The predicted attack class is **Reconnaissance** with a confidence of **0.90**.

#### Evidence
No local feature evidence was supplied in this configuration.

#### Risk and Policy
**Risk Score:** 2.7011
**Policy Zone:** Alert
**Recommended Action:** Raise a SOC alert and enrich the event context.

#### Recommended Action
**Human Review:** Required
**Confidence Threshold:** 0.7
**Reason:** No mandatory confidence-based referral.

#### Limitations
- The provided evidence does not include any specific features or attack behaviors that could be used to refine the prediction or recommend more targeted actions.",348,140,4.877641269999913,28.702397788265905,False,91
UNSW-OFFICIAL-62098,A2_constrained_no_shap,2.0,success,,Fuzzers,True,"### Evidence Grounded SOC Report

#### Prediction Summary
The predicted attack class is Fuzzers, with a confidence of 75.05%.

#### Evidence
No local feature evidence was supplied in this configuration.

#### Risk and Policy
Risk Score: 4.8785
Policy Zone: Alert
Recommended Action: Raise a SOC alert and enrich the event context.

#### Recommended Action
Human Review: Required
Human Review Confidence Threshold: 0.7
Reason: No mandatory confidence-based referral.

#### Limitations
The provided evidence does not include any specific features or attack behaviors that could be used to refine the prediction or enhance the human review process.",347,137,5.695531096000195,24.053946452194964,False,95
UNSW-OFFICIAL-62255,A2_constrained_no_shap,2.0,success,,Backdoor,False,"### Evidence-Grounded SOC Report

#### Prediction Summary
The predicted attack class is a Denial of Service (DoS) attack.

#### Evidence
No local feature evidence was supplied in this configuration.

#### Risk and Policy
Risk Score: 1.8222
Policy Zone: Monitor
Recommended Action: Log the event and continue monitoring.

#### Recommended Action
Log the event and continue monitoring.

#### Human Review
Human review is required due to the detector confidence below the fixed 0.70 threshold.

#### Limitations
The report is based on a prediction of a Denial of Service (DoS) attack with a confidence of 26.03%. The lack of local feature evidence prevents detailed analysis.",349,149,5.191396113999872,28.701335195398592,False,103
UNSW-OFFICIAL-62429,A2_constrained_no_shap,2.0,success,,Fuzzers,True,"### SOC Report

**Prediction Summary:** The predicted attack class is Fuzzers, with a confidence of 31.59%.

**Evidence:** No local feature evidence was supplied in this configuration.

**Risk and Policy:** The risk score is 2.0535, indicating a moderate risk. The attack is classified as Exploitation, and it falls under the Alert policy zone.

**Recommended Action:** A SOC alert should be raised, and the event context should be enriched. The recommended action is to raise a SOC alert and enrich the event context.

**Human Review:** Human review is required due to the detector confidence below the fixed 0.70 threshold.

**Limitations:** The provided evidence does not include any local feature data, which limits the accuracy of the prediction.",351,162,6.042712258999927,26.809153415954825,False,115
UNSW-OFFICIAL-62501,A2_constrained_no_shap,2.0,success,,DoS,False,"### Evidence-Grounded SOC Report

**Prediction Summary:** Analysis

**Evidence:** No local feature evidence was supplied in this configuration.

**Risk and Policy:** 
- **Risk Score:** 0.8519
- **Policy Zone:** Monitor

**Recommended Action:** Log the event and continue monitoring.

**Human Review:** 
- **Required:** Yes
- **Confidence Threshold:** 0.70
- **Reason:** Detector confidence below the fixed 0.70 threshold.

**Limitations:** The analysis is based on the provided evidence, which does not include any local feature data. This limits the accuracy and specificity of the prediction.",348,135,5.146774734999781,26.230019177244163,False,80
UNSW-OFFICIAL-62807,A2_constrained_no_shap,2.0,success,,Analysis,False,"### SOC Report

#### Prediction Summary
The predicted label is ""Exploits,"" with a confidence of 0.4566 and an uncertainty score of 0.5434. The predicted stage is ""Exploitation,"" and the risk score is 2.968. The policy zone is ""Alert,"" and the recommended action is to raise a SOC alert and enrich the event context.

#### Evidence
No local feature evidence was supplied in this configuration.

#### Risk and Policy
The risk score indicates a moderate risk, and the policy zone is set to ""Alert."" The recommended action is to raise a SOC alert and enrich the event context.

#### Recommended Action
Raise a SOC alert and enrich the event context.

#### Human Review
Human review is required due to the detector confidence below the fixed 0.70 threshold.

#### Limitations
The provided evidence does not include any local feature data, which limits the accuracy of the prediction.",352,197,6.937981666000269,28.39442499039783,False,145
UNSW-OFFICIAL-63399,A2_constrained_no_shap,2.0,success,,Exploits,True,"### Evidence-Grounded SOC Report

#### Prediction Summary
The predicted label is ""Exploits,"" with a high confidence of 0.9535. The predicted stage is ""Exploitation,"" indicating a high risk.

#### Risk and Policy
Risk score: 6.1978
Policy zone: Block
Recommended action: Block the suspected source and initiate investigation.

#### Recommended Action
Block the suspected source and initiate investigation.

#### Human Review
Human review is not required.

#### Limitations
No local feature evidence was supplied in this configuration.",346,116,4.805437935000555,24.13931915655604,False,75
UNSW-OFFICIAL-63430,A2_constrained_no_shap,2.0,success,,Worms,False,"### SOC Report

#### Prediction Summary
The predicted label is ""Exploits,"" with a confidence of 0.4112244614527004 and an uncertainty score of 0.5887755385472996. The predicted stage is ""Exploitation,"" and the risk score is 2.673. The policy zone is ""Alert,"" and the recommended action is to raise a SOC alert and enrich the event context.

#### Evidence
No local feature evidence was supplied in this configuration.

#### Risk and Policy
The risk score indicates a moderate risk, and the policy zone is set to ""Alert."" The recommended action is to raise a SOC alert and enrich the event context.

#### Recommended Action
Raise a SOC alert and enrich the event context.

#### Human Review
Human review is required due to the detector confidence below the fixed 0.70 threshold.

#### Limitations
The provided evidence does not include local feature data, which is necessary for making accurate predictions.",352,220,7.476284098999713,29.426383091760094,False,144
UNSW-OFFICIAL-63708,A2_constrained_no_shap,2.0,success,,Analysis,True,"### Evidence-Grounded SOC Report

**Prediction Summary:** Analysis

**Evidence:** No local feature evidence was supplied in this configuration.

**Risk and Policy:** 
- **Risk Score:** 0.8309
- **Policy Zone:** Monitor

**Recommended Action:** Log the event and continue monitoring.

**Human Review:** 
- **Required:** Yes
- **Confidence Threshold:** 0.70
- **Reason:** Detector confidence below the fixed 0.70 threshold.

**Limitations:** The analysis is based on the provided evidence, which does not include any local feature data. This limits the accuracy and specificity of the prediction.",348,135,5.568238617000134,24.244650649100723,False,80
UNSW-OFFICIAL-63730,A2_constrained_no_shap,2.0,success,,Fuzzers,False,"### Evidence-Grounded SOC Report

**Prediction Summary:** Analysis

**Evidence:** No local feature evidence was supplied in this configuration.

**Risk and Policy:** 
- **Risk Score:** 0.8309
- **Policy Zone:** Monitor

**Recommended Action:** Log the event and continue monitoring.

**Human Review:** 
- **Required:** Yes
- **Confidence Threshold:** 0.70
- **Reason:** Detector confidence below the fixed 0.70 threshold.

**Limitations:** The analysis is based on the provided evidence, which does not include any local feature data. This limits the accuracy and specificity of the prediction.",348,135,4.734409300999687,28.51464489381902,False,80
UNSW-OFFICIAL-63779,A2_constrained_no_shap,2.0,success,,Analysis,True,"### Evidence-Grounded SOC Report

**Prediction Summary:** Analysis

**Evidence:** No local feature evidence was supplied in this configuration.

**Risk and Policy:** 
- **Risk Score:** 0.8519
- **Policy Zone:** Monitor

**Recommended Action:** Log the event and continue monitoring.

**Human Review:** 
- **Required:** Yes
- **Confidence Threshold:** 0.70
- **Reason:** Detector confidence below the fixed 0.70 threshold.

**Limitations:** The analysis is based on the provided evidence, which does not include any local feature data. This limits the accuracy and specificity of the prediction.",348,135,4.852320754000175,27.821738678076503,False,80
UNSW-OFFICIAL-63792,A2_constrained_no_shap,2.0,success,,Reconnaissance,True,"### SOC Report

#### Prediction Summary
The predicted attack class is **Reconnaissance** with a confidence of **0.926**.

#### Evidence
No local feature evidence was supplied in this configuration.

#### Risk and Policy
**Risk Score:** 2.7789
**Policy Zone:** Alert
**Recommended Action:** Raise a SOC alert and enrich the event context.

#### Recommended Action
**Human Review:** Required
**Confidence Threshold:** 0.7
**Reason:** No mandatory confidence-based referral.

#### Limitations
- The provided evidence does not include any specific features or attack behaviors that could be used to refine the prediction or recommend more targeted actions.",348,141,5.704415469999731,24.717694694844283,False,91
UNSW-OFFICIAL-63892,A2_constrained_no_shap,2.0,success,,Worms,False,"### SOC Report

**Prediction Summary:** The predicted attack class is Fuzzers, with a confidence of 43.84%.

**Evidence:** No local feature evidence was supplied in this configuration.

**Risk and Policy:** The risk score is 2.8497, and the policy zone is Alert. The recommended action is to raise a SOC alert and enrich the event context.

**Recommended Action:** Raise a SOC alert and enrich the event context.

**Human Review:** Human review is required due to the detector confidence below the fixed 0.70 threshold.

**Limitations:** The provided evidence does not include any local feature data, which limits the accuracy of the prediction.",353,141,4.90836692800076,28.726458732259264,False,99
UNSW-OFFICIAL-64295,A2_constrained_no_shap,2.0,success,,Fuzzers,False,"### SOC Report

#### Prediction Summary
The predicted label is ""Exploits,"" with a confidence of 0.3158820662080009 and an uncertainty score of 0.6841179337919991. The predicted stage is ""Exploitation,"" and the risk score is 2.0532. The policy zone is ""Alert,"" and the recommended action is to raise a SOC alert and enrich the event context.

#### Evidence
No local feature evidence was supplied in this configuration.

#### Risk and Policy
The risk score indicates a moderate risk, with the policy zone set to ""Alert."" The recommended action is to raise a SOC alert and enrich the event context.

#### Recommended Action
Raise a SOC alert and enrich the event context.

#### Human Review
Human review is required due to the detector confidence below the fixed 0.70 threshold.

#### Limitations
The provided evidence does not include local feature data, which is necessary for making accurate predictions.",353,220,8.635729260000517,25.475555494659734,False,143
UNSW-OFFICIAL-64607,A2_constrained_no_shap,2.0,success,,Shellcode,False,"### Evidence-Grounded SOC Report

**Prediction Summary:** The predicted attack class is Fuzzers, with a confidence of 0.6942084883539132.

**Evidence:** No local feature evidence was supplied in this configuration.

**Risk and Policy:** The risk score is 4.5124, indicating a significant risk. The attack is classified as Exploitation, and it falls under the policy zone of Alert.

**Recommended Action:** A SOC alert should be raised, and the event context should be enriched. The recommended action is to raise a SOC alert and enrich the event context.

**Human Review:** Human review is required due to the detector confidence below the fixed 0.70 threshold.

**Limitations:** The provided evidence does not include any local feature data, which limits the accuracy of the prediction.",354,179,6.26860951100025,28.554976934819138,False,117
UNSW-OFFICIAL-64660,A2_constrained_no_shap,2.0,success,,Generic,False,"### SOC Report

#### Prediction Summary
The predicted attack class is a Denial of Service (DoS) attack.

#### Evidence
No local feature evidence was supplied in this configuration.

#### Risk and Policy
Risk Score: 2.3564
Policy Zone: Alert
Recommended Action: Raise a SOC alert and enrich the event context.

#### Recommended Action
Human Review: Required
Human Review Confidence Threshold: 0.7
Reason: Detector confidence below the fixed 0.70 threshold.

#### Limitations
The recommended action is based on the provided evidence, which does not include any local feature data. This limits the accuracy of the risk assessment and the effectiveness of the recommended action.",352,144,5.955259031999958,24.180308400731377,False,102
UNSW-OFFICIAL-64690,A2_constrained_no_shap,2.0,success,,Reconnaissance,False,"### Evidence-Grounded SOC Report

**Prediction Summary:** The predicted attack class is Shellcode, with a confidence of 83.1%.

**Evidence:** No local feature evidence was supplied in this configuration.

**Risk and Policy:** The risk score is 7.066, placing the attack at a moderate level. The policy zone is Isolation, indicating that the affected asset should be isolated to prevent further spread.

**Recommended Action:** Isolate the affected asset and escalate to incident response.

**Human Review:** No mandatory human review is required.

**Limitations:** The provided evidence does not include specific details such as IP addresses, hostnames, CVEs, malware, tools, or remediation steps.",347,145,5.081763084000158,28.53340417551734,False,98
UNSW-OFFICIAL-64873,A2_constrained_no_shap,2.0,success,,Shellcode,True,"### SOC Report

**Prediction Summary:** The predicted attack class is Shellcode, with a confidence of 61.6%.

**Evidence:** No local feature evidence was supplied in this configuration.

**Risk and Policy:** The risk score is 5.24, and the policy zone is Block. The recommended action is to block the suspected source and initiate an investigation.

**Recommended Action:** Block the suspected source and initiate investigation.

**Human Review:** The recommended action is required due to the detector confidence below the fixed 0.70 threshold.

**Limitations:** The confidence threshold for human review is set at 0.70, which is below the current detector confidence of 61.6%.",351,145,5.389927447000446,26.902031878127435,False,99
UNSW-OFFICIAL-65224,A2_constrained_no_shap,2.0,success,,Fuzzers,False,"### SOC Report

**Prediction Summary:** The predicted attack class is Shellcode, with a confidence of 45.30%.

**Evidence:** No local feature evidence was supplied in this configuration.

**Risk and Policy:** The risk score is 3.8507, placing the attack at a moderate level. The policy zone is Alert, indicating that an alert should be raised.

**Recommended Action:** A SOC alert should be raised, and the event context should be enriched to provide more details about the shellcode activity.

**Human Review:** Human review is required due to the detector confidence below the fixed 0.70 threshold.

**Limitations:** The provided evidence does not include any local feature data, which limits the accuracy of the prediction.",352,154,5.776125309000236,26.66147144696471,False,110
UNSW-OFFICIAL-65889,A2_constrained_no_shap,2.0,success,,Normal,True,"### Evidence Grounded SOC Report

#### Prediction Summary
The system predicted a normal event with a confidence of 1.0.

#### Evidence
No local feature evidence was supplied in this configuration.

#### Risk and Policy
Risk Score: 0.0
Policy Zone: Monitor
Recommended Action: Log the event and continue monitoring.

#### Human Review
Human review is not required as the confidence threshold is not met.

#### Limitations
The system did not provide any local feature evidence, which limits the ability to make a more detailed risk assessment or policy recommendation.",307,114,3.970612473000074,28.710935850625855,False,88
UNSW-OFFICIAL-66360,A2_constrained_no_shap,2.0,success,,Normal,False,"### Evidence Grounded SOC Report

#### Prediction Summary
The predicted attack class is Fuzzers, with a confidence of 72.98%.

#### Evidence
No local feature evidence was supplied in this configuration.

#### Risk and Policy
Risk Score: 4.7436
Policy Zone: Alert
Recommended Action: Raise a SOC alert and enrich the event context.

#### Recommended Action
Human Review: Required
Human Review Confidence Threshold: 0.7
Reason: No mandatory confidence-based referral.

#### Limitations
The provided evidence does not include any specific features or attack behaviors that could be used to refine the prediction or enhance the human review process.",347,137,5.597841206000339,24.47372030724083,False,95
UNSW-OFFICIAL-68026,A2_constrained_no_shap,2.0,success,,Normal,False,"### SOC Report

**Prediction Summary:** The predicted attack class is Fuzzers, with a confidence of 68.29%.

**Evidence:** No local feature evidence was supplied in this configuration.

**Risk and Policy:** The risk score is 4.44, indicating a moderate risk. The attack is classified as Exploitation, and it falls under the Alert policy zone.

**Recommended Action:** A SOC alert should be raised, and the event context should be enriched. The recommended action is to raise a SOC alert and enrich the event context.

**Human Review:** Human review is required due to the detector confidence below the fixed 0.70 threshold.

**Limitations:** The provided evidence does not include any local feature data, which limits the accuracy of the prediction.",353,160,5.724684268000601,27.949139639779904,False,115
UNSW-OFFICIAL-70047,A2_constrained_no_shap,2.0,success,,Normal,True,"### Evidence-Grounded SOC Report

**Prediction Summary:** The system predicted a normal event with a confidence of 97.17%.

**Evidence:** No local feature evidence was supplied in this configuration.

**Risk and Policy:** The risk score is 0.0, indicating no significant risk. The policy zone is ""Monitor,"" suggesting that monitoring is the recommended action.

**Recommended Action:** Log the event and continue monitoring.

**Human Review:** No mandatory human review is required.

**Limitations:** The system did not provide any specific features or attack behavior to support the prediction.",338,118,4.090820321999672,28.845070355551407,False,83
UNSW-OFFICIAL-72656,A2_constrained_no_shap,2.0,success,,Normal,False,"### SOC Report

**Prediction Summary:** The predicted attack class is Fuzzers, with a confidence of 65.67%.

**Evidence:** No local feature evidence was supplied in this configuration.

**Risk and Policy:** The risk score is 4.2689, and the policy zone is Alert. The recommended action is to raise a SOC alert and enrich the event context.

**Recommended Action:** Raise a SOC alert and enrich the event context.

**Human Review:** Human review is required due to the detector confidence below the fixed 0.70 threshold.

**Limitations:** The provided evidence does not include any local feature data, which limits the accuracy of the prediction.",353,141,5.861935264999374,24.053489782101007,False,99
UNSW-OFFICIAL-74299,A2_constrained_no_shap,2.0,success,,Normal,False,"### Evidence-Grounded SOC Report

**Prediction Summary:** Analysis

**Evidence:** No local feature evidence was supplied in this configuration.

**Risk and Policy:** 
- **Risk Score:** 1.1597
- **Policy Zone:** Monitor

**Recommended Action:** Log the event and continue monitoring.

**Human Review:** 
- **Required:** Yes
- **Confidence Threshold:** 0.7
- **Reason:** Detector confidence below the fixed 0.70 threshold.

**Limitations:** The provided evidence does not include any specific features or attack behaviors that could be used to refine the prediction or improve the detection accuracy.",346,132,4.527951760000178,29.152254042564007,False,80
UNSW-OFFICIAL-74463,A2_constrained_no_shap,2.0,success,,Normal,False,"### Evidence-Grounded SOC Report

**Prediction Summary:** Analysis

**Evidence:** No local feature evidence was supplied in this configuration.

**Risk and Policy:** 
- **Risk Score:** 0.8
- **Policy Zone:** Monitor

**Recommended Action:** Log the event and continue monitoring.

**Human Review:** 
- **Required:** Yes
- **Confidence Threshold:** 0.7
- **Reason:** Detector confidence below the fixed 0.70 threshold.

**Limitations:** The analysis is based on the provided evidence, which does not include any local feature data. This limits the accuracy and specificity of the risk assessment and recommended action.",345,135,4.903944523000064,27.528859547010466,False,84
UNSW-OFFICIAL-76452,A2_constrained_no_shap,2.0,success,,Normal,False,"### Evidence-Grounded SOC Report

**Prediction Summary:** The predicted attack class is Fuzzers, with a confidence of 78.75%.

**Evidence:** No local feature evidence was supplied in this configuration.

**Risk and Policy:** The risk score is 5.119, placing the attack at a high level. The policy zone is set to Block, indicating a mandatory action to prevent the attack.

**Recommended Action:** The recommended action is to Block the suspected source and initiate an investigation.

**Human Review:** Human review is not required as the confidence threshold is below 70%.

**Limitations:** The report does not include any specific details about the attack, such as the IP addresses, hostnames, or the exact nature of the fuzzing activity.",344,158,6.066958073999558,26.042705104082035,False,112
UNSW-OFFICIAL-76644,A2_constrained_no_shap,2.0,success,,Normal,False,"### SOC Report

#### Prediction Summary
The predicted label is ""Exploits,"" with a confidence of 0.585 and an uncertainty score of 0.415. The predicted stage is ""Exploitation,"" and the risk score is 3.8028. The policy zone is ""Alert,"" and the recommended action is to raise a SOC alert and enrich the event context.

#### Evidence
No local feature evidence was supplied in this configuration.

#### Risk and Policy
The risk score indicates a moderate risk, and the policy zone is set to ""Alert."" The recommended action is to raise a SOC alert and enrich the event context.

#### Recommended Action
Raise a SOC alert and enrich the event context.

#### Human Review
Human review is required due to the detector confidence below the fixed 0.70 threshold.

#### Limitations
The provided evidence does not include local feature data, which is necessary for making accurate predictions.",354,195,6.7990532339999845,28.68046377764255,False,144
UNSW-OFFICIAL-76646,A2_constrained_no_shap,2.0,success,,Normal,False,"### SOC Report

#### Prediction Summary
The predicted label is ""Exploits,"" with a confidence of 0.7071633199400178 and an uncertainty score of 0.2928366800599822. The predicted stage is ""Exploitation,"" and the risk score is 4.5966. The policy zone is ""Alert,"" and the recommended action is to raise a SOC alert and enrich the event context.

#### Evidence
No local feature evidence was supplied in this configuration.

#### Risk and Policy
The risk score indicates a high risk, with a policy zone set to ""Alert."" The recommended action is to raise a SOC alert and enrich the event context.

#### Recommended Action
Raise a SOC alert and enrich the event context.

#### Human Review
Human review is not required, as the confidence threshold is set to 0.7, and no mandatory confidence-based referral is needed.

#### Limitations
The provided evidence does not include any local feature data, which limits the ability to make a more precise prediction.",347,232,8.760157063000406,26.483543426393613,False,153
UNSW-OFFICIAL-77415,A2_constrained_no_shap,2.0,success,,Normal,True,"### Evidence-Grounded SOC Report

**Prediction Summary:** The system detected a normal event.

**Evidence:** No local feature evidence was supplied in this configuration.

**Risk and Policy:** The risk score is 0.0, indicating no significant risk. The policy zone is ""Monitor,"" suggesting that monitoring is the recommended action.

**Recommended Action:** Log the event and continue monitoring.

**Human Review:** The recommended action is based on the confidence threshold of the detector, which is below the fixed 0.70 threshold. A human review is required to ensure the event is correctly classified and to determine if further action is necessary.

**Limitations:** The confidence threshold for the detector is below the fixed 0.70 threshold, necessitating a human review to ensure the event is correctly classified.",344,161,6.0586893540003075,26.573404014136855,False,119
UNSW-OFFICIAL-80444,A2_constrained_no_shap,2.0,success,,Normal,False,"### SOC Report

**Prediction Summary:** The predicted attack class is Shellcode, with a confidence of 45.95%.

**Evidence:** No local feature evidence was supplied in this configuration.

**Risk and Policy:** The risk score is 3.9061, placing the attack at a moderate level. The policy zone is Alert, indicating that an alert should be raised.

**Recommended Action:** A SOC alert should be raised, and the event context should be enriched to provide more details about the shellcode activity.

**Human Review:** The recommended action is required due to the detector confidence below the fixed 0.70 threshold.

**Limitations:** The provided evidence does not include any local feature data, which limits the ability to identify specific attack patterns or behaviors.",350,159,6.009219830999427,26.459341557081263,False,115
UNSW-OFFICIAL-80463,A2_constrained_no_shap,2.0,success,,Normal,False,"### Evidence-Grounded SOC Report

**Prediction Summary:** Analysis

**Evidence:** No local feature evidence was supplied in this configuration.

**Risk and Policy:** 
- **Risk Score:** 1.2991
- **Policy Zone:** Monitor

**Recommended Action:** Log the event and continue monitoring.

**Human Review:** 
- **Required:** Yes
- **Confidence Threshold:** 0.70
- **Reason:** Detector confidence below the fixed 0.70 threshold.

**Limitations:** The analysis is based on the provided evidence, which does not include any local feature data. This limits the accuracy and specificity of the risk assessment and recommended action.",348,139,4.825067198999932,28.807888940657623,False,84
UNSW-OFFICIAL-81279,A2_constrained_no_shap,2.0,success,,Normal,False,"### Evidence Grounded SOC Report

#### Prediction Summary
The predicted attack class is Fuzzers, with a confidence of 75.81%.

#### Evidence
No local feature evidence was supplied in this configuration.

#### Risk and Policy
Risk Score: 4.9277
Policy Zone: Alert
Recommended Action: Raise a SOC alert and enrich the event context.

#### Recommended Action
Human Review: Required
Human Review Confidence Threshold: 0.7
Reason: No mandatory confidence-based referral.

#### Limitations
The provided evidence does not include any specific features or attack behaviors that could be used to refine the prediction or enhance the human review process.",347,137,5.756680634999611,23.798436753128872,False,95
