event_id,configuration_id,prompt_version,generation_status,generation_error,true_label_evaluation_only,classification_correct_evaluation_only,report_text,input_tokens,output_tokens,generation_seconds,tokens_per_second,reached_token_limit,report_words
UNSW-OFFICIAL-442,A3_constrained_full,2.0,success,,Shellcode,True,"### Evidence-Grounded SOC Report

**Prediction Summary:**
The predicted label is ""Shellcode,"" with a confidence of 75.59% and an uncertainty score of 24.41%. The predicted stage is ""Advanced Intrusion,"" and the risk score is 6.43.

**Evidence:**
1. **ct_dst_src_ltm**: ct_dst_src_ltm = 1, Observed Value: 1.0, SHAP Value: 0.0654, Direction: supports predicted class
2. **sbytes**: sbytes = 684, Observed Value: 684.0, SHAP Value: 0.0535, Direction: supports predicted class
3. **service_-**: Service = unspecified, Observed Value: 1.0, SHAP Value: 0.0467, Direction: supports predicted class
4. **dmean**: dmean = 45, Observed Value: 45.0, SHAP Value: 0.0329, Direction: supports predicted class
5. **service_http**: Service is not http, Observed Value: 0.0, SHAP Value: 0.0328, Direction: supports predicted class

**Risk and Policy:**
The recommended action is to ""Block the suspected source and initiate investigation."" The policy zone is ""Block,"" and the risk score is 6.43.

**Recommended Action:**
The recommended action is to ""Block the suspected source and initiate investigation.""

**Human Review:**
No mandatory confidence-based referral is required.

**Limitations:**
This report is limited to the detector and supplied SHAP evidence.",714,360,13.53855333699994,26.590728790508557,False,171
UNSW-OFFICIAL-578,A3_constrained_full,2.0,success,,Shellcode,True,"### Evidence-Grounded SOC Report

**Prediction Summary:**
The predicted label is ""Shellcode,"" with a confidence of 94.99% and an uncertainty score of 5.01%. The predicted stage is ""Advanced Intrusion,"" and the risk score is 8.07.

**Evidence:**
1. **smean**: 161 (supports predicted class)
2. **proto_udp**: 1.0 (supports predicted class)
3. **sbytes**: 322 (supports predicted class)
4. **ct_dst_src_ltm**: 1.0 (supports predicted class)
5. **ct_dst_sport_ltm**: 1.0 (supports predicted class)

**Risk and Policy:**
The recommended action is to ""Isolate the affected asset and escalate to incident response."" The policy zone is ""Isolation,"" and the risk score is 8.07.

**Recommended Action:**
Isolate the affected asset and escalate to incident response.

**Human Review:**
No mandatory confidence-based referral is required.

**Limitations:**
This report is limited to the detector and supplied SHAP evidence.",738,238,8.974520517999736,26.519522633287828,False,124
UNSW-OFFICIAL-822,A3_constrained_full,2.0,success,,Worms,False,"### Evidence-Grounded SOC Report

#### Prediction Summary
The predicted label is ""Exploits"" with a confidence of 0.5474 and an uncertainty score of 0.4526. The recommended action is to raise a SOC alert and enrich the event context.

#### Evidence
1. **dinpkt**: dinpkt = 17.7852, SHAP value = 0.0397, direction = supports predicted class
2. **dload**: dload = 580209, SHAP value = 0.0396, direction = supports predicted class
3. **dloss**: dloss = 116, SHAP value = 0.0359, direction = supports predicted class
4. **sttl**: sttl = 254, SHAP value = -0.0321, direction = opposes predicted class
5. **dmean**: dmean = 1307, SHAP value = 0.0314, direction = supports predicted class

#### Risk and Policy
- **Stage**: Exploitation
- **Risk Score**: 3.5582
- **Policy Zone**: Alert

#### Recommended Action
- **Recommended Action**: Raise a SOC alert and enrich the event context.

#### Human Review
- **Human Review Required**: Yes
- **Confidence Threshold**: 0.70
- **Reason**: Detector confidence below the fixed 0.70 threshold.

#### Limitations
- **Report Limitations**: This report is limited to the detector and supplied SHAP evidence.",764,347,12.75292586499927,27.20944226237136,False,176
UNSW-OFFICIAL-862,A3_constrained_full,2.0,success,,DoS,False,"### Evidence-Grounded SOC Report

**Prediction Summary:**
The predicted label is **Backdoor** with a confidence of **0.471** and an uncertainty score of **0.529**. The recommended action is to **Raise a SOC alert and enrich the event context**.

**Evidence:**
1. **ct_src_ltm**: ct_src_ltm = 11, SHAP value = 0.070665, direction = supports predicted class
2. **proto_udp**: Protocol is not udp, SHAP value = 0.026709, direction = supports predicted class
3. **ct_dst_sport_ltm**: ct_dst_sport_ltm = 2, SHAP value = 0.025333, direction = supports predicted class
4. **sbytes**: sbytes = 200, SHAP value = 0.024697, direction = supports predicted class
5. **ct_dst_src_ltm**: ct_dst_src_ltm = 6, SHAP value = 0.018927, direction = supports predicted class

**Risk and Policy:**
- **Risk Score**: 3.7692
- **Policy Zone**: Alert
- **Recommended Action**: Raise a SOC alert and enrich the event context

**Human Review:**
- **Required**: Yes
- **Confidence Threshold**: 0.7
- **Reason**: Detector confidence below the fixed 0.70 threshold.

**Limitations:**
- The report is limited to the detector and supplied SHAP evidence.",744,344,12.990014139999403,26.481880334582595,False,162
UNSW-OFFICIAL-957,A3_constrained_full,2.0,success,,Shellcode,False,"### SOC Report

#### Prediction Summary
The predicted label is ""Exploits"" with a confidence of 0.3625 and an uncertainty score of 0.6375. The recommended action is to raise a SOC alert and enrich the event context.

#### Evidence
1. **dload**: dload = 11647.9, SHAP value = 0.0282, direction = supports predicted class
2. **sinpkt**: sinpkt = 16.72, SHAP value = 0.0249, direction = supports predicted class
3. **sload**: sload = 34267.8, SHAP value = 0.0247, direction = supports predicted class
4. **ct_srv_dst**: ct_srv_dst = 1, SHAP value = 0.0238, direction = supports predicted class
5. **rate**: rate = 97.4995, SHAP value = 0.0228, direction = supports predicted class

#### Risk and Policy
- **Stage**: Exploitation
- **Risk Score**: 2.3565
- **Policy Zone**: Alert

#### Recommended Action
- **Recommended Action**: Raise a SOC alert and enrich the event context.

#### Human Review
- **Human Review Required**: Yes
- **Confidence Threshold**: 0.7
- **Reason**: Detector confidence below the fixed 0.70 threshold.

#### Limitations
- **Report Limitations**: This report is limited to the detector and supplied SHAP evidence.",783,346,12.677375991999725,27.29271421927923,False,175
UNSW-OFFICIAL-966,A3_constrained_full,2.0,success,,Shellcode,False,"### Evidence-Grounded SOC Report

#### Prediction Summary
The predicted label is ""Fuzzers"" with a confidence of 0.4442 and an uncertainty score of 0.5558. The recommended action is to raise a SOC alert and enrich the event context.

#### Evidence
1. **Protocol = udp** - Observed Value: 1.0, SHAP Value: 0.081984, Direction: supports predicted class
2. **ct_dst_src_ltm = 2** - Observed Value: 2.0, SHAP Value: 0.062382, Direction: supports predicted class
3. **ct_srv_src = 3** - Observed Value: 3.0, SHAP Value: 0.042438, Direction: supports predicted class
4. **ct_srv_dst = 2** - Observed Value: 2.0, SHAP Value: 0.024724, Direction: supports predicted class
5. **sload = 6.6e+07** - Observed Value: 66000000.0, SHAP Value: 0.019887, Direction: supports predicted class

#### Risk and Policy
- **Stage**: Exploitation
- **Risk Score**: 2.8876
- **Policy Zone**: Alert
- **Recommended Action**: Raise a SOC alert and enrich the event context.

#### Human Review
- **Required**: Yes
- **Confidence Threshold**: 0.7
- **Reason**: Detector confidence below the fixed 0.70 threshold.

#### Limitations
- The report is limited to the detector and supplied SHAP evidence.",740,377,13.935828525999568,27.052571671404024,False,174
UNSW-OFFICIAL-1294,A3_constrained_full,2.0,success,,Shellcode,False,"### SOC Report

#### Prediction Summary
The predicted label is ""Fuzzers"" with a confidence of 0.4301 and an uncertainty score of 0.5699. The recommended action is to raise a SOC alert and enrich the event context.

#### Evidence
1. **smean**: 53 (supports predicted class)
2. **sbytes**: 532 (supports predicted class)
3. **sjit**: 16274.1 (supports predicted class)
4. **ackdat**: 0.0783 (supports predicted class)
5. **dinpkt**: 338.222 (supports predicted class)

#### Risk and Policy
- **Stage**: Exploitation
- **Risk Score**: 2.7958
- **Policy Zone**: Alert

#### Recommended Action
- **Recommended Action**: Raise a SOC alert and enrich the event context.

#### Human Review
- **Human Review Required**: Yes
- **Confidence Threshold**: 0.70
- **Reason**: Detector confidence below the fixed 0.70 threshold.

#### Limitations
- **Report Limitations**: This report is limited to the detector and supplied SHAP evidence.",781,261,9.740781991000404,26.794563335997076,False,135
UNSW-OFFICIAL-1319,A3_constrained_full,2.0,success,,Shellcode,True,"### Evidence-Grounded SOC Report

#### Prediction Summary
The predicted label is **Shellcode**, with a confidence of **0.286** and an uncertainty score of **0.714**. The predicted stage is **Advanced Intrusion** and the risk score is **2.431**.

#### Evidence
1. **ct_dst_src_ltm**: **1.0** (supports predicted class)
2. **sbytes**: **912.0** (supports predicted class)
3. **smean**: **91.0** (supports predicted class)
4. **service_-**: **unspecified** (supports predicted class)
5. **sjit**: **13291.6** (opposes predicted class)

#### Risk and Policy
- **Stage**: Advanced Intrusion
- **Risk Score**: 2.431
- **Policy Zone**: Alert
- **Recommended Action**: Raise a SOC alert and enrich the event context.

#### Recommended Action
- **Human Review**: Required
- **Confidence Threshold**: 0.7
- **Reason**: Detector confidence below the fixed 0.70 threshold.

#### Limitations
- **Report Limitations**: The report is limited to the detector and supplied SHAP evidence.",745,267,10.168979466000565,26.256322071718223,False,131
UNSW-OFFICIAL-1468,A3_constrained_full,2.0,success,,DoS,True,"### Evidence-Grounded SOC Report

**Prediction Summary:**
The predicted label is **DoS** with a confidence of **0.683** and an uncertainty score of **0.317**. The recommended action is to **Raise a SOC alert and enrich the event context**.

**Evidence:**
1. **sttl (State Time to Live)**: **254** (supports predicted class)
2. **sloss (State Loss)**: **14** (supports predicted class)
3. **sbytes (State Bytes Sent)**: **19789** (supports predicted class)
4. **dbytes (Destination Bytes Sent)**: **1844** (supports predicted class)
5. **spkts (State Packets Sent)**: **34** (supports predicted class)

**Risk and Policy:**
The risk score is **4.782** and the policy zone is **Alert**. The recommended action is to **Raise a SOC alert and enrich the event context**.

**Recommended Action:**
- **Raise a SOC alert** to notify the security team of the potential DoS attack.
- **Enrich the event context** with the observed values and SHAP values to provide more context for further investigation.

**Human Review:**
- **Human Review Required**: The detector confidence is below the fixed 0.70 threshold, necessitating a human review to ensure the alert is appropriate.

**Limitations:**
- The report is limited to the detector and supplied SHAP evidence. It does not include additional details such as attack behavior, causes, impacts, IP addresses, hostnames, CVEs, malware, tools, or extra remediation.",736,354,13.264861751999888,26.687047827439958,False,205
UNSW-OFFICIAL-1587,A3_constrained_full,2.0,success,,Worms,False,"### Evidence-Grounded SOC Report

#### Prediction Summary
The predicted label is ""Exploits"" with a confidence of 0.4899 and an uncertainty score of 0.5100. The recommended action is to raise a SOC alert and enrich the event context.

#### Evidence
1. **dtcpb**: The total data transferred (dtcpb) is 4.19464e+09 bytes, supporting the predicted class.
2. **sbytes**: The size of the data transferred (sbytes) is 1282 bytes, supporting the predicted class.
3. **ct_srv_dst**: The destination service (ct_srv_dst) is 1, supporting the predicted class.
4. **service_-**: An application service is identified, supporting the predicted class.
5. **smean**: The average size of the data transferred (smean) is 128 bytes, supporting the predicted class.

#### Risk and Policy
- **Stage**: Exploitation
- **Risk Score**: 3.1846
- **Policy Zone**: Alert

#### Recommended Action
- **Recommended Action**: Raise a SOC alert and enrich the event context.

#### Human Review
- **Human Review Required**: Yes
- **Confidence Threshold**: 0.70
- **Reason**: Detector confidence below the fixed 0.70 threshold.

#### Limitations
- **Report Limitations**: This report is limited to the detector and supplied SHAP evidence. It does not include additional attack behavior, causes, impacts, IP addresses, hostnames, CVEs, malware, tools, or any other remediation details.",748,345,12.839571456000158,26.870055685446996,False,196
UNSW-OFFICIAL-1645,A3_constrained_full,2.0,success,,Exploits,False,"### Evidence-Grounded SOC Report

#### Prediction Summary
The predicted label is **DoS** with a confidence of **0.2897** and an uncertainty score of **0.7102**. The recommended action is to **Raise a SOC alert and enrich the event context**.

#### Evidence
1. **Protocol is not UDP** (Supports predicted class)
2. **sbytes = 180** (Supports predicted class)
3. **ct_dst_sport_ltm = 10** (Supports predicted class)
4. **smean = 90** (Supports predicted class)
5. **ct_src_ltm = 10** (Opposes predicted class)

#### Risk and Policy
- **Risk Score:** 2.0282
- **Policy Zone:** Alert
- **Recommended Action:** Raise a SOC alert and enrich the event context

#### Human Review
- **Human Review Required:** Yes
- **Confidence Threshold:** 0.7
- **Reason:** Detector confidence below the fixed 0.70 threshold.

#### Limitations
This report is limited to the detector and supplied SHAP evidence.",741,247,8.954415310000513,27.584157250797187,False,133
UNSW-OFFICIAL-1779,A3_constrained_full,2.0,success,,Fuzzers,True,"### Evidence-Grounded SOC Report

#### Prediction Summary
The predicted label is ""Fuzzers"" with a confidence of 0.9094 and an uncertainty score of 0.0906. The recommended action is to block the suspected source and initiate investigation.

#### Evidence
1. **sloss = 3** - Supports predicted class
2. **spkts = 12** - Supports predicted class
3. **dbytes = 822** - Supports predicted class
4. **sbytes = 1046** - Supports predicted class
5. **dmean = 82** - Supports predicted class

#### Risk and Policy
- **Stage:** Exploitation
- **Risk Score:** 5.9111
- **Policy Zone:** Block

#### Recommended Action
- **Recommended Action:** Block the suspected source and initiate investigation.

#### Human Review
- **Human Review Required:** No
- **Confidence Threshold:** 0.7
- **Reason:** No mandatory confidence-based referral.

#### Limitations
- The report is limited to the detector and supplied SHAP evidence.",722,240,8.958308306999243,26.79077251811984,False,137
UNSW-OFFICIAL-1860,A3_constrained_full,2.0,success,,Backdoor,True,"### Evidence-Grounded SOC Report

#### Prediction Summary
The predicted label is **Backdoor** with a confidence of **0.268** and an uncertainty score of **0.732**. The recommended action is to **Raise a SOC alert and enrich the event context**.

#### Evidence
1. **Protocol is not UDP** (Supports Predicted Class)
2. **sbytes = 200** (Supports Predicted Class)
3. **ct_dst_sport_ltm = 2** (Supports Predicted Class)
4. **smean = 100** (Supports Predicted Class)
5. **ct_dst_src_ltm = 4** (Supports Predicted Class)

#### Risk and Policy
- **Stage**: Command and Control
- **Risk Score**: 2.1474
- **Policy Zone**: Alert

#### Recommended Action
- **Recommended Action**: Raise a SOC alert and enrich the event context.

#### Human Review
- **Human Review Required**: Yes
- **Confidence Threshold**: 0.7
- **Reason**: Detector confidence below the fixed 0.70 threshold.

#### Limitations
- **Report Limitations**: This report is limited to the detector and supplied SHAP evidence. It does not include additional attack behavior, causes, impacts, IP addresses, hostnames, CVEs, malware, tools, or any remediation steps.",741,299,11.348958079999647,26.34603087722475,False,163
UNSW-OFFICIAL-2180,A3_constrained_full,2.0,success,,Shellcode,False,"### Evidence-Grounded SOC Report

#### Prediction Summary
The predicted label is ""Fuzzers"" with a confidence of 0.581 and an uncertainty score of 0.419. The recommended action is to raise a SOC alert and enrich the event context.

#### Evidence
1. **smean**: 52 (supports predicted class)
2. **sbytes**: 518 (supports predicted class)
3. **dpkts**: 6 (supports predicted class)
4. **dmean**: 45 (supports predicted class)
5. **dbytes**: 268 (supports predicted class)

#### Risk and Policy
- **Stage**: Exploitation
- **Risk Score**: 3.7768
- **Policy Zone**: Alert

#### Recommended Action
- **Recommended Action**: Raise a SOC alert and enrich the event context.

#### Human Review
- **Human Review Required**: Yes
- **Confidence Threshold**: 0.70
- **Reason**: Detector confidence below the fixed 0.70 threshold.

#### Limitations
- **Report Limitations**: This report is limited to the detector and supplied SHAP evidence. It does not include additional attack behavior, causes, impacts, IP addresses, hostnames, CVEs, malware, tools, or remediation steps.",728,278,10.583058348000122,26.268399063729397,False,154
UNSW-OFFICIAL-2362,A3_constrained_full,2.0,success,,Exploits,False,"### Evidence-Grounded SOC Report

#### Prediction Summary
The predicted label is **Backdoor** with a confidence of **0.294** and an uncertainty score of **0.706**. The recommended action is to **Raise a SOC alert and enrich the event context**.

#### Evidence
1. **Protocol is not UDP** (SHAP value: 0.023, direction: supports predicted class)
2. **sbytes = 200** (SHAP value: 0.016, direction: supports predicted class)
3. **ct_dst_sport_ltm = 3** (SHAP value: 0.013, direction: supports predicted class)
4. **ct_dst_src_ltm = 5** (SHAP value: 0.010, direction: supports predicted class)
5. **ct_srv_src = 5** (SHAP value: 0.009, direction: supports predicted class)

#### Risk and Policy
- **Stage**: Command and Control
- **Risk Score**: 2.3535
- **Policy Zone**: Alert

#### Recommended Action
- **Recommended Action**: Raise a SOC alert and enrich the event context.

#### Human Review
- **Human Review Required**: Yes
- **Confidence Threshold**: 0.7
- **Reason**: Detector confidence below the fixed 0.70 threshold.

#### Limitations
- **Report Limitations**: This report is limited to the detector and supplied SHAP evidence. It does not include additional attack behavior, causes, impacts, IP addresses, hostnames, CVEs, malware, tools, or any remediation steps.",739,353,13.180245312000807,26.782506064480327,False,183
UNSW-OFFICIAL-2491,A3_constrained_full,2.0,success,,Exploits,False,"### Evidence-Grounded SOC Report

#### Prediction Summary
The predicted label is **Backdoor** with a confidence of **0.347** and an uncertainty score of **0.653**. The recommended action is to **Raise a SOC alert and enrich the event context**.

#### Evidence
1. **Protocol is not udp** (Observed Value: 0.0, SHAP Value: 0.03576, Direction: supports predicted class)
2. **Protocol = any** (Observed Value: 1.0, SHAP Value: 0.02672, Direction: supports predicted class)
3. **sbytes = 200** (Observed Value: 200.0, SHAP Value: 0.01963, Direction: supports predicted class)
4. **ct_srv_dst = 6** (Observed Value: 6.0, SHAP Value: 0.01602, Direction: supports predicted class)
5. **ct_dst_src_ltm = 6** (Observed Value: 6.0, SHAP Value: 0.01592, Direction: supports predicted class)

#### Risk and Policy
- **Stage**: Command and Control
- **Risk Score**: 2.7781
- **Policy Zone**: Alert

#### Recommended Action
- **Recommended Action**: Raise a SOC alert and enrich the event context.

#### Human Review
- **Human Review Required**: Yes
- **Confidence Threshold**: 0.7
- **Reason**: Detector confidence below the fixed 0.70 threshold.

#### Limitations
- **Report Limitations**: This report is limited to the detector and supplied SHAP evidence.",725,373,13.875928925000153,26.88108320647051,False,179
UNSW-OFFICIAL-2673,A3_constrained_full,2.0,success,,Fuzzers,False,"### Evidence-Grounded SOC Report

**Prediction Summary:**
The system predicts the event as **Normal** with a confidence of 82.49% and an uncertainty score of 17.51%. The recommended action is to log the event and continue monitoring.

**Evidence:**
1. **sbytes**: sbytes = 1064 (supports predicted class)
2. **ct_srv_src**: ct_srv_src = 36 (supports predicted class)
3. **ct_srv_dst**: ct_srv_dst = 36 (supports predicted class)
4. **ct_dst_src_ltm**: ct_dst_src_ltm = 36 (supports predicted class)
5. **smean**: smean = 532 (supports predicted class)

**Risk and Policy:**
- **Risk Score**: 0.0
- **Policy Zone**: Monitor
- **Recommended Action**: Log the event and continue monitoring

**Human Review:**
- **Required**: No
- **Confidence Threshold**: 0.7
- **Reason**: No mandatory confidence-based referral

**Limitations:**
- The report is limited to the detector and supplied SHAP evidence.",729,245,8.626591207999809,28.40055754268279,False,124
UNSW-OFFICIAL-2751,A3_constrained_full,2.0,success,,DoS,False,"### Evidence-Grounded SOC Report

#### Prediction Summary
The predicted label is **Reconnaissance** with a confidence of **0.365** and an uncertainty score of **0.635**. The recommended action is to **Log the event and continue monitoring**.

#### Evidence
1. **service_-**: An application service is identified (0.03278)
2. **sbytes**: sbytes = 470 (0.02434)
3. **service_http**: Service = http (0.02371)
4. **ct_dst_src_ltm**: ct_dst_src_ltm = 1 (0.01421)
5. **sttl**: sttl = 254 (0.01384)

#### Risk and Policy
- **Stage**: Reconnaissance
- **Risk Score**: 1.0957
- **Policy Zone**: Monitor
- **Recommended Action**: Log the event and continue monitoring

#### Recommended Action
- **Human Review**: Required
- **Confidence Threshold**: 0.7
- **Reason**: Detector confidence below the fixed 0.70 threshold.

#### Limitations
- The report is limited to the detector and supplied SHAP evidence.",725,270,10.359314437999274,26.06350078626882,False,126
UNSW-OFFICIAL-2840,A3_constrained_full,2.0,success,,Analysis,False,"### Evidence-Grounded SOC Report

#### Prediction Summary
The predicted label is **DoS** with a confidence of **0.3077955695407662** and an uncertainty score of **0.6922044304592339**. The recommended action is to **Raise a SOC alert and enrich the event context**.

#### Evidence
1. **Protocol is not UDP** (Supports predicted class, SHAP value: 0.0232558883726596, Direction: supports predicted class)
2. **spkts = 4** (Supports predicted class, SHAP value: 0.012884072959423, Direction: supports predicted class)
3. **sbytes = 360** (Supports predicted class, SHAP value: 0.0125517211854457, Direction: supports predicted class)
4. **dur = 1.00765** (Supports predicted class, SHAP value: 0.0119817657396197, Direction: supports predicted class)
5. **rate = 2.97722** (Supports predicted class, SHAP value: 0.0113654797896742, Direction: supports predicted class)

#### Risk and Policy
- **Stage**: Impact / Availability
- **Risk Score**: 2.1546
- **Policy Zone**: Alert
- **Recommended Action**: Raise a SOC alert and enrich the event context

#### Human Review
- **Required**: Yes
- **Confidence Threshold**: 0.7
- **Reason**: Detector confidence below the fixed 0.70 threshold.

#### Limitations
This report is limited to the",752,420,15.598926297000617,26.92493008834577,True,166
UNSW-OFFICIAL-2842,A3_constrained_full,2.0,success,,DoS,True,"### Evidence-Grounded SOC Report

#### Prediction Summary
The predicted label is **DoS** with a confidence of **0.3077955695407662** and an uncertainty score of **0.6922044304592339**. The recommended action is to **Raise a SOC alert and enrich the event context**.

#### Evidence
1. **Protocol is not UDP** (Supports predicted class, SHAP value: 0.0232558883726596, Direction: supports predicted class)
2. **spkts = 4** (Supports predicted class, SHAP value: 0.012884072959423, Direction: supports predicted class)
3. **sbytes = 360** (Supports predicted class, SHAP value: 0.0125517211854457, Direction: supports predicted class)
4. **dur = 1.00765** (Supports predicted class, SHAP value: 0.0119817657396197, Direction: supports predicted class)
5. **rate = 2.97722** (Supports predicted class, SHAP value: 0.0113654797896742, Direction: supports predicted class)

#### Risk and Policy
- **Stage**: Impact / Availability
- **Risk Score**: 2.1546
- **Policy Zone**: Alert
- **Recommended Action**: Raise a SOC alert and enrich the event context

#### Human Review
- **Required**: Yes
- **Confidence Threshold**: 0.7
- **Reason**: Detector confidence below the fixed 0.70 threshold.

#### Limitations
This report is limited to the",752,420,15.567105355999956,26.979967720082357,True,166
UNSW-OFFICIAL-2854,A3_constrained_full,2.0,success,,Worms,False,"### Evidence-Grounded SOC Report

#### Prediction Summary
The predicted label is ""Generic"" with a confidence of 0.3215 and an uncertainty score of 0.6785. The recommended action is to raise a SOC alert and enrich the event context.

#### Evidence
1. **sbytes**: sbytes = 92, SHAP value = 0.0636, direction = supports predicted class
2. **ct_src_ltm**: ct_src_ltm = 19, SHAP value = 0.0568, direction = supports predicted class
3. **smean**: smean = 46, SHAP value = 0.0327, direction = supports predicted class
4. **service_dns**: Service is not dns, SHAP value = -0.0278, direction = opposes predicted class
5. **sload**: sload = 7.36e+07, SHAP value = 0.0269, direction = supports predicted class

#### Risk and Policy
- **Stage**: Exploitation
- **Risk Score**: 2.0898
- **Policy Zone**: Alert

#### Recommended Action
- **Recommended Action**: Raise a SOC alert and enrich the event context.

#### Human Review
- **Human Review Decision**: Required
- **Confidence Threshold**: 0.7
- **Reason**: Detector confidence below the fixed 0.70 threshold.

#### Limitations
- The report is limited to the detector and supplied SHAP evidence.",738,333,12.41117634999955,26.830655741992746,False,175
UNSW-OFFICIAL-2866,A3_constrained_full,2.0,success,,Exploits,False,"### Evidence-Grounded SOC Report

#### Prediction Summary
The predicted label is **Backdoor** with a confidence of **0.318** and an uncertainty score of **0.682**. The recommended action is to **Raise a SOC alert and enrich the event context**.

#### Evidence
1. **Protocol is not UDP** (SHAP value: 0.021, direction: supports predicted class)
2. **sbytes = 200** (SHAP value: 0.016, direction: supports predicted class)
3. **ct_dst_sport_ltm = 3** (SHAP value: 0.015, direction: supports predicted class)
4. **ct_src_dport_ltm = 3** (SHAP value: 0.012, direction: supports predicted class)
5. **ct_dst_src_ltm = 4** (SHAP value: 0.009, direction: supports predicted class)

#### Risk and Policy
- **Stage**: Command and Control
- **Risk Score**: 2.5451
- **Policy Zone**: Alert

#### Recommended Action
- **Recommended Action**: Raise a SOC alert and enrich the event context.

#### Human Review
- **Human Review Required**: Yes
- **Confidence Threshold**: 0.7
- **Reason**: Detector confidence below the fixed 0.70 threshold.

#### Limitations
- **Report Limitations**: This report is limited to the detector and supplied SHAP evidence. It does not include additional attack behavior, causes, impacts, IP addresses, hostnames, CVEs, malware, tools, or any remediation steps.",749,356,13.376209548000588,26.614415595277002,False,183
UNSW-OFFICIAL-2899,A3_constrained_full,2.0,success,,Shellcode,False,"### Evidence-Grounded SOC Report

#### Prediction Summary
The predicted label is **Reconnaissance** with a confidence of **0.3208** and an uncertainty score of **0.6792**. The recommended action is to **Log the event and continue monitoring**.

#### Evidence
1. **smean**: The mean size of the payload is **54** bytes, which is **opposed** to the predicted class.
2. **dmean**: The mean size of the data transferred is **44** bytes, which is **supports** the predicted class.
3. **sbytes**: The size of the payload is **542** bytes, which is **opposed** to the predicted class.
4. **ct_dst_src_ltm**: The number of connections to the destination is **1**, which is **supports** the predicted class.
5. **dbytes**: The size of the data transferred is **354** bytes, which is **supports** the predicted class.

#### Risk and Policy
- **Stage**: Reconnaissance
- **Risk Score**: 0.9625
- **Policy Zone**: Monitor

#### Recommended Action
- **Recommended Action**: Log the event and continue monitoring.

#### Human Review
- **Human Review Required**: Yes
- **Confidence Threshold**: 0.70
- **Reason**: Detector confidence below the fixed 0.70 threshold.

#### Limitations
- **Report Limitations**: This report is limited to the detector and supplied SHAP evidence. It does not include additional details such as attack behavior, causes, impacts, IP addresses, hostnames, CVEs, malware, tools, or any remediation steps.",734,356,13.329868238000017,26.70694065715787,False,209
UNSW-OFFICIAL-2905,A3_constrained_full,2.0,success,,Fuzzers,False,"### Evidence-Grounded SOC Report

#### Prediction Summary
The predicted label is **Backdoor** with a confidence of **0.4604** and an uncertainty score of **0.5396**. The recommended action is to **Raise a SOC alert and enrich the event context**.

#### Evidence
1. **ct_src_ltm**: **11** (supports predicted class)
2. **proto_udp**: **0.0** (supports predicted class)
3. **ct_dst_sport_ltm**: **2** (supports predicted class)
4. **sbytes**: **200** (supports predicted class)
5. **ct_srv_dst**: **5** (supports predicted class)

#### Risk and Policy
- **Stage**: Command and Control
- **Risk Score**: 3.6833
- **Policy Zone**: Alert

#### Recommended Action
- **Recommended Action**: Raise a SOC alert and enrich the event context.

#### Human Review
- **Human Review Required**: Yes
- **Confidence Threshold**: 0.7
- **Reason**: Detector confidence below the fixed 0.70 threshold.

#### Limitations
- **Report Limitations**: This report is limited to the detector and supplied SHAP evidence. It does not include additional attack behavior, causes, impacts, IP addresses, hostnames, CVEs, malware, tools, or any remediation steps.",737,293,11.3612584170005,25.78939667119686,False,157
UNSW-OFFICIAL-2942,A3_constrained_full,2.0,success,,Fuzzers,False,"### Evidence-Grounded SOC Report

#### Prediction Summary
The predicted label is ""DoS"" with a confidence of 0.275 and an uncertainty score of 0.725. The recommended action is to log the event and continue monitoring.

#### Evidence
1. **Protocol is not UDP** (Supports predicted class)
2. **sbytes = 200** (Supports predicted class)
3. **ct_dst_sport_ltm = 2** (Supports predicted class)
4. **smean = 100** (Supports predicted class)
5. **ct_dst_src_ltm = 3** (Supports predicted class)

#### Risk and Policy
- **Risk Score:** 1.9258
- **Policy Zone:** Monitor
- **Recommended Action:** Log the event and continue monitoring

#### Human Review
- **Required:** Yes
- **Confidence Threshold:** 0.7
- **Reason:** Detector confidence below the fixed 0.70 threshold.

#### Limitations
This report is limited to the detector and supplied SHAP evidence.",735,233,9.009158078999462,25.862572057995955,False,125
UNSW-OFFICIAL-3205,A3_constrained_full,2.0,success,,DoS,False,"### Evidence-Grounded SOC Report

#### Prediction Summary
The predicted label is **Backdoor** with a confidence of **0.277** and an uncertainty score of **0.723**. The recommended action is to **Raise a SOC alert and enrich the event context**.

#### Evidence
1. **Protocol is not UDP** (SHAP value: 0.0335, direction: supports predicted class)
2. **sbytes = 200** (SHAP value: 0.0175, direction: supports predicted class)
3. **ct_dst_src_ltm = 5** (SHAP value: 0.0124, direction: supports predicted class)
4. **ct_srv_dst = 5** (SHAP value: 0.0104, direction: supports predicted class)
5. **ct_srv_src = 5** (SHAP value: 0.0089, direction: supports predicted class)

#### Risk and Policy
- **Stage**: Command and Control
- **Risk Score**: 2.2188
- **Policy Zone**: Alert

#### Recommended Action
- **Recommended Action**: Raise a SOC alert and enrich the event context.

#### Human Review
- **Human Review Required**: Yes
- **Confidence Threshold**: 0.7
- **Reason**: Detector confidence below the fixed 0.70 threshold.

#### Limitations
- **Report Limitations**: This report is limited to the detector and supplied SHAP evidence. It does not include additional attack behavior, causes, impacts, IP addresses, hostnames, CVEs, malware, tools, or any other remediation details.",731,356,13.297557043999404,26.771834767999508,False,184
UNSW-OFFICIAL-3580,A3_constrained_full,2.0,success,,Shellcode,False,"### SOC Report

#### Prediction Summary
The predicted label is ""Exploits"" with a confidence of 0.4123 and an uncertainty score of 0.5877. The recommended action is to raise a SOC alert and enrich the event context.

#### Evidence
1. **ackdat**: The observed value is 0.008034, with a SHAP value of 0.033817 and a direction that supports the predicted class.
2. **tcprtt**: The observed value is 0.027466, with a SHAP value of 0.029046 and a direction that supports the predicted class.
3. **sinpkt**: The observed value is 17.6971, with a SHAP value of 0.028577 and a direction that supports the predicted class.
4. **dinpkt**: The observed value is 28.609, with a SHAP value of 0.026692 and a direction that supports the predicted class.
5. **dur**: The observed value is 0.162486, with a SHAP value of 0.024992 and a direction that supports the predicted class.

#### Risk and Policy
- **Stage**: Exploitation
- **Risk Score**: 2.6802
- **Policy Zone**: Alert

#### Recommended Action
- **Recommended Action**: Raise a SOC alert and enrich the event context.

#### Human Review
- **Human Review Required**: Yes
- **Confidence Threshold**: 0.70
- **Reason**: Detector confidence below the fixed 0.70 threshold.

#### Limitations
- **Report Limitations**: This report is limited to the detector and supplied SHAP evidence. It does not include additional details such as attack behavior, causes, impacts, IP addresses, hostnames, CVEs, malware, tools,",823,420,15.602770706998854,26.918295980059668,True,228
UNSW-OFFICIAL-3606,A3_constrained_full,2.0,success,,Shellcode,True,"### Evidence-Grounded SOC Report

#### Prediction Summary
The predicted label is ""Shellcode"" with a confidence of 0.2867 and an uncertainty score of 0.7133. The recommended action is to raise a SOC alert and enrich the event context.

#### Evidence
1. **ct_dst_src_ltm**: ct_dst_src_ltm = 1, Observed Value: 1.0, SHAP Value: 0.0574, Direction: supports predicted class
2. **sbytes**: sbytes = 982, Observed Value: 982.0, SHAP Value: 0.0242, Direction: supports predicted class
3. **service_-**: Service = unspecified, Observed Value: 1.0, SHAP Value: 0.0203, Direction: supports predicted class
4. **smean**: smean = 98, Observed Value: 98.0, SHAP Value: 0.0202, Direction: supports predicted class
5. **ct_srv_dst**: ct_srv_dst = 6, Observed Value: 6.0, SHAP Value: -0.0188, Direction: opposes predicted class

#### Risk and Policy
- **Stage**: Advanced Intrusion
- **Risk Score**: 2.437
- **Policy Zone**: Alert
- **Recommended Action**: Raise a SOC alert and enrich the event context

#### Human Review
- **Required**: Yes
- **Confidence Threshold**: 0.7
- **Reason**: Detector confidence below the fixed 0.70 threshold.

#### Limitations
- The report is limited to the detector and supplied SHAP evidence.",728,371,13.873411913000382,26.741799517416936,False,175
UNSW-OFFICIAL-3778,A3_constrained_full,2.0,success,,Reconnaissance,False,"### Evidence-Grounded SOC Report

#### Prediction Summary
The predicted label is ""Analysis"" with a confidence of 0.379 and an uncertainty score of 0.621. The recommended action is to log the event and continue monitoring.

#### Evidence
1. **Protocol is not UDP** (Feature: proto_udp) - Observed Value: 0.0, SHAP Value: 0.032, Direction: Supports Predicted Class
2. **ct_dst_src_ltm = 3** (Feature: ct_dst_src_ltm) - Observed Value: 3.0, SHAP Value: 0.025, Direction: Supports Predicted Class
3. **Protocol = UNAS** (Feature: proto_unas) - Observed Value: 1.0, SHAP Value: 0.024, Direction: Supports Predicted Class
4. **sbytes = 200** (Feature: sbytes) - Observed Value: 200.0, SHAP Value: 0.019, Direction: Supports Predicted Class
5. **ct_srv_dst = 3** (Feature: ct_srv_dst) - Observed Value: 3.0, SHAP Value: 0.016, Direction: Supports Predicted Class

#### Risk and Policy
- **Stage**: Reconnaissance
- **Risk Score**: 1.1374
- **Policy Zone**: Monitor
- **Recommended Action**: Log the event and continue monitoring

#### Human Review
- **Required**: Yes
- **Confidence Threshold**: 0.7
- **Reason**: Detector confidence below the fixed 0.70 threshold.

#### Limitations
This report is limited to the detector and supplied SHAP evidence.",723,380,14.282009951000873,26.60689926023822,False,178
UNSW-OFFICIAL-3979,A3_constrained_full,2.0,success,,Reconnaissance,True,"### SOC Report

#### Prediction Summary
The predicted label is **Reconnaissance** with a confidence of **0.9517** and an uncertainty score of **0.0482**. The recommended action is to **Raise a SOC alert and enrich the event context**.

#### Evidence
1. **sbytes**: sbytes = 168, SHAP value = 0.1853, direction = supports predicted class
2. **smean**: smean = 84, SHAP value = 0.1618, direction = supports predicted class
3. **proto_udp**: Protocol = udp, SHAP value = 0.0964, direction = supports predicted class
4. **sload**: sload = 8.4e+07, SHAP value = 0.0490, direction = supports predicted class
5. **ct_dst_src_ltm**: ct_dst_src_ltm = 1, SHAP value = 0.0281, direction = supports predicted class

#### Risk and Policy
- **Stage**: Reconnaissance
- **Risk Score**: 2.8552
- **Policy Zone**: Alert

#### Recommended Action
- **Recommended Action**: Raise a SOC alert and enrich the event context

#### Human Review
- **Human Review Required**: No
- **Confidence Threshold**: 0.7
- **Reason**: No mandatory confidence-based referral

#### Limitations
- The report is limited to the detector and supplied SHAP evidence.",735,329,12.350559610000346,26.63846905638236,False,170
UNSW-OFFICIAL-4165,A3_constrained_full,2.0,success,,Analysis,False,"### Evidence-Grounded SOC Report

#### Prediction Summary
The predicted label is **Backdoor** with a confidence of **0.4697** and an uncertainty score of **0.5303**. The recommended action is to **Raise a SOC alert and enrich the event context**.

#### Evidence
1. **ct_src_ltm**: **12** (supports predicted class)
2. **proto_udp**: **0.0** (supports predicted class)
3. **sbytes**: **200** (supports predicted class)
4. **ct_dst_sport_ltm**: **2** (supports predicted class)
5. **ct_srv_dst**: **5** (supports predicted class)

#### Risk and Policy
- **Stage**: Command and Control
- **Risk Score**: 3.7576
- **Policy Zone**: Alert

#### Recommended Action
- **Recommended Action**: Raise a SOC alert and enrich the event context.

#### Human Review
- **Human Review Required**: Yes
- **Confidence Threshold**: 0.7
- **Reason**: Detector confidence below the fixed 0.70 threshold.

#### Limitations
- **Report Limitations**: This report is limited to the detector and supplied SHAP evidence. It does not include additional attack behavior, causes, impacts, IP addresses, hostnames, CVEs, malware, tools, or any remediation steps.",738,293,11.257486030001019,26.027125347449665,False,157
UNSW-OFFICIAL-4195,A3_constrained_full,2.0,success,,Fuzzers,False,"### Evidence-Grounded SOC Report

#### Prediction Summary
The predicted label is **Backdoor** with a confidence of **0.5218** and an uncertainty score of **0.4782**. The recommended action is to **Raise a SOC alert and enrich the event context**.

#### Evidence
1. **ct_src_ltm**: **10** (supports predicted class)
2. **proto_udp**: **0** (supports predicted class)
3. **ct_dst_sport_ltm**: **2** (supports predicted class)
4. **sbytes**: **200** (supports predicted class)
5. **ct_dst_src_ltm**: **5** (supports predicted class)

#### Risk and Policy
- **Stage**: Command and Control
- **Risk Score**: 4.1745
- **Policy Zone**: Alert

#### Recommended Action
- **Recommended Action**: Raise a SOC alert and enrich the event context.

#### Human Review
- **Human Review Required**: Yes
- **Confidence Threshold**: 0.7
- **Reason**: Detector confidence below the fixed 0.70 threshold.

#### Limitations
- **Report Limitations**: This report is limited to the detector and supplied SHAP evidence.",745,262,9.053930012998535,28.937709881107118,False,138
UNSW-OFFICIAL-4263,A3_constrained_full,2.0,success,,Worms,True,"### Evidence-Grounded SOC Report

#### Prediction Summary
The predicted label is **Worms** with a confidence of **0.34** and an uncertainty score of **0.66**. The recommended action is to **Raise a SOC alert and enrich the event context**.

#### Evidence
1. **smean**: **1025** (supports predicted class)
2. **sbytes**: **2050** (supports predicted class)
3. **proto_udp**: **1.0** (supports predicted class)
4. **ct_dst_ltm**: **1.0** (opposes predicted class)
5. **sload**: **1.36667e+09** (supports predicted class)

#### Risk and Policy
- **Stage**: Advanced Intrusion
- **Risk Score**: 2.89
- **Policy Zone**: Alert

#### Recommended Action
- **Recommended Action**: Raise a SOC alert and enrich the event context.

#### Human Review
- **Human Review Required**: Yes
- **Confidence Threshold**: 0.7
- **Reason**: Detector confidence below the fixed 0.70 threshold.

#### Limitations
- **Report Limitations**: This report is limited to the detector and supplied SHAP evidence. It does not include additional attack behavior, causes, impacts, IP addresses, hostnames, CVEs, malware, tools, or any remediation steps.",746,299,11.35111605900056,26.341022190757712,False,156
UNSW-OFFICIAL-4309,A3_constrained_full,2.0,success,,Analysis,False,"### Evidence-Grounded SOC Report

#### Prediction Summary
The predicted label is **Backdoor** with a confidence of **0.347** and an uncertainty score of **0.653**. The recommended action is to **Raise a SOC alert and enrich the event context**.

#### Evidence
1. **Protocol is not udp** (Observed Value: 0.0, SHAP Value: 0.03576, Direction: supports predicted class)
2. **Protocol = any** (Observed Value: 1.0, SHAP Value: 0.02672, Direction: supports predicted class)
3. **sbytes = 200** (Observed Value: 200.0, SHAP Value: 0.01963, Direction: supports predicted class)
4. **ct_srv_dst = 6** (Observed Value: 6.0, SHAP Value: 0.01602, Direction: supports predicted class)
5. **ct_dst_src_ltm = 6** (Observed Value: 6.0, SHAP Value: 0.01592, Direction: supports predicted class)

#### Risk and Policy
- **Stage**: Command and Control
- **Risk Score**: 2.7781
- **Policy Zone**: Alert

#### Recommended Action
- **Recommended Action**: Raise a SOC alert and enrich the event context.

#### Human Review
- **Human Review Required**: Yes
- **Confidence Threshold**: 0.7
- **Reason**: Detector confidence below the fixed 0.70 threshold.

#### Limitations
- **Report Limitations**: This report is limited to the detector and supplied SHAP evidence.",725,373,14.078189469999415,26.494884217523996,False,179
UNSW-OFFICIAL-4395,A3_constrained_full,2.0,success,,Exploits,True,"### Evidence-Grounded SOC Report

**Prediction Summary:**
The predicted label is ""Exploits"" with a confidence of 74.86% and an uncertainty score of 25.14%. The recommended action is to raise a SOC alert and enrich the event context.

**Evidence:**
1. **sbytes**: sbytes = 1970 (supports predicted class)
2. **service_-**: An application service is identified (supports predicted class)
3. **smean**: smean = 141 (supports predicted class)
4. **dmean**: dmean = 66 (supports predicted class)
5. **dloss**: dloss = 4 (supports predicted class)

**Risk and Policy:**
The risk score is 4.8657, and the policy zone is ""Alert"". The recommended action is to raise a SOC alert and enrich the event context.

**Recommended Action:**
Raise a SOC alert and enrich the event context.

**Human Review:**
No mandatory confidence-based referral is required.

**Limitations:**
The report is limited to the detector and supplied SHAP evidence.",720,237,9.274928852000812,25.552756660647994,False,138
UNSW-OFFICIAL-4466,A3_constrained_full,2.0,success,,Reconnaissance,False,"### Evidence-Grounded SOC Report

#### Prediction Summary
The predicted label is **Backdoor** with a confidence of **0.397** and an uncertainty score of **0.603**. The recommended action is to **Raise a SOC alert and enrich the event context**.

#### Evidence
1. **ct_src_ltm**: ct_src_ltm = 19, SHAP value = 0.029, direction = supports predicted class
2. **proto_wb-expak**: Protocol = wb-expak, SHAP value = 0.025, direction = supports predicted class
3. **proto_udp**: Protocol is not udp, SHAP value = 0.025, direction = supports predicted class
4. **sbytes**: sbytes = 200, SHAP value = 0.019, direction = supports predicted class
5. **ct_dst_sport_ltm**: ct_dst_sport_ltm = 2, SHAP value = 0.016, direction = supports predicted class

#### Risk and Policy
- **Stage**: Command and Control
- **Risk Score**: 3.1788
- **Policy Zone**: Alert
- **Recommended Action**: Raise a SOC alert and enrich the event context

#### Human Review
- **Required**: Yes
- **Confidence Threshold**: 0.7
- **Reason**: Detector confidence below the fixed 0.70 threshold.

#### Limitations
This report is limited to the detector and supplied SHAP evidence.",741,328,12.446469453001555,26.352854617812962,False,171
UNSW-OFFICIAL-4496,A3_constrained_full,2.0,success,,Exploits,False,"### Evidence-Grounded SOC Report

#### Prediction Summary
The predicted label is **Backdoor** with a confidence of **0.319** and an uncertainty score of **0.681**. The recommended action is to **Raise a SOC alert and enrich the event context**.

#### Evidence
1. **Protocol is not UDP** (SHAP value: 0.0316, direction: supports predicted class)
2. **sbytes = 200** (SHAP value: 0.0192, direction: supports predicted class)
3. **Protocol = nsfnet-igp** (SHAP value: 0.0189, direction: supports predicted class)
4. **ct_dst_src_ltm = 4** (SHAP value: 0.0157, direction: supports predicted class)
5. **ct_srv_dst = 4** (SHAP value: 0.0115, direction: supports predicted class)

#### Risk and Policy
- **Stage**: Command and Control
- **Risk Score**: 2.554
- **Policy Zone**: Alert

#### Recommended Action
- **Recommended Action**: Raise a SOC alert and enrich the event context.

#### Human Review
- **Human Review Required**: Yes
- **Confidence Threshold**: 0.7
- **Reason**: Detector confidence below the fixed 0.70 threshold.

#### Limitations
- **Report Limitations**: This report is limited to the detector and supplied SHAP evidence. It does not include additional attack behavior, causes, impacts, IP addresses, hostnames, CVEs, malware, tools, or any other remediation details.",740,357,13.284748021000269,26.872922198875088,False,184
UNSW-OFFICIAL-4719,A3_constrained_full,2.0,success,,Exploits,True,"### SOC Report

#### Prediction Summary
The predicted label is ""Exploits"" with a confidence of 0.7878 and an uncertainty score of 0.2122. The recommended action is to ""Block the suspected source and initiate investigation.""

#### Evidence
1. **sbytes**: 11680 (supports predicted class)
2. **smean**: 730 (supports predicted class)
3. **dmean**: 162 (supports predicted class)
4. **sload**: 246992.25 (supports predicted class)
5. **dloss**: 2 (supports predicted class)

#### Risk and Policy
- **Stage**: Exploitation
- **Risk Score**: 5.1207
- **Policy Zone**: Block

#### Recommended Action
- **Recommended Action**: Block the suspected source and initiate investigation.

#### Human Review
- **Human Review Required**: No
- **Confidence Threshold**: 0.7
- **Reason**: No mandatory confidence-based referral.

#### Limitations
- The report is limited to the detector and supplied SHAP evidence.",734,241,8.33234752899989,28.923421540115072,False,126
UNSW-OFFICIAL-4748,A3_constrained_full,2.0,success,,Shellcode,True,"### Evidence-Grounded SOC Report

**Prediction Summary:**
The predicted label is ""Shellcode,"" with a confidence of 0.9653 and an uncertainty score of 0.0346. The predicted stage is ""Advanced Intrusion,"" and the risk score is 8.2054.

**Evidence:**
1. **Protocol = udp** (Supports predicted class)
2. **smean = 172** (Supports predicted class)
3. **sbytes = 344** (Supports predicted class)
4. **ct_dst_src_ltm = 1** (Supports predicted class)
5. **ct_dst_sport_ltm = 1** (Supports predicted class)

**Risk and Policy:**
The recommended action is to ""Isolate the affected asset and escalate to incident response."" The policy zone is ""Isolation,"" and the risk score is 8.2054.

**Recommended Action:**
Isolate the affected asset and escalate to incident response.

**Human Review:**
No mandatory confidence-based referral is required.

**Limitations:**
This report is limited to the detector and supplied SHAP evidence.",735,246,9.51081549799892,25.86528989567283,False,129
UNSW-OFFICIAL-4896,A3_constrained_full,2.0,success,,Exploits,True,"### SOC Report

#### Prediction Summary
The predicted label is ""Exploits"" with a confidence of 84.24% and an uncertainty score of 15.76%. The recommended action is to block the suspected source and initiate investigation.

#### Evidence
1. **sbytes**: 2270 (supports predicted class)
2. **smean**: 227 (supports predicted class)
3. **sload**: 81110.5 (supports predicted class)
4. **rate**: 74.44 (supports predicted class)
5. **tcprtt**: 0.0523 (supports predicted class)

#### Risk and Policy
- **Stage**: Exploitation
- **Risk Score**: 5.48
- **Policy Zone**: Block

#### Recommended Action
- **Recommended Action**: Block the suspected source and initiate investigation.

#### Human Review
- **Human Review Required**: No
- **Confidence Threshold**: 0.7
- **Reason**: No mandatory confidence-based referral.

#### Limitations
- **Report Limitations**: This report is limited to the detector and supplied SHAP evidence.",774,246,9.591663809000238,25.64727089049644,False,128
UNSW-OFFICIAL-5208,A3_constrained_full,2.0,success,,DoS,False,"### Evidence-Grounded SOC Report

#### Prediction Summary
The predicted label is **Backdoor** with a confidence of **0.533** and an uncertainty score of **0.467**. The recommended action is to **Raise a SOC alert and enrich the event context**.

#### Evidence
1. **ct_src_ltm**: **11** (supports predicted class)
2. **ct_dst_sport_ltm**: **2** (supports predicted class)
3. **proto_udp**: **0.0** (supports predicted class)
4. **ct_dst_src_ltm**: **2** (supports predicted class)
5. **proto_unas**: **1.0** (supports predicted class)

#### Risk and Policy
- **Stage**: Command and Control
- **Risk Score**: 4.2664
- **Policy Zone**: Alert
- **Recommended Action**: Raise a SOC alert and enrich the event context

#### Human Review
- **Required**: Yes
- **Confidence Threshold**: 0.7
- **Reason**: Detector confidence below the fixed 0.70 threshold.

#### Limitations
This report is limited to the detector and supplied SHAP evidence.",740,251,8.821633585999734,28.452780038194568,False,130
UNSW-OFFICIAL-5249,A3_constrained_full,2.0,success,,Exploits,False,"### Evidence-Grounded SOC Report

#### Prediction Summary
The predicted label is **Backdoor** with a confidence of **0.326** and an uncertainty score of **0.674**. The recommended action is to **Raise a SOC alert and enrich the event context**.

#### Evidence
1. **Protocol is not UDP** (Supports Predicted Class): The protocol is not UDP, which is a characteristic of backdoor attacks.
2. **sbytes = 200** (Supports Predicted Class): The size of the data transferred is 200 bytes, which is a typical characteristic of backdoor traffic.
3. **ct_dst_src_ltm = 5** (Supports Predicted Class): The destination traffic is from a specific source, which is a common pattern in backdoor communications.
4. **ct_srv_dst = 5** (Supports Predicted Class): The server destination is also from a specific source, indicating a backdoor connection.
5. **ct_dst_ltm = 2** (Supports Predicted Class): The destination traffic is from a specific destination, which is another characteristic of backdoor traffic.

#### Risk and Policy
- **Stage**: Command and Control
- **Risk Score**: 2.6114
- **Policy Zone**: Alert

#### Recommended Action
- **Recommended Action**: Raise a SOC alert and enrich the event context.

#### Human Review
- **Human Review Decision**: Required
- **Confidence Threshold**: 0.7
- **Reason**: Detector confidence below the fixed 0.70 threshold.

#### Limitations
- **Report Limitations**: The report is limited to the detector and supplied SHAP evidence. It does not include additional attack behavior, causes, impacts, IP addresses, hostnames, CVEs, malware, tools, or any other remediation details.",734,388,14.42227377600102,26.902831413839923,False,237
UNSW-OFFICIAL-5298,A3_constrained_full,2.0,success,,Worms,True,"### Evidence-Grounded SOC Report

#### Prediction Summary
The predicted label is **Worms** with a confidence of **0.489** and an uncertainty score of **0.511**. The recommended action is to **Raise a SOC alert and enrich the event context**.

#### Evidence
1. **sbytes**: **1302** (supports predicted class)
2. **smean**: **130** (supports predicted class)
3. **service_-**: **An application service is identified** (supports predicted class)
4. **tcprtt**: **0.239** (opposes predicted class)
5. **service_http**: **Service = http** (supports predicted class)

#### Risk and Policy
- **Stage**: Advanced Intrusion
- **Risk Score**: 4.1603
- **Policy Zone**: Alert

#### Recommended Action
- **Recommended Action**: Raise a SOC alert and enrich the event context.

#### Human Review
- **Human Review Required**: Yes
- **Confidence Threshold**: 0.7
- **Reason**: Detector confidence below the fixed 0.70 threshold.

#### Limitations
- **Report Limitations**: This report is limited to the detector and supplied SHAP evidence.",747,266,9.860493581998526,26.97633721760276,False,143
UNSW-OFFICIAL-5355,A3_constrained_full,2.0,success,,DoS,False,"### Evidence-Grounded SOC Report

#### Prediction Summary
The predicted label is **Backdoor** with a confidence of **0.3356** and an uncertainty score of **0.6644**. The recommended action is to **Raise a SOC alert and enrich the event context**.

#### Evidence
1. **Protocol is not UDP** (SHAP value: 0.0220, direction: supports predicted class)
2. **sbytes = 200** (SHAP value: 0.0167, direction: supports predicted class)
3. **ct_dst_src_ltm = 7** (SHAP value: 0.0160, direction: supports predicted class)
4. **ct_dst_sport_ltm = 3** (SHAP value: 0.0147, direction: supports predicted class)
5. **ct_srv_src = 7** (SHAP value: 0.0132, direction: supports predicted class)

#### Risk and Policy
- **Stage**: Command and Control
- **Risk Score**: 2.6851
- **Policy Zone**: Alert

#### Recommended Action
- **Recommended Action**: Raise a SOC alert and enrich the event context.

#### Human Review
- **Human Review Required**: Yes
- **Confidence Threshold**: 0.7
- **Reason**: Detector confidence below the fixed 0.70 threshold.

#### Limitations
- **Report Limitations**: This report is limited to the detector and supplied SHAP evidence. It does not include additional attack behavior, causes, impacts, IP addresses, hostnames, CVEs, malware, tools, or any other remediation details.",740,361,13.441093425999497,26.857933990824527,False,184
UNSW-OFFICIAL-5529,A3_constrained_full,2.0,success,,DoS,False,"### Evidence-Grounded SOC Report

#### Prediction Summary
The predicted label is **Backdoor** with a confidence of **0.2708783199516664** and an uncertainty score of **0.7291216800483336**. The recommended action is to **Raise a SOC alert and enrich the event context**.

#### Evidence
1. **Protocol is not UDP** (SHAP value: 0.0210630074143409, direction: supports predicted class)
2. **sbytes = 200** (SHAP value: 0.0147883435711264, direction: supports predicted class)
3. **ct_dst_sport_ltm = 2** (SHAP value: 0.0102570578455924, direction: supports predicted class)
4. **ct_dst_src_ltm = 6** (SHAP value: 0.0102124828845262, direction: supports predicted class)
5. **dpkts = 0** (SHAP value: 0.0071614757180213, direction: supports predicted class)

#### Risk and Policy
- **Risk Score:** 2.167
- **Policy Zone:** Alert
- **Recommended Action:** Raise a SOC alert and enrich the event context

#### Human Review
- **Human Review Required:** Yes
- **Confidence Threshold:** 0.7
- **Reason:** Detector confidence below the fixed 0.70 threshold.

#### Limitations
This report is limited to the detector and supplied SHAP evidence.",739,394,14.61676615900069,26.955346737717583,False,153
UNSW-OFFICIAL-5562,A3_constrained_full,2.0,success,,DoS,False,"### Evidence-Grounded SOC Report

#### Prediction Summary
The predicted label is **Backdoor** with a confidence of **0.398** and an uncertainty score of **0.602**. The recommended action is to **Raise a SOC alert and enrich the event context**.

#### Evidence
1. **ct_src_ltm**: ct_src_ltm = 12, SHAP value = 0.046, direction = supports predicted class
2. **proto_udp**: Protocol is not udp, SHAP value = 0.023, direction = supports predicted class
3. **sbytes**: sbytes = 200, SHAP value = 0.02, direction = supports predicted class
4. **ct_dst_sport_ltm**: ct_dst_sport_ltm = 3, SHAP value = 0.02, direction = supports predicted class
5. **ct_dst_src_ltm**: ct_dst_src_ltm = 7, SHAP value = 0.02, direction = supports predicted class

#### Risk and Policy
- **Stage**: Command and Control
- **Risk Score**: 3.186
- **Policy Zone**: Alert

#### Recommended Action
- **Recommended Action**: Raise a SOC alert and enrich the event context.

#### Human Review
- **Human Review Required**: Yes
- **Confidence Threshold**: 0.7
- **Reason**: Detector confidence below the fixed 0.70 threshold.

#### Limitations
- **Report Limitations**: This report is limited to the detector and supplied SHAP evidence.",744,339,12.69039979199988,26.713106407704196,False,179
UNSW-OFFICIAL-5574,A3_constrained_full,2.0,success,,Reconnaissance,False,"### Evidence-Grounded SOC Report

#### Prediction Summary
The predicted label is **Backdoor** with a confidence of **0.4149766679230612** and an uncertainty score of **0.5850233320769388**. The recommended action is to **Raise a SOC alert and enrich the event context**.

#### Evidence
1. **ct_src_ltm**: **10** (supports predicted class)
2. **proto_udp**: **0.0** (supports predicted class)
3. **sbytes**: **200** (supports predicted class)
4. **ct_dst_src_ltm**: **7** (supports predicted class)
5. **ct_dst_sport_ltm**: **2** (supports predicted class)

#### Risk and Policy
- **Stage**: Command and Control
- **Risk Score**: 3.3198
- **Policy Zone**: Alert

#### Recommended Action
- **Recommended Action**: Raise a SOC alert and enrich the event context.

#### Human Review
- **Human Review Required**: Yes
- **Confidence Threshold**: 0.7
- **Reason**: Detector confidence below the fixed 0.70 threshold.

#### Limitations
- **Report Limitations**: This report is limited to the detector and supplied SHAP evidence.",742,288,10.937422476999927,26.331615205102395,False,138
UNSW-OFFICIAL-5722,A3_constrained_full,2.0,success,,Exploits,False,"### Evidence-Grounded SOC Report

#### Prediction Summary
The predicted label is **Backdoor** with a confidence of **0.268** and an uncertainty score of **0.732**. The recommended action is to **Raise a SOC alert and enrich the event context**.

#### Evidence
1. **Protocol is not UDP** (Supports Predicted Class)
2. **sbytes = 200** (Supports Predicted Class)
3. **ct_dst_sport_ltm = 2** (Supports Predicted Class)
4. **smean = 100** (Supports Predicted Class)
5. **ct_dst_src_ltm = 4** (Supports Predicted Class)

#### Risk and Policy
- **Stage**: Command and Control
- **Risk Score**: 2.1474
- **Policy Zone**: Alert

#### Recommended Action
- **Recommended Action**: Raise a SOC alert and enrich the event context.

#### Human Review
- **Human Review Required**: Yes
- **Confidence Threshold**: 0.7
- **Reason**: Detector confidence below the fixed 0.70 threshold.

#### Limitations
- **Report Limitations**: This report is limited to the detector and supplied SHAP evidence. It does not include additional attack behavior, causes, impacts, IP addresses, hostnames, CVEs, malware, tools, or any remediation steps.",741,299,11.362227458001144,26.315262663523587,False,163
UNSW-OFFICIAL-6122,A3_constrained_full,2.0,success,,DoS,True,"### Evidence-Grounded SOC Report

**Prediction Summary:**
The predicted label is **DoS** with a confidence of **0.6186** and an uncertainty score of **0.3814**. The recommended action is to **Raise a SOC alert and enrich the event context**.

**Evidence:**
1. **dmean**: 129 (supports predicted class)
2. **response_body_len**: 95 (supports predicted class)
3. **dbytes**: 1030 (supports predicted class)
4. **sttl**: 62 (supports predicted class)
5. **dloss**: 2 (supports predicted class)

**Risk and Policy:**
- **Risk Score**: 4.3305
- **Policy Zone**: Alert
- **Recommended Action**: Raise a SOC alert and enrich the event context

**Human Review:**
- **Required**: Yes
- **Confidence Threshold**: 0.7
- **Reason**: Detector confidence below the fixed 0.70 threshold.

**Limitations:**
- The report is limited to the detector and supplied SHAP evidence.",730,239,8.58083956900009,27.85275241171421,False,121
UNSW-OFFICIAL-6144,A3_constrained_full,2.0,success,,Shellcode,True,"### Evidence-Grounded SOC Report

#### Prediction Summary
The predicted label is ""Shellcode"" with a confidence of 0.2878 and an uncertainty score of 0.7122. The predicted stage is ""Advanced Intrusion"" with a risk score of 2.4466.

#### Evidence
1. **Service = unspecified** - Observed Value: 1.0, SHAP Value: 0.024052, Direction: supports predicted class
2. **smean = 102** - Observed Value: 102.0, SHAP Value: 0.023688, Direction: supports predicted class
3. **sbytes = 1018** - Observed Value: 1018.0, SHAP Value: 0.020896, Direction: supports predicted class
4. **ct_dst_src_ltm = 1** - Observed Value: 1.0, SHAP Value: 0.018048, Direction: supports predicted class
5. **Service is not http** - Observed Value: 0.0, SHAP Value: 0.015848, Direction: supports predicted class

#### Risk and Policy
**Recommended Action:** Raise a SOC alert and enrich the event context.

#### Human Review
**Human Review Decision:** Required

**Human Review Confidence Threshold:** 0.7

**Reason:** Detector confidence below the fixed 0.70 threshold.

#### Limitations
This report is limited to the detector and supplied SHAP evidence.",728,347,13.012471968000682,26.666724113090655,False,161
UNSW-OFFICIAL-6304,A3_constrained_full,2.0,success,,Worms,True,"### Evidence-Grounded SOC Report

#### Prediction Summary
The predicted label is **Worms** with a confidence of **0.552776** and an uncertainty score of **0.447224**. The recommended action is to **Raise a SOC alert and enrich the event context**.

#### Evidence
1. **sbytes**: The observed value is **1302**. The SHAP value is **0.079389**, supporting the predicted class.
2. **smean**: The observed value is **130.0**. The SHAP value is **0.054984**, supporting the predicted class.
3. **service_-**: The observed value is **0.0**. The SHAP value is **0.044866**, supporting the predicted class.
4. **ct_flw_http_mthd**: The observed value is **1.0**. The SHAP value is **0.042658**, supporting the predicted class.
5. **service_http**: The observed value is **1.0**. The SHAP value is **0.039901**, supporting the predicted class.

#### Risk and Policy
- **Stage**: Advanced Intrusion
- **Risk Score**: 4.6986
- **Policy Zone**: Alert

#### Recommended Action
- **Recommended Action**: Raise a SOC alert and enrich the event context.

#### Human Review
- **Human Review Required**: Yes
- **Confidence Threshold**: 0.70
- **Reason**: Detector confidence below the fixed 0.70 threshold.

#### Limitations
- **Report Limitations**: This report is limited to the detector and supplied SHAP evidence.",737,374,14.07081449999896,26.57984013647736,False,187
UNSW-OFFICIAL-6482,A3_constrained_full,2.0,success,,Worms,True,"### Evidence-Grounded SOC Report

#### Prediction Summary
The predicted label is **Worms** with a confidence of **0.493** and an uncertainty score of **0.507**. The recommended action is to **Raise a SOC alert and enrich the event context**.

#### Evidence
1. **service_http**: Service = http (Supports predicted class)
2. **trans_depth**: trans_depth = 1 (Supports predicted class)
3. **service_-**: An application service is identified (Supports predicted class)
4. **ct_flw_http_mthd**: ct_flw_http_mthd = 1 (Supports predicted class)
5. **sbytes**: sbytes = 8682 (Supports predicted class)

#### Risk and Policy
- **Stage**: Advanced Intrusion
- **Risk Score**: 4.1947
- **Policy Zone**: Alert

#### Recommended Action
- **Recommended Action**: Raise a SOC alert and enrich the event context.

#### Human Review
- **Human Review Required**: Yes
- **Confidence Threshold**: 0.7
- **Reason**: Detector confidence below the fixed 0.70 threshold.

#### Limitations
- **Report Limitations**: This report is limited to the detector and supplied SHAP evidence.",732,275,10.151837784000236,27.088691313942455,False,149
UNSW-OFFICIAL-6546,A3_constrained_full,2.0,success,,DoS,True,"### Evidence-Grounded SOC Report

#### Prediction Summary
The predicted label is ""DoS"" with a confidence of 0.2855 and an uncertainty score of 0.7145. The recommended action is to log the event and continue monitoring.

#### Evidence
1. **Protocol is not UDP** (Supports predicted class)
2. **sbytes = 180** (Supports predicted class)
3. **ct_dst_sport_ltm = 3** (Supports predicted class)
4. **smean = 90** (Supports predicted class)
5. **ct_dst_src_ltm = 3** (Supports predicted class)

#### Risk and Policy
- **Stage**: Impact / Availability
- **Risk Score**: 1.9987
- **Policy Zone**: Monitor
- **Recommended Action**: Log the event and continue monitoring

#### Human Review
- **Required**: Yes
- **Confidence Threshold**: 0.7
- **Reason**: Detector confidence below the fixed 0.70 threshold.

#### Limitations
This report is limited to the detector and supplied SHAP evidence.",734,242,9.326669052001307,25.9470984389729,False,130
UNSW-OFFICIAL-6585,A3_constrained_full,2.0,success,,DoS,False,"### Evidence-Grounded SOC Report

#### Prediction Summary
The predicted label is **Backdoor** with a confidence of **0.3356** and an uncertainty score of **0.6644**. The recommended action is to **Raise a SOC alert and enrich the event context**.

#### Evidence
1. **Protocol is not UDP** (Feature: proto_udp, Observed Value: 0.0, SHAP Value: 0.0305, Direction: supports predicted class)
2. **ct_src_ltm = 6** (Feature: ct_src_ltm, Observed Value: 6.0, SHAP Value: 0.0209, Direction: supports predicted class)
3. **sbytes = 200** (Feature: sbytes, Observed Value: 200.0, SHAP Value: 0.0167, Direction: supports predicted class)
4. **ct_dst_src_ltm = 6** (Feature: ct_dst_src_ltm, Observed Value: 6.0, SHAP Value: 0.0142, Direction: supports predicted class)
5. **Protocol = UNAS** (Feature: proto_unas, Observed Value: 1.0, SHAP Value: 0.0128, Direction: supports predicted class)

#### Risk and Policy
- **Risk Score:** 2.6851
- **Policy Zone:** Alert
- **Recommended Action:** Raise a SOC alert and enrich the event context

#### Human Review
- **Human Review Required:** Yes
- **Confidence Threshold:** 0.70
- **Reason:** Detector confidence below the fixed 0.70 threshold.

#### Limitations
This report is limited to the detector and supplied SHAP evidence.",730,386,14.233886038000492,27.118384885862373,False,178
UNSW-OFFICIAL-6668,A3_constrained_full,2.0,success,,Worms,False,"### SOC Report

#### Prediction Summary
The predicted label is ""Exploits"" with a confidence of 0.4566 and an uncertainty score of 0.5434. The recommended action is to raise a SOC alert and enrich the event context.

#### Evidence
1. **dmean**: 1283 (supports predicted class)
2. **dbytes**: 482584 (supports predicted class)
3. **dloss**: 185 (supports predicted class)
4. **dttl**: 252 (supports predicted class)
5. **dload**: 691755.25 (supports predicted class)

#### Risk and Policy
- **Risk Score**: 2.9679
- **Policy Zone**: Alert
- **Recommended Action**: Raise a SOC alert and enrich the event context.

#### Human Review
- **Human Review Required**: Yes
- **Confidence Threshold**: 0.7
- **Reason**: Detector confidence below the fixed 0.70 threshold.

#### Limitations
- The report is limited to the detector and supplied SHAP evidence.",749,242,9.097514320999835,26.600672608054076,False,127
UNSW-OFFICIAL-6765,A3_constrained_full,2.0,success,,Backdoor,True,"### Evidence-Grounded SOC Report

#### Prediction Summary
The predicted label is **Backdoor** with a confidence of **0.275** and an uncertainty score of **0.725**. The recommended action is to **Raise a SOC alert and enrich the event context**.

#### Evidence
1. **Protocol is not UDP** (Supports Predicted Class)
2. **sbytes = 200** (Supports Predicted Class)
3. **ct_dst_sport_ltm = 3** (Supports Predicted Class)
4. **ct_dst_src_ltm = 6** (Supports Predicted Class)
5. **smean = 100** (Supports Predicted Class)

#### Risk and Policy
- **Stage**: Command and Control
- **Risk Score**: 2.202
- **Policy Zone**: Alert

#### Recommended Action
- **Recommended Action**: Raise a SOC alert and enrich the event context.

#### Human Review
- **Human Review Required**: Yes
- **Confidence Threshold**: 0.7
- **Reason**: Detector confidence below the fixed 0.70 threshold.

#### Limitations
- **Report Limitations**: This report is limited to the detector and supplied SHAP evidence. It does not include additional attack behavior, causes, impacts, IP addresses, hostnames, CVEs, malware, tools, or any remediation steps.",740,298,10.600412474999757,28.112113627918692,False,163
UNSW-OFFICIAL-7009,A3_constrained_full,2.0,success,,Analysis,False,"### Evidence-Grounded SOC Report

#### Prediction Summary
The predicted label is **Backdoor** with a confidence of **0.477** and an uncertainty score of **0.523**. The recommended action is to **Raise a SOC alert and enrich the event context**.

#### Evidence
1. **ct_src_ltm**: ct_src_ltm = 18, SHAP value = 0.043, direction = supports predicted class
2. **ct_dst_sport_ltm**: ct_dst_sport_ltm = 3, SHAP value = 0.028, direction = supports predicted class
3. **proto_udp**: Protocol is not udp, SHAP value = 0.024, direction = supports predicted class
4. **sbytes**: sbytes = 200, SHAP value = 0.023, direction = supports predicted class
5. **proto_pgm**: Protocol = pgm, SHAP value = 0.022, direction = supports predicted class

#### Risk and Policy
- **Stage**: Command and Control
- **Risk Score**: 3.8194
- **Policy Zone**: Alert
- **Recommended Action**: Raise a SOC alert and enrich the event context

#### Human Review
- **Required**: Yes
- **Confidence Threshold**: 0.7
- **Reason**: Detector confidence below the fixed 0.70 threshold.

#### Limitations
This report is limited to the detector and supplied SHAP evidence.",735,325,12.185092846999396,26.67193464020522,False,171
UNSW-OFFICIAL-7010,A3_constrained_full,2.0,success,,Exploits,False,"### Evidence-Grounded SOC Report

#### Prediction Summary
The predicted label is **Backdoor** with a confidence of **0.287** and an uncertainty score of **0.713**. The recommended action is to **Raise a SOC alert and enrich the event context**.

#### Evidence
1. **Protocol is not UDP** (Supports Predicted Class): The SHAP value is **0.035**.
2. **sbytes = 200** (Supports Predicted Class): The SHAP value is **0.019**.
3. **ct_dst_src_ltm = 7** (Supports Predicted Class): The SHAP value is **0.012**.
4. **Protocol = idrp** (Supports Predicted Class): The SHAP value is **0.011**.
5. **ct_srv_src = 7** (Supports Predicted Class): The SHAP value is **0.011**.

#### Risk and Policy
- **Stage**: Command and Control
- **Risk Score**: 2.2995
- **Policy Zone**: Alert

#### Recommended Action
- **Recommended Action**: Raise a SOC alert and enrich the event context.

#### Human Review
- **Human Review Required**: Yes
- **Confidence Threshold**: 0.7
- **Reason**: Detector confidence below the fixed 0.70 threshold.

#### Limitations
- **Report Limitations**: This report is limited to the detector and supplied SHAP evidence. It does not include additional attack behavior, causes, impacts, IP addresses, hostnames, CVEs, malware, tools, or any remediation steps.",729,358,13.44155994599896,26.633813444142913,False,188
UNSW-OFFICIAL-7015,A3_constrained_full,2.0,success,,DoS,False,"### Evidence-Grounded SOC Report

#### Prediction Summary
The predicted label is **Backdoor** with a confidence of **0.3406713930383132** and an uncertainty score of **0.6593286069616868**. The recommended action is to **Raise a SOC alert and enrich the event context**.

#### Evidence
1. **Protocol is not udp** (Observed Value: 0.0, SHAP Value: 0.0244394000619649, Direction: supports predicted class)
2. **Protocol = mobile** (Observed Value: 1.0, SHAP Value: 0.0182738378643989, Direction: supports predicted class)
3. **sbytes = 200** (Observed Value: 200.0, SHAP Value: 0.0166854802519083, Direction: supports predicted class)
4. **ct_srv_src = 5** (Observed Value: 5.0, SHAP Value: 0.0153640136122703, Direction: supports predicted class)
5. **ct_dst_sport_ltm = 3** (Observed Value: 3.0, SHAP Value: 0.0151604367420077, Direction: supports predicted class)

#### Risk and Policy
- **Stage**: Command and Control
- **Risk Score**: 2.7254
- **Policy Zone**: Alert
- **Recommended Action**: Raise a SOC alert and enrich the event context

#### Human Review
- **Required**: Yes
- **Confidence Threshold**: 0.7
- **Reason**: Detector confidence below the fixed 0",729,420,15.686902202000056,26.77392863113857,True,157
UNSW-OFFICIAL-7340,A3_constrained_full,2.0,success,,Reconnaissance,False,"### Evidence-Grounded SOC Report

#### Prediction Summary
The predicted label is **Backdoor** with a confidence of **0.3009** and an uncertainty score of **0.6991**. The recommended action is to **Raise a SOC alert and enrich the event context**.

#### Evidence
1. **Protocol is not UDP** (Supports Predicted Class)
2. **sbytes = 200** (Supports Predicted Class)
3. **ct_dst_sport_ltm = 2** (Supports Predicted Class)
4. **ct_dst_src_ltm = 6** (Supports Predicted Class)
5. **dpkts = 0** (Supports Predicted Class)

#### Risk and Policy
- **Risk Score:** 2.4074
- **Policy Zone:** Alert
- **Recommended Action:** Raise a SOC alert and enrich the event context.

#### Human Review
- **Human Review Required:** Yes
- **Confidence Threshold:** 0.70
- **Reason:** Detector confidence below the fixed 0.70 threshold.

#### Limitations
This report is limited to the detector and supplied SHAP evidence.",738,252,9.687158217000615,26.01382101489259,False,133
UNSW-OFFICIAL-7367,A3_constrained_full,2.0,success,,Shellcode,False,"### Evidence-Grounded SOC Report

#### Prediction Summary
The predicted label is ""Fuzzers"" with a confidence of 0.464 and an uncertainty score of 0.536. The predicted stage is ""Exploitation"" with a risk score of 3.017.

#### Evidence
1. **Protocol = udp** (Supports predicted class)
2. **ct_dst_src_ltm = 4** (Supports predicted class)
3. **ct_srv_dst = 4** (Supports predicted class)
4. **ct_src_dport_ltm = 1** (Opposes predicted class)
5. **smean = 156** (Supports predicted class)

#### Risk and Policy
- **Stage:** Exploitation
- **Risk Score:** 3.017
- **Policy Zone:** Alert
- **Recommended Action:** Raise a SOC alert and enrich the event context.

#### Human Review
- **Required:** Yes
- **Confidence Threshold:** 0.7
- **Reason:** Detector confidence below the fixed 0.70 threshold.

#### Limitations
- The report is limited to the detector and supplied SHAP evidence.",737,252,9.884349543999633,25.49484909231872,False,131
UNSW-OFFICIAL-7394,A3_constrained_full,2.0,success,,DoS,True,"### Evidence-Grounded SOC Report

#### Prediction Summary
The predicted label is ""DoS"" with a confidence of 0.2705 and an uncertainty score of 0.7294. The recommended action is to log the event and continue monitoring.

#### Evidence
1. **Protocol is not UDP** (Supports predicted class)
2. **sbytes = 200** (Supports predicted class)
3. **ct_dst_sport_ltm = 2** (Supports predicted class)
4. **smean = 100** (Supports predicted class)
5. **sloss = 0** (Supports predicted class)

#### Risk and Policy
- **Risk Score:** 1.8938
- **Policy Zone:** Monitor
- **Recommended Action:** Log the event and continue monitoring

#### Human Review
- **Required:** Yes
- **Confidence Threshold:** 0.7
- **Reason:** Detector confidence below the fixed 0.70 threshold.

#### Limitations
This report is limited to the detector and supplied SHAP evidence.",729,232,8.420767903999149,27.550931535569305,False,125
UNSW-OFFICIAL-7562,A3_constrained_full,2.0,success,,Exploits,True,"### Evidence-Grounded SOC Report

#### Prediction Summary
The predicted label is ""Exploits"" with a confidence of 0.4766 and an uncertainty score of 0.5233. The recommended action is to raise a SOC alert and enrich the event context.

#### Evidence
1. **smean**: 114 (supports predicted class)
2. **sbytes**: 1144 (supports predicted class)
3. **sload**: 19522.4 (supports predicted class)
4. **service_-**: An application service is identified (supports predicted class)
5. **dinpkt**: 78.2424 (supports predicted class)

#### Risk and Policy
- **Risk Score**: 3.0982
- **Policy Zone**: Alert
- **Recommended Action**: Raise a SOC alert and enrich the event context

#### Recommended Action
- **Human Review**: Required
- **Confidence Threshold**: 0.7
- **Reason**: Detector confidence below the fixed 0.70 threshold.

#### Limitations
- **Report Limitations**: The report is limited to the detector and supplied SHAP evidence.",765,250,9.353938258000198,26.726710515346948,False,133
UNSW-OFFICIAL-7657,A3_constrained_full,2.0,success,,Reconnaissance,False,"### Evidence-Grounded SOC Report

#### Prediction Summary
The predicted label is **Backdoor** with a confidence of **0.296** and an uncertainty score of **0.704**. The recommended action is to **Raise a SOC alert and enrich the event context**.

#### Evidence
1. **Protocol is not UDP** (Supports Predicted Class)
2. **sbytes = 200** (Supports Predicted Class)
3. **ct_dst_sport_ltm = 2** (Supports Predicted Class)
4. **ct_dst_src_ltm = 4** (Supports Predicted Class)
5. **smean = 100** (Supports Predicted Class)

#### Risk and Policy
- **Stage**: Command and Control
- **Risk Score**: 2.3707
- **Policy Zone**: Alert

#### Recommended Action
- **Recommended Action**: Raise a SOC alert and enrich the event context.

#### Human Review
- **Human Review Required**: Yes
- **Confidence Threshold**: 0.7
- **Reason**: Detector confidence below the fixed 0.70 threshold.

#### Limitations
- **Report Limitations**: This report is limited to the detector and supplied SHAP evidence. It does not include additional attack behavior, causes, impacts, IP addresses, hostnames, CVEs, malware, tools, or any remediation steps.",741,299,11.44202854300056,26.13172995298176,False,163
UNSW-OFFICIAL-7727,A3_constrained_full,2.0,success,,Shellcode,False,"### Evidence-Grounded SOC Report

#### Prediction Summary
The predicted label is ""Fuzzers"" with a confidence of 0.356 and an uncertainty score of 0.644. The recommended action is to raise a SOC alert and enrich the event context.

#### Evidence
1. **ct_dst_src_ltm**: ct_dst_src_ltm = 1, Observed Value: 1.0, SHAP Value: -0.0456, Direction: Opposes Predicted Class
2. **sbytes**: sbytes = 530, Observed Value: 530.0, SHAP Value: 0.0386, Direction: Supports Predicted Class
3. **smean**: smean = 53, Observed Value: 53.0, SHAP Value: 0.0339, Direction: Supports Predicted Class
4. **ct_srv_dst**: ct_srv_dst = 2, Observed Value: 2.0, SHAP Value: 0.0212, Direction: Supports Predicted Class
5. **ackdat**: ackdat = 0.0262, Observed Value: 0.026218, SHAP Value: 0.0198, Direction: Supports Predicted Class

#### Risk and Policy
- **Stage**: Exploitation
- **Risk Score**: 2.3144
- **Policy Zone**: Alert
- **Recommended Action**: Raise a SOC alert and enrich the event context.

#### Human Review
- **Required**: Yes
- **Confidence Threshold**: 0.7
- **Reason**: Detector confidence below the fixed 0.70 threshold.

#### Limitations
- The report is limited to the detector and supplied SHAP evidence.",753,389,14.441106308000599,26.936994417421324,False,174
UNSW-OFFICIAL-7796,A3_constrained_full,2.0,success,,Reconnaissance,False,"### Evidence-Grounded SOC Report

#### Prediction Summary
The predicted label is **Backdoor** with a confidence of **0.4046** and an uncertainty score of **0.5954**. The recommended action is to **Raise a SOC alert and enrich the event context**.

#### Evidence
1. **ct_src_ltm**: **11** (supports predicted class)
2. **proto_udp**: **0.0** (supports predicted class)
3. **ct_dst_sport_ltm**: **3** (supports predicted class)
4. **sbytes**: **200** (supports predicted class)
5. **ct_dst_src_ltm**: **6** (supports predicted class)

#### Risk and Policy
- **Stage**: Command and Control
- **Risk Score**: 3.2369
- **Policy Zone**: Alert

#### Recommended Action
- **Recommended Action**: Raise a SOC alert and enrich the event context.

#### Human Review
- **Human Review Required**: Yes
- **Confidence Threshold**: 0.7
- **Reason**: Detector confidence below the fixed 0.70 threshold.

#### Limitations
- **Report Limitations**: This report is limited to the detector and supplied SHAP evidence.",745,264,10.215424837999308,25.843271737262807,False,138
UNSW-OFFICIAL-7890,A3_constrained_full,2.0,success,,Fuzzers,True,"### Evidence-Grounded SOC Report

#### Prediction Summary
The predicted label is ""Fuzzers"" with a confidence of 0.5436 and an uncertainty score of 0.4564. The recommended action is to raise a SOC alert and enrich the event context.

#### Evidence
1. **ct_dst_src_ltm**: ct_dst_src_ltm = 3, SHAP value = 0.0474, direction = supports predicted class
2. **ct_srv_dst**: ct_srv_dst = 3, SHAP value = 0.0459, direction = supports predicted class
3. **sloss**: sloss = 3, SHAP value = 0.0413, direction = supports predicted class
4. **sbytes**: sbytes = 1592, SHAP value = 0.0356, direction = supports predicted class
5. **spkts**: spkts = 12, SHAP value = 0.0349, direction = supports predicted class

#### Risk and Policy
- **Stage**: Exploitation
- **Risk Score**: 3.5332
- **Policy Zone**: Alert

#### Recommended Action
- **Recommended Action**: Raise a SOC alert and enrich the event context.

#### Human Review
- **Human Review Required**: Yes
- **Confidence Threshold**: 0.70
- **Reason**: Detector confidence below the fixed 0.70 threshold.

#### Limitations
- **Report Limitations**: This report is limited to the detector and supplied SHAP evidence. It does not include additional details such as attack behavior, causes, impacts, IP addresses, hostnames, CVEs, malware, tools, or any remediation steps.",733,376,14.125734064999051,26.618085705836574,False,198
UNSW-OFFICIAL-8100,A3_constrained_full,2.0,success,,Shellcode,True,"### Evidence-Grounded SOC Report

**Prediction Summary:**
The predicted label is ""Shellcode,"" with a confidence of 0.562989236340658 and an uncertainty score of 0.437010763659342. The predicted stage is ""Advanced Intrusion,"" and the risk score is 4.7854.

**Evidence:**
1. **ct_dst_src_ltm**: ct_dst_src_ltm = 1, SHAP value = 0.0651044994592666, direction = supports predicted class
2. **ct_srv_dst**: ct_srv_dst = 1, SHAP value = 0.0383578799664974, direction = supports predicted class
3. **dbytes**: dbytes = 268, SHAP value = 0.0347188524901866, direction = supports predicted class
4. **dpkts**: dpkts = 6, SHAP value = 0.0325308926403522, direction = supports predicted class
5. **dmean**: dmean = 45, SHAP value = 0.030333187431097, direction = supports predicted class

**Risk and Policy:**
The recommended action is to raise a SOC alert and enrich the event context. The human review is required with a confidence threshold of 0.7.

**Recommended Action:**
- **Raise a SOC alert** for potential shellcode activity.
- **Enrich the event context** with additional details such as the observed values and SHAP values for each feature.

**Human Review:**
- **Required**: Yes
- **Confidence Threshold**: 0.7
- **Reason**: Detector confidence",731,420,15.566617975000554,26.98081244587009,True,176
UNSW-OFFICIAL-8207,A3_constrained_full,2.0,success,,Reconnaissance,False,"### Evidence-Grounded SOC Report

#### Prediction Summary
The predicted label is **Backdoor** with a confidence of **0.441** and an uncertainty score of **0.559**. The recommended action is to **Raise a SOC alert and enrich the event context**.

#### Evidence
1. **Protocol is not UDP** (Observed Value: 0.0, SHAP Value: 0.0246, Direction: Supports Predicted Class)
2. **sttl = 254** (Observed Value: 254.0, SHAP Value: 0.0169, Direction: Supports Predicted Class)
3. **Protocol = SCTP** (Observed Value: 1.0, SHAP Value: 0.0151, Direction: Supports Predicted Class)
4. **dmean = 220** (Observed Value: 220.0, SHAP Value: 0.0144, Direction: Supports Predicted Class)
5. **sbytes = 536** (Observed Value: 536.0, SHAP Value: 0.0138, Direction: Supports Predicted Class)

#### Risk and Policy
- **Stage**: Command and Control
- **Risk Score**: 3.5285
- **Policy Zone**: Alert
- **Recommended Action**: Raise a SOC alert and enrich the event context

#### Human Review
- **Required**: Yes
- **Confidence Threshold**: 0.7
- **Reason**: Detector confidence below the fixed 0.70 threshold.

#### Limitations
This report is limited to the detector and supplied SHAP evidence.",723,366,13.645372450999275,26.82227995712914,False,171
UNSW-OFFICIAL-8497,A3_constrained_full,2.0,success,,Worms,False,"### Evidence-Grounded SOC Report

**Prediction Summary:**
The predicted label is ""Exploits"" with a confidence of 82.506% and an uncertainty score of 17.494%. The recommended action is to block the suspected source and initiate investigation.

**Evidence:**
1. **synack = 0.007142** - Supports predicted class.
2. **sbytes = 1294** - Supports predicted class.
3. **smean = 129** - Supports predicted class.
4. **sload = 46926.6** - Supports predicted class.
5. **tcprtt = 0.053521** - Supports predicted class.

**Risk and Policy:**
- **Stage:** Exploitation
- **Risk Score:** 5.3629
- **Policy Zone:** Block

**Recommended Action:**
- Block the suspected source and initiate investigation.

**Human Review:**
- **Required:** No
- **Confidence Threshold:** 0.7
- **Reason:** No mandatory confidence-based referral.

**Limitations:**
- The report is limited to the detector and supplied SHAP evidence.",777,259,9.979602119001356,25.952938495098813,False,127
UNSW-OFFICIAL-8748,A3_constrained_full,2.0,success,,Reconnaissance,False,"### Evidence-Grounded SOC Report

#### Prediction Summary
The predicted label is **Backdoor** with a confidence of **0.39588** and an uncertainty score of **0.60412**. The predicted stage is **Command and Control** and the risk score is **3.1671**.

#### Evidence
1. **proto_udp**: Protocol is not UDP (0.0, +0.03515)
2. **dur**: Duration is 2.88851 (2.88851, +0.01601)
3. **rate**: Rate is 28.0421 (28.0421, +0.01534)
4. **proto_ospf**: Protocol is OSPF (1.0, +0.01427)
5. **sload**: Load is 14357.6 (14357.56, +0.01325)

#### Risk and Policy
- **Stage**: Command and Control
- **Risk Score**: 3.1671
- **Policy Zone**: Alert
- **Recommended Action**: Raise a SOC alert and enrich the event context.

#### Human Review
- **Required**: Yes
- **Confidence Threshold**: 0.7
- **Reason**: Detector confidence below the fixed 0.70 threshold.

#### Limitations
- The report is limited to the detector and supplied SHAP evidence.",768,328,12.152829086000565,26.98960033740943,False,136
UNSW-OFFICIAL-8793,A3_constrained_full,2.0,success,,Worms,True,"### Evidence-Grounded SOC Report

#### Prediction Summary
The predicted label is ""Worms"" with a confidence of 0.6115 and an uncertainty score of 0.3885. The recommended action is to block the suspected source and initiate investigation.

#### Evidence
1. **sbytes**: 1302 (supports predicted class)
2. **smean**: 130 (supports predicted class)
3. **ackdat**: 0.034041 (opposes predicted class)
4. **service_-**: An application service is identified (supports predicted class)
5. **service_http**: Service = http (supports predicted class)

#### Risk and Policy
- **Stage**: Advanced Intrusion
- **Risk Score**: 5.1978
- **Policy Zone**: Block

#### Recommended Action
- **Recommended Action**: Block the suspected source and initiate investigation.

#### Human Review
- **Human Review Required**: Yes
- **Confidence Threshold**: 0.7
- **Reason**: Detector confidence below the fixed 0.70 threshold.

#### Limitations
- **Report Limitations**: This report is limited to the detector and supplied SHAP evidence. It does not include additional details such as attack behavior, causes, impacts, IP addresses, hostnames, CVEs, malware, tools, or extra remediation.",743,288,10.349002077000478,27.828770142007066,False,160
UNSW-OFFICIAL-8891,A3_constrained_full,2.0,success,,Worms,True,"### Evidence-Grounded SOC Report

#### Prediction Summary
The predicted label is **Worms** with a confidence of **0.459** and an uncertainty score of **0.541**. The recommended action is to **Raise a SOC alert and enrich the event context**.

#### Evidence
1. **dpkts**: **204** (supports predicted class)
2. **service_http**: **1.0** (supports predicted class)
3. **dloss**: **100** (supports predicted class)
4. **sbytes**: **1988** (supports predicted class)
5. **ct_flw_http_mthd**: **1.0** (supports predicted class)

#### Risk and Policy
- **Stage**: Advanced Intrusion
- **Risk Score**: 3.9044
- **Policy Zone**: Alert

#### Recommended Action
- **Recommended Action**: Raise a SOC alert and enrich the event context.

#### Human Review
- **Human Review Required**: Yes
- **Confidence Threshold**: 0.70
- **Reason**: Detector confidence below the fixed 0.70 threshold.

#### Limitations
- **Report Limitations**: This report is limited to the detector and supplied SHAP evidence. It does not include additional details such as attack behavior, causes, impacts, IP addresses, hostnames, CVEs, malware, tools, or extra remediation.",743,300,11.384807688000365,26.350906244661584,False,158
UNSW-OFFICIAL-8897,A3_constrained_full,2.0,success,,Reconnaissance,True,"### Evidence-Grounded SOC Report

#### Prediction Summary
The predicted label is **Reconnaissance** with a confidence of **0.595** and an uncertainty score of **0.405**. The recommended action is to **Log the event and continue monitoring**.

#### Evidence
1. **smean**: The mean size of the file is **85** bytes, supporting the prediction.
2. **sbytes**: The size of the file is **848** bytes, supporting the prediction.
3. **service_-**: An application service is identified, supporting the prediction.
4. **service_http**: The service type is **http**, supporting the prediction.
5. **ct_flw_http_mthd**: The HTTP method is **1**, supporting the prediction.

#### Risk and Policy
- **Stage**: Reconnaissance
- **Risk Score**: 1.7861
- **Policy Zone**: Monitor
- **Recommended Action**: Log the event and continue monitoring

#### Human Review
- **Required**: Yes
- **Confidence Threshold**: 0.7
- **Reason**: Detector confidence below the fixed 0.70 threshold.

#### Limitations
This report is limited to the detector and supplied SHAP evidence.",730,261,10.213765161000993,25.55374985481073,False,149
UNSW-OFFICIAL-8900,A3_constrained_full,2.0,success,,DoS,False,"### Evidence-Grounded SOC Report

#### Prediction Summary
The predicted label is ""Exploits"" with a confidence of 0.3622 and an uncertainty score of 0.6378. The recommended action is to raise a SOC alert and enrich the event context.

#### Evidence
1. **sbytes**: sbytes = 1620, SHAP value = 0.06765, direction = supports predicted class
2. **smean**: smean = 162, SHAP value = 0.05423, direction = supports predicted class
3. **ct_srv_dst**: ct_srv_dst = 1, SHAP value = 0.03767, direction = supports predicted class
4. **ct_dst_src_ltm**: ct_dst_src_ltm = 1, SHAP value = 0.03036, direction = supports predicted class
5. **sload**: sload = 28707.8, SHAP value = 0.02267, direction = supports predicted class

#### Risk and Policy
- **Stage**: Exploitation
- **Risk Score**: 2.3545
- **Policy Zone**: Alert
- **Recommended Action**: Raise a SOC alert and enrich the event context.

#### Human Review
- **Required**: Yes
- **Confidence Threshold**: 0.7
- **Reason**: Detector confidence below the fixed 0.70 threshold.

#### Limitations
- The report is limited to the detector and supplied SHAP evidence.",749,340,12.84488144200077,26.46968767561005,False,169
UNSW-OFFICIAL-8909,A3_constrained_full,2.0,success,,DoS,True,"### Evidence-Grounded SOC Report

#### Prediction Summary
The predicted label is **DoS** with a confidence of **0.325** and an uncertainty score of **0.675**. The recommended action is to **Raise a SOC alert and enrich the event context**.

#### Evidence
1. **sbytes**: sbytes = 788, SHAP value = 0.0428, direction = supports predicted class
2. **dmean**: dmean = 126, SHAP value = 0.0221, direction = supports predicted class
3. **sttl**: sttl = 62, SHAP value = 0.0202, direction = supports predicted class
4. **dloss**: dloss = 2, SHAP value = 0.0189, direction = supports predicted class
5. **ct_dst_src_ltm**: ct_dst_src_ltm = 1, SHAP value = 0.0149, direction = supports predicted class

#### Risk and Policy
- **Stage**: Impact / Availability
- **Risk Score**: 2.2761
- **Policy Zone**: Alert
- **Recommended Action**: Raise a SOC alert and enrich the event context

#### Human Review
- **Required**: Yes
- **Confidence Threshold**: 0.7
- **Reason**: Detector confidence below the fixed 0.70 threshold.

#### Limitations
This report is limited to the detector and supplied SHAP evidence.",732,327,12.565678270000717,26.0232669477683,False,170
UNSW-OFFICIAL-9004,A3_constrained_full,2.0,success,,Worms,False,"### Evidence-Grounded SOC Report

#### Prediction Summary
The predicted label is ""Fuzzers"" with a confidence of 0.2548 and an uncertainty score of 0.7452. The recommended action is to log the event and continue monitoring.

#### Evidence
1. **Protocol = udp** - Observed Value: 1.0, SHAP Value: 0.052691, Direction: supports predicted class
2. **ct_dst_src_ltm = 1** - Observed Value: 1.0, SHAP Value: -0.047812, Direction: opposes predicted class
3. **ct_srv_dst = 1** - Observed Value: 1.0, SHAP Value: -0.047399, Direction: opposes predicted class
4. **sbytes = 808** - Observed Value: 808.0, SHAP Value: 0.043528, Direction: supports predicted class
5. **smean = 404** - Observed Value: 404.0, SHAP Value: 0.039162, Direction: supports predicted class

#### Risk and Policy
- **Stage**: Exploitation
- **Risk Score**: 1.6565
- **Policy Zone**: Monitor
- **Recommended Action**: Log the event and continue monitoring

#### Human Review
- **Required**: Yes
- **Confidence Threshold**: 0.7
- **Reason**: Detector confidence below the fixed 0.70 threshold.

#### Limitations
This report is limited to the detector and supplied SHAP evidence.",731,364,13.743756233001477,26.4847537913954,False,167
UNSW-OFFICIAL-9757,A3_constrained_full,2.0,success,,Reconnaissance,False,"### Evidence-Grounded SOC Report

#### Prediction Summary
The predicted label is **Backdoor** with a confidence of **0.622** and an uncertainty score of **0.378**. The recommended action is to **Raise a SOC alert and enrich the event context**.

#### Evidence
1. **ct_dst_ltm**: ct_dst_ltm = 4, SHAP value = 0.03976, Direction = supports predicted class
2. **proto_udp**: Protocol is not udp, SHAP value = 0.032215, Direction = supports predicted class
3. **sbytes**: sbytes = 19040, SHAP value = 0.029177, Direction = supports predicted class
4. **sjit**: sjit = 1011.99, SHAP value = 0.026138, Direction = supports predicted class
5. **dur**: dur = 59.4057, SHAP value = 0.025617, Direction = supports predicted class

#### Risk and Policy
- **Stage**: Command and Control
- **Risk Score**: 4.9798
- **Policy Zone**: Alert
- **Recommended Action**: Raise a SOC alert and enrich the event context

#### Human Review
- **Required**: Yes
- **Confidence Threshold**: 0.7
- **Reason**: Detector confidence below the fixed 0.70 threshold.

#### Limitations
This report is limited to the detector and supplied SHAP evidence.",764,342,12.724813568998798,26.87662166094186,False,171
UNSW-OFFICIAL-9931,A3_constrained_full,2.0,success,,Exploits,False,"### Evidence-Grounded SOC Report

**Prediction Summary:**
The predicted label is ""DoS"" with a confidence of 84.13% and an uncertainty score of 15.87%. The recommended action is to block the suspected source and initiate investigation.

**Evidence:**
1. **Service DNS:** Service = dns (Supports predicted class)
2. **Service -:** An application service is identified (Supports predicted class)
3. **sbytes:** sbytes = 168 (Supports predicted class)
4. **smean:** smean = 84 (Supports predicted class)
5. **ct_srv_dst:** ct_srv_dst = 1 (Supports predicted class)

**Risk and Policy:**
The risk score is 5.89, and the policy zone is ""Block"". The recommended action is to block the suspected source and initiate investigation.

**Recommended Action:**
Block the suspected source and initiate investigation.

**Human Review:**
No mandatory confidence-based referral is required.

**Limitations:**
This report is limited to the detector and supplied SHAP evidence.",712,230,8.041567371999918,28.60138942575315,False,134
UNSW-OFFICIAL-10015,A3_constrained_full,2.0,success,,Shellcode,True,"### Evidence-Grounded SOC Report

**Prediction Summary:**
The predicted label is ""Shellcode,"" with a confidence of 0.512 and an uncertainty score of 0.488. The predicted stage is ""Advanced Intrusion,"" and the risk score is 4.356. The recommended action is to raise a SOC alert and enrich the event context.

**Evidence:**
1. **ct_dst_src_ltm**: ct_dst_src_ltm = 1 (supports predicted class)
2. **service_-**: Service = unspecified (supports predicted class)
3. **service_http**: Service is not http (supports predicted class)
4. **sbytes**: sbytes = 888 (supports predicted class)
5. **sloss**: sloss = 2 (supports predicted class)

**Recommended Action:**
Raise a SOC alert and enrich the event context.

**Human Review:**
Human review is required due to the detector confidence below the fixed 0.70 threshold.

**Limitations:**
The report is limited to the detector and supplied SHAP evidence.",722,225,8.697086670999852,25.870732178656453,False,129
UNSW-OFFICIAL-10029,A3_constrained_full,2.0,success,,Reconnaissance,True,"### Evidence-Grounded SOC Report

#### Prediction Summary
The predicted label is **Reconnaissance** with a confidence of **0.5137** and an uncertainty score of **0.4863**. The recommended action is to **Log the event and continue monitoring**.

#### Evidence
1. **smean**: The mean size of the packet is **81** bytes, supporting the prediction.
2. **sbytes**: The total size of the packet is **810** bytes, supporting the prediction.
3. **ct_dst_src_ltm**: The destination and source LTM values are **1**, supporting the prediction.
4. **service_-**: An application service is identified, supporting the prediction.
5. **ct_srv_src**: The source of the packet is **8**, opposing the prediction.

#### Risk and Policy
- **Stage**: Reconnaissance
- **Risk Score**: 1.5411
- **Policy Zone**: Monitor
- **Recommended Action**: Log the event and continue monitoring

#### Human Review
- **Required**: Yes
- **Confidence Threshold**: 0.7
- **Reason**: Detector confidence below the fixed 0.70 threshold.

#### Limitations
This report is limited to the detector and supplied SHAP evidence.",731,269,10.224461936999433,26.30945292353871,False,155
UNSW-OFFICIAL-10238,A3_constrained_full,2.0,success,,Reconnaissance,False,"### Evidence-Grounded SOC Report

#### Prediction Summary
The predicted label is **Backdoor** with a confidence of **0.5116** and an uncertainty score of **0.4884**. The recommended action is to **Raise a SOC alert and enrich the event context**.

#### Evidence
1. **Protocol is not UDP** (Supports Predicted Class)
2. **ct_src_ltm = 9** (Supports Predicted Class)
3. **Protocol = sctp** (Supports Predicted Class)
4. **smean = 76** (Supports Predicted Class)
5. **sbytes = 152** (Supports Predicted Class)

#### Risk and Policy
- **Stage:** Command and Control
- **Risk Score:** 4.0926
- **Policy Zone:** Alert

#### Recommended Action
- **Recommended Action:** Raise a SOC alert and enrich the event context.

#### Human Review
- **Human Review Required:** Yes
- **Confidence Threshold:** 0.70
- **Reason:** Detector confidence below the fixed 0.70 threshold.

#### Limitations
- **Report Limitations:** This report is limited to the detector and supplied SHAP evidence.",726,264,9.228322503000527,28.607582788113678,False,144
UNSW-OFFICIAL-10272,A3_constrained_full,2.0,success,,Reconnaissance,True,"### Evidence-Grounded SOC Report

#### Prediction Summary
The predicted label is **Reconnaissance** with a confidence of **0.9967** and an uncertainty score of **0.0033**. The recommended action is to **Raise a SOC alert and enrich the event context**.

#### Evidence
1. **sbytes**: The observed value is **564**. The SHAP value is **0.0860** and it supports the predicted class.
2. **smean**: The observed value is **56.0**. The SHAP value is **0.0683** and it supports the predicted class.
3. **dmean**: The observed value is **44.0**. The SHAP value is **0.0461** and it supports the predicted class.
4. **sjit**: The observed value is **5619.65**. The SHAP value is **0.0439** and it supports the predicted class.
5. **dbytes**: The observed value is **354.0**. The SHAP value is **0.0415** and it supports the predicted class.

#### Risk and Policy
- **Stage**: Reconnaissance
- **Risk Score**: 2.9901
- **Policy Zone**: Alert

#### Recommended Action
- **Recommended Action**: Raise a SOC alert and enrich the event context.

#### Human Review
- **Human Review Required**: No
- **Confidence Threshold**: 0.7
- **Reason**: No mandatory confidence-based referral.

#### Limitations
- The report is limited to the detector and supplied SHAP evidence.",740,357,13.182890133999535,27.080556416022436,False,191
UNSW-OFFICIAL-10450,A3_constrained_full,2.0,success,,Exploits,True,"### Evidence-Grounded SOC Report

**Prediction Summary:**
The predicted label is ""Exploits"" with a confidence of 0.904 and an uncertainty score of 0.096. The recommended action is to block the suspected source and initiate investigation.

**Evidence:**
1. **dbytes**: 35058 (supports predicted class)
2. **sttl**: 62 (supports predicted class)
3. **dmean**: 1096 (supports predicted class)
4. **dloss**: 14 (supports predicted class)
5. **dpkts**: 32 (supports predicted class)

**Risk and Policy:**
The risk score is 5.8777, and the policy zone is ""Block."" The recommended action is to block the suspected source and initiate investigation.

**Recommended Action:**
Block the suspected source and initiate investigation.

**Human Review:**
No mandatory confidence-based referral is required.

**Limitations:**
This report is limited to the detector and supplied SHAP evidence.",729,220,8.56315466200067,25.691466367676213,False,120
UNSW-OFFICIAL-10690,A3_constrained_full,2.0,success,,Worms,True,"### Evidence-Grounded SOC Report

**Prediction Summary:**
The predicted label is ""Worms"" with a confidence of 79.44% and an uncertainty score of 20.56%. The recommended action is to block the suspected source and initiate investigation.

**Evidence:**
1. **sbytes**: 1296 (supports predicted class)
2. **smean**: 130 (supports predicted class)
3. **service_-**: An application service is identified (supports predicted class)
4. **service_http**: Service = http (supports predicted class)
5. **trans_depth**: trans_depth = 1 (supports predicted class)

**Risk and Policy:**
The risk score is 6.7523, and the policy zone is ""Block"". The recommended action is to block the suspected source and initiate investigation.

**Recommended Action:**
Block the suspected source and initiate investigation.

**Human Review:**
No mandatory confidence-based referral is required.

**Limitations:**
This report is limited to the detector and supplied SHAP evidence.",714,222,8.276063582999996,26.824346837548955,False,128
UNSW-OFFICIAL-10762,A3_constrained_full,2.0,success,,Shellcode,False,"### Evidence-Grounded SOC Report

#### Prediction Summary
The predicted label is ""Fuzzers"" with a confidence of 0.3535 and an uncertainty score of 0.6465. The recommended action is to raise a SOC alert and enrich the event context.

#### Evidence
1. **ct_dst_src_ltm**: ct_dst_src_ltm = 1 (opposes predicted class)
2. **sbytes**: sbytes = 738 (supports predicted class)
3. **smean**: smean = 74 (supports predicted class)
4. **ct_srv_src**: ct_srv_src = 5 (supports predicted class)
5. **service_-**: Service = unspecified (supports predicted class)

#### Risk and Policy
- **Stage**: Exploitation
- **Risk Score**: 2.298
- **Policy Zone**: Alert

#### Recommended Action
- **Recommended Action**: Raise a SOC alert and enrich the event context.

#### Human Review
- **Human Review Required**: Yes
- **Confidence Threshold**: 0.7
- **Reason**: Detector confidence below the fixed 0.70 threshold.

#### Limitations
- **Report Limitations**: This report is limited to the detector and supplied SHAP evidence. It does not include additional attack behavior, causes, impacts, IP addresses, hostnames, CVEs, malware, tools, or any other remediation details.",729,298,10.591065980999701,28.13692224508939,False,166
UNSW-OFFICIAL-10832,A3_constrained_full,2.0,success,,DoS,True,"### Evidence-Grounded SOC Report

**Prediction Summary:**
The predicted label is **DoS** with a confidence of **0.4426** and an uncertainty score of **0.5574**. The recommended action is to **Raise a SOC alert and enrich the event context**.

**Evidence:**
1. **dbytes**: **3278** (supports predicted class)
2. **spkts**: **416** (supports predicted class)
3. **sbytes**: **565707** (supports predicted class)
4. **sloss**: **205** (supports predicted class)
5. **dpkts**: **76** (supports predicted class)

**Risk and Policy:**
- **Risk Score**: **3.0985**
- **Policy Zone**: **Alert**
- **Recommended Action**: **Raise a SOC alert and enrich the event context**

**Human Review:**
- **Required**: Yes
- **Confidence Threshold**: 0.7
- **Reason**: Detector confidence below the fixed 0.70 threshold.

**Limitations:**
- The report is limited to the detector and supplied SHAP evidence.",744,253,9.642752786001438,26.23732098237391,False,121
UNSW-OFFICIAL-10870,A3_constrained_full,2.0,success,,Reconnaissance,True,"### Evidence-Grounded SOC Report

#### Prediction Summary
The predicted label is **Reconnaissance** with a confidence of **0.941** and an uncertainty score of **0.059**. The recommended action is to **Raise a SOC alert and enrich the event context**.

#### Evidence
1. **sbytes**: sbytes = 168, SHAP value = 0.177, direction = supports predicted class
2. **smean**: smean = 84, SHAP value = 0.149, direction = supports predicted class
3. **proto_udp**: Protocol = udp, SHAP value = 0.109, direction = supports predicted class
4. **sload**: sload = 8.4e+07, SHAP value = 0.051, direction = supports predicted class
5. **ct_srv_dst**: ct_srv_dst = 1, SHAP value = 0.042, direction = supports predicted class

#### Risk and Policy
- **Stage**: Reconnaissance
- **Risk Score**: 2.824
- **Policy Zone**: Alert

#### Recommended Action
- **Recommended Action**: Raise a SOC alert and enrich the event context.

#### Human Review
- **Human Review Required**: No
- **Confidence Threshold**: 0.7
- **Reason**: No mandatory confidence-based referral.

#### Limitations
- **Report Limitations**: This report is limited to the detector and supplied SHAP evidence.",730,325,12.153324339000392,26.74165445885987,False,173
UNSW-OFFICIAL-11213,A3_constrained_full,2.0,success,,DoS,False,"### Evidence-Grounded SOC Report

**Prediction Summary:**
The predicted label is **Backdoor** with a confidence of **0.3317** and an uncertainty score of **0.6683**. The recommended action is to **Raise a SOC alert and enrich the event context**.

**Evidence:**
1. **Protocol is not UDP** (Supports predicted class, SHAP value: 0.0328)
2. **dur = 7.8566** (Supports predicted class, SHAP value: 0.0151)
3. **spkts = 40** (Supports predicted class, SHAP value: 0.0114)
4. **Protocol = OSPF** (Supports predicted class, SHAP value: 0.0112)
5. **rate = 4.964** (Supports predicted class, SHAP value: 0.0096)

**Risk and Policy:**
- **Stage:** Command and Control
- **Risk Score:** 2.6537
- **Policy Zone:** Alert

**Recommended Action:**
- **Recommended Action:** Raise a SOC alert and enrich the event context.

**Human Review:**
- **Human Review Required:** Yes
- **Confidence Threshold:** 0.70
- **Reason:** Detector confidence below the fixed 0.70 threshold.

**Limitations:**
- The report is limited to the detector and supplied SHAP evidence.",753,324,12.102776395000546,26.770716852526412,False,151
UNSW-OFFICIAL-11343,A3_constrained_full,2.0,success,,Shellcode,True,"### Evidence-Grounded SOC Report

**Prediction Summary:**
The predicted label is ""Shellcode,"" with a confidence of 0.7765546479591441 and an uncertainty score of 0.22344535204085592. The predicted stage is ""Advanced Intrusion,"" and the risk score is 6.6007.

**Evidence:**
1. **Protocol = udp** (Observed Value: 1.0, SHAP Value: 0.1005310639739036, Direction: supports predicted class)
2. **smean = 101** (Observed Value: 101.0, SHAP Value: 0.0819810852408409, Direction: supports predicted class)
3. **sbytes = 202** (Observed Value: 202.0, SHAP Value: 0.0780084356665611, Direction: supports predicted class)
4. **ct_dst_src_ltm = 1** (Observed Value: 1.0, SHAP Value: 0.0643328353762626, Direction: supports predicted class)
5. **ct_srv_dst = 1** (Observed Value: 1.0, SHAP Value: 0.0439113937318325, Direction: supports predicted class)

**Risk and Policy:**
The recommended action is to ""Block the suspected source and initiate investigation."" The risk score is 6.6007, and the policy zone is ""Block.""

**Recommended Action:**
The recommended action is to ""Block the suspected source and initiate investigation.""

**Human Review:**
The human review decision is """,724,420,15.319050129999596,27.41684350111929,True,153
UNSW-OFFICIAL-11434,A3_constrained_full,2.0,success,,Reconnaissance,True,"### Evidence-Grounded SOC Report

#### Prediction Summary
The predicted label is **Reconnaissance** with a confidence of **0.656** and an uncertainty score of **0.344**. The recommended action is to **Log the event and continue monitoring**.

#### Evidence
1. **smean**: The mean size of the file is **88** bytes, supporting the predicted class.
2. **sbytes**: The total size of the file is **882** bytes, supporting the predicted class.
3. **dmean**: The mean duration of the file is **44** seconds, supporting the predicted class.
4. **dloss**: The loss rate of the file is **1%**, supporting the predicted class.
5. **sload**: The size of the file is **5057.47** bytes, supporting the predicted class.

#### Risk and Policy
- **Stage**: Reconnaissance
- **Risk Score**: 1.9692
- **Policy Zone**: Monitor

#### Recommended Action
- **Recommended Action**: Log the event and continue monitoring.

#### Human Review
- **Human Review Required**: Yes
- **Confidence Threshold**: 0.7
- **Reason**: Detector confidence below the fixed 0.70 threshold.

#### Limitations
- **Report Limitations**: This report is limited to the detector and supplied SHAP evidence.",737,295,11.062637246999657,26.666335830546025,False,173
UNSW-OFFICIAL-11472,A3_constrained_full,2.0,success,,Worms,False,"### Evidence-Grounded SOC Report

#### Prediction Summary
The predicted label is ""Exploits"" with a confidence of 0.432 and an uncertainty score of 0.568. The recommended action is to raise a SOC alert and enrich the event context.

#### Evidence
1. **ct_srv_src**: ct_srv_src = 5, SHAP value = 0.042, direction = supports predicted class
2. **ct_srv_dst**: ct_srv_dst = 1, SHAP value = 0.027, direction = supports predicted class
3. **service_-**: An application service is identified, SHAP value = 0.023, direction = supports predicted class
4. **ct_dst_src_ltm**: ct_dst_src_ltm = 1, SHAP value = 0.021, direction = supports predicted class
5. **sload**: sload = 11720.8, SHAP value = 0.021, direction = supports predicted class

#### Risk and Policy
- **Stage**: Exploitation
- **Risk Score**: 2.8095
- **Policy Zone**: Alert
- **Recommended Action**: Raise a SOC alert and enrich the event context.

#### Human Review
- **Required**: Yes
- **Confidence Threshold**: 0.7
- **Reason**: Detector confidence below the fixed 0.70 threshold.

#### Limitations
This report is limited to the detector and supplied SHAP evidence.",746,324,12.118864443000348,26.735178161608776,False,170
UNSW-OFFICIAL-12960,A3_constrained_full,2.0,success,,Exploits,True,"### Evidence-Grounded SOC Report

#### Prediction Summary
The predicted label is ""Exploits"" with a confidence of 1.0 and an uncertainty score of 0.0. The recommended action is to block the suspected source and initiate investigation.

#### Evidence
1. **sttl**: sttl = 62, SHAP value = 0.1025857850909233, direction = supports predicted class
2. **service_-**: An application service is identified, SHAP value = 0.0641063079237937, direction = supports predicted class
3. **dmean**: dmean = 134, SHAP value = 0.0604260675609111, direction = supports predicted class
4. **sbytes**: sbytes = 364, SHAP value = 0.0429392755031585, direction = supports predicted class
5. **service_ftp-data**: Service = ftp-data, SHAP value = 0.0393215306103229, direction = supports predicted class

#### Risk and Policy
- **Stage**: Exploitation
- **Risk Score**: 6.5
- **Policy Zone**: Block
- **Recommended Action**: Block the suspected source and initiate investigation.

#### Human Review
- **Required**: No
- **Confidence Threshold**: 0.7
- **Reason**: No mandatory confidence-based referral.

#### Limitations
This report is limited to the detector and supplied SHAP evidence.",686,362,13.342463780001708,27.131420850666434,False,163
UNSW-OFFICIAL-13342,A3_constrained_full,2.0,success,,Generic,True,"### Evidence-Grounded SOC Report

#### Prediction Summary
The predicted label is ""Generic"" with a confidence of 1.0 and an uncertainty score of 0.0. The recommended action is to ""Block the suspected source and initiate investigation."" The human review decision is ""No mandatory confidence-based referral.""

#### Evidence
1. **service_dns**: Service = dns, Observed Value = 1.0, SHAP Value = 0.1142762601375579, Direction = supports predicted class
2. **sbytes**: sbytes = 114, Observed Value = 114.0, SHAP Value = 0.0996342077851295, Direction = supports predicted class
3. **service_-**: An application service is identified, Observed Value = 0.0, SHAP Value = 0.0760748088359832, Direction = supports predicted class
4. **ct_srv_dst**: ct_srv_dst = 39, Observed Value = 39.0, SHAP Value = 0.0747999101877212, Direction = supports predicted class
5. **ct_dst_sport_ltm**: ct_dst_sport_ltm = 22, Observed Value = 22.0, SHAP Value = 0.0593280717730522, Direction = supports predicted class

#### Risk and Policy
- **Stage**: Exploitation
- **Risk Score**: 6.5
- **Policy Zone**: Block

#### Recommended Action
- **Recommended Action**: Block the suspected source and initiate investigation.

#### Human Review
- **Human Review Decision**: No mandatory confidence-based referral.

#### Limitations
- The report is limited to the detector and supplied SHAP evidence.",692,418,15.27297069800079,27.368611402804277,False,191
UNSW-OFFICIAL-15213,A3_constrained_full,2.0,success,,Generic,True,"### Evidence-Grounded SOC Report

#### Prediction Summary
The predicted label is ""Generic"" with a confidence of 1.0 and an uncertainty score of 0.0. The recommended action is to ""Block the suspected source and initiate investigation."" The human review decision is ""No mandatory confidence-based referral.""

#### Evidence
1. **service_dns**: Service = dns, Observed Value = 1.0, SHAP Value = 0.1144468858838081, Direction = supports predicted class
2. **sbytes**: sbytes = 114, Observed Value = 114.0, SHAP Value = 0.0993836298584938, Direction = supports predicted class
3. **ct_srv_dst**: ct_srv_dst = 34, Observed Value = 34.0, SHAP Value = 0.0762329921126365, Direction = supports predicted class
4. **service_-**: An application service is identified, Observed Value = 0.0, SHAP Value = 0.0761351287364959, Direction = supports predicted class
5. **ct_dst_sport_ltm**: ct_dst_sport_ltm = 21, Observed Value = 21.0, SHAP Value = 0.058881726115942, Direction = supports predicted class

#### Risk and Policy
- **Stage**: Exploitation
- **Risk Score**: 6.5
- **Policy Zone**: Block

#### Recommended Action
- **Recommended Action**: Block the suspected source and initiate investigation.

#### Human Review
- **Human Review Decision**: No mandatory confidence-based referral.

#### Limitations
- The report is limited to the detector and supplied SHAP evidence.",691,417,15.191198411999721,27.450105560507087,False,191
UNSW-OFFICIAL-15415,A3_constrained_full,2.0,success,,Generic,True,"### Evidence-Grounded SOC Report

#### Prediction Summary
The predicted label is ""Generic"" with a confidence of 1.0 and an uncertainty score of 0.0. The recommended action is to ""Block the suspected source and initiate investigation."" The human review decision is ""No mandatory confidence-based referral.""

#### Evidence
1. **service_dns**: Service = dns, Observed Value = 1.0, SHAP Value = 0.1142753213644027, Direction = supports predicted class
2. **sbytes**: sbytes = 114, Observed Value = 114.0, SHAP Value = 0.0995402187108993, Direction = supports predicted class
3. **service_-**: An application service is identified, Observed Value = 0.0, SHAP Value = 0.0759719163179397, Direction = supports predicted class
4. **ct_srv_dst**: ct_srv_dst = 35, Observed Value = 35.0, SHAP Value = 0.0748735591769218, Direction = supports predicted class
5. **ct_dst_sport_ltm**: ct_dst_sport_ltm = 20, Observed Value = 20.0, SHAP Value = 0.0593903772532939, Direction = supports predicted class

#### Risk and Policy
- **Stage**: Exploitation
- **Risk Score**: 6.5
- **Policy Zone**: Block

#### Recommended Action
- **Recommended Action**: Block the suspected source and initiate investigation.

#### Human Review
- **Human Review Decision**: No mandatory confidence-based referral.

#### Limitations
- The report is limited to the detector and supplied SHAP evidence.",692,418,15.240028112999426,27.427770926712054,False,191
UNSW-OFFICIAL-15513,A3_constrained_full,2.0,success,,Generic,True,"### Evidence-Grounded SOC Report

#### Prediction Summary
The predicted label is ""Generic"" with a confidence of 0.9933 and an uncertainty score of 0.0067. The recommended action is to ""Block the suspected source and initiate investigation.""

#### Evidence
1. **service_dns**: Service = dns, Observed Value = 1.0, SHAP Value = 0.1129, Direction = supports predicted class
2. **sbytes**: sbytes = 114, Observed Value = 114.0, SHAP Value = 0.1003, Direction = supports predicted class
3. **service_-**: An application service is identified, Observed Value = 0.0, SHAP Value = 0.0780, Direction = supports predicted class
4. **ct_srv_dst**: ct_srv_dst = 45, Observed Value = 45.0, SHAP Value = 0.0734, Direction = supports predicted class
5. **ct_dst_sport_ltm**: ct_dst_sport_ltm = 25, Observed Value = 25.0, SHAP Value = 0.0668, Direction = supports predicted class

#### Risk and Policy
- **Stage**: Exploitation
- **Risk Score**: 6.4567
- **Policy Zone**: Block
- **Recommended Action**: Block the suspected source and initiate investigation.

#### Human Review
- **Required**: No
- **Confidence Threshold**: 0.7
- **Reason**: No mandatory confidence-based referral.

#### Limitations
This report is limited to the detector and supplied SHAP evidence.",724,365,13.52784653999879,26.981382359770073,False,183
UNSW-OFFICIAL-15593,A3_constrained_full,2.0,success,,Generic,True,"### Evidence-Grounded SOC Report

#### Prediction Summary
The predicted label is ""Generic"" with a confidence of 1.0 and an uncertainty score of 0.0. The recommended action is to ""Block the suspected source and initiate investigation."" The human review decision is ""No mandatory confidence-based referral.""

#### Evidence
1. **service_dns**: Service = dns, Observed Value = 1.0, SHAP Value = 0.1155896857380867, Direction = supports predicted class
2. **sbytes**: sbytes = 114, Observed Value = 114.0, SHAP Value = 0.1018236577510833, Direction = supports predicted class
3. **service_-**: An application service is identified, Observed Value = 0.0, SHAP Value = 0.08014827221632, Direction = supports predicted class
4. **ct_srv_dst**: ct_srv_dst = 31, Observed Value = 31.0, SHAP Value = 0.0733609944581985, Direction = supports predicted class
5. **ct_dst_sport_ltm**: ct_dst_sport_ltm = 13, Observed Value = 13.0, SHAP Value = 0.0604159422218799, Direction = supports predicted class

#### Risk and Policy
- **Stage**: Exploitation
- **Risk Score**: 6.5
- **Policy Zone**: Block

#### Recommended Action
- **Recommended Action**: Block the suspected source and initiate investigation.

#### Human Review
- **Human Review Decision**: No mandatory confidence-based referral.

#### Limitations
- The report is limited to the detector and supplied SHAP evidence.",690,416,15.130459604000862,27.49420776947182,False,191
UNSW-OFFICIAL-16778,A3_constrained_full,2.0,success,,Generic,True,"### Evidence-Grounded SOC Report

#### Prediction Summary
The predicted label is ""Generic"" with a confidence of 1.0 and an uncertainty score of 0.0. The recommended action is to ""Block the suspected source and initiate investigation."" The human review decision is ""No mandatory confidence-based referral.""

#### Evidence
1. **service_dns**: Service = dns, Observed Value = 1.0, SHAP Value = 0.1157796010375022, Direction = supports predicted class
2. **sbytes**: sbytes = 114, Observed Value = 114.0, SHAP Value = 0.100291296839714, Direction = supports predicted class
3. **service_-**: An application service is identified, Observed Value = 0.0, SHAP Value = 0.079874075949192, Direction = supports predicted class
4. **ct_srv_dst**: ct_srv_dst = 18, Observed Value = 18.0, SHAP Value = 0.0724701657891273, Direction = supports predicted class
5. **ct_dst_sport_ltm**: ct_dst_sport_ltm = 18, Observed Value = 18.0, SHAP Value = 0.060217909514904, Direction = supports predicted class

#### Risk and Policy
- **Stage**: Exploitation
- **Risk Score**: 6.5
- **Policy Zone**: Block

#### Recommended Action
- **Recommended Action**: Block the suspected source and initiate investigation.

#### Human Review
- **Human Review Decision**: No mandatory confidence-based referral.

#### Limitations
- The report is limited to the detector and supplied SHAP evidence.",689,415,15.14266344600037,27.406010935917216,False,191
UNSW-OFFICIAL-17774,A3_constrained_full,2.0,success,,Generic,False,"### Evidence-Grounded SOC Report

**Prediction Summary:**
The predicted label is ""Exploits"" with a confidence of 0.519 and an uncertainty score of 0.481. The recommended action is to raise a SOC alert and enrich the event context.

**Evidence:**
1. **sttl (Stage Time):** sttl = 254 (supports predicted class)
2. **sbytes (Size of Bytes Sent):** sbytes = 31148 (supports predicted class)
3. **sload (Size of Bytes Loaded):** sload = 282096 (supports predicted class)
4. **smean (Mean Size of Bytes):** smean = 820 (supports predicted class)
5. **dbytes (Difference in Bytes):** dbytes = 1954 (supports predicted class)

**Risk and Policy:**
The risk score is 3.3741, indicating a high risk. The policy zone is ""Alert,"" and the recommended action is to raise a SOC alert and enrich the event context.

**Recommended Action:**
- **Raise a SOC alert:** This action is recommended to raise a security incident report and alert the appropriate security team.
- **Enrich the event context:** Provide additional details such as the specific exploit details, the time of the event, and any other relevant information to aid in the investigation.

**Human Review:**
- **Required:** Yes
- **Confidence Threshold:** 0.7
- **Reason:** Detector confidence below the fixed 0.70 threshold.

**Limitations:**
- The report is limited to the detector and the supplied SHAP evidence. It does not include any additional attack behavior, causes, impacts, IP addresses, hostnames, CVEs, malware, tools, or remediation steps.",750,385,14.112005279999721,27.28173582429439,False,229
UNSW-OFFICIAL-18095,A3_constrained_full,2.0,success,,Generic,True,"### Evidence-Grounded SOC Report

#### Prediction Summary
The predicted label is ""Generic"" with a confidence of 1.0 and an uncertainty score of 0.0. The recommended action is to ""Block the suspected source and initiate investigation."" The human review decision is ""No mandatory confidence-based referral.""

#### Evidence
1. **service_dns**: Service = dns, Observed Value = 1.0, SHAP Value = 0.1153496727347374, Direction = supports predicted class
2. **sbytes**: sbytes = 114, Observed Value = 114.0, SHAP Value = 0.1002769693732261, Direction = supports predicted class
3. **service_-**: An application service is identified, Observed Value = 0.0, SHAP Value = 0.0797977000474929, Direction = supports predicted class
4. **ct_srv_dst**: ct_srv_dst = 25, Observed Value = 25.0, SHAP Value = 0.0731665417551994, Direction = supports predicted class
5. **ct_dst_sport_ltm**: ct_dst_sport_ltm = 25, Observed Value = 25.0, SHAP Value = 0.0602817945182323, Direction = supports predicted class

#### Risk and Policy
- **Stage**: Exploitation
- **Risk Score**: 6.5
- **Policy Zone**: Block

#### Recommended Action
- **Recommended Action**: Block the suspected source and initiate investigation.

#### Human Review
- **Human Review Decision**: No mandatory confidence-based referral.

#### Limitations
This report is limited to the detector and supplied SHAP evidence.",692,417,15.360949087000336,27.146760114770434,False,190
UNSW-OFFICIAL-19389,A3_constrained_full,2.0,success,,Generic,True,"### Evidence-Grounded SOC Report

#### Prediction Summary
The predicted label is ""Generic"" with a confidence of 1.0 and an uncertainty score of 0.0. The predicted stage is ""Exploitation"" with a risk score of 6.5 and is located in the ""Block"" policy zone. The recommended action is to ""Block the suspected source and initiate investigation.""

#### Evidence
1. **service_dns**: Service = dns, Observed Value = 1.0, SHAP Value = 0.1605594456195831, Direction = supports predicted class
2. **sbytes**: sbytes = 114, Observed Value = 114.0, SHAP Value = 0.1229989379644393, Direction = supports predicted class
3. **service_-**: An application service is identified, Observed Value = 0.0, SHAP Value = 0.109828196465969, Direction = supports predicted class
4. **proto_udp**: Protocol = udp, Observed Value = 1.0, SHAP Value = 0.0736376941204071, Direction = supports predicted class
5. **smean**: smean = 57, Observed Value = 57.0, SHAP Value = 0.0639853030443191, Direction = supports predicted class

#### Risk and Policy
- **Stage**: Exploitation
- **Risk Score**: 6.5
- **Policy Zone**: Block

#### Recommended Action
- **Action**: Block the suspected source and initiate investigation.

#### Human Review
- **Required**: No
- **Confidence Threshold**: 0.7
- **Reason**: No mandatory confidence-based referral.

#### Limitations
This",672,420,15.904810653999448,26.407104689070042,True,194
UNSW-OFFICIAL-20794,A3_constrained_full,2.0,success,,Generic,True,"### Evidence-Grounded SOC Report

#### Prediction Summary
The predicted label is ""Generic"" with a confidence of 1.0 and an uncertainty score of 0.0. The predicted stage is ""Exploitation"" with a risk score of 6.5 and is located in the ""Block"" policy zone. The recommended action is to ""Block the suspected source and initiate investigation.""

#### Evidence
1. **service_dns**: Service = dns, Observed Value = 1.0, SHAP Value = 0.114626720547676, Direction = supports predicted class
2. **sbytes**: sbytes = 114, Observed Value = 114.0, SHAP Value = 0.1002755090594291, Direction = supports predicted class
3. **service_-**: An application service is identified, Observed Value = 0.0, SHAP Value = 0.0792384967207908, Direction = supports predicted class
4. **ct_srv_dst**: ct_srv_dst = 35, Observed Value = 35.0, SHAP Value = 0.0743318349123001, Direction = supports predicted class
5. **ct_dst_sport_ltm**: ct_dst_sport_ltm = 22, Observed Value = 22.0, SHAP Value = 0.061068020761013, Direction = supports predicted class

#### Human Review
The required human review is not necessary as the confidence threshold is not met (0.7).

#### Limitations
This report is limited to the detector and the supplied SHAP evidence.",690,393,14.743795499000043,26.655280183902043,False,180
UNSW-OFFICIAL-20956,A3_constrained_full,2.0,success,,Generic,True,"### Evidence-Grounded SOC Report

#### Prediction Summary
The predicted label is ""Generic"" with a confidence of 1.0 and an uncertainty score of 0.0. The predicted stage is ""Exploitation"" with a risk score of 6.5 and is located in the ""Block"" policy zone. The recommended action is to ""Block the suspected source and initiate investigation.""

#### Evidence
1. **service_dns**: Service = dns, Observed Value = 1.0, SHAP Value = 0.1151172518730163, Direction = supports predicted class
2. **sbytes**: sbytes = 114, Observed Value = 114.0, SHAP Value = 0.1009848192334175, Direction = supports predicted class
3. **service_-**: An application service is identified, Observed Value = 0.0, SHAP Value = 0.0798035711050033, Direction = supports predicted class
4. **ct_srv_dst**: ct_srv_dst = 35, Observed Value = 35.0, SHAP Value = 0.072783850133419, Direction = supports predicted class
5. **ct_dst_sport_ltm**: ct_dst_sport_ltm = 16, Observed Value = 16.0, SHAP Value = 0.060895949602127, Direction = supports predicted class

#### Human Review
The required human review is not necessary as the confidence threshold is not met (0.7).

#### Limitations
This report is limited to the detector and the supplied SHAP evidence.",690,393,14.377433515999655,27.33450302953287,False,180
UNSW-OFFICIAL-22460,A3_constrained_full,2.0,success,,Generic,False,"### Evidence-Grounded SOC Report

#### Prediction Summary
The predicted label is ""Fuzzers"" with a confidence of 0.544491 and an uncertainty score of 0.455509. The recommended action is to raise a SOC alert and enrich the event context.

#### Evidence
1. **spkts**: spkts = 16, SHAP value = 0.045279, direction = supports predicted class
2. **ct_srv_dst**: ct_srv_dst = 1, SHAP value = -0.040604, direction = opposes predicted class
3. **sloss**: sloss = 4, SHAP value = 0.038848, direction = supports predicted class
4. **dbytes**: dbytes = 700, SHAP value = 0.038775, direction = supports predicted class
5. **sbytes**: sbytes = 1576, SHAP value = 0.033101, direction = supports predicted class

#### Risk and Policy
- **Stage**: Exploitation
- **Risk Score**: 3.5392
- **Policy Zone**: Alert
- **Recommended Action**: Raise a SOC alert and enrich the event context.

#### Human Review
- **Required**: Yes
- **Confidence Threshold**: 0.7
- **Reason**: Detector confidence below the fixed 0.70 threshold.

#### Limitations
This report is limited to the detector and supplied SHAP evidence.",731,339,12.559176862998356,26.992214832068836,False,168
UNSW-OFFICIAL-22782,A3_constrained_full,2.0,success,,Generic,True,"### Evidence-Grounded SOC Report

#### Prediction Summary
The predicted label is ""Generic"" with a confidence of 1.0 and an uncertainty score of 0.0. The recommended action is to ""Block the suspected source and initiate investigation."" The human review decision is ""No mandatory confidence-based referral.""

#### Evidence
1. **service_dns**: Service = dns, Observed Value = 1.0, SHAP Value = 0.1151284277439117, Direction = supports predicted class
2. **sbytes**: sbytes = 114, Observed Value = 114.0, SHAP Value = 0.0994064807891845, Direction = supports predicted class
3. **ct_srv_dst**: ct_srv_dst = 29, Observed Value = 29.0, SHAP Value = 0.0762438178062439, Direction = supports predicted class
4. **service_-**: An application service is identified, Observed Value = 0.0, SHAP Value = 0.0761963874101638, Direction = supports predicted class
5. **ct_dst_sport_ltm**: ct_dst_sport_ltm = 25, Observed Value = 25.0, SHAP Value = 0.058707520365715, Direction = supports predicted class

#### Risk and Policy
- **Stage**: Exploitation
- **Risk Score**: 6.5
- **Policy Zone**: Block

#### Recommended Action
- **Recommended Action**: Block the suspected source and initiate investigation.

#### Human Review
- **Human Review Decision**: No mandatory confidence-based referral.

#### Limitations
- The report is limited to the detector and supplied SHAP evidence.",691,417,15.19171593199826,27.449170447011472,False,191
UNSW-OFFICIAL-25473,A3_constrained_full,2.0,success,,Normal,True,"### Evidence-Grounded SOC Report

**Prediction Summary:**
The system is predicted to be in a **Normal** state with a confidence of 1.0 and an uncertainty score of 0.0. The recommended action is to log the event and continue monitoring.

**Evidence:**
1. **ct_state_ttl**: ct_state_ttl = 0 (supports predicted class)
2. **sttl**: sttl = 31 (supports predicted class)
3. **dttl**: dttl = 29 (supports predicted class)
4. **ackdat**: ackdat = 0.000103 (supports predicted class)
5. **tcprtt**: tcprtt = 0.000551 (supports predicted class)

**Risk and Policy:**
The risk score is 0.0, indicating no immediate security risk. The policy zone is **Monitor**, and the recommended action is to log the event and continue monitoring.

**Recommended Action:**
Log the event and continue monitoring.

**Human Review:**
No mandatory confidence-based referral is required.

**Limitations:**
This report is limited to the detector and supplied SHAP evidence.",719,243,8.375485288999698,29.01324420199919,False,137
UNSW-OFFICIAL-29954,A3_constrained_full,2.0,success,,Normal,True,"### Evidence-Grounded SOC Report

**Prediction Summary:**
The system is predicted to be in a **Normal** state with a confidence of 1.0 and an uncertainty score of 0.0.

**Evidence:**
1. **ct_state_ttl**: ct_state_ttl = 0 (supports predicted class)
2. **sttl**: sttl = 31 (supports predicted class)
3. **dttl**: dttl = 29 (supports predicted class)
4. **ackdat**: ackdat = 0.000125 (supports predicted class)
5. **dload**: dload = 675621 (supports predicted class)

**Risk and Policy:**
The risk score is 0.0, and the policy zone is **Monitor**. The recommended action is to **Log the event and continue monitoring**.

**Recommended Action:**
Log the event and continue monitoring.

**Human Review:**
No mandatory confidence-based referral is required.

**Limitations:**
This report is limited to the detector and supplied SHAP evidence.",707,224,8.694964706000974,25.762036715963056,False,121
UNSW-OFFICIAL-33099,A3_constrained_full,2.0,success,,Normal,True,"### Evidence-Grounded SOC Report

**Prediction Summary:**
The system is predicted to be in a **Normal** state with a confidence of 1.0 and an uncertainty score of 0.0.

**Evidence:**
1. **ct_state_ttl**: ct_state_ttl = 0 (supports predicted class)
2. **sttl**: sttl = 31 (supports predicted class)
3. **dttl**: dttl = 29 (supports predicted class)
4. **ackdat**: ackdat = 0.000136 (supports predicted class)
5. **synack**: synack = 0.000563 (supports predicted class)

**Risk and Policy:**
The risk score is 0.0, and the policy zone is **Monitor**. The recommended action is to **Log the event and continue monitoring**.

**Recommended Action:**
Log the event and continue monitoring.

**Human Review:**
No mandatory confidence-based referral is required.

**Limitations:**
This report is limited to the detector and supplied SHAP evidence.",717,226,8.674687366999933,26.052812100150668,False,121
UNSW-OFFICIAL-33218,A3_constrained_full,2.0,success,,Normal,True,"### SOC Report

**Prediction Summary:**
The system is predicted to be in a **Normal** state with a confidence of 1.0 and an uncertainty score of 0.0. The recommended action is to log the event and continue monitoring.

**Evidence:**
1. **sttl (State Transition Time):** sttl = 31 (supports predicted class)
2. **ct_state_ttl (CT State Transition Time):** ct_state_ttl = 0 (supports predicted class)
3. **dttl (Data Transition Time):** dttl = 29 (supports predicted class)
4. **dmean (Data Mean):** dmean = 76 (supports predicted class)
5. **dinpkt (Data In-Packet):** dinpkt = 90.6357 (supports predicted class)

**Risk and Policy:**
The risk score is 0.0, indicating no immediate security risk. The policy zone is **Monitor**, and the recommended action is to log the event and continue monitoring.

**Recommended Action:**
Log the event and continue monitoring.

**Human Review:**
No mandatory confidence-based referral is required.

**Limitations:**
This report is limited to the detector and supplied SHAP evidence.",699,258,8.966311903999667,28.774372647566732,False,150
UNSW-OFFICIAL-34459,A3_constrained_full,2.0,success,,Normal,True,"### Evidence-Grounded SOC Report

**Prediction Summary:**
The system is predicted to be in a **Normal** state with a confidence of 1.0 and an uncertainty score of 0.0.

**Evidence:**
1. **ct_state_ttl**: ct_state_ttl = 0 (supports predicted class)
2. **sttl**: sttl = 31 (supports predicted class)
3. **dttl**: dttl = 29 (supports predicted class)
4. **ackdat**: ackdat = 0.000262 (supports predicted class)
5. **dload**: dload = 595276 (supports predicted class)

**Risk and Policy:**
The risk score is 0.0, and the policy zone is **Monitor**. The recommended action is to **Log the event and continue monitoring**.

**Recommended Action:**
Log the event and continue monitoring.

**Human Review:**
No mandatory confidence-based referral is required.

**Limitations:**
This report is limited to the detector and supplied SHAP evidence.",707,224,8.669895551000081,25.836528096830573,False,121
UNSW-OFFICIAL-34555,A3_constrained_full,2.0,success,,Normal,True,"### Evidence-Grounded SOC Report

**Prediction Summary:**
The system is predicted to be in a **Normal** state with a confidence of 1.0 and an uncertainty score of 0.0. The recommended action is to log the event and continue monitoring.

**Evidence:**
1. **sttl (State Transition Time Limit)**: sttl = 31 (supports predicted class)
2. **ct_state_ttl (CT State Transition Time Limit)**: ct_state_ttl = 0 (supports predicted class)
3. **dload (Download Size)**: dload = 749384 (supports predicted class)
4. **dttl (Download Time Limit)**: dttl = 29 (supports predicted class)
5. **dmean (Download Mean Size)**: dmean = 76 (supports predicted class)

**Risk and Policy:**
The risk score is 0.0, indicating no immediate security risk. The policy zone is **Monitor**, and the recommended action is to log the event and continue monitoring.

**Recommended Action:**
Log the event and continue monitoring.

**Human Review:**
No mandatory confidence-based referral is required.

**Limitations:**
This report is limited to the detector and supplied SHAP evidence.",688,260,9.8728486730015,26.334851126706873,False,154
UNSW-OFFICIAL-35071,A3_constrained_full,2.0,success,,Normal,True,"### Evidence-Grounded SOC Report

**Prediction Summary:**
The system is predicted to be in a **Normal** state with a confidence of 1.0 and an uncertainty score of 0.0. The recommended action is to log the event and continue monitoring.

**Evidence:**
1. **ct_state_ttl**: ct_state_ttl = 0 (supports predicted class)
2. **sttl**: sttl = 31 (supports predicted class)
3. **dttl**: dttl = 29 (supports predicted class)
4. **ackdat**: ackdat = 0.00013 (supports predicted class)
5. **dload**: dload = 1.35926e+06 (supports predicted class)

**Risk and Policy:**
The risk score is 0.0, indicating no immediate security risk. The policy zone is **Monitor**, and the recommended action is to log the event and continue monitoring.

**Recommended Action:**
Log the event and continue monitoring.

**Human Review:**
No mandatory confidence-based referral is required.

**Limitations:**
This report is limited to the detector and supplied SHAP evidence.",714,243,8.39573624300101,28.943262742749166,False,137
UNSW-OFFICIAL-35319,A3_constrained_full,2.0,success,,Normal,True,"### Evidence-Grounded SOC Report

**Prediction Summary:**
The system is predicted to be in a **Normal** state with a confidence of 1.0 and an uncertainty score of 0.0. The recommended action is to log the event and continue monitoring.

**Evidence:**
1. **ct_state_ttl**: ct_state_ttl = 0 (supports predicted class)
2. **sttl**: sttl = 31 (supports predicted class)
3. **dttl**: dttl = 29 (supports predicted class)
4. **dload**: dload = 1.51373e+07 (supports predicted class)
5. **ackdat**: ackdat = 0.000122 (supports predicted class)

**Risk and Policy:**
The risk score is 0.0, indicating no immediate security risk. The policy zone is **Monitor**, and the recommended action is to log the event and continue monitoring.

**Recommended Action:**
Log the event and continue monitoring.

**Human Review:**
No mandatory confidence-based referral is required.

**Limitations:**
This report is limited to the detector and supplied SHAP evidence.",713,244,9.34027019899986,26.123441271123728,False,137
UNSW-OFFICIAL-36330,A3_constrained_full,2.0,success,,Normal,True,"### Evidence-Grounded SOC Report

**Prediction Summary:**
The system is predicted to be in a **Normal** state with a confidence of **0.993** and an uncertainty score of **0.007**. The recommended action is to **Log the event and continue monitoring**.

**Evidence:**
1. **ct_state_ttl**: The value is **0**, which supports the predicted class.
2. **sttl**: The value is **31**, which supports the predicted class.
3. **dttl**: The value is **29**, which supports the predicted class.
4. **ackdat**: The value is **0.000285**, which supports the predicted class.
5. **tcprtt**: The value is **0.000903**, which supports the predicted class.

**Risk and Policy:**
- **Stage**: Normal
- **Risk Score**: 0.0
- **Policy Zone**: Monitor

**Recommended Action:**
- **Action**: Log the event and continue monitoring.

**Human Review:**
- **Required**: No
- **Confidence Threshold**: 0.7
- **Reason**: No mandatory confidence-based referral.

**Limitations:**
- The report is limited to the detector and supplied SHAP evidence.",754,271,10.272198361999472,26.38188929475172,False,146
UNSW-OFFICIAL-36644,A3_constrained_full,2.0,success,,Normal,True,"### SOC Report

**Prediction Summary:**
The prediction is **Normal** with a confidence of **1.0** and an uncertainty score of **0.0**. The recommended action is to **Log the event and continue monitoring**.

**Evidence:**
1. **sttl = 31** - Supports predicted class.
2. **ct_state_ttl = 0** - Supports predicted class.
3. **dload = 578055** - Supports predicted class.
4. **dttl = 29** - Supports predicted class.
5. **rate = 2676.18** - Supports predicted class.

**Risk and Policy:**
- **Risk Score:** 0.0
- **Policy Zone:** Monitor
- **Recommended Action:** Log the event and continue monitoring.

**Human Review:**
- **Required:** No
- **Confidence Threshold:** 0.7
- **Reason:** No mandatory confidence-based referral.

**Limitations:**
This report is limited to the detector and supplied SHAP evidence.",704,222,7.634645059999457,29.077972617631524,False,119
UNSW-OFFICIAL-40504,A3_constrained_full,2.0,success,,Normal,False,"### Evidence-Grounded SOC Report

#### Prediction Summary
The predicted label is ""Analysis"" with a confidence of 0.7824771822788469 and an uncertainty score of 0.21752281772115312. The recommended action is to raise a SOC alert and enrich the event context.

#### Evidence
1. **ct_srv_dst**: ct_srv_dst = 3, SHAP value = 0.0619808062911033, direction = supports predicted class
2. **sttl**: sttl = 62, SHAP value = 0.0495108217000961, direction = supports predicted class
3. **response_body_len**: response_body_len = 213, SHAP value = 0.0458921864628791, direction = supports predicted class
4. **ct_dst_src_ltm**: ct_dst_src_ltm = 3, SHAP value = 0.0442119427025318, direction = supports predicted class
5. **ct_srv_src**: ct_srv_src = 3, SHAP value = 0.0439183115959167, direction = supports predicted class

#### Risk and Policy
- **Stage**: Reconnaissance
- **Risk Score**: 2.3474
- **Policy Zone**: Alert
- **Recommended Action**: Raise a SOC alert and enrich the event context.

#### Human Review
- **Required**: No
- **Confidence Threshold**: 0.7
- **Reason**: No mandatory confidence-based referral.

#### Limitations
This report is limited to the detector and supplied SHAP evidence.",731,406,14.727078031000929,27.568265690271904,False,165
UNSW-OFFICIAL-42048,A3_constrained_full,2.0,success,,Normal,False,"### Evidence-Grounded SOC Report

**Prediction Summary:**
The predicted label is ""Fuzzers"" with a confidence of 0.696 and an uncertainty score of 0.304. The recommended action is to raise a SOC alert and enrich the event context.

**Evidence:**
1. **dmean**: dmean = 55, supports predicted class.
2. **spkts**: spkts = 14, supports predicted class.
3. **sloss**: sloss = 4, supports predicted class.
4. **dbytes**: dbytes = 768, supports predicted class.
5. **sttl**: sttl = 254, supports predicted class.

**Risk and Policy:**
The risk score is 4.525, and the policy zone is ""Alert."" The recommended action is to raise a SOC alert and enrich the event context.

**Recommended Action:**
Raise a SOC alert and enrich the event context.

**Human Review:**
Human review is required with a confidence threshold of 0.7. The reason is that the detector confidence is below the fixed 0.70 threshold.

**Limitations:**
The report is limited to the detector and supplied SHAP evidence.",729,261,9.724688547999904,26.838905812945587,False,153
UNSW-OFFICIAL-42451,A3_constrained_full,2.0,success,,Normal,True,"### Evidence-Grounded SOC Report

**Prediction Summary:**
The prediction is for **Normal** with a confidence of **1.0** and an uncertainty score of **0.0**.

**Evidence:**
1. **sttl = 0** - Supports predicted class.
2. **Protocol = arp** - Supports predicted class.
3. **sbytes = 46** - Supports predicted class.
4. **smean = 46** - Supports predicted class.
5. **is_sm_ips_ports = 1** - Supports predicted class.

**Risk and Policy:**
- **Stage:** Normal
- **Risk Score:** 0.0
- **Policy Zone:** Monitor
- **Recommended Action:** Log the event and continue monitoring.

**Human Review:**
- **Required:** No
- **Confidence Threshold:** 0.7
- **Reason:** No mandatory confidence-based referral.

**Limitations:**
- The report is limited to the detector and supplied SHAP evidence.",678,208,8.00915023000016,25.97029572761502,False,114
UNSW-OFFICIAL-43110,A3_constrained_full,2.0,success,,Normal,True,"### Evidence-Grounded SOC Report

**Prediction Summary:**
The system is predicted to be in the ""Normal"" state with a confidence of 51.32% and an uncertainty score of 48.68%. The recommended action is to log the event and continue monitoring.

**Evidence:**
1. **sbytes**: sbytes = 1066 (supports predicted class)
2. **smean**: smean = 533 (supports predicted class)
3. **ct_srv_src**: ct_srv_src = 26 (supports predicted class)
4. **ct_srv_dst**: ct_srv_dst = 26 (supports predicted class)
5. **proto_udp**: Protocol = udp (supports predicted class)

**Risk and Policy:**
The risk score is 0.0, and the policy zone is ""Monitor"". The recommended action is to log the event and continue monitoring.

**Recommended Action:**
Log the event and continue monitoring.

**Human Review:**
Human review is required with a confidence threshold of 0.7. The reason is that the detector confidence is below the fixed 0.70 threshold.

**Limitations:**
This report is limited to the detector and the supplied SHAP evidence.",723,256,8.65811334099999,29.567642501020053,False,150
UNSW-OFFICIAL-43373,A3_constrained_full,2.0,success,,Normal,False,"### Evidence-Grounded SOC Report

#### Prediction Summary
The predicted label is ""Fuzzers"" with a confidence of 0.6917820396341484 and an uncertainty score of 0.3082179603658516. The predicted stage is ""Exploitation"" with a risk score of 4.4966.

#### Evidence
1. **ct_dst_src_ltm**: ct_dst_src_ltm = 11, SHAP value = 0.0745378583669662, direction = supports predicted class
2. **ct_srv_dst**: ct_srv_dst = 11, SHAP value = 0.0570043921470642, direction = supports predicted class
3. **ct_src_dport_ltm**: ct_src_dport_ltm = 2, SHAP value = 0.0522546879947185, direction = supports predicted class
4. **ct_srv_src**: ct_srv_src = 11, SHAP value = 0.0502178370952606, direction = supports predicted class
5. **sbytes**: sbytes = 1612, SHAP value = 0.0380790345370769, direction = supports predicted class

#### Risk and Policy
- **Stage**: Exploitation
- **Risk Score**: 4.4966
- **Policy Zone**: Alert
- **Recommended Action**: Raise a SOC alert and enrich the event context.

#### Human Review
- **Required**: Yes
- **Confidence Threshold**: 0.7
- **Reason**: Detector confidence below the fixed 0.70 threshold.

#### Limitations
This report is limited",753,420,15.665602255998238,26.810332161930464,True,158
UNSW-OFFICIAL-43394,A3_constrained_full,2.0,success,,Normal,False,"### Evidence-Grounded SOC Report

**Prediction Summary:**
The predicted label is ""Fuzzers"" with a confidence of 0.911 and an uncertainty score of 0.089. The recommended action is to block the suspected source and initiate investigation.

**Evidence:**
1. **Protocol = udp** (Supports predicted class)
2. **sbytes = 1772** (Supports predicted class)
3. **smean = 886** (Supports predicted class)
4. **ct_srv_dst = 32** (Supports predicted class)
5. **ct_srv_src = 32** (Supports predicted class)

**Risk and Policy:**
- **Stage:** Exploitation
- **Risk Score:** 5.9218
- **Policy Zone:** Block

**Recommended Action:**
- Block the suspected source and initiate investigation.

**Human Review:**
- **Required:** No
- **Confidence Threshold:** 0.7
- **Reason:** No mandatory confidence-based referral.

**Limitations:**
- The report is limited to the detector and supplied SHAP evidence.",720,242,8.705121019998842,27.799728394819283,False,122
UNSW-OFFICIAL-43864,A3_constrained_full,2.0,success,,Shellcode,True,"### Evidence-Grounded SOC Report

**Prediction Summary:**
The predicted label is ""Shellcode,"" with a confidence of 70.48% and an uncertainty score of 29.52%. The predicted stage is ""Advanced Intrusion,"" and the risk score is 5.99.

**Evidence:**
1. **stcpb (TCP Connections):** The SHAP value is -0.058, indicating opposition to the predicted class.
2. **sbytes (Bytes Sent):** The SHAP value is 0.046, indicating support for the predicted class.
3. **ct_dst_src_ltm (LTM Destination):** The SHAP value is 0.041, indicating support for the predicted class.
4. **service_- (Service):** The SHAP value is 0.040788, indicating support for the predicted class.
5. **dmean (Mean of Data):** The SHAP value is 0.033347, indicating support for the predicted class.

**Risk and Policy:**
The recommended action is to ""Block the suspected source and initiate investigation."" The policy zone is ""Block,"" and the risk score is 5.99.

**Recommended Action:**
The recommended action is to ""Block the suspected source and initiate investigation.""

**Human Review:**
The human review decision is ""No mandatory confidence-based referral.""

**Limitations:**
This report is limited to the detector and supplied SHAP evidence.",741,316,11.658051558999432,27.10573018147821,False,173
UNSW-OFFICIAL-43895,A3_constrained_full,2.0,success,,Exploits,True,"### Evidence-Grounded SOC Report

#### Prediction Summary
The predicted label is ""Exploits"" with a confidence of 70.45% and an uncertainty score of 29.55%. The recommended action is to raise a SOC alert and enrich the event context.

#### Evidence
1. **sttl (Seconds to Live)**: sttl = 62, SHAP value = 0.0741, direction = supports predicted class
2. **smean (Standard Mean Deviation)**: smean = 1220, SHAP value = 0.0401, direction = supports predicted class
3. **sbytes (Size of the File)**: sbytes = 283028, SHAP value = 0.0401, direction = supports predicted class
4. **dbytes (Data Size in Bytes)**: dbytes = 3010, SHAP value = 0.0399, direction = supports predicted class
5. **dpkts (Number of Packets)**: dpkts = 50, SHAP value = 0.0355, direction = supports predicted class

#### Risk and Policy
- **Risk Score**: 4.5793
- **Policy Zone**: Alert
- **Recommended Action**: Raise a SOC alert and enrich the event context

#### Human Review
- **Human Review Decision**: No mandatory confidence-based referral.

#### Limitations
This report is limited to the detector and supplied SHAP evidence.",737,329,11.93551376799951,27.564795818181448,False,174
UNSW-OFFICIAL-43985,A3_constrained_full,2.0,success,,Worms,True,"### Evidence-Grounded SOC Report

#### Prediction Summary
The predicted label is **Worms** with a confidence of **0.4796** and an uncertainty score of **0.5204**. The recommended action is to **Raise a SOC alert and enrich the event context**.

#### Evidence
1. **service_http**: Service = http (Supports predicted class)
2. **sbytes**: sbytes = 2416 (Supports predicted class)
3. **dpkts**: dpkts = 236 (Supports predicted class)
4. **service_-**: An application service is identified (Supports predicted class)
5. **sttl**: sttl = 254 (Supports predicted class)

#### Risk and Policy
- **Stage**: Advanced Intrusion
- **Risk Score**: 4.0764
- **Policy Zone**: Alert

#### Recommended Action
- **Recommended Action**: Raise a SOC alert and enrich the event context.

#### Human Review
- **Human Review Required**: Yes
- **Confidence Threshold**: 0.70
- **Reason**: Detector confidence below the fixed 0.70 threshold.

#### Limitations
- **Report Limitations**: This report is limited to the detector and supplied SHAP evidence. It does not include additional details such as attack behavior, causes, impacts, IP addresses, hostnames, CVEs, malware, tools, or extra remediation.",728,307,11.193733404999875,27.42605964359247,False,170
UNSW-OFFICIAL-44001,A3_constrained_full,2.0,success,,Exploits,True,"### Evidence-Grounded SOC Report

**Prediction Summary:**
The predicted label is ""Exploits"" with a confidence of 0.7794915119406506 and an uncertainty score of 0.22050848805934942. The recommended action is to ""Block the suspected source and initiate investigation.""

**Evidence:**
1. **sttl (State Time):** sttl = 62, SHAP value = 0.1015942096710205, Direction: supports predicted class
2. **dbytes (Data Bytes):** dbytes = 1740, SHAP value = 0.0510854125022888, Direction: supports predicted class
3. **dloss (Data Loss):** dloss = 8, SHAP value = 0.0480699464678764, Direction: supports predicted class
4. **dpkts (Data Packets):** dpkts = 22, SHAP value = 0.0460331253707408, Direction: supports predicted class
5. **sbytes (Session Bytes):** sbytes = 3035, SHAP value = 0.0360643118619918, Direction: supports predicted class

**Risk and Policy:**
The risk score is 5.0667, and the policy zone is ""Block."" The recommended action is to ""Block the suspected source and initiate investigation.""

**Recommended Action:**
The recommended action is to ""Block the suspected source and initiate investigation.""

**Human Review:**
The human review decision is ""No mandatory confidence-based referral.""

**Limitations:**
This report is limited to the detector and supplied SH",726,420,15.16620525899998,27.693150186712803,True,172
UNSW-OFFICIAL-44015,A3_constrained_full,2.0,success,,Fuzzers,True,"### Evidence-Grounded SOC Report

#### Prediction Summary
The predicted label is ""Fuzzers"" with a confidence of 95.01% and an uncertainty score of 4.99%. The recommended action is to block the suspected source and initiate investigation.

#### Evidence
1. **sbytes**: 3688 (supports predicted class)
2. **dbytes**: 708 (supports predicted class)
3. **spkts**: 20 (supports predicted class)
4. **sloss**: 4 (supports predicted class)
5. **ct_dst_src_ltm**: 2 (supports predicted class)

#### Risk and Policy
- **Stage**: Exploitation
- **Risk Score**: 6.18
- **Policy Zone**: Block

#### Recommended Action
- **Recommended Action**: Block the suspected source and initiate investigation.

#### Human Review
- **Human Review Required**: No
- **Confidence Threshold**: 0.7
- **Reason**: No mandatory confidence-based referral.

#### Limitations
- **Report Limitations**: This report is based solely on the provided detector and SHAP evidence. It does not include additional attack behavior, causes, impacts, IP addresses, hostnames, CVEs, malware, tools, or any remediation steps.",732,270,9.905179447001501,27.258466284700624,False,149
UNSW-OFFICIAL-44322,A3_constrained_full,2.0,success,,Shellcode,False,"### Evidence-Grounded SOC Report

#### Prediction Summary
The predicted label is ""Fuzzers"" with a confidence of 0.2989905706101302 and an uncertainty score of 0.7010094293898699. The recommended action is to log the event and continue monitoring.

#### Evidence
1. **ct_dst_src_ltm**: ct_dst_src_ltm = 1, SHAP value = -0.0588834434747695, Direction = Opposes predicted class
2. **sbytes**: sbytes = 1132, SHAP value = 0.0348977707326412, Direction = Supports predicted class
3. **service_-**: Service = unspecified, SHAP value = 0.0263952277600765, Direction = Supports predicted class
4. **ct_srv_dst**: ct_srv_dst = 2, SHAP value = 0.0203635543584823, Direction = Supports predicted class
5. **service_http**: Service is not http, SHAP value = 0.0151043748483061, Direction = Supports predicted class

#### Risk and Policy
- **Stage**: Exploitation
- **Risk Score**: 1.9434
- **Policy Zone**: Monitor
- **Recommended Action**: Log the event and continue monitoring

#### Human Review
- **Required**: Yes
- **Confidence Threshold**: 0.7
- **Reason**: Detector confidence below the fixed 0.70 threshold.

#### Limitations
This report is limited to the detector and supplied SHAP evidence.",727,402,14.721221815998433,27.30751598098485,False,163
UNSW-OFFICIAL-44403,A3_constrained_full,2.0,success,,Shellcode,True,"### Evidence-Grounded SOC Report

**Prediction Summary:**
The predicted label is ""Shellcode,"" with a confidence of 0.597 and an uncertainty score of 0.403. The predicted stage is ""Advanced Intrusion,"" and the risk score is 5.0775. The recommended action is to ""Block the suspected source and initiate investigation.""

**Evidence:**
1. **Service (-):** Service unspecified (1.0), SHAP value 0.042, direction supports predicted class.
2. **sbytes:** sbytes = 728 (728.0), SHAP value 0.042, direction supports predicted class.
3. **ct_dst_src_ltm:** ct_dst_src_ltm = 1 (1.0), SHAP value 0.042, direction supports predicted class.
4. **dpkts:** dpkts = 6 (6.0), SHAP value 0.030, direction supports predicted class.
5. **dbytes:** dbytes = 268 (268.0), SHAP value 0.029, direction supports predicted class.

**Risk and Policy:**
The risk score is 5.0775, indicating a high risk. The policy zone is ""Block,"" and the recommended action is to ""Block the suspected source and initiate investigation.""

**Recommended Action:**
The recommended action is to ""Block the suspected source and initiate investigation.""

**Human Review:**
Human review is required with a confidence threshold of 0.7. The reason is that the detector confidence is below the fixed 0.70 threshold.

**Limitations:**
This report is limited to the detector and supplied SHAP evidence.",728,371,13.503599159999794,27.474156749185205,False,193
UNSW-OFFICIAL-44487,A3_constrained_full,2.0,success,,Worms,True,"### Evidence-Grounded SOC Report

#### Prediction Summary
The predicted label is **Worms** with a confidence of **0.764** and an uncertainty score of **0.236**. The recommended action is to **Block the suspected source and initiate investigation**.

#### Evidence
1. **sbytes**: **1306** (supports predicted class)
2. **smean**: **131** (supports predicted class)
3. **service_http**: **1.0** (supports predicted class)
4. **service_-**: **0.0** (supports predicted class)
5. **ct_flw_http_mthd**: **1.0** (supports predicted class)

#### Risk and Policy
- **Stage**: Advanced Intrusion
- **Risk Score**: 6.4937
- **Policy Zone**: Block

#### Recommended Action
- **Recommended Action**: Block the suspected source and initiate investigation.

#### Human Review
- **Human Review Required**: No
- **Confidence Threshold**: 0.7
- **Reason**: No mandatory confidence-based referral.

#### Limitations
- **Report Limitations**: This report is limited to the detector and supplied SHAP evidence.",730,255,8.91297716200097,28.609968966054467,False,130
UNSW-OFFICIAL-44627,A3_constrained_full,2.0,success,,Fuzzers,True,"### Evidence-Grounded SOC Report

**Prediction Summary:**
The predicted label is ""Fuzzers"" with a confidence of 0.7636 and an uncertainty score of 0.2364. The recommended action is to raise a SOC alert and enrich the event context.

**Evidence:**
1. **ct_srv_dst**: ct_srv_dst = 10, SHAP value = 0.0901, direction = supports predicted class
2. **ct_srv_src**: ct_srv_src = 10, SHAP value = 0.0676, direction = supports predicted class
3. **ct_dst_src_ltm**: ct_dst_src_ltm = 3, SHAP value = 0.0555, direction = supports predicted class
4. **ct_src_dport_ltm**: ct_src_dport_ltm = 3, SHAP value = 0.0503, direction = supports predicted class
5. **sbytes**: sbytes = 566, SHAP value = 0.0503, direction = supports predicted class

**Risk and Policy:**
- **Stage**: Exploitation
- **Risk Score**: 4.9633
- **Policy Zone**: Alert

**Recommended Action:**
- Raise a SOC alert and enrich the event context.

**Human Review:**
- **Required**: No
- **Confidence Threshold**: 0.7
- **Reason**: No mandatory confidence-based referral.

**Limitations:**
- The report is limited to the detector and supplied SHAP evidence.",743,338,12.4794465089999,27.08453453895106,False,161
UNSW-OFFICIAL-44897,A3_constrained_full,2.0,success,,Worms,True,"### Evidence-Grounded SOC Report

#### Prediction Summary
The predicted label is **Worms** with a confidence of **0.7885** and an uncertainty score of **0.2115**. The recommended action is to **Block the suspected source and initiate investigation**.

#### Evidence
1. **sbytes**: **1282** (supports predicted class)
2. **smean**: **128** (supports predicted class)
3. **service_http**: **1.0** (supports predicted class)
4. **service_-**: **0.0** (supports predicted class)
5. **ct_flw_http_mthd**: **1.0** (supports predicted class)

#### Risk and Policy
- **Stage**: Advanced Intrusion
- **Risk Score**: 6.7023
- **Policy Zone**: Block

#### Recommended Action
- **Recommended Action**: Block the suspected source and initiate investigation.

#### Human Review
- **Human Review Required**: No
- **Confidence Threshold**: 0.7
- **Reason**: No mandatory confidence-based referral.

#### Limitations
- **Report Limitations**: This report is limited to the detector and supplied SHAP evidence.",729,257,9.685710801999448,26.533932847442312,False,130
UNSW-OFFICIAL-45256,A3_constrained_full,2.0,success,,Exploits,True,"### SOC Report

#### Prediction Summary
The predicted label is ""Exploits"" with a confidence of 0.376 and an uncertainty score of 0.624. The recommended action is to raise a SOC alert and enrich the event context.

#### Evidence
1. **rate**: rate = 22.9598, SHAP value = 0.02576, direction = supports predicted class
2. **dinpkt**: dinpkt = 0.009, SHAP value = 0.02102, direction = supports predicted class
3. **dpkts**: dpkts = 2, SHAP value = 0.01882, direction = supports predicted class
4. **dload**: dload = 2510.27, SHAP value = 0.01841, direction = supports predicted class
5. **sload**: sload = 4653.19, SHAP value = 0.01828, direction = supports predicted class

#### Risk and Policy
- **Risk Score**: 2.445
- **Policy Zone**: Alert
- **Recommended Action**: Raise a SOC alert and enrich the event context

#### Human Review
- **Human Review Required**: Yes
- **Confidence Threshold**: 0.7
- **Reason**: Detector confidence below the fixed 0.70 threshold.

#### Limitations
This report is limited to the detector and supplied SHAP evidence.",795,331,12.234014057001332,27.055715193540582,False,166
UNSW-OFFICIAL-45328,A3_constrained_full,2.0,success,,Generic,False,"### Evidence-Grounded SOC Report

#### Prediction Summary
The predicted label is ""Exploits"" with a confidence of 0.616 and an uncertainty score of 0.384. The recommended action is to raise a SOC alert and enrich the event context.

#### Evidence
1. **sbytes**: 1250 (supports predicted class)
2. **dmean**: 310 (supports predicted class)
3. **dbytes**: 2482 (supports predicted class)
4. **sload**: 41650.7 (supports predicted class)
5. **ackdat**: 0.044777 (supports predicted class)

#### Risk and Policy
- **Stage**: Exploitation
- **Risk Score**: 4.0043
- **Policy Zone**: Alert

#### Recommended Action
- **Recommended Action**: Raise a SOC alert and enrich the event context.

#### Human Review
- **Human Review Required**: Yes
- **Confidence Threshold**: 0.7
- **Reason**: Detector confidence below the fixed 0.70 threshold.

#### Limitations
- **Report Limitations**: This report is limited to the detector and supplied SHAP evidence.",768,261,9.362056467000002,27.878490256920593,False,136
UNSW-OFFICIAL-45697,A3_constrained_full,2.0,success,,Reconnaissance,True,"### Evidence-Grounded SOC Report

#### Prediction Summary
The predicted label is **Reconnaissance** with a confidence of **0.59088** and an uncertainty score of **0.40912**. The recommended action is to **Log the event and continue monitoring**.

#### Evidence
1. **service_-**: An application service is identified (Observed Value: 0.0, SHAP Value: 0.06454, Direction: supports predicted class)
2. **service_http**: Service = http (Observed Value: 1.0, SHAP Value: 0.06160, Direction: supports predicted class)
3. **smean**: smean = 81 (Observed Value: 81.0, SHAP Value: 0.05733, Direction: supports predicted class)
4. **sbytes**: sbytes = 808 (Observed Value: 808.0, SHAP Value: 0.05660, Direction: supports predicted class)
5. **dloss**: dloss = 1 (Observed Value: 1.0, SHAP Value: 0.02218, Direction: supports predicted class)

#### Risk and Policy
- **Risk Score**: 1.7726
- **Policy Zone**: Monitor
- **Recommended Action**: Log the event and continue monitoring

#### Human Review
- **Human Review Decision**: Required
- **Confidence Threshold**: 0.7
- **Reason**: Detector confidence below the fixed 0.70 threshold.

#### Limitations
This report is limited to the detector and supplied SHAP evidence.",714,363,13.206854468000529,27.48572726984527,False,168
UNSW-OFFICIAL-45795,A3_constrained_full,2.0,success,,Worms,True,"### Evidence-Grounded SOC Report

#### Prediction Summary
The predicted label is **Worms** with a confidence of **0.640** and an uncertainty score of **0.359**. The recommended action is to **Block the suspected source and initiate investigation**.

#### Evidence
1. **sbytes**: The observed value is **1292**. The SHAP value is **0.093** and the direction is **supports predicted class**.
2. **smean**: The observed value is **129**. The SHAP value is **0.063** and the direction is **supports predicted class**.
3. **service_-**: The observed value is **0.0**. The SHAP value is **0.052** and the direction is **supports predicted class**.
4. **ct_flw_http_mthd**: The observed value is **1.0**. The SHAP value is **0.045** and the direction is **supports predicted class**.
5. **service_http**: The observed value is **1.0**. The SHAP value is **0.043** and the direction is **supports predicted class**.

#### Risk and Policy
- **Stage**: Advanced Intrusion
- **Risk Score**: 5.4415
- **Policy Zone**: Block

#### Recommended Action
- **Recommended Action**: Block the suspected source and initiate investigation.

#### Human Review
- **Human Review Required**: Yes
- **Confidence Threshold**: 0.7
- **Reason**: Detector confidence below the fixed 0.70 threshold.

#### Limitations
- **Report Limitations**: This report is limited to the detector and supplied SHAP evidence. It does not include additional details such as attack behavior, causes, impacts, IP addresses, hostnames, CVEs, malware, tools, or any remediation steps.",735,405,14.97499221200087,27.045089190459503,False,220
UNSW-OFFICIAL-45818,A3_constrained_full,2.0,success,,Exploits,True,"### Evidence-Grounded SOC Report

#### Prediction Summary
The predicted label is ""Exploits"" with a confidence of 85.87% and an uncertainty score of 14.13%. The recommended action is to block the suspected source and initiate investigation.

#### Evidence
1. **sttl (State Time Limit)**: sttl = 62, SHAP value = 0.0788, direction = supports predicted class
2. **dbytes (Data Bytes)**: dbytes = 1614, SHAP value = 0.0569, direction = supports predicted class
3. **dpkts (Data Packets)**: dpkts = 22, SHAP value = 0.0543, direction = supports predicted class
4. **dloss (Data Loss)**: dloss = 9, SHAP value = 0.0525, direction = supports predicted class
5. **sbytes (Session Bytes)**: sbytes = 1178, SHAP value = 0.0407, direction = supports predicted class

#### Risk and Policy
- **Stage**: Exploitation
- **Risk Score**: 5.58
- **Policy Zone**: Block

#### Recommended Action
- **Recommended Action**: Block the suspected source and initiate investigation.

#### Human Review
- **Human Review Decision**: No mandatory confidence-based referral.

#### Limitations
This report is limited to the detector and supplied SHAP evidence.",724,323,11.509264209998946,28.064348346385696,False,170
UNSW-OFFICIAL-45887,A3_constrained_full,2.0,success,,Reconnaissance,True,"### Evidence-Grounded SOC Report

#### Prediction Summary
The predicted label is **Reconnaissance** with a confidence of **0.933** and an uncertainty score of **0.067**. The recommended action is to **Raise a SOC alert and enrich the event context**.

#### Evidence
1. **sbytes**: **564** (supports predicted class)
2. **smean**: **56** (supports predicted class)
3. **sjit**: **5386.09** (supports predicted class)
4. **dmean**: **44** (supports predicted class)
5. **dpkts**: **8** (supports predicted class)

#### Risk and Policy
- **Stage**: Reconnaissance
- **Risk Score**: 2.7995
- **Policy Zone**: Alert

#### Recommended Action
- **Recommended Action**: Raise a SOC alert and enrich the event context.

#### Human Review
- **Human Review Required**: No
- **Confidence Threshold**: 0.7
- **Reason**: No mandatory confidence-based referral.

#### Limitations
- **Report Limitations**: This report is limited to the detector and supplied SHAP evidence.",737,253,9.448317213998962,26.777255067722137,False,133
UNSW-OFFICIAL-45973,A3_constrained_full,2.0,success,,Reconnaissance,True,"### Evidence-Grounded SOC Report

#### Prediction Summary
The predicted label is **Reconnaissance** with a confidence of **0.9514** and an uncertainty score of **0.0486**. The recommended action is to **Raise a SOC alert and enrich the event context**.

#### Evidence
1. **sbytes**: sbytes = 168, SHAP value = 0.1784, direction = supports predicted class
2. **smean**: smean = 84, SHAP value = 0.1422, direction = supports predicted class
3. **proto_udp**: Protocol = udp, SHAP value = 0.0849, direction = supports predicted class
4. **ct_dst_src_ltm**: ct_dst_src_ltm = 1, SHAP value = 0.0619, direction = supports predicted class
5. **sload**: sload = 3.95294e+07, SHAP value = 0.0276, direction = supports predicted class

#### Risk and Policy
- **Stage**: Reconnaissance
- **Risk Score**: 2.8543
- **Policy Zone**: Alert

#### Recommended Action
- **Recommended Action**: Raise a SOC alert and enrich the event context

#### Human Review
- **Human Review Decision**: No mandatory confidence-based referral

#### Limitations
This report is limited to the detector and supplied SHAP evidence.",737,318,11.780082738998317,26.994717019028354,False,163
UNSW-OFFICIAL-46039,A3_constrained_full,2.0,success,,Exploits,True,"### Evidence-Grounded SOC Report

#### Prediction Summary
The predicted label is ""Exploits"" with a confidence of 0.6977 and an uncertainty score of 0.3023. The recommended action is to raise a SOC alert and enrich the event context.

#### Evidence
1. **dmean**: 356 (supports predicted class)
2. **dbytes**: 3560 (supports predicted class)
3. **smean**: 137 (supports predicted class)
4. **sbytes**: 1642 (supports predicted class)
5. **dload**: 36513.96484375 (supports predicted class)

#### Risk and Policy
- **Stage**: Exploitation
- **Risk Score**: 4.5351
- **Policy Zone**: Alert

#### Recommended Action
- **Recommended Action**: Raise a SOC alert and enrich the event context.

#### Human Review
- **Human Review Required**: Yes
- **Confidence Threshold**: 0.7
- **Reason**: Detector confidence below the fixed 0.70 threshold.

#### Limitations
- **Report Limitations**: This report is limited to the detector and supplied SHAP evidence. It does not include additional details such as attack behavior, causes, impacts, IP addresses, hostnames, CVEs, malware, tools, or extra remediation.",750,298,11.13409976299954,26.764624562670384,False,157
UNSW-OFFICIAL-46255,A3_constrained_full,2.0,success,,Shellcode,False,"### Evidence-Grounded SOC Report

**Prediction Summary:**
The predicted label is **Normal** with a confidence of **0.466** and an uncertainty score of **0.534**. The recommended action is to **Log the event and continue monitoring**.

**Evidence:**
1. **ct_srv_src**: ct_srv_src = 20, SHAP value = 0.06756, direction = supports predicted class
2. **ct_dst_src_ltm**: ct_dst_src_ltm = 3, SHAP value = 0.05118, direction = supports predicted class
3. **ct_srv_dst**: ct_srv_dst = 9, SHAP value = 0.040197, direction = supports predicted class
4. **sbytes**: sbytes = 504, SHAP value = 0.024797, direction = supports predicted class
5. **smean**: smean = 50, SHAP value = 0.02144, direction = supports predicted class

**Risk and Policy:**
The risk score is **0.0**, and the policy zone is **Monitor**. The recommended action is to **Log the event and continue monitoring**.

**Recommended Action:**
Log the event and continue monitoring.

**Human Review:**
The human review decision is **Required** with a confidence threshold of **0.7**. The reason is that the detector confidence is below the fixed 0.70 threshold.

**Limitations:**
This report is limited to the detector and the supplied SHAP evidence.",725,344,12.680447843000366,27.128379396307263,False,177
UNSW-OFFICIAL-46335,A3_constrained_full,2.0,success,,Reconnaissance,False,"### Evidence-Grounded SOC Report

**Prediction Summary:**
The system is predicted to be in the ""Normal"" state with a confidence of 23.37% and an uncertainty score of 76.63%. The recommended action is to log the event and continue monitoring.

**Evidence:**
1. **sttl (State Transition Time):** sttl = 254 (supports predicted class)
2. **proto_tcp (Protocol):** Protocol = tcp (supports predicted class)
3. **tcprtt (TCP Round Trip Time):** tcprtt = 0 (supports predicted class)
4. **dttl (Data Transfer Time):** dttl = 252 (opposes predicted class)
5. **swin (Service Window):** swin = 255 (supports predicted class)

**Risk and Policy:**
The risk score is 0.0, indicating a low risk. The policy zone is ""Monitor,"" and the recommended action is to log the event and continue monitoring.

**Recommended Action:**
Log the event and continue monitoring.

**Human Review:**
Human review is required due to the detector confidence below the fixed 0.70 threshold.

**Limitations:**
The report is limited to the detector and supplied SHAP evidence.",719,268,9.433806291999645,28.408469678593875,False,157
UNSW-OFFICIAL-46444,A3_constrained_full,2.0,success,,Generic,False,"### Evidence-Grounded SOC Report

#### Prediction Summary
The predicted label is ""Exploits"" with a confidence of 0.5082 and an uncertainty score of 0.4918. The recommended action is to raise a SOC alert and enrich the event context.

#### Evidence
1. **dloss**: The loss of data is 6, supporting the predicted class.
2. **sbytes**: The size of the data sent is 988, supporting the predicted class.
3. **dbytes**: The size of the data received is 1312, supporting the predicted class.
4. **dpkts**: The number of packets sent is 16, supporting the predicted class.
5. **dttl**: The time to live (TTL) value is 252, supporting the predicted class.

#### Risk and Policy
- **Stage**: Exploitation
- **Risk Score**: 3.3035
- **Policy Zone**: Alert

#### Recommended Action
- **Recommended Action**: Raise a SOC alert and enrich the event context.

#### Human Review
- **Human Review Required**: Yes
- **Confidence Threshold**: 0.70
- **Reason**: Detector confidence below the fixed 0.70 threshold.

#### Limitations
- **Report Limitations**: This report is limited to the detector and supplied SHAP evidence. It does not include additional attack behavior, causes, impacts, IP addresses, hostnames, CVEs, malware, tools, or extra remediation.",731,322,11.618520895999609,27.714371121961687,False,191
UNSW-OFFICIAL-46552,A3_constrained_full,2.0,success,,Reconnaissance,True,"### SOC Report

#### Prediction Summary
The predicted label is **Reconnaissance** with a confidence of **0.9545** and an uncertainty score of **0.0455**. The recommended action is to **Raise a SOC alert and enrich the event context**.

#### Evidence
1. **sbytes**: **564** (supports predicted class)
2. **smean**: **56** (supports predicted class)
3. **dmean**: **44** (supports predicted class)
4. **synack**: **0.016741** (supports predicted class)
5. **sload**: **6416.39** (supports predicted class)

#### Risk and Policy
- **Stage**: Reconnaissance
- **Risk Score**: 2.8635
- **Policy Zone**: Alert

#### Recommended Action
- **Recommended Action**: Raise a SOC alert and enrich the event context.

#### Human Review
- **Human Review Required**: No
- **Confidence Threshold**: 0.7
- **Reason**: No mandatory confidence-based referral.

#### Limitations
This report is limited to the detector and supplied SHAP evidence.",758,252,9.60675330199956,26.2315469210132,False,129
UNSW-OFFICIAL-46586,A3_constrained_full,2.0,success,,Generic,False,"### Evidence-Grounded SOC Report

#### Prediction Summary
The predicted label is ""Exploits"" with a confidence of 0.601 and an uncertainty score of 0.399. The recommended action is to raise a SOC alert and enrich the event context.

#### Evidence
1. **smean**: 122 (supports predicted class)
2. **sbytes**: 1216 (supports predicted class)
3. **dmean**: 109 (supports predicted class)
4. **dbytes**: 874 (supports predicted class)
5. **sload**: 12213.1 (supports predicted class)

#### Risk and Policy
- **Stage**: Exploitation
- **Risk Score**: 3.908
- **Policy Zone**: Alert

#### Recommended Action
- **Recommended Action**: Raise a SOC alert and enrich the event context.

#### Human Review
- **Human Review Required**: Yes
- **Confidence Threshold**: 0.7
- **Reason**: Detector confidence below the fixed 0.70 threshold.

#### Limitations
- **Report Limitations**: This report is limited to the detector and supplied SHAP evidence.",750,254,9.584242914999777,26.501832461119953,False,136
UNSW-OFFICIAL-46849,A3_constrained_full,2.0,success,,DoS,True,"### Evidence-Grounded SOC Report

#### Prediction Summary
The predicted label is ""DoS"" with a confidence of 0.2517 and an uncertainty score of 0.7482. The recommended action is to log the event and continue monitoring.

#### Evidence
1. **Protocol is not UDP** (Supports predicted class)
2. **sbytes = 200** (Supports predicted class)
3. **ct_dst_sport_ltm = 4** (Supports predicted class)
4. **smean = 100** (Supports predicted class)
5. **swin = 0** (Supports predicted class)

#### Risk and Policy
- **Stage**: Impact / Availability
- **Risk Score**: 1.7622
- **Policy Zone**: Monitor
- **Recommended Action**: Log the event and continue monitoring

#### Human Review
- **Required**: Yes
- **Confidence Threshold**: 0.7
- **Reason**: Detector confidence below the fixed 0.70 threshold.

#### Limitations
This report is limited to the detector and supplied SHAP evidence.",728,240,8.241835155000445,29.119728250617634,False,130
UNSW-OFFICIAL-46967,A3_constrained_full,2.0,success,,Fuzzers,True,"### Evidence-Grounded SOC Report

#### Prediction Summary
The predicted label is ""Fuzzers"" with a confidence of 0.676 and an uncertainty score of 0.324. The recommended action is to raise a SOC alert and enrich the event context.

#### Evidence
1. **ct_dst_src_ltm**: ct_dst_src_ltm = 2, SHAP value = 0.063, direction = supports predicted class
2. **ct_srv_dst**: ct_srv_dst = 6, SHAP value = 0.053, direction = supports predicted class
3. **ct_srv_src**: ct_srv_src = 6, SHAP value = 0.038, direction = supports predicted class
4. **ct_src_dport_ltm**: ct_src_dport_ltm = 2, SHAP value = 0.037, direction = supports predicted class
5. **dpkts**: dpkts = 6, SHAP value = 0.021, direction = supports predicted class

#### Risk and Policy
- **Stage**: Exploitation
- **Risk Score**: 4.396
- **Policy Zone**: Alert
- **Recommended Action**: Raise a SOC alert and enrich the event context.

#### Human Review
- **Required**: Yes
- **Confidence Threshold**: 0.7
- **Reason**: Detector confidence below the fixed 0.70 threshold.

#### Limitations
- The report is limited to the detector and supplied SHAP evidence.",744,328,12.037027887001386,27.249251482934795,False,169
UNSW-OFFICIAL-47133,A3_constrained_full,2.0,success,,DoS,True,"### Evidence-Grounded SOC Report

**Prediction Summary:**
The predicted label is **DoS** with a confidence of **0.5798** and an uncertainty score of **0.4202**. The recommended action is to **Raise a SOC alert and enrich the event context**.

**Evidence:**
1. **response_body_len**: The response body length is **105** bytes, supporting the predicted class.
2. **dmean**: The data mean is **127**, supporting the predicted class.
3. **sbytes**: The size of the data is **758** bytes, supporting the predicted class.
4. **sttl**: The total time taken is **62** milliseconds, supporting the predicted class.
5. **dbytes**: The data size is **1018** bytes, supporting the predicted class.

**Risk and Policy:**
The risk score is **4.0585**, indicating a high risk. The policy zone is **Alert**, and the recommended action is to **Raise a SOC alert and enrich the event context**.

**Recommended Action:**
The recommended action is to **Raise a SOC alert and enrich the event context**.

**Human Review:**
Human review is required with a confidence threshold of **0.7**. The reason is that the detector confidence is below the fixed threshold of **0.70**.

**Limitations:**
This report is limited to the detector and the supplied SHAP evidence.",736,310,11.413037426000301,27.1619191656887,False,187
UNSW-OFFICIAL-47310,A3_constrained_full,2.0,success,,Reconnaissance,True,"### Evidence-Grounded SOC Report

#### Prediction Summary
The predicted label is **Reconnaissance** with a confidence of **0.946** and an uncertainty score of **0.054**. The recommended action is to **Raise a SOC alert and enrich the event context**.

#### Evidence
1. **sbytes**: sbytes = 168, SHAP value = 0.1856, direction = supports predicted class
2. **smean**: smean = 84, SHAP value = 0.1649, direction = supports predicted class
3. **proto_udp**: Protocol = udp, SHAP value = 0.0849, direction = supports predicted class
4. **ct_dst_src_ltm**: ct_dst_src_ltm = 1, SHAP value = 0.0311, direction = supports predicted class
5. **ct_srv_dst**: ct_srv_dst = 1, SHAP value = 0.0284, direction = supports predicted class

#### Risk and Policy
- **Stage**: Reconnaissance
- **Risk Score**: 2.839
- **Policy Zone**: Alert

#### Recommended Action
- **Recommended Action**: Raise a SOC alert and enrich the event context

#### Human Review
- **Human Review Required**: No
- **Confidence Threshold**: 0.7
- **Reason**: No mandatory confidence-based referral

#### Limitations
- **Report Limitations**: This report is limited to the detector and supplied SHAP evidence. It does not include additional attack behavior, causes, impacts, IP addresses, hostnames, CVEs, malware, tools, or any remediation steps.",725,361,13.105385303999356,27.545928000288097,False,192
UNSW-OFFICIAL-47341,A3_constrained_full,2.0,success,,Worms,True,"### Evidence-Grounded SOC Report

#### Prediction Summary
The predicted label is **Worms** with a confidence of **0.6679** and an uncertainty score of **0.3321**. The recommended action is to **Block the suspected source and initiate investigation**.

#### Evidence
1. **sbytes**: The observed value is **1308**. The SHAP value is **0.0848** and it supports the predicted class.
2. **smean**: The observed value is **131**. The SHAP value is **0.0583** and it supports the predicted class.
3. **service_-**: The observed value is **0.0**. The SHAP value is **0.0516** and it supports the predicted class.
4. **ct_flw_http_mthd**: The observed value is **1.0**. The SHAP value is **0.0494** and it supports the predicted class.
5. **service_http**: The observed value is **1.0**. The SHAP value is **0.0466** and it supports the predicted class.

#### Risk and Policy
- **Stage**: Advanced Intrusion
- **Risk Score**: 5.6774
- **Policy Zone**: Block

#### Recommended Action
- **Recommended Action**: Block the suspected source and initiate investigation.

#### Human Review
- **Human Review Required**: Yes
- **Confidence Threshold**: 0.70
- **Reason**: Detector confidence below the fixed 0.70 threshold.

#### Limitations
- **Report Limitations**: This report is limited to the detector and supplied SHAP evidence.",735,364,13.310247131001233,27.347350985857986,False,193
UNSW-OFFICIAL-47369,A3_constrained_full,2.0,success,,DoS,True,"### Evidence-Grounded SOC Report

#### Prediction Summary
The predicted label is **DoS** with a confidence of **0.2276590152471923** and an uncertainty score of **0.7723409847528078**. The recommended action is to **Log the event and continue monitoring**.

#### Evidence
1. **Protocol is not UDP** (Supports predicted class): **Observed Value**: 0.0, **SHAP Value**: 0.0146594364196062, **Direction**: supports predicted class
2. **dur = 7.6e-05** (Supports predicted class): **Observed Value**: 7.599999662488699e-05, **SHAP Value**: 0.0091396588832139, **Direction**: supports predicted class
3. **rate = 0** (Supports predicted class): **Observed Value**: 0.0, **SHAP Value**: 0.0083483001217246, **Direction**: supports predicted class
4. **ct_src_ltm = 6** (Supports predicted class): **Observed Value**: 6.0, **SHAP Value**: 0.0075269918888807, **Direction**: supports predicted class
5. **sbytes = 60** (Opposes predicted class): **Observed Value**: 60.0, **SHAP Value**: -0.0073204040527343, **Direction**: opposes predicted class

#### Risk and Policy
- **Stage**: Impact / Availability
- **Risk Score**: 1.593",736,420,15.276542032999714,27.493132876061512,True,135
UNSW-OFFICIAL-47404,A3_constrained_full,2.0,success,,Generic,False,"### Evidence-Grounded SOC Report

#### Prediction Summary
The predicted label is **DoS** with a confidence of **0.2276590152471923** and an uncertainty score of **0.7723409847528078**. The recommended action is to **Log the event and continue monitoring**.

#### Evidence
1. **Protocol is not UDP** (Supports predicted class): **Observed Value**: 0.0, **SHAP Value**: 0.0146594364196062, **Direction**: supports predicted class
2. **dur = 7.6e-05** (Supports predicted class): **Observed Value**: 7.599999662488699e-05, **SHAP Value**: 0.0091396588832139, **Direction**: supports predicted class
3. **rate = 0** (Supports predicted class): **Observed Value**: 0.0, **SHAP Value**: 0.0083483001217246, **Direction**: supports predicted class
4. **ct_src_ltm = 6** (Supports predicted class): **Observed Value**: 6.0, **SHAP Value**: 0.0075269918888807, **Direction**: supports predicted class
5. **sbytes = 60** (Opposes predicted class): **Observed Value**: 60.0, **SHAP Value**: -0.0073204040527343, **Direction**: opposes predicted class

#### Risk and Policy
- **Stage**: Impact / Availability
- **Risk Score**: 1.593",736,420,15.29765371099893,27.455190706665185,True,135
UNSW-OFFICIAL-47409,A3_constrained_full,2.0,success,,Fuzzers,False,"### Evidence-Grounded SOC Report

#### Prediction Summary
The predicted label is ""Shellcode"" with a confidence of 0.515130731438114 and an uncertainty score of 0.48486926856188595. The recommended action is to raise a SOC alert and enrich the event context.

#### Evidence
1. **ct_dst_src_ltm**: ct_dst_src_ltm = 1 (supports predicted class)
2. **ct_srv_dst**: ct_srv_dst = 6 (opposes predicted class)
3. **service_-**: Service = unspecified (supports predicted class)
4. **ct_srv_src**: ct_srv_src = 6 (opposes predicted class)
5. **dmean**: dmean = 45 (supports predicted class)

#### Risk and Policy
- **Stage**: Advanced Intrusion
- **Risk Score**: 4.3786
- **Policy Zone**: Alert

#### Recommended Action
- **Recommended Action**: Raise a SOC alert and enrich the event context.

#### Human Review
- **Human Review Required**: Yes
- **Confidence Threshold**: 0.7
- **Reason**: Detector confidence below the fixed 0.70 threshold.

#### Limitations
- **Report Limitations**: This report is limited to the detector and supplied SHAP evidence. It does not include additional details such as attack behavior, causes, impacts, IP addresses, hostnames, CVEs, malware, tools, or extra remediation.",728,324,11.98929660199974,27.02410414518887,False,168
UNSW-OFFICIAL-47850,A3_constrained_full,2.0,success,,Fuzzers,True,"### Evidence-Grounded SOC Report

#### Prediction Summary
The predicted label is ""Fuzzers"" with a confidence of 0.2734 and an uncertainty score of 0.7266. The recommended action is to log the event and continue monitoring.

#### Evidence
1. **ct_srv_src**: 21 (supports predicted class)
2. **ct_srv_dst**: 16 (supports predicted class)
3. **proto_udp**: 0.0 (opposes predicted class)
4. **service_-**: 1.0 (supports predicted class)
5. **ct_src_dport_ltm**: 6 (supports predicted class)

#### Risk and Policy
- **Stage**: Exploitation
- **Risk Score**: 1.777
- **Policy Zone**: Monitor

#### Recommended Action
- **Recommended Action**: Log the event and continue monitoring.

#### Human Review
- **Human Review Required**: Yes
- **Confidence Threshold**: 0.70
- **Reason**: Detector confidence below the fixed 0.70 threshold.

#### Limitations
- **Report Limitations**: This report is limited to the detector and supplied SHAP evidence. It does not include additional attack behavior, causes, impacts, IP addresses, hostnames, CVEs, malware, tools, or any other remediation details.",729,281,10.484751235000658,26.800826619705905,False,150
UNSW-OFFICIAL-48119,A3_constrained_full,2.0,success,,Generic,True,"### Evidence-Grounded SOC Report

#### Prediction Summary
The predicted label is ""Generic"" with a confidence of 0.9357 and an uncertainty score of 0.0642. The predicted stage is ""Exploitation"" with a risk score of 6.0823. The recommended action is to ""Block the suspected source and initiate investigation.""

#### Evidence
1. **Service DNS**: The service is identified as ""dns"" (supports predicted class).
2. **sbytes**: The observed value is 114 (supports predicted class).
3. **Service -**: An application service is identified (supports predicted class).
4. **smean**: The mean is 57 (supports predicted class).
5. **Proto UDP**: The protocol is ""udp"" (supports predicted class).

#### Risk and Policy
- **Stage**: Exploitation
- **Risk Score**: 6.0823
- **Policy Zone**: Block

#### Recommended Action
- **Recommended Action**: Block the suspected source and initiate investigation.

#### Human Review
- **Human Review Required**: No
- **Confidence Threshold**: 0.7
- **Reason**: No mandatory confidence-based referral.

#### Limitations
This report is limited to the detector and supplied SHAP evidence.",704,270,10.150749914000698,26.599020002216303,False,159
UNSW-OFFICIAL-48541,A3_constrained_full,2.0,success,,Shellcode,True,"### Evidence-Grounded SOC Report

**Prediction Summary:**
The predicted label is ""Shellcode,"" with a confidence of 0.5114 and an uncertainty score of 0.4886. The predicted stage is ""Advanced Intrusion,"" and the risk score is 4.3471.

**Evidence:**
1. **ct_dst_src_ltm**: ct_dst_src_ltm = 1, SHAP value = 0.0935, direction = supports predicted class
2. **proto_udp**: Protocol = udp, SHAP value = 0.0854, direction = supports predicted class
3. **ct_srv_dst**: ct_srv_dst = 4, SHAP value = -0.0816, direction = opposes predicted class
4. **sbytes**: sbytes = 308, SHAP value = 0.0792, direction = supports predicted class
5. **smean**: smean = 154, SHAP value = 0.0673, direction = supports predicted class

**Risk and Policy:**
The recommended action is to raise a SOC alert and enrich the event context. The policy zone is ""Alert,"" and the human review requirement is set to ""required"" with a confidence threshold of 0.7.

**Recommended Action:**
- **Raise a SOC alert** to notify the security team of the potential shellcode intrusion.
- **Enrich the event context** with additional details such as the observed values and SHAP values for each feature to provide context to the security team.

**Human Review:**
- **Human Review Required**: The report is limited to the detector and supplied SHAP evidence. The confidence threshold for human review is set to 0.7, indicating that the confidence in the prediction is below this threshold.

**Limitations:**
- The report is limited to the detector and supplied SHAP evidence. The confidence threshold for human review is set to 0.7, indicating that the",730,420,15.370696423000481,27.32472156378798,True,249
UNSW-OFFICIAL-48574,A3_constrained_full,2.0,success,,Backdoor,False,"### Evidence-Grounded SOC Report

#### Prediction Summary
The predicted label is ""Fuzzers"" with a confidence of 0.2012 and an uncertainty score of 0.7988. The recommended action is to log the event and continue monitoring.

#### Evidence
1. **ct_srv_src**: ct_srv_src = 19, Observed Value: 19.0, SHAP Value: 0.0502, Direction: supports predicted class
2. **ct_srv_dst**: ct_srv_dst = 18, Observed Value: 18.0, SHAP Value: 0.0469, Direction: supports predicted class
3. **proto_udp**: Protocol is not udp, Observed Value: 0.0, SHAP Value: -0.0326, Direction: opposes predicted class
4. **service_-**: Service = unspecified, Observed Value: 1.0, SHAP Value: 0.0265, Direction: supports predicted class
5. **ct_src_dport_ltm**: ct_src_dport_ltm = 4, Observed Value: 4.0, SHAP Value: 0.0147, Direction: supports predicted class

#### Risk and Policy
- **Stage**: Exploitation
- **Risk Score**: 1.3079
- **Policy Zone**: Monitor
- **Recommended Action**: Log the event and continue monitoring

#### Human Review
- **Required**: Yes
- **Confidence Threshold**: 0.7
- **Reason**: Detector confidence below the fixed 0.70 threshold.

#### Limitations
This report is limited to the detector and supplied SHAP evidence.",723,367,13.457908366000993,27.270210943563868,False,168
UNSW-OFFICIAL-48600,A3_constrained_full,2.0,success,,Fuzzers,True,"### Evidence-Grounded SOC Report

**Prediction Summary:**
The predicted label is ""Fuzzers"" with a confidence of 71.91% and an uncertainty score of 28.09%. The recommended action is to raise a SOC alert and enrich the event context.

**Evidence:**
1. **Protocol = udp** - Observed Value: 1.0, SHAP Value: 0.1288, Direction: supports predicted class
2. **smean = 769** - Observed Value: 769.0, SHAP Value: 0.0675, Direction: supports predicted class
3. **sbytes = 1538** - Observed Value: 1538.0, SHAP Value: 0.0573, Direction: supports predicted class
4. **ct_srv_dst = 4** - Observed Value: 4.0, SHAP Value: 0.0404, Direction: supports predicted class
5. **sload = 5.59273e+08** - Observed Value: 559272704.0, SHAP Value: 0.0329, Direction: supports predicted class

**Risk and Policy:**
- **Stage:** Exploitation
- **Risk Score:** 4.6743
- **Policy Zone:** Alert

**Recommended Action:**
- Raise a SOC alert and enrich the event context.

**Human Review:**
- **Required:** No
- **Confidence Threshold:** 0.7
- **Reason:** No mandatory confidence-based referral.

**Limitations:**
- The report is limited to the detector and supplied SHAP evidence.",735,377,13.788640002998363,27.341347654157385,False,166
UNSW-OFFICIAL-48615,A3_constrained_full,2.0,success,,Fuzzers,True,"### Evidence-Grounded SOC Report

**Prediction Summary:**
The predicted label is ""Fuzzers"" with a confidence of 87.9% and an uncertainty score of 12.1%. The recommended action is to block the suspected source and initiate investigation.

**Evidence:**
1. **sbytes**: sbytes = 3224, SHAP value = 0.05845, direction = supports predicted class
2. **ct_dst_src_ltm**: ct_dst_src_ltm = 3, SHAP value = 0.04233, direction = supports predicted class
3. **spkts**: spkts = 20, SHAP value = 0.04129, direction = supports predicted class
4. **sjit**: sjit = 226759, SHAP value = 0.03549, direction = supports predicted class
5. **ct_srv_dst**: ct_srv_dst = 10, SHAP value = 0.03404, direction = supports predicted class

**Risk and Policy:**
The risk score is 5.7134, and the policy zone is ""Block"". The recommended action is to block the suspected source and initiate investigation.

**Recommended Action:**
Block the suspected source and initiate investigation.

**Human Review:**
No mandatory confidence-based referral is required.

**Limitations:**
This report is limited to the detector and supplied SHAP evidence.",742,318,11.839941427000667,26.858240977004293,False,160
UNSW-OFFICIAL-48701,A3_constrained_full,2.0,success,,Analysis,False,"### Evidence-Grounded SOC Report

**Prediction Summary:**
The predicted label is ""DoS"" with a confidence of 0.27286 and an uncertainty score of 0.72714. The recommended action is to log the event and continue monitoring.

**Evidence:**
1. **Protocol is not UDP** (Supports predicted class, SHAP value: 0.021946)
2. **sbytes = 200** (Supports predicted class, SHAP value: 0.017615)
3. **smean = 100** (Supports predicted class, SHAP value: 0.010958)
4. **ct_src_ltm = 6** (Supports predicted class, SHAP value: 0.006403)
5. **sloss = 0** (Supports predicted class, SHAP value: 0.006118)

**Risk and Policy:**
The risk score is 1.91, and the policy zone is ""Monitor."" The recommended action is to log the event and continue monitoring.

**Recommended Action:**
Log the event and continue monitoring.

**Human Review:**
Human review is required with a confidence threshold of 0.7. The reason is that the detector confidence is below the fixed 0.70 threshold.

**Limitations:**
This report is limited to the detector and supplied SHAP evidence.",721,316,11.602296954999474,27.23598622114515,False,155
UNSW-OFFICIAL-48723,A3_constrained_full,2.0,success,,Analysis,False,"### Evidence-Grounded SOC Report

#### Prediction Summary
The predicted label is **DoS** with a confidence of **0.25667** and an uncertainty score of **0.74333**. The recommended action is to **Log the event and continue monitoring**.

#### Evidence
1. **Protocol is not UDP** (Supports predicted class)
2. **sbytes = 200** (Supports predicted class)
3. **ct_dst_sport_ltm = 6** (Supports predicted class)
4. **smean = 100** (Supports predicted class)
5. **ct_src_ltm = 6** (Supports predicted class)

#### Risk and Policy
- **Risk Score:** 1.7967
- **Policy Zone:** Monitor
- **Recommended Action:** Log the event and continue monitoring

#### Human Review
- **Required:** Yes
- **Confidence Threshold:** 0.7
- **Reason:** Detector confidence below the fixed 0.70 threshold.

#### Limitations
This report is limited to the detector and supplied SHAP evidence.",735,240,8.43801457399968,28.442709821753514,False,125
UNSW-OFFICIAL-48748,A3_constrained_full,2.0,success,,Backdoor,False,"### Evidence-Grounded SOC Report

#### Prediction Summary
The predicted label is **DoS** with a confidence of **0.2545** and an uncertainty score of **0.7455**. The recommended action is to **Log the event and continue monitoring**.

#### Evidence
1. **Protocol is not UDP** (Supports predicted class)
2. **sbytes = 200** (Supports predicted class)
3. **ct_dst_sport_ltm = 4** (Supports predicted class)
4. **ct_src_ltm = 4** (Supports predicted class)
5. **smean = 100** (Supports predicted class)

#### Risk and Policy
- **Risk Score:** 1.7817
- **Policy Zone:** Monitor
- **Recommended Action:** Log the event and continue monitoring

#### Human Review
- **Required:** Yes
- **Confidence Threshold:** 0.7
- **Reason:** Detector confidence below the fixed 0.70 threshold.

#### Limitations
This report is limited to the detector and supplied SHAP evidence.",735,238,8.935402998999052,26.635620131141355,False,125
UNSW-OFFICIAL-48864,A3_constrained_full,2.0,success,,Backdoor,True,"### Evidence-Grounded SOC Report

#### Prediction Summary
The predicted label is **Backdoor** with a confidence of **0.2616** and an uncertainty score of **0.7384**. The recommended action is to **Raise a SOC alert and enrich the event context**.

#### Evidence
1. **ct_srv_src**: The server source is **15**. The SHAP value is **-0.0327**, indicating **opposition** to the predicted class.
2. **ct_src_ltm**: The source LTM is **9**. The SHAP value is **0.0238**, indicating **support** for the predicted class.
3. **proto_udp**: The protocol is **not UDP**. The SHAP value is **0.0228**, indicating **support** for the predicted class.
4. **sbytes**: The size of the data sent is **200**. The SHAP value is **0.0172**, indicating **support** for the predicted class.
5. **ct_dst_src_ltm**: The destination source LTM is **7**. The SHAP value is **0.0124**, indicating **support** for the predicted class.

#### Risk and Policy
- **Stage**: Command and Control
- **Risk Score**: 2.093
- **Policy Zone**: Alert
- **Recommended Action**: Raise a SOC alert and enrich the event context.

#### Human Review
- **Required**: Yes
- **Confidence Threshold**: 0.7
- **Reason**: Detector confidence below the fixed 0.70 threshold.

#### Limitations
This report is limited to the detector and supplied SHAP evidence.",734,364,13.21446521100006,27.54557177970373,False,194
UNSW-OFFICIAL-49168,A3_constrained_full,2.0,success,,Reconnaissance,False,"### Evidence-Grounded SOC Report

#### Prediction Summary
The predicted label is ""Exploits"" with a confidence of 0.65455 and an uncertainty score of 0.34545. The recommended action is to raise a SOC alert and enrich the event context.

#### Evidence
1. **service_-**: An application service is identified (0.0, 0.0620517879724502, supports predicted class)
2. **service_http**: Service = http (1.0, 0.0332272872328758, supports predicted class)
3. **rate**: rate = 85.7716 (85.77163696289062, 0.0320283658802509, supports predicted class)
4. **dur**: dur = 0.174883 (0.1748829931020736, 0.0304878074675798, supports predicted class)
5. **sload**: sload = 33439.5 (33439.5, 0.0288524404168128, supports predicted class)

#### Risk and Policy
- **Risk Score**: 4.2546
- **Policy Zone**: Alert
- **Recommended Action**: Raise a SOC alert and enrich the event context

#### Human Review
- **Human Review Required**: Yes
- **Confidence Threshold**: 0.7
- **Reason**: Detector confidence below the fixed 0.70 threshold.

#### Limitations
- The report is limited to the detector and supplied SHAP evidence.",758,408,14.71312138200119,27.73034962513891,False,150
UNSW-OFFICIAL-49219,A3_constrained_full,2.0,success,,Backdoor,False,"### Evidence-Grounded SOC Report

#### Prediction Summary
The predicted label is ""Fuzzers"" with a confidence of 0.1736 and an uncertainty score of 0.8264. The recommended action is to log the event and continue monitoring.

#### Evidence
1. **Protocol is not UDP** (Feature: proto_udp) - Observed Value: 0.0, SHAP Value: -0.031455, Direction: Opposes Predicted Class
2. **ct_dst_sport_ltm = 14** (Feature: ct_dst_sport_ltm) - Observed Value: 14.0, SHAP Value: -0.027359, Direction: Opposes Predicted Class
3. **ct_src_dport_ltm = 14** (Feature: ct_src_dport_ltm) - Observed Value: 14.0, SHAP Value: 0.025644, Direction: Supports Predicted Class
4. **Service = unspecified** (Feature: service_-) - Observed Value: 1.0, SHAP Value: 0.020194, Direction: Supports Predicted Class
5. **ct_srv_dst = 14** (Feature: ct_srv_dst) - Observed Value: 14.0, SHAP Value: 0.018974, Direction: Supports Predicted Class

#### Risk and Policy
- **Stage**: Exploitation
- **Risk Score**: 1.1284
- **Policy Zone**: Monitor
- **Recommended Action**: Log the event and continue monitoring

#### Human Review
- **Required**: Yes
- **Confidence Threshold**: 0.7
- **Reason**: Detector confidence below the fixed 0.70 threshold.

#### Limitations
This report is limited to the detector and supplied SHAP evidence.",743,412,15.05975254400073,27.357687239298375,False,178
UNSW-OFFICIAL-49522,A3_constrained_full,2.0,success,,Shellcode,True,"### Evidence-Grounded SOC Report

**Prediction Summary:**
The predicted label is ""Shellcode,"" with a confidence of 74.18% and an uncertainty score of 25.82%. The predicted stage is ""Advanced Intrusion,"" and the risk score is 6.31.

**Evidence:**
1. **Protocol = udp** (Supports predicted class)
2. **ct_dst_src_ltm = 1** (Supports predicted class)
3. **smean = 74** (Supports predicted class)
4. **sbytes = 148** (Supports predicted class)
5. **ct_srv_dst = 1** (Supports predicted class)

**Risk and Policy:**
The recommended action is to ""Block the suspected source and initiate investigation."" The policy zone is ""Block,"" and the risk score is 6.31.

**Recommended Action:**
The recommended action is to ""Block the suspected source and initiate investigation.""

**Human Review:**
No mandatory confidence-based referral is required.

**Limitations:**
This report is limited to the detector and supplied SHAP evidence.",721,236,9.069280486000935,26.021909936988102,False,130
UNSW-OFFICIAL-49542,A3_constrained_full,2.0,success,,Worms,False,"### Evidence-Grounded SOC Report

#### Prediction Summary
The predicted label is ""Exploits"" with a confidence of 0.4947657791266811 and an uncertainty score of 0.5052342208733189. The recommended action is to raise a SOC alert and enrich the event context.

#### Evidence
1. **stcpb**: stcpb = 5.5797e+07 (supports predicted class)
2. **service_-**: An application service is identified (supports predicted class)
3. **smean**: smean = 130 (supports predicted class)
4. **sload**: sload = 15682.8 (supports predicted class)
5. **sbytes**: sbytes = 1296 (supports predicted class)

#### Risk and Policy
- **Risk Score**: 3.216
- **Policy Zone**: Alert
- **Recommended Action**: Raise a SOC alert and enrich the event context

#### Human Review
- **Human Review Required**: Yes
- **Confidence Threshold**: 0.7
- **Reason**: Detector confidence below the fixed 0.70 threshold.

#### Limitations
- The report is limited to the detector and supplied SHAP evidence.",757,285,10.124420073001602,28.149760474676317,False,140
UNSW-OFFICIAL-49575,A3_constrained_full,2.0,success,,DoS,True,"### Evidence-Grounded SOC Report

#### Prediction Summary
The predicted label is ""DoS"" with a confidence of 0.2698 and an uncertainty score of 0.7302. The recommended action is to log the event and continue monitoring.

#### Evidence
1. **Protocol is not UDP** (Supports predicted class)
2. **sbytes = 200** (Supports predicted class)
3. **ct_dst_sport_ltm = 2** (Supports predicted class)
4. **smean = 100** (Supports predicted class)
5. **Protocol = UNAS** (Supports predicted class)

#### Risk and Policy
- **Stage**: Impact / Availability
- **Risk Score**: 1.8883
- **Policy Zone**: Monitor
- **Recommended Action**: Log the event and continue monitoring

#### Human Review
- **Required**: Yes
- **Confidence Threshold**: 0.7
- **Reason**: Detector confidence below the fixed 0.70 threshold.

#### Limitations
This report is limited to the detector and supplied SHAP evidence.",728,239,8.766294711000228,27.263514161815156,False,130
UNSW-OFFICIAL-49642,A3_constrained_full,2.0,success,,Shellcode,True,"### Evidence-Grounded SOC Report

**Prediction Summary:**
The predicted label is ""Shellcode,"" with a confidence of 0.6948 and an uncertainty score of 0.3052. The predicted stage is ""Advanced Intrusion,"" and the risk score is 5.906. The recommended action is to ""Block the suspected source and initiate investigation.""

**Evidence:**
1. **ct_dst_src_ltm**: ct_dst_src_ltm = 1, SHAP value = 0.0825, direction = supports predicted class
2. **proto_udp**: Protocol = udp, SHAP value = 0.0809, direction = supports predicted class
3. **smean**: smean = 268, SHAP value = 0.0767, direction = supports predicted class
4. **sbytes**: sbytes = 536, SHAP value = 0.0764, direction = supports predicted class
5. **ct_dst_sport_ltm**: ct_dst_sport_ltm = 1, SHAP value = 0.0357, direction = supports predicted class

**Risk and Policy:**
The risk score is 5.906, and the policy zone is ""Block."" The recommended action is to ""Block the suspected source and initiate investigation.""

**Recommended Action:**
The recommended action is to ""Block the suspected source and initiate investigation.""

**Human Review:**
The human review decision is required with a confidence threshold of 0.7. The reason is that the detector confidence is below the fixed 0.70 threshold.

**Limitations:**
This report is limited to the detector and the supplied SHAP evidence.",736,366,13.32566522000161,27.46579581262779,False,197
UNSW-OFFICIAL-49715,A3_constrained_full,2.0,success,,Backdoor,False,"### Evidence-Grounded SOC Report

**Prediction Summary:**
The predicted label is **DoS** with a confidence of **0.2309624797242481** and an uncertainty score of **0.7690375202757519**. The recommended action is to **Log the event and continue monitoring**.

**Evidence:**
1. **ct_srv_src = 15** - Opposes predicted class.
2. **Protocol is not udp** - Supports predicted class.
3. **sbytes = 200** - Supports predicted class.
4. **ct_dst_sport_ltm = 4** - Supports predicted class.
5. **smean = 100** - Supports predicted class.

**Recommended Action:**
Log the event and continue monitoring.

**Human Review:**
The required human review is **Yes** with a confidence threshold of **0.7**. The reason is that the detector confidence is below the fixed 0.70 threshold.

**Limitations:**
This report is limited to the detector and the supplied SHAP evidence.",735,242,9.110370608001176,26.5631345213842,False,123
UNSW-OFFICIAL-49742,A3_constrained_full,2.0,success,,Generic,False,"### Evidence-Grounded SOC Report

#### Prediction Summary
The predicted label is ""Fuzzers"" with a confidence of 0.4756 and an uncertainty score of 0.5244. The recommended action is to raise a SOC alert and enrich the event context.

#### Evidence
1. **Protocol = udp** - Observed Value: 1.0, SHAP Value: 0.0780, Direction: supports predicted class
2. **sbytes = 3808** - Observed Value: 3808.0, SHAP Value: 0.0485, Direction: supports predicted class
3. **An application service is identified** - Observed Value: 0.0, SHAP Value: 0.0418, Direction: supports predicted class
4. **smean = 476** - Observed Value: 476.0, SHAP Value: 0.0369, Direction: supports predicted class
5. **dur = 4.7312** - Observed Value: 4.731193065643311, SHAP Value: 0.0266, Direction: supports predicted class

#### Risk and Policy
- **Stage**: Exploitation
- **Risk Score**: 3.0913
- **Policy Zone**: Alert
- **Recommended Action**: Raise a SOC alert and enrich the event context.

#### Human Review
- **Required**: Yes
- **Confidence Threshold**: 0.7
- **Reason**: Detector confidence below the fixed 0.70 threshold.

#### Limitations
This report is limited to the detector and supplied SHAP evidence.",739,376,13.801790276998872,27.24284259170465,False,175
UNSW-OFFICIAL-49861,A3_constrained_full,2.0,success,,Analysis,True,"### Evidence-Grounded SOC Report

#### Prediction Summary
The predicted label is ""Analysis"" with a confidence of 0.1903 and an uncertainty score of 0.8097. The recommended action is to log the event and continue monitoring.

#### Evidence
1. **ct_srv_src**: ct_srv_src = 16, Observed Value: 16.0, SHAP Value: -0.02477696, Direction: Opposes Predicted Class
2. **ct_srv_dst**: ct_srv_dst = 16, Observed Value: 16.0, SHAP Value: -0.02216134, Direction: Opposes Predicted Class
3. **proto_unas**: Protocol = unas, Observed Value: 1.0, SHAP Value: 0.01786248, Direction: Supports Predicted Class
4. **proto_udp**: Protocol is not udp, Observed Value: 0.0, SHAP Value: 0.01663311, Direction: Supports Predicted Class
5. **ct_dst_sport_ltm**: ct_dst_sport_ltm = 4, Observed Value: 4.0, SHAP Value: 0.01260775, Direction: Supports Predicted Class

#### Risk and Policy
- **Stage**: Reconnaissance
- **Risk Score**: 0.5709
- **Policy Zone**: Monitor
- **Recommended Action**: Log the event and continue monitoring

#### Human Review
- **Required**: Yes
- **Confidence Threshold**: 0.7
- **Reason**: Detector confidence below the fixed 0.70 threshold.

#### Limitations
This report is limited to the detector and supplied SHAP evidence.",732,392,14.332603434000703,27.350229970786256,False,168
UNSW-OFFICIAL-49909,A3_constrained_full,2.0,success,,Backdoor,False,"### Evidence-Grounded SOC Report

#### Prediction Summary
The predicted label is ""Fuzzers"" with a confidence of 0.211 and an uncertainty score of 0.789. The recommended action is to log the event and continue monitoring.

#### Evidence
1. **ct_srv_dst**: ct_srv_dst = 16, SHAP value = 0.0467, direction = supports predicted class
2. **ct_srv_src**: ct_srv_src = 16, SHAP value = 0.0456, direction = supports predicted class
3. **proto_udp**: Protocol is not udp, SHAP value = -0.0273, direction = opposes predicted class
4. **service_-**: Service = unspecified, SHAP value = 0.0229, direction = supports predicted class
5. **ct_src_dport_ltm**: ct_src_dport_ltm = 4, SHAP value = 0.0187, direction = supports predicted class

#### Risk and Policy
- **Stage**: Exploitation
- **Risk Score**: 1.372
- **Policy Zone**: Monitor

#### Recommended Action
- **Recommended Action**: Log the event and continue monitoring.

#### Human Review
- **Human Review Required**: Yes
- **Confidence Threshold**: 0.70
- **Reason**: Detector confidence below the fixed 0.70 threshold.

#### Limitations
- **Report Limitations**: This report is limited to the detector and supplied SHAP evidence. It does not include additional attack behavior, causes, impacts, IP addresses, hostnames, CVEs, malware, tools, or any other remediation details.",728,362,13.3051196610013,27.20757191391972,False,191
UNSW-OFFICIAL-49945,A3_constrained_full,2.0,success,,Fuzzers,True,"### Evidence-Grounded SOC Report

#### Prediction Summary
The predicted label is ""Fuzzers"" with a confidence of 0.519 and an uncertainty score of 0.481. The recommended action is to raise a SOC alert and enrich the event context.

#### Evidence
1. **sbytes**: sbytes = 104, SHAP value = 0.114, direction = supports predicted class
2. **smean**: smean = 52, SHAP value = 0.098, direction = supports predicted class
3. **proto_udp**: Protocol = udp, SHAP value = 0.094, direction = supports predicted class
4. **ct_dst_src_ltm**: ct_dst_src_ltm = 1, SHAP value = -0.069, direction = opposes predicted class
5. **ct_srv_dst**: ct_srv_dst = 7, SHAP value = 0.031, direction = supports predicted class

#### Risk and Policy
- **Stage**: Exploitation
- **Risk Score**: 3.374
- **Policy Zone**: Alert

#### Recommended Action
- **Recommended Action**: Raise a SOC alert and enrich the event context.

#### Human Review
- **Human Review Required**: Yes
- **Confidence Threshold**: 0.70
- **Reason**: Detector confidence below the fixed 0.70 threshold.

#### Limitations
- **Report Limitations**: This report is limited to the detector and supplied SHAP evidence. It does not include additional attack behavior, causes, impacts, IP addresses, hostnames, CVEs, malware, tools, or any other remediation details.",731,361,13.331079243000204,27.07957798612228,False,196
UNSW-OFFICIAL-49959,A3_constrained_full,2.0,success,,Exploits,True,"### Evidence-Grounded SOC Report

**Prediction Summary:**
The predicted label is ""Exploits"" with a confidence of 0.9816 and an uncertainty score of 0.0184. The recommended action is to ""Block the suspected source and initiate investigation.""

**Evidence:**
1. **sttl (State Time):** sttl = 62, supports predicted class.
2. **dbytes (Data Bytes):** dbytes = 2256, supports predicted class.
3. **dloss (Data Loss):** dloss = 8, supports predicted class.
4. **dpkts (Data Packets):** dpkts = 32, supports predicted class.
5. **sbytes (Session Bytes):** sbytes = 114614, supports predicted class.

**Risk and Policy:**
- **Stage:** Exploitation
- **Risk Score:** 6.3803
- **Policy Zone:** Block

**Recommended Action:**
- **Action:** Block the suspected source and initiate investigation.

**Human Review:**
- **Required:** No
- **Confidence Threshold:** 0.7
- **Reason:** No mandatory confidence-based referral.

**Limitations:**
- The report is limited to the detector and supplied SHAP evidence.",730,279,10.27087414900052,27.16419225399136,False,138
UNSW-OFFICIAL-50052,A3_constrained_full,2.0,success,,Fuzzers,False,"### Evidence-Grounded SOC Report

**Prediction Summary:**
The predicted label is **Backdoor**, with a confidence of **0.2046** and an uncertainty score of **0.7954**. The recommended action is to **Log the event and continue monitoring**.

**Evidence:**
1. **ct_srv_src**: 16 (opposes predicted class)
2. **ct_srv_dst**: 16 (opposes predicted class)
3. **ct_src_ltm**: 9 (supports predicted class)
4. **proto_udp**: 0.0 (supports predicted class)
5. **sbytes**: 200 (supports predicted class)

**Recommended Action:**
Log the event and continue monitoring.

**Human Review:**
The required human review is **Yes**. The confidence threshold is **0.70**, and the confidence of the model is **0.2046**, which is below the threshold. Therefore, the review is **required**.

**Limitations:**
This report is limited to the detector and the supplied SHAP evidence. The model's confidence is below the fixed threshold, which may indicate a need for further investigation or a higher confidence threshold.",730,251,8.77449855300074,28.605623271105557,False,137
UNSW-OFFICIAL-50062,A3_constrained_full,2.0,success,,Backdoor,True,"### Evidence-Grounded SOC Report

**Prediction Summary:**
The predicted label is **Backdoor**, with a confidence of **0.203560369275127** and an uncertainty score of **0.796439630724873**. The recommended action is to **Log the event and continue monitoring**.

**Evidence:**
1. **ct_srv_src**: 16 (opposes predicted class)
2. **ct_srv_dst**: 16 (opposes predicted class)
3. **ct_src_ltm**: 9 (supports predicted class)
4. **proto_udp**: not udp (supports predicted class)
5. **sbytes**: 200 (supports predicted class)

**Risk and Policy:**
- **Stage**: Command and Control
- **Risk Score**: 1.6285
- **Policy Zone**: Monitor
- **Recommended Action**: Log the event and continue monitoring

**Human Review:**
- **Required**: Yes
- **Confidence Threshold**: 0.7
- **Reason**: Detector confidence below the fixed 0.70 threshold.

**Limitations:**
- The report is limited to the detector and supplied SHAP evidence.",728,265,10.071002069000315,26.313171041410072,False,121
UNSW-OFFICIAL-50087,A3_constrained_full,2.0,success,,Worms,True,"### Evidence-Grounded SOC Report

#### Prediction Summary
The predicted label is **Worms** with a confidence of **0.4878** and an uncertainty score of **0.5122**. The recommended action is to **Raise a SOC alert and enrich the event context**.

#### Evidence
1. **sbytes**: The observed value is **1302**. The SHAP value is **0.0737**, which supports the predicted class.
2. **ct_srv_dst**: The observed value is **3.0**. The SHAP value is **-0.0665**, which opposes the predicted class.
3. **smean**: The observed value is **130.0**. The SHAP value is **0.0521**, which supports the predicted class.
4. **service_-**: The observed value is **0.0**. The SHAP value is **0.0452**, which supports the predicted class.
5. **ct_flw_http_mthd**: The observed value is **1.0**. The SHAP value is **0.0426**, which supports the predicted class.

#### Risk and Policy
- **Stage**: Advanced Intrusion
- **Risk Score**: 4.1467
- **Policy Zone**: Alert

#### Recommended Action
- **Recommended Action**: Raise a SOC alert and enrich the event context.

#### Human Review
- **Human Review Required**: Yes
- **Confidence Threshold**: 0.70
- **Reason**: Detector confidence below the fixed 0.70 threshold.

#### Limitations
- **Report Limitations**: This report is limited to the detector and supplied SHAP evidence.",742,367,13.206459693999932,27.789430968144966,False,192
UNSW-OFFICIAL-50135,A3_constrained_full,2.0,success,,Backdoor,False,"### Evidence-Grounded SOC Report

#### Prediction Summary
The predicted label is **DoS** with a confidence of **0.1895** and an uncertainty score of **0.8105**. The recommended action is to **Log the event and continue monitoring**.

#### Evidence
1. **ct_srv_src**: 16 (opposes predicted class)
2. **ct_srv_dst**: 16 (opposes predicted class)
3. **sbytes**: 200 (supports predicted class)
4. **proto_udp**: 0.0 (supports predicted class)
5. **ct_dst_sport_ltm**: 4 (supports predicted class)

#### Risk and Policy
- **Stage**: Impact / Availability
- **Risk Score**: 1.3268
- **Policy Zone**: Monitor
- **Recommended Action**: Log the event and continue monitoring

#### Human Review
- **Required**: Yes
- **Confidence Threshold**: 0.7
- **Reason**: Detector confidence below the fixed 0.70 threshold.

#### Limitations
This report is limited to the detector and supplied SHAP evidence.",737,241,8.893059689000438,27.099784374334714,False,124
UNSW-OFFICIAL-50360,A3_constrained_full,2.0,success,,Fuzzers,False,"### Evidence-Grounded SOC Report

**Prediction Summary:**
The predicted label is **Normal** with a confidence of **0.432** and an uncertainty score of **0.568**. The recommended action is to **Log the event and continue monitoring**.

**Evidence:**
1. **dmean**: The mean value is **57**. The SHAP value is **0.0336**, supporting the predicted class.
2. **ct_dst_src_ltm**: The value is **1**. The SHAP value is **-0.0312**, opposing the predicted class.
3. **dloss**: The loss value is **4**. The SHAP value is **0.0292**, supporting the predicted class.
4. **sloss**: The loss value is **3**. The SHAP value is **0.0274**, supporting the predicted class.
5. **smean**: The mean value is **48**. The SHAP value is **0.0235**, supporting the predicted class.

**Risk and Policy:**
The risk score is **0.0**, indicating a low risk. The policy zone is **Monitor**, and the recommended action is to **Log the event and continue monitoring**.

**Recommended Action:**
The recommended action is to **Log the event and continue monitoring**.

**Human Review:**
The human review decision is **Required** with a confidence threshold of **0.7**. The reason is that the detector confidence is below the fixed **0.70** threshold.

**Limitations:**
This report is limited to the detector and the supplied SHAP evidence.",717,350,12.40902376700069,28.205280815945795,False,195
UNSW-OFFICIAL-50400,A3_constrained_full,2.0,success,,Exploits,True,"### Evidence-Grounded SOC Report

**Prediction Summary:**
The predicted label is ""Exploits"" with a confidence of 0.9759766811987348 and an uncertainty score of 0.02402331880126518. The recommended action is to ""Block the suspected source and initiate investigation.""

**Evidence:**
1. **sttl (State Time):** sttl = 62, SHAP value = 0.1056497916579246, direction = supports predicted class
2. **dbytes (Data Bytes):** dbytes = 2128, SHAP value = 0.0625575110316276, direction = supports predicted class
3. **dloss (Data Loss):** dloss = 8, SHAP value = 0.0549780391156673, direction = supports predicted class
4. **dpkts (Data Packets):** dpkts = 28, SHAP value = 0.0506956577301025, direction = supports predicted class
5. **sbytes (Session Bytes):** sbytes = 83190, SHAP value = 0.0463825687766075, direction = supports predicted class

**Risk and Policy:**
The risk score is 6.3438, and the policy zone is ""Block."" The recommended action is to ""Block the suspected source and initiate investigation.""

**Recommended Action:**
The recommended action is to ""Block the suspected source and initiate investigation.""

**Human Review:**
The human review decision is ""No mandatory confidence-based referral.""

**Limitations:**
This report is limited to the detector and supplied",728,420,15.57585646699954,26.964809343861837,True,176
UNSW-OFFICIAL-50638,A3_constrained_full,2.0,success,,Analysis,False,"### Evidence-Grounded SOC Report

#### Prediction Summary
The predicted label is ""DoS"" with a confidence of 0.2356 and an uncertainty score of 0.7644. The recommended action is to log the event and continue monitoring.

#### Evidence
1. **Protocol is not UDP** (Supports predicted class)
2. **sbytes = 200** (Supports predicted class)
3. **ct_dst_sport_ltm = 2** (Supports predicted class)
4. **smean = 100** (Supports predicted class)
5. **swin = 0** (Supports predicted class)

#### Risk and Policy
- **Stage**: Impact / Availability
- **Risk Score**: 1.6493
- **Policy Zone**: Monitor
- **Recommended Action**: Log the event and continue monitoring

#### Human Review
- **Required**: Yes
- **Confidence Threshold**: 0.7
- **Reason**: Detector confidence below the fixed 0.70 threshold.

#### Limitations
This report is limited to the detector and supplied SHAP evidence.",728,240,8.30067768599838,28.913301910858802,False,130
UNSW-OFFICIAL-50680,A3_constrained_full,2.0,success,,Worms,True,"### Evidence-Grounded SOC Report

#### Prediction Summary
The predicted label is **Worms** with a confidence of **0.5126** and an uncertainty score of **0.4874**. The recommended action is to **Raise a SOC alert and enrich the event context**.

#### Evidence
1. **dpkts**: **696** (supports predicted class)
2. **service_http**: **1.0** (supports predicted class)
3. **sttl**: **254** (supports predicted class)
4. **sbytes**: **5090** (supports predicted class)
5. **response_body_len**: **443364** (supports predicted class)

#### Risk and Policy
- **Stage**: Advanced Intrusion
- **Risk Score**: 4.3574
- **Policy Zone**: Alert

#### Recommended Action
- **Recommended Action**: Raise a SOC alert and enrich the event context.

#### Human Review
- **Human Review Required**: Yes
- **Confidence Threshold**: 0.7
- **Reason**: Detector confidence below the fixed 0.70 threshold.

#### Limitations
- **Report Limitations**: This report is limited to the detector and supplied SHAP evidence. It does not include additional details such as attack behavior, causes, impacts, IP addresses, hostnames, CVEs, malware, tools, or extra remediation.",740,300,11.359391296999092,26.409865824346905,False,158
UNSW-OFFICIAL-50773,A3_constrained_full,2.0,success,,Analysis,True,"### Evidence-Grounded SOC Report

#### Prediction Summary
The predicted label is ""Analysis"" with a confidence of 0.263 and an uncertainty score of 0.737. The recommended action is to log the event and continue monitoring.

#### Evidence
1. **Protocol is not UDP** (Supports predicted class, SHAP value: 0.0189, Direction: supports predicted class)
2. **sbytes = 200** (Supports predicted class, SHAP value: 0.0136, Direction: supports predicted class)
3. **Protocol = UNAS** (Supports predicted class, SHAP value: 0.0122, Direction: supports predicted class)
4. **ct_dst_sport_ltm = 2** (Supports predicted class, SHAP value: 0.0106, Direction: supports predicted class)
5. **ct_srv_dst = 7** (Supports predicted class, SHAP value: 0.0097, Direction: supports predicted class)

#### Risk and Policy
- **Stage**: Reconnaissance
- **Risk Score**: 0.7893
- **Policy Zone**: Monitor
- **Recommended Action**: Log the event and continue monitoring

#### Human Review
- **Required**: Yes
- **Confidence Threshold**: 0.7
- **Reason**: Detector confidence below the fixed 0.70 threshold.

#### Limitations
This report is limited to the detector and supplied SHAP evidence.",727,324,11.953368452001087,27.10533029254694,False,163
UNSW-OFFICIAL-50850,A3_constrained_full,2.0,success,,Backdoor,False,"### Evidence-Grounded SOC Report

#### Prediction Summary
The predicted label is ""Fuzzers"" with a confidence of 0.65288 and an uncertainty score of 0.34712. The recommended action is to raise a SOC alert and enrich the event context.

#### Evidence
1. **ct_dst_src_ltm**: ct_dst_src_ltm = 2, SHAP value = 0.0797159, Direction = supports predicted class
2. **ct_srv_dst**: ct_srv_dst = 4, SHAP value = 0.0688891, Direction = supports predicted class
3. **ct_srv_src**: ct_srv_src = 4, SHAP value = 0.0413082, Direction = supports predicted class
4. **service_-**: Service = unspecified, SHAP value = 0.0265501, Direction = supports predicted class
5. **service_http**: Service is not http, SHAP value = 0.0207360, Direction = supports predicted class

#### Risk and Policy
- **Stage**: Exploitation
- **Risk Score**: 4.2437
- **Policy Zone**: Alert
- **Recommended Action**: Raise a SOC alert and enrich the event context.

#### Human Review
- **Required**: Yes
- **Confidence Threshold**: 0.7
- **Reason**: Detector confidence below the fixed 0.70 threshold.

#### Limitations
- The report is limited to the detector and supplied SHAP evidence.",726,340,12.534356817999651,27.125444483258324,False,170
UNSW-OFFICIAL-50947,A3_constrained_full,2.0,success,,Backdoor,True,"### Evidence-Grounded SOC Report

#### Prediction Summary
The predicted label is **Backdoor** with a confidence of **0.324** and an uncertainty score of **0.676**. The recommended action is to **Raise a SOC alert and enrich the event context**.

#### Evidence
1. **ct_src_ltm**: ct_src_ltm = 9, SHAP value = 0.028, direction = supports predicted class
2. **proto_udp**: Protocol is not udp, SHAP value = 0.023, direction = supports predicted class
3. **sbytes**: sbytes = 200, SHAP value = 0.018, direction = supports predicted class
4. **ct_dst_sport_ltm**: ct_dst_sport_ltm = 4, SHAP value = 0.016, direction = supports predicted class
5. **ct_dst_src_ltm**: ct_dst_src_ltm = 5, SHAP value = 0.011, direction = supports predicted class

#### Risk and Policy
- **Stage**: Command and Control
- **Risk Score**: 2.5927
- **Policy Zone**: Alert
- **Recommended Action**: Raise a SOC alert and enrich the event context

#### Human Review
- **Required**: Yes
- **Confidence Threshold**: 0.7
- **Reason**: Detector confidence below the fixed 0.70 threshold.

#### Limitations
This report is limited to the detector and supplied SHAP evidence.",743,330,12.146873542000321,27.167484609019507,False,171
UNSW-OFFICIAL-51028,A3_constrained_full,2.0,success,,DoS,True,"### Evidence-Grounded SOC Report

#### Prediction Summary
The predicted label is **DoS** with a confidence of **0.2333** and an uncertainty score of **0.7667**. The recommended action is to **Log the event and continue monitoring**.

#### Evidence
1. **Protocol is not UDP** (Feature: proto_udp, Observed Value: 0.0, SHAP Value: 0.0225, Direction: supports predicted class)
2. **ct_dst_sport_ltm = 2** (Feature: ct_dst_sport_ltm, Observed Value: 2.0, SHAP Value: 0.0151, Direction: supports predicted class)
3. **Protocol = sctp** (Feature: proto_sctp, Observed Value: 1.0, SHAP Value: 0.0091, Direction: supports predicted class)
4. **ct_dst_src_ltm = 2** (Feature: ct_dst_src_ltm, Observed Value: 2.0, SHAP Value: 0.0076, Direction: supports predicted class)
5. **ct_srv_src = 2** (Feature: ct_srv_src, Observed Value: 2.0, SHAP Value: 0.0074, Direction: supports predicted class)

#### Risk and Policy
- **Risk Score:** 1.6332
- **Policy Zone:** Monitor
- **Recommended Action:** Log the event and continue monitoring

#### Human Review
- **Required:** Yes
- **Confidence Threshold:** 0.7
- **Reason:** Detector confidence below the fixed 0.70 threshold.

#### Limitations
This report is limited to the detector and supplied SHAP evidence.",732,379,13.641080508001323,27.783722834689925,False,170
UNSW-OFFICIAL-51030,A3_constrained_full,2.0,success,,Reconnaissance,True,"### Evidence-Grounded SOC Report

#### Prediction Summary
The predicted label is **Reconnaissance** with a confidence of **0.9198687431624112** and an uncertainty score of **0.08013125683758882**. The recommended action is to **Raise a SOC alert and enrich the event context**.

#### Evidence
1. **sbytes**: **168** (supports predicted class)
2. **smean**: **84** (supports predicted class)
3. **proto_udp**: **1.0** (supports predicted class)
4. **ct_dst_src_ltm**: **1.0** (supports predicted class)
5. **sload**: **9.6e+07** (supports predicted class)

#### Risk and Policy
- **Stage**: Reconnaissance
- **Risk Score**: 2.7596
- **Policy Zone**: Alert

#### Recommended Action
- **Recommended Action**: Raise a SOC alert and enrich the event context.

#### Human Review
- **Human Review Required**: No
- **Confidence Threshold**: 0.7
- **Reason**: No mandatory confidence-based referral.

#### Limitations
- **Report Limitations**: This report is limited to the detector and supplied SHAP evidence.",735,285,10.588162531999842,26.91685163867338,False,133
UNSW-OFFICIAL-51121,A3_constrained_full,2.0,success,,Exploits,False,"### Evidence-Grounded SOC Report

#### Prediction Summary
The predicted label is ""DoS"" with a confidence of 0.2388 and an uncertainty score of 0.7612. The recommended action is to log the event and continue monitoring.

#### Evidence
1. **Protocol is not UDP** (Supports predicted class)
2. **sbytes = 200** (Supports predicted class)
3. **ct_dst_sport_ltm = 4** (Supports predicted class)
4. **smean = 100** (Supports predicted class)
5. **swin = 0** (Supports predicted class)

#### Risk and Policy
- **Risk Score:** 1.6719
- **Policy Zone:** Monitor
- **Recommended Action:** Log the event and continue monitoring

#### Human Review
- **Required:** Yes
- **Confidence Threshold:** 0.7
- **Reason:** Detector confidence below the fixed 0.70 threshold.

#### Limitations
This report is limited to the detector and supplied SHAP evidence.",727,232,8.048299514999599,28.825964983984765,False,125
UNSW-OFFICIAL-51213,A3_constrained_full,2.0,success,,DoS,True,"### Evidence-Grounded SOC Report

#### Prediction Summary
The predicted label is **DoS** with a confidence of **0.2333** and an uncertainty score of **0.7667**. The recommended action is to **Log the event and continue monitoring**.

#### Evidence
1. **Protocol is not UDP** (Feature: proto_udp, Observed Value: 0.0, SHAP Value: 0.0225, Direction: supports predicted class)
2. **ct_dst_sport_ltm = 2** (Feature: ct_dst_sport_ltm, Observed Value: 2.0, SHAP Value: 0.0151, Direction: supports predicted class)
3. **Protocol = sctp** (Feature: proto_sctp, Observed Value: 1.0, SHAP Value: 0.0091, Direction: supports predicted class)
4. **ct_dst_src_ltm = 2** (Feature: ct_dst_src_ltm, Observed Value: 2.0, SHAP Value: 0.0076, Direction: supports predicted class)
5. **ct_srv_src = 2** (Feature: ct_srv_src, Observed Value: 2.0, SHAP Value: 0.0074, Direction: supports predicted class)

#### Risk and Policy
- **Risk Score:** 1.6332
- **Policy Zone:** Monitor
- **Recommended Action:** Log the event and continue monitoring

#### Human Review
- **Required:** Yes
- **Confidence Threshold:** 0.7
- **Reason:** Detector confidence below the fixed 0.70 threshold.

#### Limitations
This report is limited to the detector and supplied SHAP evidence.",732,379,13.85809327899915,27.348639698820957,False,170
UNSW-OFFICIAL-51307,A3_constrained_full,2.0,success,,Analysis,False,"### Evidence-Grounded SOC Report

#### Prediction Summary
The predicted label is **DoS** with a confidence of **0.2737** and an uncertainty score of **0.7263**. The recommended action is to **Log the event and continue monitoring**.

#### Evidence
1. **Protocol is not UDP** (Supports predicted class)
2. **sbytes = 200** (Supports predicted class)
3. **ct_dst_sport_ltm = 2** (Supports predicted class)
4. **smean = 100** (Supports predicted class)
5. **Protocol = UNAS** (Supports predicted class)

#### Risk and Policy
- **Risk Score:** 1.9158
- **Policy Zone:** Monitor
- **Recommended Action:** Log the event and continue monitoring

#### Human Review
- **Required:** Yes
- **Confidence Threshold:** 0.7
- **Reason:** Detector confidence below the fixed 0.70 threshold.

#### Limitations
This report is limited to the detector and supplied SHAP evidence.",725,235,9.024444586000754,26.040383733370774,False,125
UNSW-OFFICIAL-51308,A3_constrained_full,2.0,success,,Shellcode,False,"### Evidence-Grounded SOC Report

#### Prediction Summary
The predicted label is ""Fuzzers"" with a confidence of 0.367 and an uncertainty score of 0.633. The recommended action is to raise a SOC alert and enrich the event context.

#### Evidence
1. **sbytes**: sbytes = 588, SHAP value = 0.0457, direction = supports predicted class
2. **smean**: smean = 59, SHAP value = 0.0432, direction = supports predicted class
3. **ct_dst_src_ltm**: ct_dst_src_ltm = 1, SHAP value = -0.0370, direction = opposes predicted class
4. **ct_srv_dst**: ct_srv_dst = 1, SHAP value = -0.0284, direction = opposes predicted class
5. **ct_srv_src**: ct_srv_src = 5, SHAP value = 0.0194, direction = supports predicted class

#### Risk and Policy
- **Stage**: Exploitation
- **Risk Score**: 2.3877
- **Policy Zone**: Alert

#### Recommended Action
- **Recommended Action**: Raise a SOC alert and enrich the event context.

#### Human Review
- **Human Review Required**: Yes
- **Confidence Threshold**: 0.7
- **Reason**: Detector confidence below the fixed 0.70 threshold.

#### Limitations
- **Report Limitations**: This report is limited to the detector and supplied SHAP evidence. It does not include additional attack behavior, causes, impacts, IP addresses, hostnames, CVEs, malware, tools, or any other remediation details.",736,370,13.49295270300172,27.421722149643916,False,196
UNSW-OFFICIAL-51486,A3_constrained_full,2.0,success,,Worms,False,"### Evidence-Grounded SOC Report

#### Prediction Summary
The predicted label is ""Exploits"" with a confidence of 0.5026 and an uncertainty score of 0.4974. The recommended action is to raise a SOC alert and enrich the event context.

#### Evidence
1. **service_-**: An application service is identified (Observed Value: 0.0, SHAP Value: 0.0395, Direction: supports predicted class)
2. **sbytes**: sbytes = 1302 (Observed Value: 1302.0, SHAP Value: 0.0339, Direction: supports predicted class)
3. **synack**: synack = 0.1527 (Observed Value: 0.152666, SHAP Value: 0.0322, Direction: supports predicted class)
4. **service_http**: Service = http (Observed Value: 1.0, SHAP Value: 0.0304, Direction: supports predicted class)
5. **smean**: smean = 130 (Observed Value: 130.0, SHAP Value: 0.0252, Direction: supports predicted class)

#### Risk and Policy
- **Risk Score**: 3.2671
- **Policy Zone**: Alert
- **Recommended Action**: Raise a SOC alert and enrich the event context

#### Human Review
- **Human Review Required**: Yes
- **Confidence Threshold**: 0.7
- **Reason**: Detector confidence below the fixed 0.70 threshold.

#### Limitations
- The report is limited to the detector and supplied SHAP evidence.",744,373,13.521943281000858,27.58479252934653,False,175
UNSW-OFFICIAL-51509,A3_constrained_full,2.0,success,,Backdoor,True,"### Evidence-Grounded SOC Report

#### Prediction Summary
The predicted label is **Backdoor** with a confidence of **0.2846776666362437** and an uncertainty score of **0.7153223333637563**. The recommended action is to **Raise a SOC alert and enrich the event context**.

#### Evidence
1. **Protocol is not UDP** (SHAP value: 0.0213948488235473, direction: supports predicted class)
2. **sbytes = 200** (SHAP value: 0.0167741570621728, direction: supports predicted class)
3. **ct_dst_sport_ltm = 4** (SHAP value: 0.0132782626897096, direction: supports predicted class)
4. **ct_srv_dst = 9** (SHAP value: 0.0079734297469258, direction: supports predicted class)
5. **smean = 100** (SHAP value: 0.0072983731515705, direction: supports predicted class)

#### Risk and Policy
- **Stage**: Command and Control
- **Risk Score**: 2.2774
- **Policy Zone**: Alert
- **Recommended Action**: Raise a SOC alert and enrich the event context

#### Human Review
- **Required**: Yes
- **Confidence Threshold**: 0.7
- **Reason**: Detector confidence below the fixed 0.70 threshold.

#### Limitations
- The report is limited to the detector and supplied SHAP evidence.",735,401,14.54503036999995,27.569553985056505,False,157
UNSW-OFFICIAL-51611,A3_constrained_full,2.0,success,,Backdoor,True,"### Evidence-Grounded SOC Report

#### Prediction Summary
The predicted label is **Backdoor** with a confidence of **0.2846776666362437** and an uncertainty score of **0.7153223333637563**. The recommended action is to **Raise a SOC alert and enrich the event context**.

#### Evidence
1. **Protocol is not UDP** (SHAP value: 0.0213948488235473, direction: supports predicted class)
2. **sbytes = 200** (SHAP value: 0.0167741570621728, direction: supports predicted class)
3. **ct_dst_sport_ltm = 4** (SHAP value: 0.0132782626897096, direction: supports predicted class)
4. **ct_srv_dst = 9** (SHAP value: 0.0079734297469258, direction: supports predicted class)
5. **smean = 100** (SHAP value: 0.0072983731515705, direction: supports predicted class)

#### Risk and Policy
- **Stage**: Command and Control
- **Risk Score**: 2.2774
- **Policy Zone**: Alert
- **Recommended Action**: Raise a SOC alert and enrich the event context

#### Human Review
- **Required**: Yes
- **Confidence Threshold**: 0.7
- **Reason**: Detector confidence below the fixed 0.70 threshold.

#### Limitations
- The report is limited to the detector and supplied SHAP evidence.",735,401,14.412987904999682,27.822128391636145,False,157
UNSW-OFFICIAL-51793,A3_constrained_full,2.0,success,,DoS,False,"### Evidence-Grounded SOC Report

#### Prediction Summary
The predicted label is ""Fuzzers"" with a confidence of 0.323951730971878 and an uncertainty score of 0.676048269028122. The recommended action is to raise a SOC alert and enrich the event context.

#### Evidence
1. **sbytes**: sbytes = 78, SHAP value = 0.0750695690512657, Direction: supports predicted class
2. **proto_udp**: Protocol is not udp, SHAP value = -0.062550164759159, Direction: opposes predicted class
3. **smean**: smean = 39, SHAP value = 0.0610330216586589, Direction: supports predicted class
4. **ct_srv_src**: ct_srv_src = 9, SHAP value = 0.0242844708263874, Direction: supports predicted class
5. **ct_dst_src_ltm**: ct_dst_src_ltm = 2, SHAP value = 0.0232746936380863, Direction: supports predicted class

#### Risk and Policy
- **Stage**: Exploitation
- **Risk Score**: 2.1057
- **Policy Zone**: Alert
- **Recommended Action**: Raise a SOC alert and enrich the event context.

#### Human Review
- **Required**: Yes
- **Confidence Threshold**: 0.7
- **Reason**: Detector confidence below the fixed 0.70 threshold.

#### Limitations
- The report is limited to the detector and supplied SHAP evidence.",727,406,14.820105478998812,27.395216624829835,False,165
UNSW-OFFICIAL-51828,A3_constrained_full,2.0,success,,Worms,False,"### Evidence-Grounded SOC Report

#### Prediction Summary
The predicted label is ""Exploits"" with a confidence of 0.4123 and an uncertainty score of 0.5877. The recommended action is to raise a SOC alert and enrich the event context.

#### Evidence
1. **sbytes**: 1006 (supports predicted class)
2. **smean**: 101 (supports predicted class)
3. **service_-**: An application service is identified (supports predicted class)
4. **ackdat**: 0.027435 (supports predicted class)
5. **sload**: 26878.9902 (supports predicted class)

#### Risk and Policy
- **Risk Score**: 2.6801
- **Policy Zone**: Alert
- **Recommended Action**: Raise a SOC alert and enrich the event context

#### Recommended Action
- **Human Review**: Required
- **Confidence Threshold**: 0.7
- **Reason**: Detector confidence below the fixed 0.70 threshold.

#### Limitations
- **Report Limitations**: The report is limited to the detector and supplied SHAP evidence.",762,253,9.608126999999513,26.331875088663256,False,133
UNSW-OFFICIAL-51945,A3_constrained_full,2.0,success,,Analysis,True,"### Evidence-Grounded SOC Report

#### Prediction Summary
The predicted label is ""Analysis"" with a confidence of 0.24786 and an uncertainty score of 0.75214. The recommended action is to log the event and continue monitoring.

#### Evidence
1. **Protocol is not UDP** (Supports predicted class, SHAP value: 0.01975)
2. **Protocol = UNAS** (Supports predicted class, SHAP value: 0.01474)
3. **sbytes = 200** (Supports predicted class, SHAP value: 0.01249)
4. **ct_dst_src_ltm = 6** (Supports predicted class, SHAP value: 0.01247)
5. **ct_src_ltm = 9** (Supports predicted class, SHAP value: 0.01086)

#### Risk and Policy
- **Stage**: Reconnaissance
- **Risk Score**: 0.7436
- **Policy Zone**: Monitor
- **Recommended Action**: Log the event and continue monitoring

#### Recommended Action
- **Human Review**: Required, with a confidence threshold of 0.7
- **Reason**: Detector confidence below the fixed 0.70 threshold.

#### Limitations
- The report is limited to the detector and supplied SHAP evidence.",725,304,11.27052344600088,26.97301518039682,False,147
UNSW-OFFICIAL-51980,A3_constrained_full,2.0,success,,Worms,False,"### Evidence-Grounded SOC Report

#### Prediction Summary
The predicted label is ""Exploits"" with a confidence of 0.6825 and an uncertainty score of 0.3175. The recommended action is to raise a SOC alert and enrich the event context.

#### Evidence
1. **service_-**: An application service is identified (0.0, 0.073681816458702, supports predicted class)
2. **sbytes**: sbytes = 1022 (1022.0, 0.0527220666408538, supports predicted class)
3. **service_http**: Service = http (1.0, 0.0502759143710136, supports predicted class)
4. **smean**: smean = 102 (102.0, 0.0373631976544857, supports predicted class)
5. **dinpkt**: dinpkt = 39.4268 (39.42679977416992, 0.0360059030354023, supports predicted class)

#### Risk and Policy
- **Risk Score**: 4.4363
- **Policy Zone**: Alert
- **Recommended Action**: Raise a SOC alert and enrich the event context

#### Human Review
- **Human Review Required**: Yes
- **Confidence Threshold**: 0.7
- **Reason**: Detector confidence below the fixed 0.70 threshold.

#### Limitations
- The report is limited to the detector and supplied SHAP evidence.",745,388,14.123721820000355,27.471512462852388,False,150
UNSW-OFFICIAL-52080,A3_constrained_full,2.0,success,,Fuzzers,False,"### Evidence-Grounded SOC Report

#### Prediction Summary
The predicted label is **DoS** with a confidence of **0.2719574366936927** and an uncertainty score of **0.7280425633063072**. The recommended action is to **Log the event and continue monitoring**.

#### Evidence
1. **Protocol is not UDP** (Supports predicted class)
2. **ct_dst_sport_ltm = 2** (Supports predicted class)
3. **dpkts = 0** (Supports predicted class)
4. **dinpkt = 0** (Supports predicted class)
5. **swin = 0** (Supports predicted class)

#### Risk and Policy
- **Risk Score:** 1.9037
- **Policy Zone:** Monitor
- **Recommended Action:** Log the event and continue monitoring

#### Human Review
- **Required:** Yes
- **Confidence Threshold:** 0.7
- **Reason:** Detector confidence below the fixed 0.70 threshold.

#### Limitations
This report is limited to the detector and supplied SHAP evidence.",725,258,8.907065237001007,28.965769659824357,False,125
UNSW-OFFICIAL-52108,A3_constrained_full,2.0,success,,Analysis,False,"### Evidence-Grounded SOC Report

#### Prediction Summary
The predicted label is ""DoS"" with a confidence of 0.266 and an uncertainty score of 0.734. The recommended action is to log the event and continue monitoring.

#### Evidence
1. **Protocol is not UDP** (Supports predicted class)
2. **sbytes = 200** (Supports predicted class)
3. **smean = 100** (Supports predicted class)
4. **ct_dst_sport_ltm = 6** (Supports predicted class)
5. **sloss = 0** (Supports predicted class)

#### Risk and Policy
- **Stage**: Impact / Availability
- **Risk Score**: 1.8625
- **Policy Zone**: Monitor
- **Recommended Action**: Log the event and continue monitoring

#### Human Review
- **Required**: Yes
- **Confidence Threshold**: 0.7
- **Reason**: Detector confidence below the fixed 0.70 threshold.

#### Limitations
This report is limited to the detector and supplied SHAP evidence.",729,238,8.92943652699978,26.653417523083746,False,130
UNSW-OFFICIAL-52453,A3_constrained_full,2.0,success,,Backdoor,True,"### Evidence-Grounded SOC Report

#### Prediction Summary
The predicted label is **Backdoor** with a confidence of **0.227** and an uncertainty score of **0.773**. The recommended action is to **Log the event and continue monitoring**.

#### Evidence
1. **Protocol is not UDP** (Supports Predicted Class)
2. **ct_src_ltm = 13** (Supports Predicted Class)
3. **sbytes = 200** (Supports Predicted Class)
4. **rate = 90909.1** (Opposes Predicted Class)
5. **sinpkt = 0.011** (Opposes Predicted Class)

#### Risk and Policy
- **Stage:** Command and Control
- **Risk Score:** 1.8189
- **Policy Zone:** Monitor
- **Recommended Action:** Log the event and continue monitoring

#### Human Review
- **Required:** Yes
- **Confidence Threshold:** 0.7
- **Reason:** Detector confidence below the fixed 0.70 threshold.

#### Limitations
This report is limited to the detector and supplied SHAP evidence.",753,253,9.458591420998346,26.748168806439054,False,130
UNSW-OFFICIAL-52808,A3_constrained_full,2.0,success,,Backdoor,False,"### Evidence-Grounded SOC Report

#### Prediction Summary
The predicted label is ""DoS"" with a confidence of 0.2608 and an uncertainty score of 0.7392. The recommended action is to log the event and continue monitoring.

#### Evidence
1. **Protocol is not UDP** (Supports predicted class)
2. **sbytes = 200** (Supports predicted class)
3. **ct_dst_sport_ltm = 2** (Supports predicted class)
4. **smean = 100** (Supports predicted class)
5. **sloss = 0** (Supports predicted class)

#### Risk and Policy
- **Stage**: Impact / Availability
- **Risk Score**: 1.8258
- **Policy Zone**: Monitor
- **Recommended Action**: Log the event and continue monitoring

#### Human Review
- **Required**: Yes
- **Confidence Threshold**: 0.7
- **Reason**: Detector confidence below the fixed 0.70 threshold.

#### Limitations
This report is limited to the detector and supplied SHAP evidence.",729,240,8.076706653999281,29.715081936417864,False,130
UNSW-OFFICIAL-52914,A3_constrained_full,2.0,success,,Backdoor,True,"### Evidence-Grounded SOC Report

#### Prediction Summary
The predicted label is **Backdoor** with a confidence of **0.266** and an uncertainty score of **0.734**. The recommended action is to **Raise a SOC alert and enrich the event context**.

#### Evidence
1. **Protocol is not UDP** (Supports Predicted Class)
2. **sbytes = 200** (Supports Predicted Class)
3. **ct_dst_sport_ltm = 3** (Supports Predicted Class)
4. **dur = 1.1e-05** (Opposes Predicted Class)
5. **ct_src_dport_ltm = 3** (Supports Predicted Class)

#### Risk and Policy
- **Stage**: Command and Control
- **Risk Score**: 2.1316
- **Policy Zone**: Alert

#### Recommended Action
- **Recommended Action**: Raise a SOC alert and enrich the event context.

#### Human Review
- **Human Review Required**: Yes
- **Confidence Threshold**: 0.7
- **Reason**: Detector confidence below the fixed 0.70 threshold.

#### Limitations
- **Report Limitations**: This report is limited to the detector and supplied SHAP evidence.",763,272,10.221337639999547,26.61099844071016,False,144
UNSW-OFFICIAL-52923,A3_constrained_full,2.0,success,,Fuzzers,False,"### Evidence-Grounded SOC Report

#### Prediction Summary
The predicted label is ""DoS"" with a confidence of 0.2608 and an uncertainty score of 0.7392. The recommended action is to log the event and continue monitoring.

#### Evidence
1. **Protocol is not UDP** (Supports predicted class)
2. **sbytes = 200** (Supports predicted class)
3. **ct_dst_sport_ltm = 2** (Supports predicted class)
4. **smean = 100** (Supports predicted class)
5. **sloss = 0** (Supports predicted class)

#### Risk and Policy
- **Stage**: Impact / Availability
- **Risk Score**: 1.8258
- **Policy Zone**: Monitor
- **Recommended Action**: Log the event and continue monitoring

#### Human Review
- **Required**: Yes
- **Confidence Threshold**: 0.7
- **Reason**: Detector confidence below the fixed 0.70 threshold.

#### Limitations
This report is limited to the detector and supplied SHAP evidence.",729,240,9.242242243999499,25.967724461649915,False,130
UNSW-OFFICIAL-52960,A3_constrained_full,2.0,success,,Exploits,False,"### Evidence-Grounded SOC Report

#### Prediction Summary
The predicted label is **DoS** with a confidence of **0.2778** and an uncertainty score of **0.7222**. The recommended action is to **Log the event and continue monitoring**.

#### Evidence
1. **Protocol is not UDP** (Supports predicted class)
2. **sbytes = 200** (Supports predicted class)
3. **ct_dst_sport_ltm = 4** (Supports predicted class)
4. **smean = 100** (Supports predicted class)
5. **sload = 8e+07** (Supports predicted class)

#### Risk and Policy
- **Stage:** Impact / Availability
- **Risk Score:** 1.9448
- **Policy Zone:** Monitor
- **Recommended Action:** Log the event and continue monitoring

#### Human Review
- **Required:** Yes
- **Confidence Threshold:** 0.7
- **Reason:** Detector confidence below the fixed 0.70 threshold.

#### Limitations
This report is limited to the detector and supplied SHAP evidence.",740,248,8.725891029000195,28.421166294167627,False,130
UNSW-OFFICIAL-52966,A3_constrained_full,2.0,success,,DoS,True,"### Evidence-Grounded SOC Report

#### Prediction Summary
The predicted label is ""DoS"" with a confidence of 0.2766 and an uncertainty score of 0.7234. The recommended action is to log the event and continue monitoring.

#### Evidence
1. **Protocol is not UDP** (Supports predicted class)
2. **sbytes = 200** (Supports predicted class)
3. **ct_dst_sport_ltm = 2** (Supports predicted class)
4. **smean = 100** (Supports predicted class)
5. **Protocol = UNAS** (Supports predicted class)

#### Risk and Policy
- **Stage**: Impact / Availability
- **Risk Score**: 1.9362
- **Policy Zone**: Monitor
- **Recommended Action**: Log the event and continue monitoring

#### Human Review
- **Required**: Yes
- **Confidence Threshold**: 0.7
- **Reason**: Detector confidence below the fixed 0.70 threshold.

#### Limitations
This report is limited to the detector and supplied SHAP evidence.",728,239,8.888002259000132,26.890182184414368,False,130
UNSW-OFFICIAL-53166,A3_constrained_full,2.0,success,,DoS,True,"### Evidence-Grounded SOC Report

#### Prediction Summary
The predicted label is ""DoS"" with a confidence of 0.2566 and an uncertainty score of 0.7434. The recommended action is to log the event and continue monitoring.

#### Evidence
1. **Protocol is not UDP** (Supports predicted class)
2. **sbytes = 200** (Supports predicted class)
3. **ct_dst_sport_ltm = 2** (Supports predicted class)
4. **smean = 100** (Supports predicted class)
5. **sloss = 0** (Supports predicted class)

#### Risk and Policy
- **Risk Score:** 1.7962
- **Policy Zone:** Monitor
- **Recommended Action:** Log the event and continue monitoring

#### Human Review
- **Required:** Yes
- **Confidence Threshold:** 0.70
- **Reason:** Detector confidence below the fixed 0.70 threshold.

#### Limitations
This report is limited to the detector and supplied SHAP evidence.",729,233,8.860498882999309,26.296487712115,False,125
UNSW-OFFICIAL-53212,A3_constrained_full,2.0,success,,Analysis,True,"### Evidence-Grounded SOC Report

#### Prediction Summary
The predicted label is ""Analysis"" with a confidence of 0.2606 and an uncertainty score of 0.7394. The recommended action is to log the event and continue monitoring.

#### Evidence
1. **Protocol is not UDP** (Supports predicted class)
2. **sbytes = 200** (Supports predicted class)
3. **ct_srv_dst = 9** (Supports predicted class)
4. **Protocol = UNAS** (Supports predicted class)
5. **ct_dst_sport_ltm = 2** (Supports predicted class)

#### Risk and Policy
- **Stage**: Reconnaissance
- **Risk Score**: 0.7819
- **Policy Zone**: Monitor
- **Recommended Action**: Log the event and continue monitoring

#### Human Review
- **Required**: Yes
- **Confidence Threshold**: 0.7
- **Reason**: Detector confidence below the fixed 0.70 threshold.

#### Limitations
This report is limited to the detector and supplied SHAP evidence.",727,236,8.154580573000203,28.940789521584403,False,128
UNSW-OFFICIAL-53380,A3_constrained_full,2.0,success,,Worms,True,"### Evidence-Grounded SOC Report

#### Prediction Summary
The predicted label is **Worms** with a confidence of **0.5418545957677666** and an uncertainty score of **0.4581454042322334**. The recommended action is to **Raise a SOC alert and enrich the event context**.

#### Evidence
1. **sbytes**: **1302** (supports predicted class)
2. **service_http**: **1.0** (supports predicted class)
3. **service_-**: **0.0** (supports predicted class)
4. **smean**: **130.0** (supports predicted class)
5. **trans_depth**: **0.0** (opposes predicted class)

#### Risk and Policy
- **Stage**: Advanced Intrusion
- **Risk Score**: 4.6058
- **Policy Zone**: Alert

#### Recommended Action
- **Recommended Action**: Raise a SOC alert and enrich the event context.

#### Human Review
- **Human Review Required**: Yes
- **Confidence Threshold**: 0.7
- **Reason**: Detector confidence below the fixed 0.70 threshold.

#### Limitations
- **Report Limitations**: This report is limited to the detector and supplied SHAP evidence.",723,289,10.861305144999278,26.608220295979834,False,137
UNSW-OFFICIAL-53416,A3_constrained_full,2.0,success,,Backdoor,True,"### Evidence-Grounded SOC Report

#### Prediction Summary
The predicted label is **Backdoor** with a confidence of **0.286** and an uncertainty score of **0.714**. The recommended action is to **Raise a SOC alert and enrich the event context**.

#### Evidence
1. **Protocol is not UDP** (Supports Predicted Class)
2. **sbytes = 200** (Supports Predicted Class)
3. **ct_dst_sport_ltm = 4** (Supports Predicted Class)
4. **ct_dst_src_ltm = 5** (Supports Predicted Class)
5. **dpkts = 0** (Supports Predicted Class)

#### Risk and Policy
- **Risk Score:** 2.2886
- **Policy Zone:** Alert
- **Recommended Action:** Raise a SOC alert and enrich the event context.

#### Human Review
- **Human Review Required:** Yes
- **Confidence Threshold:** 0.7
- **Reason:** Detector confidence below the fixed 0.70 threshold.

#### Limitations
This report is limited to the detector and supplied SHAP evidence.",738,249,9.568817662000583,26.022023701927324,False,133
UNSW-OFFICIAL-53434,A3_constrained_full,2.0,success,,Generic,False,"### Evidence-Grounded SOC Report

#### Prediction Summary
The predicted label is ""Exploits"" with a confidence of 0.518954 and an uncertainty score of 0.481046. The recommended action is to raise a SOC alert and enrich the event context.

#### Evidence
1. **dmean**: 381 (supports predicted class)
2. **dbytes**: 3814 (supports predicted class)
3. **dloss**: 3 (supports predicted class)
4. **dload**: 40963.3 (supports predicted class)
5. **ct_srv_dst**: 4 (opposes predicted class)

#### Risk and Policy
- **Risk Score**: 3.3732
- **Policy Zone**: Alert
- **Recommended Action**: Raise a SOC alert and enrich the event context.

#### Human Review
- **Human Review Required**: Yes
- **Confidence Threshold**: 0.7
- **Reason**: Detector confidence below the fixed 0.70 threshold.

#### Limitations
- The report is limited to the detector and supplied SHAP evidence.",742,242,8.737224761998732,27.697582080358426,False,128
UNSW-OFFICIAL-53474,A3_constrained_full,2.0,success,,Analysis,True,"### Evidence-Grounded SOC Report

#### Prediction Summary
The predicted label is ""Analysis"" with a confidence of 0.3083 and an uncertainty score of 0.6917. The recommended action is to log the event and continue monitoring.

#### Evidence
1. **ct_src_ltm**: ct_src_ltm = 12, SHAP value = 0.0267, direction = supports predicted class
2. **proto_udp**: Protocol is not udp, SHAP value = 0.0204, direction = supports predicted class
3. **ct_dst_sport_ltm**: ct_dst_sport_ltm = 4, SHAP value = 0.0194, direction = supports predicted class
4. **proto_unas**: Protocol = unas, SHAP value = 0.0162, direction = supports predicted class
5. **ct_dst_src_ltm**: ct_dst_src_ltm = 5, SHAP value = 0.0159, direction = supports predicted class

#### Risk and Policy
- **Stage**: Reconnaissance
- **Risk Score**: 0.925
- **Policy Zone**: Monitor
- **Recommended Action**: Log the event and continue monitoring

#### Recommended Action
- **Human Review**: Required, with a confidence threshold of 0.7
- **Reason**: Detector confidence below the fixed 0.70 threshold.

#### Limitations
- The report is limited to the detector and supplied SHAP evidence.",735,323,11.537943025999994,27.994591347187345,False,167
UNSW-OFFICIAL-53482,A3_constrained_full,2.0,success,,Backdoor,False,"### Evidence-Grounded SOC Report

#### Prediction Summary
The predicted label is ""Analysis"" with a confidence of 0.3083 and an uncertainty score of 0.6917. The recommended action is to log the event and continue monitoring.

#### Evidence
1. **ct_src_ltm**: ct_src_ltm = 12, SHAP value = 0.0267, direction = supports predicted class
2. **proto_udp**: Protocol is not udp, SHAP value = 0.0204, direction = supports predicted class
3. **ct_dst_sport_ltm**: ct_dst_sport_ltm = 4, SHAP value = 0.0194, direction = supports predicted class
4. **proto_unas**: Protocol = unas, SHAP value = 0.0162, direction = supports predicted class
5. **ct_dst_src_ltm**: ct_dst_src_ltm = 5, SHAP value = 0.0159, direction = supports predicted class

#### Risk and Policy
- **Stage**: Reconnaissance
- **Risk Score**: 0.925
- **Policy Zone**: Monitor
- **Recommended Action**: Log the event and continue monitoring

#### Recommended Action
- **Human Review**: Required, with a confidence threshold of 0.7
- **Reason**: Detector confidence below the fixed 0.70 threshold.

#### Limitations
- The report is limited to the detector and supplied SHAP evidence.",735,323,11.951248170000326,27.02646580553696,False,167
UNSW-OFFICIAL-53516,A3_constrained_full,2.0,success,,Fuzzers,True,"### Evidence-Grounded SOC Report

#### Prediction Summary
The predicted label is ""Fuzzers"" with a confidence of 0.332 and an uncertainty score of 0.668. The recommended action is to raise a SOC alert and enrich the event context.

#### Evidence
1. **ct_dst_src_ltm**: ct_dst_src_ltm = 1, SHAP value = -0.0577, direction = opposes predicted class
2. **smean**: smean = 53, SHAP value = 0.0486, direction = supports predicted class
3. **sbytes**: sbytes = 534, SHAP value = 0.0357, direction = supports predicted class
4. **ct_srv_dst**: ct_srv_dst = 3, SHAP value = 0.0294, direction = supports predicted class
5. **ackdat**: ackdat = 0.06253, SHAP value = 0.0132, direction = supports predicted class

#### Risk and Policy
- **Stage**: Exploitation
- **Risk Score**: 2.1595
- **Policy Zone**: Alert

#### Recommended Action
- **Recommended Action**: Raise a SOC alert and enrich the event context.

#### Human Review
- **Human Review Required**: Yes
- **Confidence Threshold**: 0.7
- **Reason**: Detector confidence below the fixed 0.70 threshold.

#### Limitations
- **Report Limitations**: This report is limited to the detector and supplied SHAP evidence.",754,342,12.708666419999645,26.910770075906168,False,176
UNSW-OFFICIAL-53541,A3_constrained_full,2.0,success,,Exploits,False,"### Evidence-Grounded SOC Report

#### Prediction Summary
The predicted label is **Backdoor** with a confidence of **0.2678722701783774** and an uncertainty score of **0.7321277298216227**. The recommended action is to **Raise a SOC alert and enrich the event context**.

#### Evidence
1. **Protocol is not UDP** (SHAP value: 0.0243168976157903, direction: supports predicted class)
2. **sbytes = 200** (SHAP value: 0.0153629090636968, direction: supports predicted class)
3. **ct_dst_sport_ltm = 2** (SHAP value: 0.0129357147961854, direction: supports predicted class)
4. **dpkts = 0** (SHAP value: 0.0072949309833347, direction: supports predicted class)
5. **sloss = 0** (SHAP value: 0.0068265842273831, direction: supports predicted class)

#### Risk and Policy
- **Risk Score:** 2.143
- **Policy Zone:** Alert
- **Recommended Action:** Raise a SOC alert and enrich the event context

#### Human Review
- **Human Review Required:** Yes
- **Confidence Threshold:** 0.7
- **Reason:** Detector confidence below the fixed 0.70 threshold.

#### Limitations
This report is limited to the detector and supplied SHAP evidence.",730,391,14.288878483999724,27.36393905496716,False,153
UNSW-OFFICIAL-53550,A3_constrained_full,2.0,success,,Fuzzers,False,"### Evidence-Grounded SOC Report

#### Prediction Summary
The predicted label is **Backdoor** with a confidence of **0.286** and an uncertainty score of **0.714**. The recommended action is to **Raise a SOC alert and enrich the event context**.

#### Evidence
1. **Protocol is not UDP** (Supports Predicted Class)
2. **sbytes = 200** (Supports Predicted Class)
3. **ct_dst_sport_ltm = 4** (Supports Predicted Class)
4. **ct_dst_src_ltm = 5** (Supports Predicted Class)
5. **dpkts = 0** (Supports Predicted Class)

#### Risk and Policy
- **Risk Score:** 2.2886
- **Policy Zone:** Alert
- **Recommended Action:** Raise a SOC alert and enrich the event context.

#### Human Review
- **Human Review Required:** Yes
- **Confidence Threshold:** 0.7
- **Reason:** Detector confidence below the fixed 0.70 threshold.

#### Limitations
This report is limited to the detector and supplied SHAP evidence.",738,249,9.428032827001516,26.41059959898249,False,133
UNSW-OFFICIAL-53900,A3_constrained_full,2.0,success,,Analysis,True,"### Evidence-Grounded SOC Report

#### Prediction Summary
The predicted label is ""Analysis"" with a confidence of 0.173 and an uncertainty score of 0.827. The recommended action is to log the event and continue monitoring.

#### Evidence
1. **ct_srv_src**: ct_srv_src = 16, Observed Value: 16.0, SHAP Value: -0.024430327117443, Direction: Opposes Predicted Class
2. **ct_srv_dst**: ct_srv_dst = 16, Observed Value: 16.0, SHAP Value: -0.0200196728110313, Direction: Opposes Predicted Class
3. **proto_udp**: Protocol is not udp, Observed Value: 0.0, SHAP Value: 0.0169718954712152, Direction: Supports Predicted Class
4. **proto_unas**: Protocol = unas, Observed Value: 1.0, SHAP Value: 0.0112533485516905, Direction: Supports Predicted Class
5. **sbytes**: sbytes = 200, Observed Value: 200.0, SHAP Value: 0.0107436990365386, Direction: Supports Predicted Class

#### Risk and Policy
- **Stage**: Reconnaissance
- **Risk Score**: 0.5193
- **Policy Zone**: Monitor
- **Recommended Action**: Log the event and continue monitoring

#### Human Review
- **Required**: Yes
- **Confidence Threshold**: 0.7
- **Reason**: Detector confidence below the fixed 0.70 threshold.

#### Limitations
This report is limited to the detector and supplied",723,420,15.255155423999895,27.53167623184243,True,166
UNSW-OFFICIAL-53984,A3_constrained_full,2.0,success,,Analysis,True,"### Evidence-Grounded SOC Report

#### Prediction Summary
The predicted label is ""Analysis"" with a confidence of 0.3057 and an uncertainty score of 0.6943. The recommended action is to log the event and continue monitoring.

#### Evidence
1. **Protocol is not UDP** (Feature: proto_udp) - Observed Value: 0.0, SHAP Value: 0.0202, Direction: Supports Predicted Class
2. **ct_dst_src_ltm = 5** (Feature: ct_dst_src_ltm) - Observed Value: 5.0, SHAP Value: 0.0152, Direction: Supports Predicted Class
3. **ct_dst_sport_ltm = 4** (Feature: ct_dst_sport_ltm) - Observed Value: 4.0, SHAP Value: 0.0151, Direction: Supports Predicted Class
4. **Protocol = UNAS** (Feature: proto_unas) - Observed Value: 1.0, SHAP Value: 0.0139, Direction: Supports Predicted Class
5. **sbytes = 200** (Feature: sbytes) - Observed Value: 200.0, SHAP Value: 0.0137, Direction: Supports Predicted Class

#### Risk and Policy
- **Stage**: Reconnaissance
- **Risk Score**: 0.9171
- **Policy Zone**: Monitor
- **Recommended Action**: Log the event and continue monitoring

#### Human Review
- **Required**: Yes
- **Confidence Threshold**: 0.7
- **Reason**: Detector confidence below the fixed 0.70 threshold.

#### Limitations
This report is limited to the detector and supplied SHAP evidence.",732,393,14.386398156000723,27.317469997594596,False,178
UNSW-OFFICIAL-54004,A3_constrained_full,2.0,success,,Analysis,True,"### Evidence-Grounded SOC Report

#### Prediction Summary
The predicted label is ""Analysis"" with a confidence of 0.1748816684705147 and an uncertainty score of 0.8251183315294853. The recommended action is to log the event and continue monitoring.

#### Evidence
1. **ct_srv_src**: ct_srv_src = 16, Observed Value: 16.0, SHAP Value: -0.0266454759985208, Direction: Opposes Predicted Class
2. **ct_srv_dst**: ct_srv_dst = 16, Observed Value: 16.0, SHAP Value: -0.0222163405269384, Direction: Opposes Predicted Class
3. **proto_udp**: Protocol is not udp, Observed Value: 0.0, SHAP Value: 0.0165191050618886, Direction: Supports Predicted Class
4. **proto_unas**: Protocol = unas, Observed Value: 1.0, SHAP Value: 0.0120067633688449, Direction: Supports Predicted Class
5. **sbytes**: sbytes = 200, Observed Value: 200.0, SHAP Value: 0.010697559453547, Direction: Supports Predicted Class

#### Risk and Policy
- **Stage**: Reconnaissance
- **Risk Score**: 0.5246
- **Policy Zone**: Monitor
- **Recommended Action**: Log the event and continue monitoring

#### Human Review
- **Required**: Yes
- **Confidence Threshold**: 0.7
- **Reason",723,420,15.225167340000553,27.585903696214135,True,148
UNSW-OFFICIAL-54105,A3_constrained_full,2.0,success,,Analysis,True,"### Evidence-Grounded SOC Report

#### Prediction Summary
The predicted label is ""Analysis"" with a confidence of 0.1903 and an uncertainty score of 0.8097. The recommended action is to log the event and continue monitoring.

#### Evidence
1. **ct_srv_src**: ct_srv_src = 16, Observed Value: 16.0, SHAP Value: -0.02477696, Direction: Opposes Predicted Class
2. **ct_srv_dst**: ct_srv_dst = 16, Observed Value: 16.0, SHAP Value: -0.02216134, Direction: Opposes Predicted Class
3. **proto_unas**: Protocol = unas, Observed Value: 1.0, SHAP Value: 0.01786248, Direction: Supports Predicted Class
4. **proto_udp**: Protocol is not udp, Observed Value: 0.0, SHAP Value: 0.01663311, Direction: Supports Predicted Class
5. **ct_dst_sport_ltm**: ct_dst_sport_ltm = 4, Observed Value: 4.0, SHAP Value: 0.01260775, Direction: Supports Predicted Class

#### Risk and Policy
- **Stage**: Reconnaissance
- **Risk Score**: 0.5709
- **Policy Zone**: Monitor
- **Recommended Action**: Log the event and continue monitoring

#### Human Review
- **Required**: Yes
- **Confidence Threshold**: 0.7
- **Reason**: Detector confidence below the fixed 0.70 threshold.

#### Limitations
This report is limited to the detector and supplied SHAP evidence.",732,392,14.282680656999219,27.44582823168427,False,168
UNSW-OFFICIAL-54114,A3_constrained_full,2.0,success,,Generic,False,"### Evidence-Grounded SOC Report

#### Prediction Summary
The predicted label is ""Fuzzers"" with a confidence of 0.6872 and an uncertainty score of 0.3128. The recommended action is to raise a SOC alert and enrich the event context.

#### Evidence
1. **spkts**: spkts = 14, observed value = 14.0, SHAP value = 0.0556, direction = supports predicted class
2. **dbytes**: dbytes = 786, observed value = 786.0, SHAP value = 0.0532, direction = supports predicted class
3. **sloss**: sloss = 4, observed value = 4.0, SHAP value = 0.0478, direction = supports predicted class
4. **sbytes**: sbytes = 1490, observed value = 1490.0, SHAP value = 0.0458, direction = supports predicted class
5. **dpkts**: dpkts = 14, observed value = 14.0, SHAP value = 0.0325, direction = supports predicted class

#### Risk and Policy
- **Stage**: Exploitation
- **Risk Score**: 4.4669
- **Policy Zone**: Alert

#### Recommended Action
- **Recommended Action**: Raise a SOC alert and enrich the event context.

#### Human Review
- **Human Review Required**: Yes
- **Confidence Threshold**: 0.7
- **Reason**: Detector confidence below the fixed 0.70 threshold.

#### Limitations
- **Report Limitations**: This report is limited to the detector and supplied SHAP evidence. It does not include additional details such as attack behavior, causes, impacts, IP addresses, hostnames, CVEs, malware, tools, or any remediation steps.",732,419,15.382356743000855,27.23899900388474,False,218
UNSW-OFFICIAL-54426,A3_constrained_full,2.0,success,,Backdoor,True,"### Evidence-Grounded SOC Report

#### Prediction Summary
The predicted label is **Backdoor** with a confidence of **0.2717** and an uncertainty score of **0.7283**. The recommended action is to **Raise a SOC alert and enrich the event context**.

#### Evidence
1. **ct_src_ltm**: **11** (supports predicted class)
2. **proto_udp**: **0.0** (supports predicted class)
3. **sbytes**: **200** (supports predicted class)
4. **ct_dst_sport_ltm**: **4** (supports predicted class)
5. **sload**: **4.21053e+07** (opposes predicted class)

#### Risk and Policy
- **Stage**: Command and Control
- **Risk Score**: 2.174
- **Policy Zone**: Alert

#### Recommended Action
- **Recommended Action**: Raise a SOC alert and enrich the event context.

#### Human Review
- **Human Review Required**: Yes
- **Confidence Threshold**: 0.7
- **Reason**: Detector confidence below the fixed 0.70 threshold.

#### Limitations
- **Report Limitations**: This report is limited to the detector and supplied SHAP evidence. It does not include additional attack behavior, causes, impacts, IP addresses, hostnames, CVEs, malware, tools, or any remediation steps.",753,302,11.110728222000034,27.180936655620688,False,157
UNSW-OFFICIAL-54570,A3_constrained_full,2.0,success,,Generic,False,"### Evidence-Grounded SOC Report

#### Prediction Summary
The predicted label is ""Exploits"" with a confidence of 0.3603541608103965 and an uncertainty score of 0.6396458391896035. The recommended action is to raise a SOC alert and enrich the event context.

#### Evidence
1. **sbytes**: sbytes = 1136, SHAP value = 0.0344762057065963, Direction: supports predicted class
2. **ct_dst_src_ltm**: ct_dst_src_ltm = 1, SHAP value = 0.0326541326940059, Direction: supports predicted class
3. **service_-**: An application service is identified, SHAP value = 0.0276558343321084, Direction: supports predicted class
4. **smean**: smean = 114, SHAP value = 0.0253926701843738, Direction: supports predicted class
5. **dmean**: dmean = 122, SHAP value = 0.0222208742052316, Direction: supports predicted class

#### Risk and Policy
- **Risk Score**: 2.3423
- **Policy Zone**: Alert
- **Recommended Action**: Raise a SOC alert and enrich the event context

#### Human Review
- **Human Review Required**: Yes
- **Confidence Threshold**: 0.7
- **Reason**: Detector confidence below the fixed 0.70 threshold.

#### Limitations
- The report is limited to the detector and supplied SHAP evidence.",737,407,14.739609456000835,27.612671910672702,False,165
UNSW-OFFICIAL-54748,A3_constrained_full,2.0,success,,Generic,True,"### Evidence-Grounded SOC Report

#### Prediction Summary
The predicted label is ""Generic"" with a confidence of 98.35% and an uncertainty score of 1.65%. The predicted stage is ""Exploitation"" with a risk score of 6.39. The recommended action is to ""Block the suspected source and initiate investigation.""

#### Evidence
1. **service_dns**: Service = dns, Observed Value = 1.0, SHAP Value = 0.1896515041589737, Direction = supports predicted class
2. **sbytes**: sbytes = 114, Observed Value = 114.0, SHAP Value = 0.1349845975637436, Direction = supports predicted class
3. **service_-**: An application service is identified, Observed Value = 0.0, SHAP Value = 0.1301928460597992, Direction = supports predicted class
4. **proto_udp**: Protocol = udp, Observed Value = 1.0, SHAP Value = 0.0747535899281501, Direction = supports predicted class
5. **smean**: smean = 57, Observed Value = 57.0, SHAP Value = 0.0684145241975784, Direction = supports predicted class

#### Risk and Policy
- **Stage**: Exploitation
- **Risk Score**: 6.39
- **Policy Zone**: Block

#### Recommended Action
- **Recommended Action**: Block the suspected source and initiate investigation.

#### Human Review
- **Human Review Required**: No
- **Confidence Threshold**: 0.7
- **Reason**: No mandatory confidence-based referral.

#### Limitations
-",705,420,15.580591956999342,26.956613789716855,True,189
UNSW-OFFICIAL-54790,A3_constrained_full,2.0,success,,Analysis,False,"### Evidence-Grounded SOC Report

**Prediction Summary:**
The predicted label is ""DoS"" with a confidence of 0.2719 and an uncertainty score of 0.7280. The recommended action is to log the event and continue monitoring.

**Evidence:**
1. **Protocol is not UDP** (Supports predicted class, SHAP value: 0.0199581254273653)
2. **sbytes = 200** (Supports predicted class, SHAP value: 0.0163357909768819)
3. **smean = 100** (Supports predicted class, SHAP value: 0.0094789480790495)
4. **ct_dst_sport_ltm = 2** (Supports predicted class, SHAP value: 0.0087022595107555)
5. **sload = 8e+07** (Supports predicted class, SHAP value: 0.0080938357859849)

**Risk and Policy:**
The risk score is 1.9033, and the policy zone is ""Monitor."" The recommended action is to log the event and continue monitoring.

**Recommended Action:**
Log the event and continue monitoring.

**Human Review:**
Human review is required with a confidence threshold of 0.7. The reason is that the detector confidence is below the fixed 0.70 threshold.

**Limitations:**
This report is limited to the detector and the supplied SHAP evidence.",739,373,13.615184749000036,27.39588238252844,False,156
UNSW-OFFICIAL-54966,A3_constrained_full,2.0,success,,Worms,False,"### SOC Report

#### Prediction Summary
The predicted label is ""Exploits"" with a confidence of 0.6156 and an uncertainty score of 0.3844. The recommended action is to raise a SOC alert and enrich the event context.

#### Evidence
1. **dmean**: 1297 (supports predicted class)
2. **dloss**: 184 (supports predicted class)
3. **dbytes**: 482406 (supports predicted class)
4. **dload**: 1124570.625 (supports predicted class)
5. **sbytes**: 3006 (supports predicted class)

#### Risk and Policy
- **Stage**: Exploitation
- **Risk Score**: 4.0016
- **Policy Zone**: Alert

#### Recommended Action
- **Recommended Action**: Raise a SOC alert and enrich the event context.

#### Human Review
- **Human Review Required**: Yes
- **Confidence Threshold**: 0.7
- **Reason**: Detector confidence below the fixed 0.70 threshold.

#### Limitations
- **Report Limitations**: This report is limited to the detector and supplied SHAP evidence.",759,262,9.49420677300077,27.59577564131684,False,135
UNSW-OFFICIAL-55189,A3_constrained_full,2.0,success,,Fuzzers,True,"### Evidence-Grounded SOC Report

#### Prediction Summary
The predicted label is ""Fuzzers"" with a confidence of 0.205 and an uncertainty score of 0.795. The recommended action is to log the event and continue monitoring.

#### Evidence
1. **ct_srv_src**: 23 (supports predicted class)
2. **ct_srv_dst**: 18 (supports predicted class)
3. **proto_udp**: 0.0 (opposes predicted class)
4. **service_-**: 1.0 (supports predicted class)
5. **ct_dst_src_ltm**: 4 (supports predicted class)

#### Risk and Policy
- **Stage**: Exploitation
- **Risk Score**: 1.3328
- **Policy Zone**: Monitor

#### Recommended Action
- **Recommended Action**: Log the event and continue monitoring.

#### Human Review
- **Human Review Required**: Yes
- **Confidence Threshold**: 0.7
- **Reason**: Detector confidence below the fixed 0.70 threshold.

#### Limitations
- **Report Limitations**: This report is limited to the detector and supplied SHAP evidence. It does not include additional attack behavior, causes, impacts, IP addresses, hostnames, CVEs, malware, tools, or any other remediation details.",728,278,10.56981551699937,26.301310515107318,False,150
UNSW-OFFICIAL-55191,A3_constrained_full,2.0,success,,Backdoor,True,"### Evidence-Grounded SOC Report

#### Prediction Summary
The predicted label is **Backdoor** with a confidence of **0.29996** and an uncertainty score of **0.70004**. The recommended action is to **Raise a SOC alert and enrich the event context**.

#### Evidence
1. **ct_src_ltm**: ct_src_ltm = 10, SHAP value = 0.03381, direction = supports predicted class
2. **proto_udp**: Protocol is not udp, SHAP value = 0.02518, direction = supports predicted class
3. **sbytes**: sbytes = 200, SHAP value = 0.01916, direction = supports predicted class
4. **ct_dst_src_ltm**: ct_dst_src_ltm = 7, SHAP value = 0.01441, direction = supports predicted class
5. **smean**: smean = 100, SHAP value = 0.00946, direction = supports predicted class

#### Risk and Policy
- **Stage**: Command and Control
- **Risk Score**: 2.3997
- **Policy Zone**: Alert
- **Recommended Action**: Raise a SOC alert and enrich the event context

#### Human Review
- **Required**: Yes
- **Confidence Threshold**: 0.7
- **Reason**: Detector confidence below the fixed 0.70 threshold.

#### Limitations
This report is limited to the detector and supplied SHAP evidence.",734,339,12.522900457001015,27.070406026463278,False,171
UNSW-OFFICIAL-55269,A3_constrained_full,2.0,success,,Fuzzers,True,"### Evidence-Grounded SOC Report

#### Prediction Summary
The predicted label is ""Fuzzers"" with a confidence of 0.4413 and an uncertainty score of 0.5587. The recommended action is to raise a SOC alert and enrich the event context.

#### Evidence
1. **ct_dst_src_ltm**: ct_dst_src_ltm = 1, Observed Value: 1.0, SHAP Value: -0.0636, Direction: Opposes Predicted Class
2. **sbytes**: sbytes = 534, Observed Value: 534.0, SHAP Value: 0.0324, Direction: Supports Predicted Class
3. **ct_srv_dst**: ct_srv_dst = 3, Observed Value: 3.0, SHAP Value: 0.0293, Direction: Supports Predicted Class
4. **smean**: smean = 53, Observed Value: 53.0, SHAP Value: 0.0232, Direction: Supports Predicted Class
5. **dpkts**: dpkts = 6, Observed Value: 6.0, SHAP Value: 0.0221, Direction: Supports Predicted Class

#### Risk and Policy
- **Stage**: Exploitation
- **Risk Score**: 2.8685
- **Policy Zone**: Alert
- **Recommended Action**: Raise a SOC alert and enrich the event context.

#### Human Review
- **Required**: Yes
- **Confidence Threshold**: 0.7
- **Reason**: Detector confidence below the fixed 0.70 threshold.

#### Limitations
- The report is limited to the detector and supplied SHAP evidence.",736,383,13.914652520001255,27.52494174392545,False,174
UNSW-OFFICIAL-55337,A3_constrained_full,2.0,success,,Worms,False,"### Evidence-Grounded SOC Report

#### Prediction Summary
The predicted label is ""Fuzzers"" with a confidence of 0.291 and an uncertainty score of 0.709. The recommended action is to log the event and continue monitoring.

#### Evidence
1. **Protocol (proto_udp)**: Protocol = udp (supports predicted class)
2. **sbytes**: sbytes = 92 (supports predicted class)
3. **smean**: smean = 46 (supports predicted class)
4. **ct_dst_src_ltm**: ct_dst_src_ltm = 1 (opposes predicted class)
5. **ct_srv_dst**: ct_srv_dst = 15 (supports predicted class)

#### Risk and Policy
- **Stage**: Exploitation
- **Risk Score**: 1.8919
- **Policy Zone**: Monitor
- **Recommended Action**: Log the event and continue monitoring

#### Human Review
- **Required**: Yes
- **Confidence Threshold**: 0.7
- **Reason**: Detector confidence below the fixed 0.70 threshold.

#### Limitations
This report is limited to the detector and supplied SHAP evidence.",728,250,9.441444721000153,26.478998435900067,False,133
UNSW-OFFICIAL-55418,A3_constrained_full,2.0,success,,Reconnaissance,False,"### Evidence-Grounded SOC Report

#### Prediction Summary
The predicted label is ""Exploits"" with a confidence of 0.5646 and an uncertainty score of 0.4354. The recommended action is to raise a SOC alert and enrich the event context.

#### Evidence
1. **smean**: 106 (supports predicted class)
2. **sbytes**: 1272 (supports predicted class)
3. **sloss**: 6 (supports predicted class)
4. **dinpkt**: 0.01 (supports predicted class)
5. **service_-**: An application service is identified (supports predicted class)

#### Risk and Policy
- **Risk Score**: 3.6701
- **Policy Zone**: Alert
- **Recommended Action**: Raise a SOC alert and enrich the event context

#### Human Review
- **Human Review Required**: Yes
- **Confidence Threshold**: 0.70
- **Reason**: Detector confidence below the fixed 0.70 threshold.

#### Limitations
- The report is limited to the detector and supplied SHAP evidence.",744,238,8.08042025100076,29.453913609322942,False,132
UNSW-OFFICIAL-55526,A3_constrained_full,2.0,success,,Fuzzers,False,"### Evidence-Grounded SOC Report

#### Prediction Summary
The predicted label is ""Shellcode"" with a confidence of 0.628 and an uncertainty score of 0.372. The predicted stage is ""Advanced Intrusion"" with a risk score of 5.339.

#### Evidence
1. **Protocol = udp** - Observed Value: 1.0, SHAP Value: 0.090, Direction: supports predicted class
2. **sbytes = 528** - Observed Value: 528.0, SHAP Value: 0.081, Direction: supports predicted class
3. **ct_dst_src_ltm = 1** - Observed Value: 1.0, SHAP Value: 0.079, Direction: supports predicted class
4. **smean = 264** - Observed Value: 264.0, SHAP Value: 0.073, Direction: supports predicted class
5. **ct_srv_dst = 2** - Observed Value: 2.0, SHAP Value: -0.043, Direction: opposes predicted class

#### Risk and Policy
**Recommended Action:** Block the suspected source and initiate investigation.
**Human Review:** Required, with a confidence threshold of 0.7. The detector confidence is below this threshold.

#### Limitations
This report is limited to the detector and supplied SHAP evidence. The report does not include any additional attack behavior, causes, impacts, IP addresses, hostnames, CVEs, malware, tools, or remediation steps.",731,346,12.5226981600008,27.62982829891812,False,174
UNSW-OFFICIAL-55890,A3_constrained_full,2.0,success,,Backdoor,False,"### Evidence-Grounded SOC Report

#### Prediction Summary
The predicted label is ""DoS"" with a confidence of 0.2613 and an uncertainty score of 0.7387. The recommended action is to log the event and continue monitoring.

#### Evidence
1. **Protocol is not UDP** (Supports predicted class)
2. **sbytes = 200** (Supports predicted class)
3. **ct_dst_sport_ltm = 2** (Supports predicted class)
4. **smean = 100** (Supports predicted class)
5. **ct_src_ltm = 4** (Supports predicted class)

#### Risk and Policy
- **Risk Score:** 1.8292
- **Policy Zone:** Monitor
- **Recommended Action:** Log the event and continue monitoring

#### Human Review
- **Required:** Yes
- **Confidence Threshold:** 0.70
- **Reason:** Detector confidence below the fixed 0.70 threshold.

#### Limitations
This report is limited to the detector and supplied SHAP evidence.",735,235,8.848682566000207,26.557625753573056,False,125
UNSW-OFFICIAL-55989,A3_constrained_full,2.0,success,,Backdoor,False,"### Evidence-Grounded SOC Report

#### Prediction Summary
The predicted label is ""Fuzzers"" with a confidence of 0.2184884315299539 and an uncertainty score of 0.7815115684700461. The recommended action is to log the event and continue monitoring.

#### Evidence
1. **ct_srv_src**: 23 (supports predicted class)
2. **ct_srv_dst**: 18 (supports predicted class)
3. **proto_udp**: 0.0 (opposes predicted class)
4. **service_-**: 1.0 (supports predicted class)
5. **ct_src_dport_ltm**: 8 (supports predicted class)

#### Risk and Policy
- **Stage**: Exploitation
- **Risk Score**: 1.4202
- **Policy Zone**: Monitor
- **Recommended Action**: Log the event and continue monitoring

#### Human Review
- **Required**: Yes
- **Confidence Threshold**: 0.7
- **Reason**: Detector confidence below the fixed 0.70 threshold.

#### Limitations
This report is limited to the detector and supplied SHAP evidence.",731,261,9.03952668400052,28.873193157552823,False,122
UNSW-OFFICIAL-56041,A3_constrained_full,2.0,success,,Generic,False,"### Evidence-Grounded SOC Report

**Prediction Summary:**
The predicted label is ""Exploits"" with a confidence of 0.7756578192149923 and an uncertainty score of 0.22434218078500767. The recommended action is to ""Block the suspected source and initiate investigation.""

**Evidence:**
1. **sttl (Time to Live):** sttl = 62, SHAP value = 0.0617265179753303, direction = supports predicted class
2. **dbytes (Data Bytes):** dbytes = 27492, SHAP value = 0.0524513907730579, direction = supports predicted class
3. **dmean (Data Mean):** dmean = 1057, SHAP value = 0.0478911064565181, direction = supports predicted class
4. **dload (Data Load):** dload = 356558, SHAP value = 0.0408412627875804, direction = supports predicted class
5. **dloss (Data Loss):** dloss = 11, SHAP value = 0.0355849377810955, direction = supports predicted class

**Risk and Policy:**
The risk score is 5.0418, and the policy zone is ""Block."" The recommended action is to ""Block the suspected source and initiate investigation.""

**Recommended Action:**
The recommended action is to ""Block the suspected source and initiate investigation.""

**Human Review:**
The human review decision is ""No mandatory confidence-based referral.""

**Limitations:**
This report is limited to the",739,420,15.801283890999912,26.580118609173486,True,174
UNSW-OFFICIAL-56043,A3_constrained_full,2.0,success,,DoS,False,"### Evidence-Grounded SOC Report

#### Prediction Summary
The predicted label is ""Fuzzers"" with a confidence of 0.2183 and an uncertainty score of 0.7817. The recommended action is to log the event and continue monitoring.

#### Evidence
1. **ct_srv_src**: 23 (supports predicted class)
2. **ct_srv_dst**: 18 (supports predicted class)
3. **proto_udp**: 0.0 (opposes predicted class)
4. **service_-**: 1.0 (supports predicted class)
5. **ct_src_dport_ltm**: 8 (supports predicted class)

#### Risk and Policy
- **Stage**: Exploitation
- **Risk Score**: 1.4192
- **Policy Zone**: Monitor

#### Recommended Action
- **Recommended Action**: Log the event and continue monitoring.

#### Human Review
- **Human Review Required**: Yes
- **Confidence Threshold**: 0.7
- **Reason**: Detector confidence below the fixed 0.70 threshold.

#### Limitations
- **Report Limitations**: This report is limited to the detector and supplied SHAP evidence. It does not include additional attack behavior, causes, impacts, IP addresses, hostnames, CVEs, malware, tools, or any other remediation details.",729,281,9.684560478999629,29.015255840399895,False,150
UNSW-OFFICIAL-56217,A3_constrained_full,2.0,success,,Analysis,False,"### Evidence-Grounded SOC Report

#### Prediction Summary
The predicted label is **DoS** with a confidence of **0.2388979010905834** and an uncertainty score of **0.7611020989094166**. The recommended action is to **Log the event and continue monitoring**.

#### Evidence
1. **Protocol is not UDP** (SHAP value: 0.0212956257164478, direction: supports predicted class)
2. **sbytes = 200** (SHAP value: 0.0164242144674062, direction: supports predicted class)
3. **smean = 100** (SHAP value: 0.0100237317383289, direction: supports predicted class)
4. **ct_dst_sport_ltm = 6** (SHAP value: 0.0079699903726577, direction: supports predicted class)
5. **ct_src_ltm = 6** (SHAP value: 0.0074545005336403, direction: supports predicted class)

#### Risk and Policy
- **Stage**: Impact / Availability
- **Risk Score**: 1.6723
- **Policy Zone**: Monitor
- **Recommended Action**: Log the event and continue monitoring

#### Human Review
- **Required**: Yes
- **Confidence Threshold**: 0.7
- **Reason**: Detector confidence below the fixed 0.70 threshold.

#### Limitations
This report is limited to the detector and supplied SHAP evidence.",735,395,14.646342216999983,26.9691909520948,False,150
UNSW-OFFICIAL-56979,A3_constrained_full,2.0,success,,Backdoor,False,"### Evidence-Grounded SOC Report

#### Prediction Summary
The predicted label is **DoS** with a confidence of **0.2448806917930855** and an uncertainty score of **0.7551193082069145**. The recommended action is to **Log the event and continue monitoring**.

#### Evidence
1. **Protocol is not UDP** (Supports predicted class)
2. **sbytes = 200** (Supports predicted class)
3. **ct_dst_sport_ltm = 4** (Supports predicted class)
4. **smean = 100** (Supports predicted class)
5. **ct_src_dport_ltm = 4** (Supports predicted class)

#### Risk and Policy
- **Risk Score:** 1.7142
- **Policy Zone:** Monitor
- **Recommended Action:** Log the event and continue monitoring

#### Human Review
- **Required:** Yes
- **Confidence Threshold:** 0.7
- **Reason:** Detector confidence below the fixed 0.70 threshold.

#### Limitations
This report is limited to the detector and supplied SHAP evidence.",739,264,9.703093239999362,27.207818524478835,False,125
UNSW-OFFICIAL-57049,A3_constrained_full,2.0,success,,Analysis,False,"### Evidence-Grounded SOC Report

#### Prediction Summary
The predicted label is **Backdoor** with a confidence of **0.2618** and an uncertainty score of **0.7382**. The recommended action is to **Raise a SOC alert and enrich the event context**.

#### Evidence
1. **Protocol is not UDP** (Supports Predicted Class): The protocol is not UDP, which is a characteristic of backdoor attacks.
2. **sbytes = 200** (Supports Predicted Class): The size of the data transferred is 200 bytes, which is a typical size for backdoor traffic.
3. **ct_dst_src_ltm = 6** (Supports Predicted Class): The traffic is directed to a specific destination, which is a common characteristic of backdoor traffic.
4. **dpkts = 0** (Supports Predicted Class): The number of packets is zero, which is unusual for backdoor traffic.
5. **smean = 100** (Supports Predicted Class): The size of the data transferred is 100 bytes, which is a typical size for backdoor traffic.

#### Risk and Policy
- **Stage**: Command and Control
- **Risk Score**: 2.0948
- **Policy Zone**: Alert

#### Recommended Action
- **Recommended Action**: Raise a SOC alert and enrich the event context.

#### Human Review
- **Human Review Required**: Yes
- **Confidence Threshold**: 0.7
- **Reason**: Detector confidence below the fixed 0.70 threshold.

#### Limitations
- **Report Limitations**: This report is limited to the detector and supplied SHAP evidence. It does not include additional attack behavior, causes, impacts, IP addresses, hostnames, CVEs, malware, tools, or any other remediation details.",728,394,14.278669457000433,27.593607456669066,False,238
UNSW-OFFICIAL-57299,A3_constrained_full,2.0,success,,Analysis,True,"### Evidence-Grounded SOC Report

#### Prediction Summary
The predicted label is ""Analysis"" with a confidence of 0.2347969271269524 and an uncertainty score of 0.7652030728730476. The recommended action is to log the event and continue monitoring.

#### Evidence
1. **ct_srv_src**: ct_srv_src = 15, SHAP value = -0.0226219482719898, Direction = Opposes predicted class
2. **proto_udp**: Protocol is not udp, SHAP value = 0.0177477672696113, Direction = Supports predicted class
3. **proto_unas**: Protocol = unas, SHAP value = 0.0152203664183616, Direction = Supports predicted class
4. **sbytes**: sbytes = 200, SHAP value = 0.0117307417094707, Direction = Supports predicted class
5. **ct_dst_src_ltm**: ct_dst_src_ltm = 4, SHAP value = 0.011545923538506, Direction = Supports predicted class

#### Risk and Policy
- **Stage**: Reconnaissance
- **Risk Score**: 0.7044
- **Policy Zone**: Monitor
- **Recommended Action**: Log the event and continue monitoring

#### Human Review
- **Required**: Yes
- **Confidence Threshold**: 0.7
- **Reason**: Detector confidence below the fixed 0.70 threshold.

#### Limitations
This report is limited to the detector and supplied SHAP evidence.",726,399,14.454358430999491,27.604130747462715,False,163
UNSW-OFFICIAL-57328,A3_constrained_full,2.0,success,,Backdoor,True,"### Evidence-Grounded SOC Report

**Prediction Summary:**
The predicted label is **Backdoor** with a confidence of **0.240** and an uncertainty score of **0.759**. The recommended action is to **Log the event and continue monitoring**.

**Evidence:**
1. **ct_srv_src**: 15 (supports predicted class)
2. **ct_src_ltm**: 9 (supports predicted class)
3. **proto_udp**: 0.0 (supports predicted class)
4. **ct_dst_sport_ltm**: 4 (supports predicted class)
5. **sbytes**: 200 (supports predicted class)

**Risk and Policy:**
- **Stage**: Command and Control
- **Risk Score**: 1.9216
- **Policy Zone**: Monitor

**Recommended Action:**
- **Log the event and continue monitoring**

**Human Review:**
- **Required**: Yes
- **Confidence Threshold**: 0.7
- **Reason**: Detector confidence below the fixed 0.70 threshold.

**Limitations:**
- The report is limited to the detector and supplied SHAP evidence.",737,245,9.380292235000525,26.118589257361904,False,120
UNSW-OFFICIAL-57391,A3_constrained_full,2.0,success,,Analysis,True,"### Evidence-Grounded SOC Report

#### Prediction Summary
The predicted label is ""Analysis"" with a confidence of 0.2347969271269524 and an uncertainty score of 0.7652030728730476. The recommended action is to log the event and continue monitoring.

#### Evidence
1. **ct_srv_src**: ct_srv_src = 15, SHAP value = -0.0226219482719898, Direction = Opposes predicted class
2. **proto_udp**: Protocol is not udp, SHAP value = 0.0177477672696113, Direction = Supports predicted class
3. **proto_unas**: Protocol = unas, SHAP value = 0.0152203664183616, Direction = Supports predicted class
4. **sbytes**: sbytes = 200, SHAP value = 0.0117307417094707, Direction = Supports predicted class
5. **ct_dst_src_ltm**: ct_dst_src_ltm = 4, SHAP value = 0.011545923538506, Direction = Supports predicted class

#### Risk and Policy
- **Stage**: Reconnaissance
- **Risk Score**: 0.7044
- **Policy Zone**: Monitor
- **Recommended Action**: Log the event and continue monitoring

#### Human Review
- **Required**: Yes
- **Confidence Threshold**: 0.7
- **Reason**: Detector confidence below the fixed 0.70 threshold.

#### Limitations
This report is limited to the detector and supplied SHAP evidence.",726,399,14.464742587000728,27.584313899825357,False,163
UNSW-OFFICIAL-57852,A3_constrained_full,2.0,success,,Generic,False,"### Evidence-Grounded SOC Report

#### Prediction Summary
The predicted label is **DoS** with a confidence of **0.524595** and an uncertainty score of **0.475405**. The recommended action is to **Raise a SOC alert and enrich the event context**.

#### Evidence
1. **sttl**: sttl = 254, SHAP value = 0.072643, direction = supports predicted class
2. **dbytes**: dbytes = 1774, SHAP value = 0.030962, direction = supports predicted class
3. **dloss**: dloss = 8, SHAP value = 0.028219, direction = supports predicted class
4. **dmean**: dmean = 89, SHAP value = 0.022400, direction = supports predicted class
5. **service_smtp**: Service = smtp, SHAP value = 0.022142, direction = supports predicted class

#### Risk and Policy
- **Stage**: Impact / Availability
- **Risk Score**: 3.6722
- **Policy Zone**: Alert
- **Recommended Action**: Raise a SOC alert and enrich the event context

#### Human Review
- **Required**: Yes
- **Confidence Threshold**: 0.7
- **Reason**: Detector confidence below the fixed 0.70 threshold.

#### Limitations
This report is limited to the detector and supplied SHAP evidence.",724,337,12.491980738001075,26.97730704745912,False,170
UNSW-OFFICIAL-57874,A3_constrained_full,2.0,success,,Backdoor,True,"### Evidence-Grounded SOC Report

#### Prediction Summary
The predicted label is **Backdoor** with a confidence of **0.2648** and an uncertainty score of **0.7352**. The recommended action is to **Raise a SOC alert and enrich the event context**.

#### Evidence
1. **Protocol is not UDP** (Supports Predicted Class): The protocol is not UDP, which is a characteristic of backdoor attacks.
2. **sbytes = 200** (Supports Predicted Class): The size of the data transferred is 200 bytes, which is a typical size for backdoor traffic.
3. **ct_dst_src_ltm = 6** (Supports Predicted Class): The connection type is likely a TCP connection, which is common in backdoor traffic.
4. **smean = 100** (Supports Predicted Class): The size of the data transferred is 100 bytes, which is a typical size for backdoor traffic.
5. **Service = unspecified** (Supports Predicted Class): The service type is unspecified, which is a common characteristic of backdoor traffic.

#### Risk and Policy
- **Stage**: Command and Control
- **Risk Score**: 2.1186
- **Policy Zone**: Alert

#### Recommended Action
- **Recommended Action**: Raise a SOC alert and enrich the event context.

#### Human Review
- **Human Review Required**: Yes
- **Confidence Threshold**: 0.7
- **Reason**: Detector confidence below the fixed 0.70 threshold.

#### Limitations
- **Report Limitations**: This report is limited to the detector and supplied SHAP evidence. It does not include additional attack behavior, causes, impacts, IP addresses, hostnames, CVEs, malware, tools, or any other remediation details.",727,390,14.166241785000238,27.53023744187022,False,237
UNSW-OFFICIAL-57935,A3_constrained_full,2.0,success,,Analysis,False,"### Evidence-Grounded SOC Report

#### Prediction Summary
The predicted label is **DoS** with a confidence of **0.2377** and an uncertainty score of **0.7622**. The recommended action is to **Log the event and continue monitoring**.

#### Evidence
1. **Protocol is not UDP** (Supports predicted class)
2. **sbytes = 200** (Supports predicted class)
3. **smean = 100** (Supports predicted class)
4. **ct_dst_sport_ltm = 6** (Supports predicted class)
5. **ct_src_ltm = 6** (Supports predicted class)

#### Risk and Policy
- **Risk Score:** 1.6642
- **Policy Zone:** Monitor
- **Recommended Action:** Log the event and continue monitoring

#### Human Review
- **Required:** Yes
- **Confidence Threshold:** 0.7
- **Reason:** Detector confidence below the fixed 0.70 threshold.

#### Limitations
This report is limited to the detector and supplied SHAP evidence.",735,238,9.100392252001257,26.15271885095521,False,125
UNSW-OFFICIAL-58114,A3_constrained_full,2.0,success,,Exploits,True,"### Evidence-Grounded SOC Report

#### Prediction Summary
The predicted label is ""Exploits"" with a confidence of 0.9722 and an uncertainty score of 0.0278. The recommended action is to block the suspected source and initiate investigation.

#### Evidence
1. **sttl**: sttl = 62, SHAP value = 0.0865, direction = supports predicted class
2. **dmean**: dmean = 986, SHAP value = 0.0657, direction = supports predicted class
3. **dloss**: dloss = 28, SHAP value = 0.0586, direction = supports predicted class
4. **dbytes**: dbytes = 59188, SHAP value = 0.0579, direction = supports predicted class
5. **dpkts**: dpkts = 60, SHAP value = 0.0509, direction = supports predicted class

#### Risk and Policy
- **Stage**: Exploitation
- **Risk Score**: 6.32
- **Policy Zone**: Block

#### Recommended Action
- **Recommended Action**: Block the suspected source and initiate investigation.

#### Human Review
- **Human Review Required**: No
- **Confidence Threshold**: 0.7
- **Reason**: No mandatory confidence-based referral.

#### Limitations
- **Report Limitations**: This report is limited to the detector and supplied SHAP evidence.",727,326,11.6743824389996,27.924389294542895,False,169
UNSW-OFFICIAL-58156,A3_constrained_full,2.0,success,,Analysis,False,"### Evidence-Grounded SOC Report

#### Prediction Summary
The predicted label is ""Exploits"" with a confidence of 0.5731 and an uncertainty score of 0.4269. The recommended action is to raise a SOC alert and enrich the event context.

#### Evidence
1. **dmean**: 153 (supports predicted class)
2. **sttl**: 62 (supports predicted class)
3. **ct_dst_src_ltm**: 1 (supports predicted class)
4. **dloss**: 2 (supports predicted class)
5. **dbytes**: 1224 (supports predicted class)

#### Risk and Policy
- **Risk Score**: 3.7253
- **Policy Zone**: Alert
- **Recommended Action**: Raise a SOC alert and enrich the event context.

#### Human Review
- **Human Review Required**: Yes
- **Confidence Threshold**: 0.70
- **Reason**: Detector confidence below the fixed 0.70 threshold.

#### Limitations
- **Report Limitations**: This report is limited to the detector and supplied SHAP evidence. It does not include additional details such as attack behavior, causes, impacts, IP addresses, hostnames, CVEs, malware, tools, or remediation steps.",734,273,9.588975489999939,28.470194786158718,False,151
UNSW-OFFICIAL-58200,A3_constrained_full,2.0,success,,Generic,False,"### Evidence-Grounded SOC Report

**Prediction Summary:**
The predicted label is ""Exploits"" with a confidence of 0.7202 and an uncertainty score of 0.2798. The recommended action is to raise a SOC alert and enrich the event context.

**Evidence:**
1. **dbytes**: 32602 (supports predicted class)
2. **dloss**: 12 (supports predicted class)
3. **dmean**: 1164 (supports predicted class)
4. **dpkts**: 28 (supports predicted class)
5. **dload**: 366068.40625 (supports predicted class)

**Risk and Policy:**
The risk score is 4.681, indicating a high risk. The policy zone is ""Alert,"" and the recommended action is to raise a SOC alert and enrich the event context.

**Recommended Action:**
Raise a SOC alert and enrich the event context.

**Human Review:**
No mandatory confidence-based referral is required.

**Limitations:**
This report is limited to the detector and supplied SHAP evidence.",740,242,9.241470838998794,26.186307809225084,False,130
UNSW-OFFICIAL-58369,A3_constrained_full,2.0,success,,Reconnaissance,True,"### Evidence-Grounded SOC Report

#### Prediction Summary
The predicted label is **Reconnaissance** with a confidence of **0.961** and an uncertainty score of **0.039**. The recommended action is to **Raise a SOC alert and enrich the event context**.

#### Evidence
1. **sbytes**: The observed value is **564**. The SHAP value is **0.105** and the direction is **supports predicted class**.
2. **smean**: The observed value is **56.0**. The SHAP value is **0.077** and the direction is **supports predicted class**.
3. **sjit**: The observed value is **8671.16**. The SHAP value is **0.056** and the direction is **supports predicted class**.
4. **dmean**: The observed value is **44.0**. The SHAP value is **0.045** and the direction is **supports predicted class**.
5. **dbytes**: The observed value is **354.0**. The SHAP value is **0.042** and the direction is **supports predicted class**.

#### Risk and Policy
- **Stage**: Reconnaissance
- **Risk Score**: 2.884
- **Policy Zone**: Alert

#### Recommended Action
- **Recommended Action**: Raise a SOC alert and enrich the event context.

#### Human Review
- **Human Review Required**: No
- **Confidence Threshold**: 0.7
- **Reason**: No mandatory confidence-based referral.

#### Limitations
- The report is limited to the detector and supplied SHAP evidence.",737,364,13.310140067000248,27.34757096226681,False,196
UNSW-OFFICIAL-58657,A3_constrained_full,2.0,success,,Backdoor,False,"### Evidence-Grounded SOC Report

#### Prediction Summary
The predicted label is ""DoS"" with a confidence of 0.2774 and an uncertainty score of 0.7226. The recommended action is to log the event and continue monitoring.

#### Evidence
1. **Protocol is not UDP** (Supports predicted class)
2. **sbytes = 200** (Supports predicted class)
3. **smean = 100** (Supports predicted class)
4. **ct_dst_sport_ltm = 6** (Supports predicted class)
5. **dinpkt = 0** (Supports predicted class)

#### Risk and Policy
- **Stage**: Impact / Availability
- **Risk Score**: 1.9417
- **Policy Zone**: Monitor
- **Recommended Action**: Log the event and continue monitoring

#### Human Review
- **Required**: Yes
- **Confidence Threshold**: 0.7
- **Reason**: Detector confidence below the fixed 0.70 threshold.

#### Limitations
This report is limited to the detector and supplied SHAP evidence.",732,241,8.875866706999659,27.15227796401486,False,130
UNSW-OFFICIAL-58779,A3_constrained_full,2.0,success,,Generic,True,"### Evidence-Grounded SOC Report

#### Prediction Summary
The predicted label is ""Generic"" with a confidence of 0.9264 and an uncertainty score of 0.0736. The recommended action is to block the suspected source and initiate investigation.

#### Evidence
1. **Service DNS**: The service is identified as ""dns"" (supports predicted class).
2. **sbytes**: The observed value is 114 (supports predicted class).
3. **Service -**: An application service is identified (supports predicted class).
4. **smean**: The mean is 57 (supports predicted class).
5. **Protocol UDP**: The protocol is identified as ""udp"" (supports predicted class).

#### Risk and Policy
- **Stage**: Exploitation
- **Risk Score**: 6.0216
- **Policy Zone**: Block

#### Recommended Action
- **Recommended Action**: Block the suspected source and initiate investigation.

#### Human Review
- **Human Review Required**: No
- **Confidence Threshold**: 0.7
- **Reason**: No mandatory confidence-based referral.

#### Limitations
This report is limited to the detector and supplied SHAP evidence.",706,249,8.64864264300013,28.79064499231342,False,150
UNSW-OFFICIAL-59012,A3_constrained_full,2.0,success,,DoS,False,"### SOC Report

#### Prediction Summary
The predicted label is ""Exploits"" with a confidence of 0.383 and an uncertainty score of 0.617. The recommended action is to raise a SOC alert and enrich the event context.

#### Evidence
1. **sbytes**: 2632 (supports predicted class)
2. **smean**: 1316 (supports predicted class)
3. **sload**: 658,000,000 (supports predicted class)
4. **dur**: 1.5999999959603883e-05 (supports predicted class)
5. **sinpkt**: 0.016 (supports predicted class)

#### Risk and Policy
- **Stage**: Exploitation
- **Risk Score**: 2.4896
- **Policy Zone**: Alert

#### Recommended Action
- **Recommended Action**: Raise a SOC alert and enrich the event context.

#### Human Review
- **Human Review Required**: Yes
- **Confidence Threshold**: 0.7
- **Reason**: Detector confidence below the fixed 0.70 threshold.

#### Limitations
- **Report Limitations**: This report is limited to the detector and supplied SHAP evidence. It does not include additional details such as attack behavior, causes, impacts, IP addresses, hostnames, CVEs, malware, tools, or extra remediation.",780,310,11.583617651998793,26.761933043129098,False,156
UNSW-OFFICIAL-59026,A3_constrained_full,2.0,success,,Backdoor,True,"### Evidence-Grounded SOC Report

#### Prediction Summary
The predicted label is **Backdoor** with a confidence of **0.291** and an uncertainty score of **0.709**. The recommended action is to **Raise a SOC alert and enrich the event context**.

#### Evidence
1. **Protocol is not UDP** (Supports Predicted Class)
2. **sbytes = 200** (Supports Predicted Class)
3. **ct_dst_sport_ltm = 4** (Supports Predicted Class)
4. **ct_srv_src = 10** (Supports Predicted Class)
5. **ct_src_dport_ltm = 4** (Supports Predicted Class)

#### Risk and Policy
- **Stage**: Command and Control
- **Risk Score**: 2.3303
- **Policy Zone**: Alert

#### Recommended Action
- **Recommended Action**: Raise a SOC alert and enrich the event context.

#### Human Review
- **Human Review Required**: Yes
- **Confidence Threshold**: 0.7
- **Reason**: Detector confidence below the fixed 0.70 threshold.

#### Limitations
- **Report Limitations**: This report is limited to the detector and supplied SHAP evidence.",744,269,10.281739967000249,26.162886910519887,False,144
UNSW-OFFICIAL-59066,A3_constrained_full,2.0,success,,Generic,True,"### Evidence-Grounded SOC Report

#### Prediction Summary
The predicted label is ""Generic"" with a confidence of 96.86% and an uncertainty score of 3.14%. The predicted stage is ""Exploitation"" with a risk score of 6.2961. The recommended action is to ""Block the suspected source and initiate investigation.""

#### Evidence
1. **Service DNS**: Service = dns (Supports predicted class)
2. **Service -**: An application service is identified (Supports predicted class)
3. **sbytes**: sbytes = 114 (Supports predicted class)
4. **Proto UDP**: Protocol = udp (Supports predicted class)
5. **smean**: smean = 57 (Supports predicted class)

#### Risk and Policy
- **Stage**: Exploitation
- **Risk Score**: 6.2961
- **Policy Zone**: Block

#### Recommended Action
- **Recommended Action**: Block the suspected source and initiate investigation.

#### Human Review
- **Human Review Required**: No
- **Confidence Threshold**: 0.7
- **Reason**: No mandatory confidence-based referral.

#### Limitations
This report is limited to the detector and supplied SHAP evidence.",707,264,9.647015888000169,27.36597545448091,False,152
UNSW-OFFICIAL-59144,A3_constrained_full,2.0,success,,Analysis,True,"### Evidence-Grounded SOC Report

#### Prediction Summary
The predicted label is ""Analysis"" with a confidence of 0.2601 and an uncertainty score of 0.7399. The recommended action is to log the event and continue monitoring.

#### Evidence
1. **Protocol is not UDP** (Supports predicted class, SHAP value: 0.0189)
2. **Protocol = UNAS** (Supports predicted class, SHAP value: 0.0186)
3. **ct_src_ltm = 11** (Supports predicted class, SHAP value: 0.0153)
4. **sbytes = 200** (Supports predicted class, SHAP value: 0.0149)
5. **ct_dst_sport_ltm = 4** (Supports predicted class, SHAP value: 0.0147)

#### Risk and Policy
- **Stage**: Reconnaissance
- **Risk Score**: 0.7803
- **Policy Zone**: Monitor

#### Recommended Action
- **Recommended Action**: Log the event and continue monitoring.

#### Human Review
- **Human Review Required**: Yes
- **Confidence Threshold**: 0.7
- **Reason**: Detector confidence below the fixed 0.70 threshold.

#### Limitations
- **Report Limitations**: This report is limited to the detector and supplied SHAP evidence. It does not include additional attack behavior, causes, impacts, IP addresses, hostnames, CVEs, malware, tools, or any remediation steps.",731,341,12.37473560000035,27.556144310670394,False,170
UNSW-OFFICIAL-59165,A3_constrained_full,2.0,success,,Analysis,True,"### Evidence-Grounded SOC Report

#### Prediction Summary
The predicted label is ""Analysis"" with a confidence of 0.3083 and an uncertainty score of 0.6917. The recommended action is to log the event and continue monitoring.

#### Evidence
1. **ct_src_ltm**: ct_src_ltm = 12, SHAP value = 0.0267, direction = supports predicted class
2. **proto_udp**: Protocol is not udp, SHAP value = 0.0204, direction = supports predicted class
3. **ct_dst_sport_ltm**: ct_dst_sport_ltm = 4, SHAP value = 0.0194, direction = supports predicted class
4. **proto_unas**: Protocol = unas, SHAP value = 0.0162, direction = supports predicted class
5. **ct_dst_src_ltm**: ct_dst_src_ltm = 5, SHAP value = 0.0159, direction = supports predicted class

#### Risk and Policy
- **Stage**: Reconnaissance
- **Risk Score**: 0.925
- **Policy Zone**: Monitor
- **Recommended Action**: Log the event and continue monitoring

#### Recommended Action
- **Human Review**: Required, with a confidence threshold of 0.7
- **Reason**: Detector confidence below the fixed 0.70 threshold.

#### Limitations
- The report is limited to the detector and supplied SHAP evidence.",735,323,11.601276990999395,27.841762613770253,False,167
UNSW-OFFICIAL-59292,A3_constrained_full,2.0,success,,Generic,False,"### Evidence-Grounded SOC Report

#### Prediction Summary
The predicted label is ""Exploits"" with a confidence of 80.4% and an uncertainty score of 19.6%. The recommended action is to block the suspected source and initiate investigation.

#### Evidence
1. **sttl (Seconds to Live)**: sttl = 62, SHAP value = 0.05665, direction = supports predicted class
2. **dmean (Average Packet Size)**: dmean = 1160, SHAP value = 0.05224, direction = supports predicted class
3. **dbytes (Total Bytes Sent)**: dbytes = 30158, SHAP value = 0.04619, direction = supports predicted class
4. **dpkts (Total Packets Sent)**: dpkts = 26, SHAP value = 0.04046, direction = supports predicted class
5. **dloss (Total Losses)**: dloss = 11, SHAP value = 0.03612, direction = supports predicted class

#### Risk and Policy
- **Stage**: Exploitation
- **Risk Score**: 5.226
- **Policy Zone**: Block

#### Recommended Action
- **Recommended Action**: Block the suspected source and initiate investigation.

#### Human Review
- **Human Review Decision**: No mandatory confidence-based referral.

#### Limitations
- The report is limited to the detector and supplied SHAP evidence.",727,334,12.298727597000834,27.15728089476908,False,174
UNSW-OFFICIAL-59529,A3_constrained_full,2.0,success,,Exploits,False,"### Evidence-Grounded SOC Report

#### Prediction Summary
The predicted label is ""Shellcode"" with a confidence of 0.5705 and an uncertainty score of 0.4295. The recommended action is to raise a SOC alert and enrich the event context.

#### Evidence
1. **ct_dst_src_ltm**: ct_dst_src_ltm = 1 (supports predicted class)
2. **service_-**: Service = unspecified (supports predicted class)
3. **ct_srv_dst**: ct_srv_dst = 1 (supports predicted class)
4. **service_http**: Service is not http (supports predicted class)
5. **dpkts**: dpkts = 6 (supports predicted class)

#### Risk and Policy
- **Stage**: Advanced Intrusion
- **Risk Score**: 4.8494
- **Policy Zone**: Alert

#### Recommended Action
- **Recommended Action**: Raise a SOC alert and enrich the event context.

#### Human Review
- **Human Review Required**: Yes
- **Confidence Threshold**: 0.70
- **Reason**: Detector confidence below the fixed 0.70 threshold.

#### Limitations
- **Report Limitations**: This report is limited to the detector and supplied SHAP evidence. It does not include additional details such as attack behavior, causes, impacts, IP addresses, hostnames, CVEs, malware, tools, or extra remediation.",726,297,11.167099332998987,26.5959844310115,False,169
UNSW-OFFICIAL-59623,A3_constrained_full,2.0,success,,Fuzzers,False,"### Evidence-Grounded SOC Report

#### Prediction Summary
The predicted label is **Reconnaissance** with a confidence of **0.3100580860516569** and an uncertainty score of **0.6899419139483431**. The recommended action is to **Log the event and continue monitoring**.

#### Evidence
1. **smean**: **53** (Supports predicted class)
2. **sjit**: **11803.4** (Supports predicted class)
3. **dmean**: **44** (Supports predicted class)
4. **sbytes**: **534** (Opposes predicted class)
5. **sload**: **2063.76** (Supports predicted class)

#### Risk and Policy
- **Stage**: Reconnaissance
- **Risk Score**: 0.9302
- **Policy Zone**: Monitor

#### Recommended Action
- **Recommended Action**: Log the event and continue monitoring.

#### Human Review
- **Human Review Required**: Yes
- **Confidence Threshold**: 0.7
- **Reason**: Detector confidence below the fixed 0.70 threshold.

#### Limitations
- **Report Limitations**: This report is limited to the detector and supplied SHAP evidence. It does not include additional details such as attack behavior, causes, impacts, or specific remediation steps.",752,310,11.51313187499909,26.925775137968227,False,146
UNSW-OFFICIAL-59684,A3_constrained_full,2.0,success,,Reconnaissance,False,"### Evidence-Grounded SOC Report

#### Prediction Summary
The predicted label is ""Shellcode"" with a confidence of 0.579 and an uncertainty score of 0.421. The recommended action is to raise a SOC alert and enrich the event context.

#### Evidence
1. **ct_dst_src_ltm**: ct_dst_src_ltm = 1 (supports predicted class)
2. **service_-**: Service = unspecified (supports predicted class)
3. **service_http**: Service is not http (supports predicted class)
4. **ct_srv_dst**: ct_srv_dst = 1 (supports predicted class)
5. **dbytes**: dbytes = 268 (supports predicted class)

#### Risk and Policy
- **Stage**: Advanced Intrusion
- **Risk Score**: 4.9225
- **Policy Zone**: Alert

#### Recommended Action
- **Recommended Action**: Raise a SOC alert and enrich the event context.

#### Human Review
- **Human Review Required**: Yes
- **Confidence Threshold**: 0.70
- **Reason**: Detector confidence below the fixed 0.70 threshold.

#### Limitations
- **Report Limitations**: This report is limited to the detector and supplied SHAP evidence. It does not include additional attack behavior, causes, impacts, IP addresses, hostnames, CVEs, malware, tools, or any other remediation details.",727,294,10.99531676100014,26.73865668361678,False,168
UNSW-OFFICIAL-60081,A3_constrained_full,2.0,success,,Fuzzers,True,"### Evidence-Grounded SOC Report

#### Prediction Summary
The predicted label is ""Fuzzers"" with a confidence of 0.7536 and an uncertainty score of 0.2464. The recommended action is to raise a SOC alert and enrich the event context.

#### Evidence
1. **ct_dst_src_ltm**: ct_dst_src_ltm = 2, Observed Value: 2.0, SHAP Value: 0.0693, Direction: supports predicted class
2. **ct_srv_dst**: ct_srv_dst = 5, Observed Value: 5.0, SHAP Value: 0.0547, Direction: supports predicted class
3. **ct_src_dport_ltm**: ct_src_dport_ltm = 2, Observed Value: 2.0, SHAP Value: 0.0413, Direction: supports predicted class
4. **ct_srv_src**: ct_srv_src = 6, Observed Value: 6.0, SHAP Value: 0.0366, Direction: supports predicted class
5. **sbytes**: sbytes = 592, Observed Value: 592.0, SHAP Value: 0.0234, Direction: supports predicted class

#### Risk and Policy
- **Stage**: Exploitation
- **Risk Score**: 4.8985
- **Policy Zone**: Alert

#### Recommended Action
- **Recommended Action**: Raise a SOC alert and enrich the event context.

#### Human Review
- **Human Review Decision**: No mandatory confidence-based referral.

#### Limitations
- The report is limited to the detector and supplied SHAP evidence.",740,366,13.360462286000256,27.394261677869682,False,169
UNSW-OFFICIAL-60156,A3_constrained_full,2.0,success,,Exploits,False,"### Evidence-Grounded SOC Report

#### Prediction Summary
The predicted label is ""Fuzzers"" with a confidence of 0.2905 and an uncertainty score of 0.7095. The recommended action is to log the event and continue monitoring.

#### Evidence
1. **sbytes**: sbytes = 86, SHAP value = 0.07809, direction = supports predicted class
2. **proto_udp**: Protocol is not udp, SHAP value = -0.06542, direction = opposes predicted class
3. **smean**: smean = 43, SHAP value = 0.05847, direction = supports predicted class
4. **service_-**: Service = unspecified, SHAP value = 0.01795, direction = supports predicted class
5. **ct_dst_src_ltm**: ct_dst_src_ltm = 2, SHAP value = 0.01767, direction = supports predicted class

#### Risk and Policy
- **Stage**: Exploitation
- **Risk Score**: 1.8884
- **Policy Zone**: Monitor
- **Recommended Action**: Log the event and continue monitoring

#### Human Review
- **Required**: Yes
- **Confidence Threshold**: 0.7
- **Reason**: Detector confidence below the fixed 0.70 threshold.

#### Limitations
This report is limited to the detector and supplied SHAP evidence.",721,319,11.60523542699957,27.487594026558632,False,163
UNSW-OFFICIAL-60355,A3_constrained_full,2.0,success,,Reconnaissance,True,"### SOC Report

#### Prediction Summary
The predicted label is **Reconnaissance** with a confidence of **0.897** and an uncertainty score of **0.103**. The recommended action is to **Raise a SOC alert and enrich the event context**.

#### Evidence
1. **sbytes**: sbytes = 564, SHAP value = 0.093, direction = supports predicted class
2. **smean**: smean = 56, SHAP value = 0.070, direction = supports predicted class
3. **sjit**: sjit = 6552.7, SHAP value = 0.049, direction = supports predicted class
4. **dbytes**: dbytes = 354, SHAP value = 0.043, direction = supports predicted class
5. **dmean**: dmean = 44, SHAP value = 0.042, direction = supports predicted class

#### Risk and Policy
- **Stage**: Reconnaissance
- **Risk Score**: 2.6923
- **Policy Zone**: Alert

#### Recommended Action
- **Recommended Action**: Raise a SOC alert and enrich the event context.

#### Human Review
- **Human Review Required**: No
- **Confidence Threshold**: 0.7
- **Reason**: No mandatory confidence-based referral.

#### Limitations
- The report is limited to the detector and supplied SHAP evidence.",736,320,11.33165249800004,28.239482287025467,False,170
UNSW-OFFICIAL-61330,A3_constrained_full,2.0,success,,Backdoor,False,"### Evidence-Grounded SOC Report

#### Prediction Summary
The predicted label is **DoS** with a confidence of **0.2767** and an uncertainty score of **0.7232**. The recommended action is to **Log the event and continue monitoring**.

#### Evidence
1. **Protocol is not UDP** (Supports predicted class)
2. **sbytes = 200** (Supports predicted class)
3. **ct_dst_sport_ltm = 2** (Supports predicted class)
4. **smean = 100** (Supports predicted class)
5. **sload = 1.33333e+08** (Supports predicted class)

#### Risk and Policy
- **Risk Score:** 1.9372
- **Policy Zone:** Monitor
- **Recommended Action:** Log the event and continue monitoring

#### Human Review
- **Required:** Yes
- **Confidence Threshold:** 0.7
- **Reason:** Detector confidence below the fixed 0.70 threshold.

#### Limitations
This report is limited to the detector and supplied SHAP evidence.",747,246,9.158952611000132,26.858966352173045,False,125
UNSW-OFFICIAL-61487,A3_constrained_full,2.0,success,,Shellcode,False,"### Evidence-Grounded SOC Report

#### Prediction Summary
The predicted label is ""Fuzzers"" with a confidence of 0.396795 and an uncertainty score of 0.603205. The recommended action is to raise a SOC alert and enrich the event context.

#### Evidence
1. **sbytes**: sbytes = 554, SHAP value = 0.044909, direction = supports predicted class
2. **smean**: smean = 55, SHAP value = 0.040257, direction = supports predicted class
3. **ct_dst_src_ltm**: ct_dst_src_ltm = 1, SHAP value = -0.035552, direction = opposes predicted class
4. **djit**: djit = 322.247, SHAP value = 0.020715, direction = supports predicted class
5. **ct_srv_dst**: ct_srv_dst = 2, SHAP value = 0.019221, direction = supports predicted class

#### Risk and Policy
- **Stage**: Exploitation
- **Risk Score**: 2.5792
- **Policy Zone**: Alert
- **Recommended Action**: Raise a SOC alert and enrich the event context.

#### Human Review
- **Required**: Yes
- **Confidence Threshold**: 0.7
- **Reason**: Detector confidence below the fixed 0.70 threshold.

#### Limitations
- The report is limited to the detector and supplied SHAP evidence.",753,347,12.760301836000508,27.19371410329907,False,169
UNSW-OFFICIAL-61712,A3_constrained_full,2.0,success,,Exploits,False,"### Evidence-Grounded SOC Report

#### Prediction Summary
The predicted label is **DoS** with a confidence of **0.2184** and an uncertainty score of **0.7816**. The recommended action is to **Log the event and continue monitoring**.

#### Evidence
1. **Protocol is not UDP** (Observed Value: 0.0, SHAP Value: 0.0274, Direction: Supports Predicted Class)
2. **Protocol = SCTP** (Observed Value: 1.0, SHAP Value: 0.0196, Direction: Supports Predicted Class)
3. **smean = 52** (Observed Value: 52.0, SHAP Value: -0.0172, Direction: Opposes Predicted Class)
4. **sbytes = 104** (Observed Value: 104.0, SHAP Value: -0.0165, Direction: Opposes Predicted Class)
5. **ct_dst_sport_ltm = 2** (Observed Value: 2.0, SHAP Value: 0.0141, Direction: Supports Predicted Class)

#### Risk and Policy
- **Risk Score:** 1.5288
- **Policy Zone:** Monitor
- **Recommended Action:** Log the event and continue monitoring

#### Human Review
- **Human Review Decision:** Required
- **Confidence Threshold:** 0.7
- **Reason:** Detector confidence below the fixed 0.70 threshold.

#### Limitations
This report is limited to the detector and supplied SHAP evidence.",730,356,13.038841646999572,27.303038846393292,False,162
UNSW-OFFICIAL-61925,A3_constrained_full,2.0,success,,Shellcode,False,"### Evidence-Grounded SOC Report

#### Prediction Summary
The predicted label is **Reconnaissance** with a confidence of **0.9003823180367377** and an uncertainty score of **0.09961768196326226**. The recommended action is to **Raise a SOC alert and enrich the event context**.

#### Evidence
1. **sbytes**: **564** (supports predicted class)
2. **smean**: **56** (supports predicted class)
3. **sjit**: **14004.5** (supports predicted class)
4. **dmean**: **44** (supports predicted class)
5. **dbytes**: **354** (supports predicted class)

#### Risk and Policy
- **Stage**: Reconnaissance
- **Risk Score**: 2.7011
- **Policy Zone**: Alert

#### Recommended Action
- **Recommended Action**: Raise a SOC alert and enrich the event context.

#### Human Review
- **Human Review Required**: No
- **Confidence Threshold**: 0.7
- **Reason**: No mandatory confidence-based referral.

#### Limitations
- **Report Limitations**: This report is limited to the detector and supplied SHAP evidence.",738,281,10.62879132099988,26.437625080173795,False,133
UNSW-OFFICIAL-62098,A3_constrained_full,2.0,success,,Fuzzers,True,"### Evidence-Grounded SOC Report

**Prediction Summary:**
The predicted label is ""Fuzzers"" with a confidence of 0.7505 and an uncertainty score of 0.2495. The recommended action is to raise a SOC alert and enrich the event context.

**Evidence:**
1. **sbytes**: sbytes = 1064, SHAP value = 0.1181, direction = supports predicted class
2. **smean**: smean = 532, SHAP value = 0.1162, direction = supports predicted class
3. **proto_udp**: Protocol = udp, SHAP value = 0.1055, direction = supports predicted class
4. **ct_srv_dst**: ct_srv_dst = 4, SHAP value = 0.0825, direction = supports predicted class
5. **sload**: sload = 4.72889e+08, SHAP value = 0.0612, direction = supports predicted class

**Risk and Policy:**
- **Stage**: Exploitation
- **Risk Score**: 4.8785
- **Policy Zone**: Alert

**Recommended Action:**
- Raise a SOC alert and enrich the event context.

**Human Review:**
- **Required**: No
- **Confidence Threshold**: 0.7
- **Reason**: No mandatory confidence-based referral.

**Limitations:**
- The report is limited to the detector and supplied SHAP evidence.",737,331,12.242951316999097,27.035964730204636,False,161
UNSW-OFFICIAL-62255,A3_constrained_full,2.0,success,,Backdoor,False,"### Evidence-Grounded SOC Report

#### Prediction Summary
The predicted label is ""DoS"" with a confidence of 0.2603 and an uncertainty score of 0.7397. The recommended action is to log the event and continue monitoring.

#### Evidence
1. **Protocol is not UDP** (Supports predicted class)
2. **sbytes = 200** (Supports predicted class)
3. **ct_dst_sport_ltm = 2** (Supports predicted class)
4. **ct_src_ltm = 2** (Supports predicted class)
5. **smean = 100** (Supports predicted class)

#### Risk and Policy
- **Stage**: Impact / Availability
- **Risk Score**: 1.8222
- **Policy Zone**: Monitor
- **Recommended Action**: Log the event and continue monitoring

#### Human Review
- **Required**: Yes
- **Confidence Threshold**: 0.7
- **Reason**: Detector confidence below the fixed 0.70 threshold.

#### Limitations
This report is limited to the detector and supplied SHAP evidence.",732,242,8.322860219999711,29.07654263115912,False,130
UNSW-OFFICIAL-62429,A3_constrained_full,2.0,success,,Fuzzers,True,"### Evidence-Grounded SOC Report

#### Prediction Summary
The predicted label is ""Fuzzers"" with a confidence of 0.3159 and an uncertainty score of 0.6841. The recommended action is to raise a SOC alert and enrich the event context.

#### Evidence
1. **ct_dst_src_ltm**: ct_dst_src_ltm = 1, SHAP value = -0.0883, direction = opposes predicted class
2. **sbytes**: sbytes = 2516, SHAP value = 0.0480, direction = supports predicted class
3. **ct_srv_dst**: ct_srv_dst = 3, SHAP value = 0.0335, direction = supports predicted class
4. **smean**: smean = 252, SHAP value = 0.0314, direction = supports predicted class
5. **ct_srv_src**: ct_srv_src = 12, SHAP value = 0.0261, direction = supports predicted class

#### Risk and Policy
- **Stage**: Exploitation
- **Risk Score**: 2.0535
- **Policy Zone**: Alert

#### Recommended Action
- **Recommended Action**: Raise a SOC alert and enrich the event context.

#### Human Review
- **Human Review Decision**: Required
- **Confidence Threshold**: 0.7
- **Reason**: Detector confidence below the fixed 0.70 threshold.

#### Limitations
- **Report Limitations**: The report is limited to the detector and supplied SHAP evidence.",738,343,12.667252786000972,27.077694413666507,False,176
UNSW-OFFICIAL-62501,A3_constrained_full,2.0,success,,DoS,False,"### Evidence-Grounded SOC Report

#### Prediction Summary
The predicted label is ""Analysis"" with a confidence of 0.284 and an uncertainty score of 0.716. The recommended action is to log the event and continue monitoring.

#### Evidence
1. **Protocol is not UDP** (Supports predicted class)
2. **ct_src_ltm = 10** (Supports predicted class)
3. **Protocol = UNAS** (Supports predicted class)
4. **ct_dst_src_ltm = 6** (Supports predicted class)
5. **sbytes = 200** (Supports predicted class)

#### Risk and Policy
- **Stage**: Reconnaissance
- **Risk Score**: 0.8519
- **Policy Zone**: Monitor

#### Recommended Action
- **Recommended Action**: Log the event and continue monitoring.

#### Human Review
- **Human Review Required**: Yes
- **Confidence Threshold**: 0.7
- **Reason**: Detector confidence below the fixed 0.70 threshold.

#### Limitations
- **Report Limitations**: This report is limited to the detector and supplied SHAP evidence. It does not include additional attack behavior, causes, impacts, IP addresses, hostnames, CVEs, malware, tools, or any remediation steps.",728,278,10.42935320200013,26.655536025636323,False,155
UNSW-OFFICIAL-62807,A3_constrained_full,2.0,success,,Analysis,False,"### Evidence-Grounded SOC Report

#### Prediction Summary
The predicted label is ""Exploits"" with a confidence of 0.4566 and an uncertainty score of 0.5434. The recommended action is to raise a SOC alert and enrich the event context.

#### Evidence
1. **dmean**: 171 (supports predicted class)
2. **sttl**: 62 (supports predicted class)
3. **dbytes**: 1368 (supports predicted class)
4. **dloss**: 2 (supports predicted class)
5. **dload**: 14403.2 (supports predicted class)

#### Risk and Policy
- **Risk Score**: 2.968
- **Policy Zone**: Alert
- **Recommended Action**: Raise a SOC alert and enrich the event context.

#### Human Review
- **Human Review Required**: Yes
- **Confidence Threshold**: 0.7
- **Reason**: Detector confidence below the fixed 0.70 threshold.

#### Limitations
- The report is limited to the detector and supplied SHAP evidence.",743,236,8.987177887000144,26.259633776846844,False,128
UNSW-OFFICIAL-63399,A3_constrained_full,2.0,success,,Exploits,True,"### Evidence-Grounded SOC Report

#### Prediction Summary
The predicted label is ""Exploits"" with a confidence of 95.35% and an uncertainty score of 4.65%. The recommended action is to block the suspected source and initiate investigation.

#### Evidence
1. **sttl (Session Duration)**: sttl = 62, SHAP value = 0.085485, direction = supports predicted class
2. **dbytes (Data Bytes)**: dbytes = 30768, SHAP value = 0.066376, direction = supports predicted class
3. **dmean (Data Mean)**: dmean = 810, SHAP value = 0.062509, direction = supports predicted class
4. **dloss (Data Loss)**: dloss = 17, SHAP value = 0.056069, direction = supports predicted class
5. **dpkts (Data Packets)**: dpkts = 38, SHAP value = 0.054550, direction = supports predicted class

#### Risk and Policy
- **Stage**: Exploitation
- **Risk Score**: 6.1978
- **Policy Zone**: Block

#### Recommended Action
- **Recommended Action**: Block the suspected source and initiate investigation.

#### Human Review
- **Human Review Required**: No
- **Confidence Threshold**: 0.7
- **Reason**: No mandatory confidence-based referral.

#### Limitations
- **Report Limitations**: This report is based solely on the provided detector and SHAP evidence. It does not include any additional attack behavior, causes, impacts, or remediation steps.",727,376,13.752418796999336,27.340644983996565,False,193
UNSW-OFFICIAL-63430,A3_constrained_full,2.0,success,,Worms,False,"### Evidence-Grounded SOC Report

#### Prediction Summary
The predicted label is ""Exploits"" with a confidence of 0.411 and an uncertainty score of 0.589. The recommended action is to raise a SOC alert and enrich the event context.

#### Evidence
1. **sbytes**: sbytes = 1296, SHAP value = 0.051, direction = supports predicted class
2. **smean**: smean = 130, SHAP value = 0.042, direction = supports predicted class
3. **ct_dst_src_ltm**: ct_dst_src_ltm = 1, SHAP value = 0.037, direction = supports predicted class
4. **sload**: sload = 16786.7, SHAP value = 0.035, direction = supports predicted class
5. **ct_srv_dst**: ct_srv_dst = 1, SHAP value = 0.032, direction = supports predicted class

#### Risk and Policy
- **Stage**: Exploitation
- **Risk Score**: 2.673
- **Policy Zone**: Alert

#### Recommended Action
- **Recommended Action**: Raise a SOC alert and enrich the event context.

#### Human Review
- **Human Review Required**: Yes
- **Confidence Threshold**: 0.7
- **Reason**: Detector confidence below the fixed 0.70 threshold.

#### Limitations
- **Report Limitations**: This report is limited to the detector and supplied SHAP evidence. It does not include additional details such as attack behavior, causes, impacts, IP addresses, hostnames, CVEs, malware, tools, or remediation steps.",753,371,13.473312099000395,27.535916727374335,False,197
UNSW-OFFICIAL-63708,A3_constrained_full,2.0,success,,Analysis,True,"### Evidence-Grounded SOC Report

#### Prediction Summary
The predicted label is ""Analysis"" with a confidence of 0.2769683927639081 and an uncertainty score of 0.7230316072360918. The recommended action is to log the event and continue monitoring.

#### Evidence
1. **Protocol is not UDP** (Feature: proto_udp, Observed Value: 0.0, SHAP Value: 0.0198329780250787, Direction: supports predicted class)
2. **ct_src_ltm = 10** (Feature: ct_src_ltm, Observed Value: 10.0, SHAP Value: 0.0172004234045743, Direction: supports predicted class)
3. **Protocol = UNAS** (Feature: proto_unas, Observed Value: 1.0, SHAP Value: 0.0150000844150781, Direction: supports predicted class)
4. **ct_dst_src_ltm = 6** (Feature: ct_dst_src_ltm, Observed Value: 6.0, SHAP Value: 0.0142018534243106, Direction: supports predicted class)
5. **sbytes = 200** (Feature: sbytes, Observed Value: 200.0, SHAP Value: 0.0130524393171072, Direction: supports predicted class)

#### Risk and Policy
- **Stage**: Reconnaissance
- **Risk Score**: 0.8309
- **Policy Zone**: Monitor
- **Recommended Action**: Log the event and continue monitoring

#### Human Review
- **Required**: Yes",729,420,15.28530783899987,27.477366136414098,True,147
UNSW-OFFICIAL-63730,A3_constrained_full,2.0,success,,Fuzzers,False,"### Evidence-Grounded SOC Report

#### Prediction Summary
The predicted label is ""Analysis"" with a confidence of 0.2769683927639081 and an uncertainty score of 0.7230316072360918. The recommended action is to log the event and continue monitoring.

#### Evidence
1. **Protocol is not UDP** (Feature: proto_udp, Observed Value: 0.0, SHAP Value: 0.0198329780250787, Direction: supports predicted class)
2. **ct_src_ltm = 10** (Feature: ct_src_ltm, Observed Value: 10.0, SHAP Value: 0.0172004234045743, Direction: supports predicted class)
3. **Protocol = UNAS** (Feature: proto_unas, Observed Value: 1.0, SHAP Value: 0.0150000844150781, Direction: supports predicted class)
4. **ct_dst_src_ltm = 6** (Feature: ct_dst_src_ltm, Observed Value: 6.0, SHAP Value: 0.0142018534243106, Direction: supports predicted class)
5. **sbytes = 200** (Feature: sbytes, Observed Value: 200.0, SHAP Value: 0.0130524393171072, Direction: supports predicted class)

#### Risk and Policy
- **Stage**: Reconnaissance
- **Risk Score**: 0.8309
- **Policy Zone**: Monitor
- **Recommended Action**: Log the event and continue monitoring

#### Human Review
- **Required**: Yes",729,420,15.151515180999922,27.719999946057023,True,147
UNSW-OFFICIAL-63779,A3_constrained_full,2.0,success,,Analysis,True,"### Evidence-Grounded SOC Report

#### Prediction Summary
The predicted label is ""Analysis"" with a confidence of 0.284 and an uncertainty score of 0.716. The recommended action is to log the event and continue monitoring.

#### Evidence
1. **Protocol is not UDP** (Supports predicted class)
2. **ct_src_ltm = 10** (Supports predicted class)
3. **Protocol = UNAS** (Supports predicted class)
4. **ct_dst_src_ltm = 6** (Supports predicted class)
5. **sbytes = 200** (Supports predicted class)

#### Risk and Policy
- **Stage**: Reconnaissance
- **Risk Score**: 0.8519
- **Policy Zone**: Monitor

#### Recommended Action
- **Recommended Action**: Log the event and continue monitoring.

#### Human Review
- **Human Review Required**: Yes
- **Confidence Threshold**: 0.7
- **Reason**: Detector confidence below the fixed 0.70 threshold.

#### Limitations
- **Report Limitations**: This report is limited to the detector and supplied SHAP evidence. It does not include additional attack behavior, causes, impacts, IP addresses, hostnames, CVEs, malware, tools, or any remediation steps.",728,278,10.401154567000049,26.72780201555856,False,155
UNSW-OFFICIAL-63792,A3_constrained_full,2.0,success,,Reconnaissance,True,"### Evidence-Grounded SOC Report

#### Prediction Summary
The predicted label is **Reconnaissance** with a confidence of **0.926** and an uncertainty score of **0.074**. The recommended action is to **Raise a SOC alert and enrich the event context**.

#### Evidence
1. **sbytes**: sbytes = 168, SHAP value = 0.184, direction = supports predicted class
2. **smean**: smean = 84, SHAP value = 0.165, direction = supports predicted class
3. **proto_udp**: Protocol = udp, SHAP value = 0.082, direction = supports predicted class
4. **ct_dst_src_ltm**: ct_dst_src_ltm = 1, SHAP value = 0.0299, direction = supports predicted class
5. **ct_srv_dst**: ct_srv_dst = 1, SHAP value = 0.0298, direction = supports predicted class

#### Risk and Policy
- **Stage**: Reconnaissance
- **Risk Score**: 2.779
- **Policy Zone**: Alert

#### Recommended Action
- **Recommended Action**: Raise a SOC alert and enrich the event context.

#### Human Review
- **Human Review Required**: No
- **Confidence Threshold**: 0.7
- **Reason**: No mandatory confidence-based referral.

#### Limitations
- **Report Limitations**: This report is limited to the detector and supplied SHAP evidence.",724,327,11.904161416001443,27.46938558481324,False,173
UNSW-OFFICIAL-63892,A3_constrained_full,2.0,success,,Worms,False,"### Evidence-Grounded SOC Report

#### Prediction Summary
The predicted label is ""Fuzzers"" with a confidence of 0.4384 and an uncertainty score of 0.5616. The recommended action is to raise a SOC alert and enrich the event context.

#### Evidence
1. **ct_dst_src_ltm**: ct_dst_src_ltm = 1 (Supports predicted class)
2. **ct_src_dport_ltm**: ct_src_dport_ltm = 2 (Supports predicted class)
3. **ct_srv_dst**: ct_srv_dst = 3 (Supports predicted class)
4. **service_-**: Service = unspecified (Supports predicted class)
5. **sbytes**: sbytes = 1308 (Supports predicted class)

#### Risk and Policy
- **Stage**: Exploitation
- **Risk Score**: 2.8497
- **Policy Zone**: Alert

#### Recommended Action
- **Recommended Action**: Raise a SOC alert and enrich the event context.

#### Human Review
- **Human Review Required**: Yes
- **Confidence Threshold**: 0.7
- **Reason**: Detector confidence below the fixed 0.70 threshold.

#### Limitations
- **Report Limitations**: This report is limited to the detector and supplied SHAP evidence. It does not include additional attack behavior, causes, impacts, IP addresses, hostnames, CVEs, malware, tools, or extra remediation.",743,309,10.79321863199948,28.629087442357935,False,164
UNSW-OFFICIAL-64295,A3_constrained_full,2.0,success,,Fuzzers,False,"### Evidence-Grounded SOC Report

#### Prediction Summary
The predicted label is ""Exploits"" with a confidence of 0.3158820662080009 and an uncertainty score of 0.6841179337919991. The recommended action is to raise a SOC alert and enrich the event context.

#### Evidence
1. **ct_dst_src_ltm**: ct_dst_src_ltm = 1, SHAP value = 0.0556677728891372, Direction = supports predicted class
2. **ct_srv_dst**: ct_srv_dst = 4, SHAP value = -0.042405366897583, Direction = opposes predicted class
3. **sbytes**: sbytes = 17310, SHAP value = 0.0401132069528102, Direction = supports predicted class
4. **smean**: smean = 866, SHAP value = 0.0250993203371763, Direction = supports predicted class
5. **rate**: rate = 81.3559, SHAP value = 0.0221266839653253, Direction = supports predicted class

#### Risk and Policy
- **Stage**: Exploitation
- **Risk Score**: 2.0532
- **Policy Zone**: Alert
- **Recommended Action**: Raise a SOC alert and enrich the event context.

#### Human Review
- **Required**: Yes
- **Confidence Threshold**: 0.7
- **Reason**: Detector confidence below the fixed 0.70 threshold.

#### Limitations
- The report is limited to the detector and supplied SHAP evidence.",754,417,15.411894541999573,27.057023967015642,False,169
UNSW-OFFICIAL-64607,A3_constrained_full,2.0,success,,Shellcode,False,"### Evidence-Grounded SOC Report

#### Prediction Summary
The predicted label is ""Fuzzers"" with a confidence of 0.6942 and an uncertainty score of 0.3058. The recommended action is to raise a SOC alert and enrich the event context.

#### Evidence
1. **ct_dst_src_ltm**: ct_dst_src_ltm = 2, Observed Value: 2.0, SHAP Value: 0.0891, Direction: supports predicted class
2. **ct_srv_dst**: ct_srv_dst = 5, Observed Value: 5.0, SHAP Value: 0.0641, Direction: supports predicted class
3. **ct_srv_src**: ct_srv_src = 5, Observed Value: 5.0, SHAP Value: 0.0428, Direction: supports predicted class
4. **sbytes**: sbytes = 638, Observed Value: 638.0, SHAP Value: 0.0217, Direction: supports predicted class
5. **sload**: sload = 11415.2, Observed Value: 11415.2421875, SHAP Value: 0.0203, Direction: supports predicted class

#### Risk and Policy
- **Stage**: Exploitation
- **Risk Score**: 4.5124
- **Policy Zone**: Alert
- **Recommended Action**: Raise a SOC alert and enrich the event context.

#### Human Review
- **Required**: Yes
- **Confidence Threshold**: 0.7
- **Reason**: Detector confidence below the fixed 0.70 threshold.

#### Limitations
- The report is limited to the detector and supplied SHAP evidence.",750,391,14.16069506399981,27.611638993203396,False,174
UNSW-OFFICIAL-64660,A3_constrained_full,2.0,success,,Generic,False,"### Evidence-Grounded SOC Report

#### Prediction Summary
The predicted label is **DoS** with a confidence of **0.3366** and an uncertainty score of **0.6634**. The recommended action is to **Raise a SOC alert and enrich the event context**.

#### Evidence
1. **sbytes**: **1394** (supports predicted class)
2. **smean**: **697** (supports predicted class)
3. **sload**: **5,069,090,880** (supports predicted class)
4. **proto_udp**: **1.0** (opposes predicted class)
5. **dur**: **1.1e-05** (supports predicted class)

#### Risk and Policy
- **Stage**: Impact / Availability
- **Risk Score**: 2.3564
- **Policy Zone**: Alert
- **Recommended Action**: Raise a SOC alert and enrich the event context

#### Human Review
- **Required**: Yes
- **Confidence Threshold**: 0.7
- **Reason**: Detector confidence below the fixed 0.70 threshold.

#### Limitations
This report is limited to the detector and supplied SHAP evidence.",762,263,9.191367680999974,28.613804727196698,False,130
UNSW-OFFICIAL-64690,A3_constrained_full,2.0,success,,Reconnaissance,False,"### Evidence-Grounded SOC Report

**Prediction Summary:**
The predicted label is ""Shellcode,"" with a confidence of 83.13% and an uncertainty score of 16.87%. The predicted stage is ""Advanced Intrusion,"" and the risk score is 7.07.

**Evidence:**
1. **ct_dst_src_ltm**: ct_dst_src_ltm = 1 (supports predicted class)
2. **service_-**: Service = unspecified (supports predicted class)
3. **service_http**: Service is not http (supports predicted class)
4. **dmean**: dmean = 45 (supports predicted class)
5. **dpkts**: dpkts = 6 (supports predicted class)

**Risk and Policy:**
The recommended action is to ""Isolate the affected asset and escalate to incident response."" The policy zone is ""Isolation,"" and the risk score is 7.07.

**Recommended Action:**
Isolate the affected asset and escalate to incident response.

**Human Review:**
No mandatory confidence-based referral is required.

**Limitations:**
This report is limited to the detector and supplied SHAP evidence.",719,243,9.235012327000732,26.312904779729674,False,135
UNSW-OFFICIAL-64873,A3_constrained_full,2.0,success,,Shellcode,True,"### Evidence-Grounded SOC Report

**Prediction Summary:**
The predicted label is ""Shellcode,"" with a confidence of 0.616 and an uncertainty score of 0.384. The recommended action is to block the suspected source and initiate investigation.

**Evidence:**
1. **ct_dst_src_ltm**: ct_dst_src_ltm = 1 (supports predicted class)
2. **service_-**: Service = unspecified (supports predicted class)
3. **service_http**: Service is not http (supports predicted class)
4. **ct_srv_dst**: ct_srv_dst = 1 (supports predicted class)
5. **trans_depth**: trans_depth = 0 (supports predicted class)

**Risk and Policy:**
The risk score is 5.236, and the policy zone is ""Block."" The recommended action is to block the suspected source and initiate investigation.

**Recommended Action:**
Block the suspected source and initiate investigation.

**Human Review:**
Human review is required with a confidence threshold of 0.7. The reason is that the detector confidence is below the fixed 0.70 threshold.

**Limitations:**
This report is limited to the detector and supplied SHAP evidence.",721,251,9.51602429599916,26.376561491707037,False,148
UNSW-OFFICIAL-65224,A3_constrained_full,2.0,success,,Fuzzers,False,"### Evidence-Grounded SOC Report

#### Prediction Summary
The predicted label is **Shellcode**, with a confidence of **0.453** and an uncertainty score of **0.547**. The predicted stage is **Advanced Intrusion** and the risk score is **3.8507**.

#### Evidence
1. **ct_dst_src_ltm**: **1.0** (supports predicted class)
2. **ct_srv_dst**: **6.0** (opposes predicted class)
3. **ct_srv_src**: **7.0** (opposes predicted class)
4. **service_-**: **1.0** (supports predicted class)
5. **dmean**: **45.0** (supports predicted class)

#### Risk and Policy
- **Stage**: Advanced Intrusion
- **Risk Score**: 3.8507
- **Policy Zone**: Alert
- **Recommended Action**: Raise a SOC alert and enrich the event context.

#### Recommended Action
- **Human Review**: Required
- **Confidence Threshold**: 0.7
- **Reason**: Detector confidence below the fixed 0.70 threshold.

#### Limitations
- **Report Limitations**: The report is limited to the detector and supplied SHAP evidence.",730,267,9.062260564000098,29.462847389387544,False,131
UNSW-OFFICIAL-65889,A3_constrained_full,2.0,success,,Normal,True,"### Evidence-Grounded SOC Report

#### Prediction Summary
The prediction is **Normal** with a confidence of **1.0** and an uncertainty score of **0.0**.

#### Evidence
1. **sloss = 9** - Supports predicted class.
2. **smean = 45** - Supports predicted class.
3. **proto_tcp = tcp** - Supports predicted class.
4. **swin = 255** - Supports predicted class.
5. **ct_srv_src = 29** - Supports predicted class.

#### Risk and Policy
- **Stage:** Normal
- **Risk Score:** 0.0
- **Policy Zone:** Monitor
- **Recommended Action:** Log the event and continue monitoring.

#### Human Review
- **Required:** No
- **Confidence Threshold:** 0.7
- **Reason:** No mandatory confidence-based referral.

#### Limitations
This report is limited to the detector and supplied SHAP evidence.",677,203,7.779998264999449,26.092550805988434,False,117
UNSW-OFFICIAL-66360,A3_constrained_full,2.0,success,,Normal,False,"### Evidence-Grounded SOC Report

#### Prediction Summary
The predicted label is ""Fuzzers"" with a confidence of 0.7298 and an uncertainty score of 0.2702. The recommended action is to raise a SOC alert and enrich the event context.

#### Evidence
1. **ct_dst_src_ltm**: ct_dst_src_ltm = 4, Observed Value: 4.0, SHAP Value: 0.0870, Direction: supports predicted class
2. **ct_srv_dst**: ct_srv_dst = 4, Observed Value: 4.0, SHAP Value: 0.0658, Direction: supports predicted class
3. **sbytes**: sbytes = 2516, Observed Value: 2516.0, SHAP Value: 0.0481, Direction: supports predicted class
4. **ct_srv_src**: ct_srv_src = 7, Observed Value: 7.0, SHAP Value: 0.0440, Direction: supports predicted class
5. **smean**: smean = 252, Observed Value: 252.0, SHAP Value: 0.0285, Direction: supports predicted class

#### Risk and Policy
- **Stage**: Exploitation
- **Risk Score**: 4.7436
- **Policy Zone**: Alert

#### Recommended Action
- **Recommended Action**: Raise a SOC alert and enrich the event context.

#### Human Review
- **Human Review Decision**: No mandatory confidence-based referral.

#### Limitations
- The report is limited to the detector and supplied SHAP evidence.",733,364,13.10381565500029,27.778168556660145,False,169
UNSW-OFFICIAL-68026,A3_constrained_full,2.0,success,,Normal,False,"### Evidence-Grounded SOC Report

#### Prediction Summary
The predicted label is ""Fuzzers"" with a confidence of 0.6828762900851041 and an uncertainty score of 0.3171237099148959. The recommended action is to raise a SOC alert and enrich the event context.

#### Evidence
1. **ct_dst_src_ltm**: ct_dst_src_ltm = 6, SHAP value = 0.0839085951447486, direction = supports predicted class
2. **ct_srv_dst**: ct_srv_dst = 6, SHAP value = 0.0614493489265441, direction = supports predicted class
3. **ct_srv_src**: ct_srv_src = 7, SHAP value = 0.0396091416478157, direction = supports predicted class
4. **ct_src_dport_ltm**: ct_src_dport_ltm = 2, SHAP value = 0.0395448878407478, direction = supports predicted class
5. **dpkts**: dpkts = 6, SHAP value = 0.0200665965676307, direction = supports predicted class

#### Risk and Policy
- **Stage**: Exploitation
- **Risk Score**: 4.4387
- **Policy Zone**: Alert
- **Recommended Action**: Raise a SOC alert and enrich the event context.

#### Human Review
- **Required**: Yes
- **Confidence Threshold**: 0.7
- **Reason**: Detector confidence below the fixed 0.70 threshold.

#### Limitations
- The report is limited to the detector and supplied SHAP evidence.",744,420,14.994094358999064,28.011028205109763,True,169
UNSW-OFFICIAL-70047,A3_constrained_full,2.0,success,,Normal,True,"### Evidence-Grounded SOC Report

**Prediction Summary:**
The system is predicted to be in the ""Normal"" state with a confidence of 97.17% and an uncertainty score of 2.82%. The recommended action is to log the event and continue monitoring.

**Evidence:**
1. **sttl (State Time):** sttl = 62 (supports predicted class)
2. **dinpkt (Data In Packets):** dinpkt = 0.006 (supports predicted class)
3. **sbytes (Data Sent Bytes):** sbytes = 1012 (supports predicted class)
4. **dpkts (Data Packets):** dpkts = 2 (supports predicted class)
5. **smean (Data Sent Mean):** smean = 169 (supports predicted class)

**Risk and Policy:**
The risk score is 0.0, indicating no immediate security risk. The policy zone is ""Monitor,"" suggesting ongoing monitoring is recommended.

**Recommended Action:**
Log the event and continue monitoring. This action is based on the confidence score and the evidence provided.

**Human Review:**
No mandatory confidence-based referral is required.

**Limitations:**
This report is limited to the detector and supplied SHAP evidence. It does not include any additional attack behavior, causes, impacts, IP addresses, hostnames, CVEs, malware, tools, or remediation steps.",734,302,11.34810663099961,26.61236890170092,False,174
UNSW-OFFICIAL-72656,A3_constrained_full,2.0,success,,Normal,False,"### Evidence-Grounded SOC Report

#### Prediction Summary
The predicted label is ""Fuzzers"" with a confidence of 0.6567551538901766 and an uncertainty score of 0.3432448461098234. The recommended action is to raise a SOC alert and enrich the event context.

#### Evidence
1. **Protocol = udp** - Observed Value: 1.0, SHAP Value: 0.1064482405781745, Direction: supports predicted class
2. **sbytes = 78** - Observed Value: 78.0, SHAP Value: 0.0808667093515396, Direction: supports predicted class
3. **smean = 39** - Observed Value: 39.0, SHAP Value: 0.0585228689014911, Direction: supports predicted class
4. **ct_dst_src_ltm = 2** - Observed Value: 2.0, SHAP Value: 0.053507212549448, Direction: supports predicted class
5. **ct_srv_src = 9** - Observed Value: 9.0, SHAP Value: 0.0326432883739471, Direction: supports predicted class

#### Risk and Policy
- **Stage**: Exploitation
- **Risk Score**: 4.2689
- **Policy Zone**: Alert
- **Recommended Action**: Raise a SOC alert and enrich the event context.

#### Human Review
- **Required**: Yes
- **Confidence Threshold**: 0.7
- **Reason**: Detector confidence below the fixed 0.70 threshold",727,420,15.31970903399997,27.41566429674795,True,160
UNSW-OFFICIAL-74299,A3_constrained_full,2.0,success,,Normal,False,"### Evidence-Grounded SOC Report

#### Prediction Summary
The predicted label is ""Analysis"" with a confidence of 0.386551079766836 and an uncertainty score of 0.613448920233164. The recommended action is to log the event and continue monitoring.

#### Evidence
1. **dbytes**: 1204 (supports predicted class)
2. **response_body_len**: 156 (supports predicted class)
3. **sttl**: 62 (supports predicted class)
4. **dmean**: 120 (supports predicted class)
5. **dloss**: 2 (supports predicted class)

#### Risk and Policy
- **Stage**: Reconnaissance
- **Risk Score**: 1.1597
- **Policy Zone**: Monitor
- **Recommended Action**: Log the event and continue monitoring

#### Recommended Action
- **Action**: Log the event and continue monitoring

#### Human Review
- **Required**: Yes
- **Confidence Threshold**: 0.7
- **Reason**: Detector confidence below the fixed 0.70 threshold.

#### Limitations
- The report is limited to the detector and supplied SHAP evidence.",726,268,10.101018256000316,26.531978579565457,False,134
UNSW-OFFICIAL-74463,A3_constrained_full,2.0,success,,Normal,False,"### Evidence-Grounded SOC Report

#### Prediction Summary
The predicted label is ""Analysis"" with a confidence of 0.2667 and an uncertainty score of 0.7333. The recommended action is to log the event and continue monitoring.

#### Evidence
1. **ct_srv_dst**: ct_srv_dst = 1 (opposes predicted class)
2. **dmean**: dmean = 122 (supports predicted class)
3. **ct_dst_src_ltm**: ct_dst_src_ltm = 1 (opposes predicted class)
4. **response_body_len**: response_body_len = 163 (supports predicted class)
5. **dbytes**: dbytes = 1216 (supports predicted class)

#### Risk and Policy
- **Stage**: Reconnaissance
- **Risk Score**: 0.8
- **Policy Zone**: Monitor
- **Recommended Action**: Log the event and continue monitoring

#### Recommended Action
- **Human Review**: Required
- **Confidence Threshold**: 0.7
- **Reason**: Detector confidence below the fixed 0.70 threshold.

#### Limitations
- The report is limited to the detector and supplied SHAP evidence.",737,254,8.784266403001311,28.915334342912924,False,134
UNSW-OFFICIAL-76452,A3_constrained_full,2.0,success,,Normal,False,"### Evidence-Grounded SOC Report

#### Prediction Summary
The predicted label is ""Fuzzers"" with a confidence of 0.7875 and an uncertainty score of 0.2125. The recommended action is to block the suspected source and initiate investigation.

#### Evidence
1. **ct_dst_src_ltm**: ct_dst_src_ltm = 5, Observed Value: 5.0, SHAP Value: 0.08245, Direction: supports predicted class
2. **ct_srv_dst**: ct_srv_dst = 5, Observed Value: 5.0, SHAP Value: 0.06227, Direction: supports predicted class
3. **ct_src_dport_ltm**: ct_src_dport_ltm = 2, Observed Value: 2.0, SHAP Value: 0.04126, Direction: supports predicted class
4. **ct_srv_src**: ct_srv_src = 5, Observed Value: 5.0, SHAP Value: 0.04014, Direction: supports predicted class
5. **dpkts**: dpkts = 6, Observed Value: 6.0, SHAP Value: 0.02261, Direction: supports predicted class

#### Risk and Policy
- **Stage**: Exploitation
- **Risk Score**: 5.119
- **Policy Zone**: Block

#### Recommended Action
- **Recommended Action**: Block the suspected source and initiate investigation.

#### Human Review
- **Human Review Required**: No
- **Confidence Threshold**: 0.7
- **Reason**: No mandatory confidence-based referral.

#### Limitations
- **Report Limitations**: This report is based solely on the provided detector and SHAP evidence. It does not include additional attack behavior, causes, impacts, IP addresses, hostnames, CVEs, malware, tools, or any remediation steps.",734,418,15.454515164999975,27.047111833482138,False,194
UNSW-OFFICIAL-76644,A3_constrained_full,2.0,success,,Normal,False,"### Evidence-Grounded SOC Report

#### Prediction Summary
The predicted label is ""Exploits"" with a confidence of 0.585 and an uncertainty score of 0.415. The recommended action is to raise a SOC alert and enrich the event context.

#### Evidence
1. **dmean**: 65 (supports predicted class)
2. **dloss**: 3 (supports predicted class)
3. **dbytes**: 646 (supports predicted class)
4. **sbytes**: 608 (supports predicted class)
5. **dpkts**: 10 (supports predicted class)

#### Risk and Policy
- **Risk Score**: 3.8028
- **Policy Zone**: Alert
- **Recommended Action**: Raise a SOC alert and enrich the event context.

#### Human Review
- **Human Review Required**: Yes
- **Confidence Threshold**: 0.70
- **Reason**: Detector confidence below the fixed 0.70 threshold.

#### Limitations
- The report is limited to the detector and supplied SHAP evidence.",729,231,8.431617660999109,27.396877952436416,False,128
UNSW-OFFICIAL-76646,A3_constrained_full,2.0,success,,Normal,False,"### Evidence-Grounded SOC Report

**Prediction Summary:**
The predicted label is ""Exploits"" with a confidence of 0.7071633199400178 and an uncertainty score of 0.2928366800599822. The recommended action is to raise a SOC alert and enrich the event context.

**Evidence:**
1. **dloss**: dloss = 3, SHAP value = 0.0728124678134918, direction = supports predicted class
2. **dmean**: dmean = 65, SHAP value = 0.0720353946089744, direction = supports predicted class
3. **dbytes**: dbytes = 646, SHAP value = 0.0488917268812656, direction = supports predicted class
4. **sbytes**: sbytes = 608, SHAP value = 0.0479035899043083, direction = supports predicted class
5. **dpkts**: dpkts = 10, SHAP value = 0.0416034683585166, direction = supports predicted class

**Risk and Policy:**
The risk score is 4.5966, and the policy zone is ""Alert"". The recommended action is to raise a SOC alert and enrich the event context.

**Recommended Action:**
Raise a SOC alert and enrich the event context.

**Human Review:**
No mandatory confidence-based referral is required.

**Limitations:**
This report is limited to the detector and supplied SHAP evidence.",723,394,14.346109354000873,27.463892145093713,False,166
UNSW-OFFICIAL-77415,A3_constrained_full,2.0,success,,Normal,True,"### Evidence-Grounded SOC Report

**Prediction Summary:**
The predicted label is **Normal** with a confidence of **0.517** and an uncertainty score of **0.483**. The recommended action is to **Log the event and continue monitoring**.

**Evidence:**
1. **ct_srv_dst**: ct_srv_dst = 37, SHAP value = 0.057, direction = supports predicted class
2. **ct_srv_src**: ct_srv_src = 39, SHAP value = 0.055, direction = supports predicted class
3. **ct_dst_src_ltm**: ct_dst_src_ltm = 37, SHAP value = 0.047, direction = supports predicted class
4. **sbytes**: sbytes = 2128, SHAP value = 0.042, direction = supports predicted class
5. **smean**: smean = 532, SHAP value = 0.032, direction = supports predicted class

**Risk and Policy:**
The risk score is **0.0**, and the policy zone is **Monitor**. The recommended action is to **Log the event and continue monitoring**.

**Recommended Action:**
Log the event and continue monitoring.

**Human Review:**
The human review decision is **Required** with a confidence threshold of **0.7**. The reason is that the detector confidence is below the fixed 0.70 threshold.

**Limitations:**
This report is limited to the detector and the supplied SHAP evidence.",735,336,12.363823130999663,27.176060061677145,False,177
UNSW-OFFICIAL-80444,A3_constrained_full,2.0,success,,Normal,False,"### Evidence-Grounded SOC Report

#### Prediction Summary
The predicted label is ""Shellcode"" with a confidence of 0.4595 and an uncertainty score of 0.5405. The predicted stage is ""Advanced Intrusion"" with a risk score of 3.9061.

#### Evidence
1. **ct_dst_src_ltm**: ct_dst_src_ltm = 1, SHAP value = 0.0529, direction = supports predicted class
2. **dbytes**: dbytes = 268, SHAP value = 0.0347, direction = supports predicted class
3. **dpkts**: dpkts = 6, SHAP value = 0.0305, direction = supports predicted class
4. **ct_srv_dst**: ct_srv_dst = 1, SHAP value = 0.0292, direction = supports predicted class
5. **service_-**: Service = unspecified, SHAP value = 0.0288, direction = supports predicted class

#### Risk and Policy
**Recommended Action**: Raise a SOC alert and enrich the event context.

#### Human Review
**Human Review Decision**: Required, Confidence Threshold: 0.70

#### Limitations
This report is limited to the detector and supplied SHAP evidence. The confidence threshold for human review is set at 0.70, indicating that the model's confidence is below this threshold.",728,311,11.520406047000506,26.99557626104447,False,164
UNSW-OFFICIAL-80463,A3_constrained_full,2.0,success,,Normal,False,"### Evidence-Grounded SOC Report

#### Prediction Summary
The predicted label is ""Analysis"" with a confidence of 0.433 and an uncertainty score of 0.567. The recommended action is to log the event and continue monitoring.

#### Evidence
1. **sttl**: sttl = 62, SHAP value = 0.0366, direction = supports predicted class
2. **dbytes**: dbytes = 1340, SHAP value = 0.0323, direction = supports predicted class
3. **response_body_len**: response_body_len = 263, SHAP value = 0.0291, direction = supports predicted class
4. **dmean**: dmean = 168, SHAP value = 0.0268, direction = supports predicted class
5. **dloss**: dloss = 2, SHAP value = 0.0254, direction = supports predicted class

#### Risk and Policy
- **Stage**: Reconnaissance
- **Risk Score**: 1.2991
- **Policy Zone**: Monitor
- **Recommended Action**: Log the event and continue monitoring

#### Recommended Action
- **Human Review**: Required, with a confidence threshold of 0.7
- **Reason**: Detector confidence below the fixed 0.70 threshold.

#### Limitations
- The report is limited to the detector and supplied SHAP evidence.",728,315,11.762784440999894,26.77937367465891,False,166
UNSW-OFFICIAL-81279,A3_constrained_full,2.0,success,,Normal,False,"### Evidence-Grounded SOC Report

#### Prediction Summary
The predicted label is ""Fuzzers"" with a confidence of 0.7581 and an uncertainty score of 0.2419. The recommended action is to raise a SOC alert and enrich the event context.

#### Evidence
1. **ct_dst_src_ltm**: ct_dst_src_ltm = 2, Observed Value: 2.0, SHAP Value: 0.0939, Direction: supports predicted class
2. **ct_srv_dst**: ct_srv_dst = 2, Observed Value: 2.0, SHAP Value: 0.0453, Direction: supports predicted class
3. **sbytes**: sbytes = 756, Observed Value: 756.0, SHAP Value: 0.0444, Direction: supports predicted class
4. **service_-**: Service = unspecified, Observed Value: 1.0, SHAP Value: 0.0359, Direction: supports predicted class
5. **smean**: smean = 76, Observed Value: 76.0, SHAP Value: 0.0279, Direction: supports predicted class

#### Risk and Policy
- **Stage**: Exploitation
- **Risk Score**: 4.9277
- **Policy Zone**: Alert

#### Recommended Action
- **Recommended Action**: Raise a SOC alert and enrich the event context.

#### Human Review
- **Human Review Decision**: No mandatory confidence-based referral.

#### Limitations
- The report is limited to the detector and supplied SHAP evidence.",724,356,13.032810541999424,27.315673687786486,False,169
