event_id,configuration_id,source_configuration_id,prompt_version,generation_status,true_label_evaluation_only,classification_correct_evaluation_only,raw_a3_report_text,report_text,verifier_mode,verifier_fallback_triggered,report_words,raw_headings_exactly_once,raw_heading_order_correct,raw_structural_pass,raw_evidence_bullet_count,raw_five_evidence_bullets,raw_shap_mentions,raw_all_five_shap_mentions,raw_direction_mentions,raw_all_five_directions,raw_additional_title_present,raw_reached_token_limit,raw_missing_headings,a4_all_sections_present,a4_heading_order_correct,a4_heading_counts_correct,a4_evidence_bullet_count,a4_evidence_contract_passed,a4_quality_gate_passed
UNSW-OFFICIAL-442,A4_verified_full,A3_constrained_full,2.0,verified,Shellcode,True,"### Evidence-Grounded SOC Report

**Prediction Summary:**
The predicted label is ""Shellcode,"" with a confidence of 75.59% and an uncertainty score of 24.41%. The predicted stage is ""Advanced Intrusion,"" and the risk score is 6.43.

**Evidence:**
1. **ct_dst_src_ltm**: ct_dst_src_ltm = 1, Observed Value: 1.0, SHAP Value: 0.0654, Direction: supports predicted class
2. **sbytes**: sbytes = 684, Observed Value: 684.0, SHAP Value: 0.0535, Direction: supports predicted class
3. **service_-**: Service = unspecified, Observed Value: 1.0, SHAP Value: 0.0467, Direction: supports predicted class
4. **dmean**: dmean = 45, Observed Value: 45.0, SHAP Value: 0.0329, Direction: supports predicted class
5. **service_http**: Service is not http, Observed Value: 0.0, SHAP Value: 0.0328, Direction: supports predicted class

**Risk and Policy:**
The recommended action is to ""Block the suspected source and initiate investigation."" The policy zone is ""Block,"" and the risk score is 6.43.

**Recommended Action:**
The recommended action is to ""Block the suspected source and initiate investigation.""

**Human Review:**
No mandatory confidence-based referral is required.

**Limitations:**
This report is limited to the detector and supplied SHAP evidence.","Prediction Summary
The detector predicted Shellcode with confidence 0.7559 and uncertainty 0.2441.

Evidence
1. ct_dst_src_ltm: observed value=1; SHAP value=0.065428; direction=supports predicted class.
2. sbytes: observed value=684; SHAP value=0.053514; direction=supports predicted class.
3. service_-: observed value=1; SHAP value=0.046728; direction=supports predicted class.
4. dmean: observed value=45; SHAP value=0.032896; direction=supports predicted class.
5. service_http: observed value=0; SHAP value=0.032821; direction=supports predicted class.

Risk and Policy
The predicted operational stage is Advanced Intrusion. The confidence-weighted risk score is 6.4250, corresponding to the Block policy zone.

Recommended Action
Block the suspected source and initiate investigation.

Human Review
No mandatory confidence-based referral.

Limitations
This report is limited to the detector prediction, policy mapping, and five supplied local SHAP contributions. It does not establish ground truth or independently confirm an incident.",evidence_contract_renderer,False,123,True,True,True,5,True,5,True,5,True,True,False,,True,True,True,5,True,True
UNSW-OFFICIAL-578,A4_verified_full,A3_constrained_full,2.0,verified,Shellcode,True,"### Evidence-Grounded SOC Report

**Prediction Summary:**
The predicted label is ""Shellcode,"" with a confidence of 94.99% and an uncertainty score of 5.01%. The predicted stage is ""Advanced Intrusion,"" and the risk score is 8.07.

**Evidence:**
1. **smean**: 161 (supports predicted class)
2. **proto_udp**: 1.0 (supports predicted class)
3. **sbytes**: 322 (supports predicted class)
4. **ct_dst_src_ltm**: 1.0 (supports predicted class)
5. **ct_dst_sport_ltm**: 1.0 (supports predicted class)

**Risk and Policy:**
The recommended action is to ""Isolate the affected asset and escalate to incident response."" The policy zone is ""Isolation,"" and the risk score is 8.07.

**Recommended Action:**
Isolate the affected asset and escalate to incident response.

**Human Review:**
No mandatory confidence-based referral is required.

**Limitations:**
This report is limited to the detector and supplied SHAP evidence.","Prediction Summary
The detector predicted Shellcode with confidence 0.9499 and uncertainty 0.0501.

Evidence
1. smean: observed value=161; SHAP value=0.106775; direction=supports predicted class.
2. proto_udp: observed value=1; SHAP value=0.106062; direction=supports predicted class.
3. sbytes: observed value=322; SHAP value=0.095455; direction=supports predicted class.
4. ct_dst_src_ltm: observed value=1; SHAP value=0.072197; direction=supports predicted class.
5. ct_dst_sport_ltm: observed value=1; SHAP value=0.046070; direction=supports predicted class.

Risk and Policy
The predicted operational stage is Advanced Intrusion. The confidence-weighted risk score is 8.0744, corresponding to the Isolation policy zone.

Recommended Action
Isolate the affected asset and escalate to incident response.

Human Review
No mandatory confidence-based referral.

Limitations
This report is limited to the detector prediction, policy mapping, and five supplied local SHAP contributions. It does not establish ground truth or independently confirm an incident.",evidence_contract_renderer,True,125,True,True,True,5,True,0,False,5,True,True,False,,True,True,True,5,True,True
UNSW-OFFICIAL-822,A4_verified_full,A3_constrained_full,2.0,verified,Worms,False,"### Evidence-Grounded SOC Report

#### Prediction Summary
The predicted label is ""Exploits"" with a confidence of 0.5474 and an uncertainty score of 0.4526. The recommended action is to raise a SOC alert and enrich the event context.

#### Evidence
1. **dinpkt**: dinpkt = 17.7852, SHAP value = 0.0397, direction = supports predicted class
2. **dload**: dload = 580209, SHAP value = 0.0396, direction = supports predicted class
3. **dloss**: dloss = 116, SHAP value = 0.0359, direction = supports predicted class
4. **sttl**: sttl = 254, SHAP value = -0.0321, direction = opposes predicted class
5. **dmean**: dmean = 1307, SHAP value = 0.0314, direction = supports predicted class

#### Risk and Policy
- **Stage**: Exploitation
- **Risk Score**: 3.5582
- **Policy Zone**: Alert

#### Recommended Action
- **Recommended Action**: Raise a SOC alert and enrich the event context.

#### Human Review
- **Human Review Required**: Yes
- **Confidence Threshold**: 0.70
- **Reason**: Detector confidence below the fixed 0.70 threshold.

#### Limitations
- **Report Limitations**: This report is limited to the detector and supplied SHAP evidence.","Prediction Summary
The detector predicted Exploits with confidence 0.5474 and uncertainty 0.4526.

Evidence
1. dinpkt: observed value=17.78521919; SHAP value=0.039732; direction=supports predicted class.
2. dload: observed value=580209.25; SHAP value=0.039629; direction=supports predicted class.
3. dloss: observed value=116; SHAP value=0.035998; direction=supports predicted class.
4. sttl: observed value=254; SHAP value=-0.032058; direction=opposes predicted class.
5. dmean: observed value=1307; SHAP value=0.031393; direction=supports predicted class.

Risk and Policy
The predicted operational stage is Exploitation. The confidence-weighted risk score is 3.5582, corresponding to the Alert policy zone.

Recommended Action
Raise a SOC alert and enrich the event context.

Human Review
Detector confidence below the fixed 0.70 threshold.

Limitations
This report is limited to the detector prediction, policy mapping, and five supplied local SHAP contributions. It does not establish ground truth or independently confirm an incident.",evidence_contract_renderer,False,127,True,True,True,5,True,5,True,5,True,True,False,,True,True,True,5,True,True
UNSW-OFFICIAL-862,A4_verified_full,A3_constrained_full,2.0,verified,DoS,False,"### Evidence-Grounded SOC Report

**Prediction Summary:**
The predicted label is **Backdoor** with a confidence of **0.471** and an uncertainty score of **0.529**. The recommended action is to **Raise a SOC alert and enrich the event context**.

**Evidence:**
1. **ct_src_ltm**: ct_src_ltm = 11, SHAP value = 0.070665, direction = supports predicted class
2. **proto_udp**: Protocol is not udp, SHAP value = 0.026709, direction = supports predicted class
3. **ct_dst_sport_ltm**: ct_dst_sport_ltm = 2, SHAP value = 0.025333, direction = supports predicted class
4. **sbytes**: sbytes = 200, SHAP value = 0.024697, direction = supports predicted class
5. **ct_dst_src_ltm**: ct_dst_src_ltm = 6, SHAP value = 0.018927, direction = supports predicted class

**Risk and Policy:**
- **Risk Score**: 3.7692
- **Policy Zone**: Alert
- **Recommended Action**: Raise a SOC alert and enrich the event context

**Human Review:**
- **Required**: Yes
- **Confidence Threshold**: 0.7
- **Reason**: Detector confidence below the fixed 0.70 threshold.

**Limitations:**
- The report is limited to the detector and supplied SHAP evidence.","Prediction Summary
The detector predicted Backdoor with confidence 0.4711 and uncertainty 0.5289.

Evidence
1. ct_src_ltm: observed value=11; SHAP value=0.070665; direction=supports predicted class.
2. proto_udp: observed value=0; SHAP value=0.026709; direction=supports predicted class.
3. ct_dst_sport_ltm: observed value=2; SHAP value=0.025333; direction=supports predicted class.
4. sbytes: observed value=200; SHAP value=0.024697; direction=supports predicted class.
5. ct_dst_src_ltm: observed value=6; SHAP value=0.018927; direction=supports predicted class.

Risk and Policy
The predicted operational stage is Command and Control. The confidence-weighted risk score is 3.7692, corresponding to the Alert policy zone.

Recommended Action
Raise a SOC alert and enrich the event context.

Human Review
Detector confidence below the fixed 0.70 threshold.

Limitations
This report is limited to the detector prediction, policy mapping, and five supplied local SHAP contributions. It does not establish ground truth or independently confirm an incident.",evidence_contract_renderer,True,129,False,False,False,5,True,5,True,5,True,True,False,Recommended Action,True,True,True,5,True,True
UNSW-OFFICIAL-957,A4_verified_full,A3_constrained_full,2.0,verified,Shellcode,False,"### SOC Report

#### Prediction Summary
The predicted label is ""Exploits"" with a confidence of 0.3625 and an uncertainty score of 0.6375. The recommended action is to raise a SOC alert and enrich the event context.

#### Evidence
1. **dload**: dload = 11647.9, SHAP value = 0.0282, direction = supports predicted class
2. **sinpkt**: sinpkt = 16.72, SHAP value = 0.0249, direction = supports predicted class
3. **sload**: sload = 34267.8, SHAP value = 0.0247, direction = supports predicted class
4. **ct_srv_dst**: ct_srv_dst = 1, SHAP value = 0.0238, direction = supports predicted class
5. **rate**: rate = 97.4995, SHAP value = 0.0228, direction = supports predicted class

#### Risk and Policy
- **Stage**: Exploitation
- **Risk Score**: 2.3565
- **Policy Zone**: Alert

#### Recommended Action
- **Recommended Action**: Raise a SOC alert and enrich the event context.

#### Human Review
- **Human Review Required**: Yes
- **Confidence Threshold**: 0.7
- **Reason**: Detector confidence below the fixed 0.70 threshold.

#### Limitations
- **Report Limitations**: This report is limited to the detector and supplied SHAP evidence.","Prediction Summary
The detector predicted Exploits with confidence 0.3625 and uncertainty 0.6375.

Evidence
1. dload: observed value=11647.93652; SHAP value=0.028200; direction=supports predicted class.
2. sinpkt: observed value=16.72044373; SHAP value=0.024958; direction=supports predicted class.
3. sload: observed value=34267.8125; SHAP value=0.024759; direction=supports predicted class.
4. ct_srv_dst: observed value=1; SHAP value=0.023809; direction=supports predicted class.
5. rate: observed value=97.49946594; SHAP value=0.022821; direction=supports predicted class.

Risk and Policy
The predicted operational stage is Exploitation. The confidence-weighted risk score is 2.3565, corresponding to the Alert policy zone.

Recommended Action
Raise a SOC alert and enrich the event context.

Human Review
Detector confidence below the fixed 0.70 threshold.

Limitations
This report is limited to the detector prediction, policy mapping, and five supplied local SHAP contributions. It does not establish ground truth or independently confirm an incident.",evidence_contract_renderer,False,127,True,True,True,5,True,5,True,5,True,True,False,,True,True,True,5,True,True
UNSW-OFFICIAL-966,A4_verified_full,A3_constrained_full,2.0,verified,Shellcode,False,"### Evidence-Grounded SOC Report

#### Prediction Summary
The predicted label is ""Fuzzers"" with a confidence of 0.4442 and an uncertainty score of 0.5558. The recommended action is to raise a SOC alert and enrich the event context.

#### Evidence
1. **Protocol = udp** - Observed Value: 1.0, SHAP Value: 0.081984, Direction: supports predicted class
2. **ct_dst_src_ltm = 2** - Observed Value: 2.0, SHAP Value: 0.062382, Direction: supports predicted class
3. **ct_srv_src = 3** - Observed Value: 3.0, SHAP Value: 0.042438, Direction: supports predicted class
4. **ct_srv_dst = 2** - Observed Value: 2.0, SHAP Value: 0.024724, Direction: supports predicted class
5. **sload = 6.6e+07** - Observed Value: 66000000.0, SHAP Value: 0.019887, Direction: supports predicted class

#### Risk and Policy
- **Stage**: Exploitation
- **Risk Score**: 2.8876
- **Policy Zone**: Alert
- **Recommended Action**: Raise a SOC alert and enrich the event context.

#### Human Review
- **Required**: Yes
- **Confidence Threshold**: 0.7
- **Reason**: Detector confidence below the fixed 0.70 threshold.

#### Limitations
- The report is limited to the detector and supplied SHAP evidence.","Prediction Summary
The detector predicted Fuzzers with confidence 0.4442 and uncertainty 0.5558.

Evidence
1. proto_udp: observed value=1; SHAP value=0.081984; direction=supports predicted class.
2. ct_dst_src_ltm: observed value=2; SHAP value=0.062382; direction=supports predicted class.
3. ct_srv_src: observed value=3; SHAP value=0.042438; direction=supports predicted class.
4. ct_srv_dst: observed value=2; SHAP value=0.024724; direction=supports predicted class.
5. sload: observed value=66000000; SHAP value=0.019887; direction=supports predicted class.

Risk and Policy
The predicted operational stage is Exploitation. The confidence-weighted risk score is 2.8876, corresponding to the Alert policy zone.

Recommended Action
Raise a SOC alert and enrich the event context.

Human Review
Detector confidence below the fixed 0.70 threshold.

Limitations
This report is limited to the detector prediction, policy mapping, and five supplied local SHAP contributions. It does not establish ground truth or independently confirm an incident.",evidence_contract_renderer,True,127,False,False,False,5,True,5,True,5,True,True,False,Recommended Action,True,True,True,5,True,True
UNSW-OFFICIAL-1294,A4_verified_full,A3_constrained_full,2.0,verified,Shellcode,False,"### SOC Report

#### Prediction Summary
The predicted label is ""Fuzzers"" with a confidence of 0.4301 and an uncertainty score of 0.5699. The recommended action is to raise a SOC alert and enrich the event context.

#### Evidence
1. **smean**: 53 (supports predicted class)
2. **sbytes**: 532 (supports predicted class)
3. **sjit**: 16274.1 (supports predicted class)
4. **ackdat**: 0.0783 (supports predicted class)
5. **dinpkt**: 338.222 (supports predicted class)

#### Risk and Policy
- **Stage**: Exploitation
- **Risk Score**: 2.7958
- **Policy Zone**: Alert

#### Recommended Action
- **Recommended Action**: Raise a SOC alert and enrich the event context.

#### Human Review
- **Human Review Required**: Yes
- **Confidence Threshold**: 0.70
- **Reason**: Detector confidence below the fixed 0.70 threshold.

#### Limitations
- **Report Limitations**: This report is limited to the detector and supplied SHAP evidence.","Prediction Summary
The detector predicted Fuzzers with confidence 0.4301 and uncertainty 0.5699.

Evidence
1. smean: observed value=53; SHAP value=0.054717; direction=supports predicted class.
2. sbytes: observed value=532; SHAP value=0.047774; direction=supports predicted class.
3. sjit: observed value=16274.05371; SHAP value=0.020908; direction=supports predicted class.
4. ackdat: observed value=0.07832100242; SHAP value=0.019428; direction=supports predicted class.
5. dinpkt: observed value=338.222168; SHAP value=0.019197; direction=supports predicted class.

Risk and Policy
The predicted operational stage is Exploitation. The confidence-weighted risk score is 2.7958, corresponding to the Alert policy zone.

Recommended Action
Raise a SOC alert and enrich the event context.

Human Review
Detector confidence below the fixed 0.70 threshold.

Limitations
This report is limited to the detector prediction, policy mapping, and five supplied local SHAP contributions. It does not establish ground truth or independently confirm an incident.",evidence_contract_renderer,True,127,True,True,True,5,True,0,False,5,True,True,False,,True,True,True,5,True,True
UNSW-OFFICIAL-1319,A4_verified_full,A3_constrained_full,2.0,verified,Shellcode,True,"### Evidence-Grounded SOC Report

#### Prediction Summary
The predicted label is **Shellcode**, with a confidence of **0.286** and an uncertainty score of **0.714**. The predicted stage is **Advanced Intrusion** and the risk score is **2.431**.

#### Evidence
1. **ct_dst_src_ltm**: **1.0** (supports predicted class)
2. **sbytes**: **912.0** (supports predicted class)
3. **smean**: **91.0** (supports predicted class)
4. **service_-**: **unspecified** (supports predicted class)
5. **sjit**: **13291.6** (opposes predicted class)

#### Risk and Policy
- **Stage**: Advanced Intrusion
- **Risk Score**: 2.431
- **Policy Zone**: Alert
- **Recommended Action**: Raise a SOC alert and enrich the event context.

#### Recommended Action
- **Human Review**: Required
- **Confidence Threshold**: 0.7
- **Reason**: Detector confidence below the fixed 0.70 threshold.

#### Limitations
- **Report Limitations**: The report is limited to the detector and supplied SHAP evidence.","Prediction Summary
The detector predicted Shellcode with confidence 0.2860 and uncertainty 0.7140.

Evidence
1. ct_dst_src_ltm: observed value=1; SHAP value=0.046651; direction=supports predicted class.
2. sbytes: observed value=912; SHAP value=0.032124; direction=supports predicted class.
3. smean: observed value=91; SHAP value=0.025341; direction=supports predicted class.
4. service_-: observed value=1; SHAP value=0.020952; direction=supports predicted class.
5. sjit: observed value=13291.57617; SHAP value=-0.018699; direction=opposes predicted class.

Risk and Policy
The predicted operational stage is Advanced Intrusion. The confidence-weighted risk score is 2.4311, corresponding to the Alert policy zone.

Recommended Action
Raise a SOC alert and enrich the event context.

Human Review
Detector confidence below the fixed 0.70 threshold.

Limitations
This report is limited to the detector prediction, policy mapping, and five supplied local SHAP contributions. It does not establish ground truth or independently confirm an incident.",evidence_contract_renderer,True,128,False,False,False,5,True,0,False,5,True,True,False,Human Review,True,True,True,5,True,True
UNSW-OFFICIAL-1468,A4_verified_full,A3_constrained_full,2.0,verified,DoS,True,"### Evidence-Grounded SOC Report

**Prediction Summary:**
The predicted label is **DoS** with a confidence of **0.683** and an uncertainty score of **0.317**. The recommended action is to **Raise a SOC alert and enrich the event context**.

**Evidence:**
1. **sttl (State Time to Live)**: **254** (supports predicted class)
2. **sloss (State Loss)**: **14** (supports predicted class)
3. **sbytes (State Bytes Sent)**: **19789** (supports predicted class)
4. **dbytes (Destination Bytes Sent)**: **1844** (supports predicted class)
5. **spkts (State Packets Sent)**: **34** (supports predicted class)

**Risk and Policy:**
The risk score is **4.782** and the policy zone is **Alert**. The recommended action is to **Raise a SOC alert and enrich the event context**.

**Recommended Action:**
- **Raise a SOC alert** to notify the security team of the potential DoS attack.
- **Enrich the event context** with the observed values and SHAP values to provide more context for further investigation.

**Human Review:**
- **Human Review Required**: The detector confidence is below the fixed 0.70 threshold, necessitating a human review to ensure the alert is appropriate.

**Limitations:**
- The report is limited to the detector and supplied SHAP evidence. It does not include additional details such as attack behavior, causes, impacts, IP addresses, hostnames, CVEs, malware, tools, or extra remediation.","Prediction Summary
The detector predicted DoS with confidence 0.6832 and uncertainty 0.3168.

Evidence
1. sttl: observed value=254; SHAP value=0.087562; direction=supports predicted class.
2. sloss: observed value=14; SHAP value=0.043217; direction=supports predicted class.
3. sbytes: observed value=19789; SHAP value=0.043141; direction=supports predicted class.
4. dbytes: observed value=1844; SHAP value=0.038687; direction=supports predicted class.
5. spkts: observed value=34; SHAP value=0.038458; direction=supports predicted class.

Risk and Policy
The predicted operational stage is Impact / Availability. The confidence-weighted risk score is 4.7824, corresponding to the Alert policy zone.

Recommended Action
Raise a SOC alert and enrich the event context.

Human Review
Detector confidence below the fixed 0.70 threshold.

Limitations
This report is limited to the detector prediction, policy mapping, and five supplied local SHAP contributions. It does not establish ground truth or independently confirm an incident.",evidence_contract_renderer,True,129,True,True,True,5,True,0,False,5,True,True,False,,True,True,True,5,True,True
UNSW-OFFICIAL-1587,A4_verified_full,A3_constrained_full,2.0,verified,Worms,False,"### Evidence-Grounded SOC Report

#### Prediction Summary
The predicted label is ""Exploits"" with a confidence of 0.4899 and an uncertainty score of 0.5100. The recommended action is to raise a SOC alert and enrich the event context.

#### Evidence
1. **dtcpb**: The total data transferred (dtcpb) is 4.19464e+09 bytes, supporting the predicted class.
2. **sbytes**: The size of the data transferred (sbytes) is 1282 bytes, supporting the predicted class.
3. **ct_srv_dst**: The destination service (ct_srv_dst) is 1, supporting the predicted class.
4. **service_-**: An application service is identified, supporting the predicted class.
5. **smean**: The average size of the data transferred (smean) is 128 bytes, supporting the predicted class.

#### Risk and Policy
- **Stage**: Exploitation
- **Risk Score**: 3.1846
- **Policy Zone**: Alert

#### Recommended Action
- **Recommended Action**: Raise a SOC alert and enrich the event context.

#### Human Review
- **Human Review Required**: Yes
- **Confidence Threshold**: 0.70
- **Reason**: Detector confidence below the fixed 0.70 threshold.

#### Limitations
- **Report Limitations**: This report is limited to the detector and supplied SHAP evidence. It does not include additional attack behavior, causes, impacts, IP addresses, hostnames, CVEs, malware, tools, or any other remediation details.","Prediction Summary
The detector predicted Exploits with confidence 0.4899 and uncertainty 0.5101.

Evidence
1. dtcpb: observed value=4194638592; SHAP value=0.031865; direction=supports predicted class.
2. sbytes: observed value=1282; SHAP value=0.024898; direction=supports predicted class.
3. ct_srv_dst: observed value=1; SHAP value=0.022620; direction=supports predicted class.
4. service_-: observed value=0; SHAP value=0.020238; direction=supports predicted class.
5. smean: observed value=128; SHAP value=0.020073; direction=supports predicted class.

Risk and Policy
The predicted operational stage is Exploitation. The confidence-weighted risk score is 3.1846, corresponding to the Alert policy zone.

Recommended Action
Raise a SOC alert and enrich the event context.

Human Review
Detector confidence below the fixed 0.70 threshold.

Limitations
This report is limited to the detector prediction, policy mapping, and five supplied local SHAP contributions. It does not establish ground truth or independently confirm an incident.",evidence_contract_renderer,True,127,True,True,True,5,True,0,False,0,False,True,False,,True,True,True,5,True,True
UNSW-OFFICIAL-1645,A4_verified_full,A3_constrained_full,2.0,verified,Exploits,False,"### Evidence-Grounded SOC Report

#### Prediction Summary
The predicted label is **DoS** with a confidence of **0.2897** and an uncertainty score of **0.7102**. The recommended action is to **Raise a SOC alert and enrich the event context**.

#### Evidence
1. **Protocol is not UDP** (Supports predicted class)
2. **sbytes = 180** (Supports predicted class)
3. **ct_dst_sport_ltm = 10** (Supports predicted class)
4. **smean = 90** (Supports predicted class)
5. **ct_src_ltm = 10** (Opposes predicted class)

#### Risk and Policy
- **Risk Score:** 2.0282
- **Policy Zone:** Alert
- **Recommended Action:** Raise a SOC alert and enrich the event context

#### Human Review
- **Human Review Required:** Yes
- **Confidence Threshold:** 0.7
- **Reason:** Detector confidence below the fixed 0.70 threshold.

#### Limitations
This report is limited to the detector and supplied SHAP evidence.","Prediction Summary
The detector predicted DoS with confidence 0.2897 and uncertainty 0.7103.

Evidence
1. proto_udp: observed value=0; SHAP value=0.025444; direction=supports predicted class.
2. sbytes: observed value=180; SHAP value=0.020385; direction=supports predicted class.
3. ct_dst_sport_ltm: observed value=10; SHAP value=0.011988; direction=supports predicted class.
4. smean: observed value=90; SHAP value=0.011698; direction=supports predicted class.
5. ct_src_ltm: observed value=10; SHAP value=-0.010283; direction=opposes predicted class.

Risk and Policy
The predicted operational stage is Impact / Availability. The confidence-weighted risk score is 2.0282, corresponding to the Alert policy zone.

Recommended Action
Raise a SOC alert and enrich the event context.

Human Review
Detector confidence below the fixed 0.70 threshold.

Limitations
This report is limited to the detector prediction, policy mapping, and five supplied local SHAP contributions. It does not establish ground truth or independently confirm an incident.",evidence_contract_renderer,True,129,False,False,False,5,True,0,False,5,True,True,False,Recommended Action,True,True,True,5,True,True
UNSW-OFFICIAL-1779,A4_verified_full,A3_constrained_full,2.0,verified,Fuzzers,True,"### Evidence-Grounded SOC Report

#### Prediction Summary
The predicted label is ""Fuzzers"" with a confidence of 0.9094 and an uncertainty score of 0.0906. The recommended action is to block the suspected source and initiate investigation.

#### Evidence
1. **sloss = 3** - Supports predicted class
2. **spkts = 12** - Supports predicted class
3. **dbytes = 822** - Supports predicted class
4. **sbytes = 1046** - Supports predicted class
5. **dmean = 82** - Supports predicted class

#### Risk and Policy
- **Stage:** Exploitation
- **Risk Score:** 5.9111
- **Policy Zone:** Block

#### Recommended Action
- **Recommended Action:** Block the suspected source and initiate investigation.

#### Human Review
- **Human Review Required:** No
- **Confidence Threshold:** 0.7
- **Reason:** No mandatory confidence-based referral.

#### Limitations
- The report is limited to the detector and supplied SHAP evidence.","Prediction Summary
The detector predicted Fuzzers with confidence 0.9094 and uncertainty 0.0906.

Evidence
1. sloss: observed value=3; SHAP value=0.070818; direction=supports predicted class.
2. spkts: observed value=12; SHAP value=0.066586; direction=supports predicted class.
3. dbytes: observed value=822; SHAP value=0.063493; direction=supports predicted class.
4. sbytes: observed value=1046; SHAP value=0.060234; direction=supports predicted class.
5. dmean: observed value=82; SHAP value=0.055128; direction=supports predicted class.

Risk and Policy
The predicted operational stage is Exploitation. The confidence-weighted risk score is 5.9111, corresponding to the Block policy zone.

Recommended Action
Block the suspected source and initiate investigation.

Human Review
No mandatory confidence-based referral.

Limitations
This report is limited to the detector prediction, policy mapping, and five supplied local SHAP contributions. It does not establish ground truth or independently confirm an incident.",evidence_contract_renderer,True,122,True,True,True,5,True,0,False,5,True,True,False,,True,True,True,5,True,True
UNSW-OFFICIAL-1860,A4_verified_full,A3_constrained_full,2.0,verified,Backdoor,True,"### Evidence-Grounded SOC Report

#### Prediction Summary
The predicted label is **Backdoor** with a confidence of **0.268** and an uncertainty score of **0.732**. The recommended action is to **Raise a SOC alert and enrich the event context**.

#### Evidence
1. **Protocol is not UDP** (Supports Predicted Class)
2. **sbytes = 200** (Supports Predicted Class)
3. **ct_dst_sport_ltm = 2** (Supports Predicted Class)
4. **smean = 100** (Supports Predicted Class)
5. **ct_dst_src_ltm = 4** (Supports Predicted Class)

#### Risk and Policy
- **Stage**: Command and Control
- **Risk Score**: 2.1474
- **Policy Zone**: Alert

#### Recommended Action
- **Recommended Action**: Raise a SOC alert and enrich the event context.

#### Human Review
- **Human Review Required**: Yes
- **Confidence Threshold**: 0.7
- **Reason**: Detector confidence below the fixed 0.70 threshold.

#### Limitations
- **Report Limitations**: This report is limited to the detector and supplied SHAP evidence. It does not include additional attack behavior, causes, impacts, IP addresses, hostnames, CVEs, malware, tools, or any remediation steps.","Prediction Summary
The detector predicted Backdoor with confidence 0.2684 and uncertainty 0.7316.

Evidence
1. proto_udp: observed value=0; SHAP value=0.022765; direction=supports predicted class.
2. sbytes: observed value=200; SHAP value=0.015549; direction=supports predicted class.
3. ct_dst_sport_ltm: observed value=2; SHAP value=0.010563; direction=supports predicted class.
4. smean: observed value=100; SHAP value=0.007614; direction=supports predicted class.
5. ct_dst_src_ltm: observed value=4; SHAP value=0.007161; direction=supports predicted class.

Risk and Policy
The predicted operational stage is Command and Control. The confidence-weighted risk score is 2.1474, corresponding to the Alert policy zone.

Recommended Action
Raise a SOC alert and enrich the event context.

Human Review
Detector confidence below the fixed 0.70 threshold.

Limitations
This report is limited to the detector prediction, policy mapping, and five supplied local SHAP contributions. It does not establish ground truth or independently confirm an incident.",evidence_contract_renderer,True,129,True,True,True,5,True,0,False,5,True,True,False,,True,True,True,5,True,True
UNSW-OFFICIAL-2180,A4_verified_full,A3_constrained_full,2.0,verified,Shellcode,False,"### Evidence-Grounded SOC Report

#### Prediction Summary
The predicted label is ""Fuzzers"" with a confidence of 0.581 and an uncertainty score of 0.419. The recommended action is to raise a SOC alert and enrich the event context.

#### Evidence
1. **smean**: 52 (supports predicted class)
2. **sbytes**: 518 (supports predicted class)
3. **dpkts**: 6 (supports predicted class)
4. **dmean**: 45 (supports predicted class)
5. **dbytes**: 268 (supports predicted class)

#### Risk and Policy
- **Stage**: Exploitation
- **Risk Score**: 3.7768
- **Policy Zone**: Alert

#### Recommended Action
- **Recommended Action**: Raise a SOC alert and enrich the event context.

#### Human Review
- **Human Review Required**: Yes
- **Confidence Threshold**: 0.70
- **Reason**: Detector confidence below the fixed 0.70 threshold.

#### Limitations
- **Report Limitations**: This report is limited to the detector and supplied SHAP evidence. It does not include additional attack behavior, causes, impacts, IP addresses, hostnames, CVEs, malware, tools, or remediation steps.","Prediction Summary
The detector predicted Fuzzers with confidence 0.5810 and uncertainty 0.4190.

Evidence
1. smean: observed value=52; SHAP value=0.035399; direction=supports predicted class.
2. sbytes: observed value=518; SHAP value=0.031295; direction=supports predicted class.
3. dpkts: observed value=6; SHAP value=0.031254; direction=supports predicted class.
4. dmean: observed value=45; SHAP value=0.030894; direction=supports predicted class.
5. dbytes: observed value=268; SHAP value=0.028907; direction=supports predicted class.

Risk and Policy
The predicted operational stage is Exploitation. The confidence-weighted risk score is 3.7768, corresponding to the Alert policy zone.

Recommended Action
Raise a SOC alert and enrich the event context.

Human Review
Detector confidence below the fixed 0.70 threshold.

Limitations
This report is limited to the detector prediction, policy mapping, and five supplied local SHAP contributions. It does not establish ground truth or independently confirm an incident.",evidence_contract_renderer,True,127,True,True,True,5,True,0,False,5,True,True,False,,True,True,True,5,True,True
UNSW-OFFICIAL-2362,A4_verified_full,A3_constrained_full,2.0,verified,Exploits,False,"### Evidence-Grounded SOC Report

#### Prediction Summary
The predicted label is **Backdoor** with a confidence of **0.294** and an uncertainty score of **0.706**. The recommended action is to **Raise a SOC alert and enrich the event context**.

#### Evidence
1. **Protocol is not UDP** (SHAP value: 0.023, direction: supports predicted class)
2. **sbytes = 200** (SHAP value: 0.016, direction: supports predicted class)
3. **ct_dst_sport_ltm = 3** (SHAP value: 0.013, direction: supports predicted class)
4. **ct_dst_src_ltm = 5** (SHAP value: 0.010, direction: supports predicted class)
5. **ct_srv_src = 5** (SHAP value: 0.009, direction: supports predicted class)

#### Risk and Policy
- **Stage**: Command and Control
- **Risk Score**: 2.3535
- **Policy Zone**: Alert

#### Recommended Action
- **Recommended Action**: Raise a SOC alert and enrich the event context.

#### Human Review
- **Human Review Required**: Yes
- **Confidence Threshold**: 0.7
- **Reason**: Detector confidence below the fixed 0.70 threshold.

#### Limitations
- **Report Limitations**: This report is limited to the detector and supplied SHAP evidence. It does not include additional attack behavior, causes, impacts, IP addresses, hostnames, CVEs, malware, tools, or any remediation steps.","Prediction Summary
The detector predicted Backdoor with confidence 0.2942 and uncertainty 0.7058.

Evidence
1. proto_udp: observed value=0; SHAP value=0.023358; direction=supports predicted class.
2. sbytes: observed value=200; SHAP value=0.016420; direction=supports predicted class.
3. ct_dst_sport_ltm: observed value=3; SHAP value=0.013386; direction=supports predicted class.
4. ct_dst_src_ltm: observed value=5; SHAP value=0.010251; direction=supports predicted class.
5. ct_srv_src: observed value=5; SHAP value=0.008642; direction=supports predicted class.

Risk and Policy
The predicted operational stage is Command and Control. The confidence-weighted risk score is 2.3535, corresponding to the Alert policy zone.

Recommended Action
Raise a SOC alert and enrich the event context.

Human Review
Detector confidence below the fixed 0.70 threshold.

Limitations
This report is limited to the detector prediction, policy mapping, and five supplied local SHAP contributions. It does not establish ground truth or independently confirm an incident.",evidence_contract_renderer,False,129,True,True,True,5,True,5,True,5,True,True,False,,True,True,True,5,True,True
UNSW-OFFICIAL-2491,A4_verified_full,A3_constrained_full,2.0,verified,Exploits,False,"### Evidence-Grounded SOC Report

#### Prediction Summary
The predicted label is **Backdoor** with a confidence of **0.347** and an uncertainty score of **0.653**. The recommended action is to **Raise a SOC alert and enrich the event context**.

#### Evidence
1. **Protocol is not udp** (Observed Value: 0.0, SHAP Value: 0.03576, Direction: supports predicted class)
2. **Protocol = any** (Observed Value: 1.0, SHAP Value: 0.02672, Direction: supports predicted class)
3. **sbytes = 200** (Observed Value: 200.0, SHAP Value: 0.01963, Direction: supports predicted class)
4. **ct_srv_dst = 6** (Observed Value: 6.0, SHAP Value: 0.01602, Direction: supports predicted class)
5. **ct_dst_src_ltm = 6** (Observed Value: 6.0, SHAP Value: 0.01592, Direction: supports predicted class)

#### Risk and Policy
- **Stage**: Command and Control
- **Risk Score**: 2.7781
- **Policy Zone**: Alert

#### Recommended Action
- **Recommended Action**: Raise a SOC alert and enrich the event context.

#### Human Review
- **Human Review Required**: Yes
- **Confidence Threshold**: 0.7
- **Reason**: Detector confidence below the fixed 0.70 threshold.

#### Limitations
- **Report Limitations**: This report is limited to the detector and supplied SHAP evidence.","Prediction Summary
The detector predicted Backdoor with confidence 0.3473 and uncertainty 0.6527.

Evidence
1. proto_udp: observed value=0; SHAP value=0.035764; direction=supports predicted class.
2. proto_any: observed value=1; SHAP value=0.026722; direction=supports predicted class.
3. sbytes: observed value=200; SHAP value=0.019626; direction=supports predicted class.
4. ct_srv_dst: observed value=6; SHAP value=0.016017; direction=supports predicted class.
5. ct_dst_src_ltm: observed value=6; SHAP value=0.015918; direction=supports predicted class.

Risk and Policy
The predicted operational stage is Command and Control. The confidence-weighted risk score is 2.7781, corresponding to the Alert policy zone.

Recommended Action
Raise a SOC alert and enrich the event context.

Human Review
Detector confidence below the fixed 0.70 threshold.

Limitations
This report is limited to the detector prediction, policy mapping, and five supplied local SHAP contributions. It does not establish ground truth or independently confirm an incident.",evidence_contract_renderer,False,129,True,True,True,5,True,5,True,5,True,True,False,,True,True,True,5,True,True
UNSW-OFFICIAL-2673,A4_verified_full,A3_constrained_full,2.0,verified,Fuzzers,False,"### Evidence-Grounded SOC Report

**Prediction Summary:**
The system predicts the event as **Normal** with a confidence of 82.49% and an uncertainty score of 17.51%. The recommended action is to log the event and continue monitoring.

**Evidence:**
1. **sbytes**: sbytes = 1064 (supports predicted class)
2. **ct_srv_src**: ct_srv_src = 36 (supports predicted class)
3. **ct_srv_dst**: ct_srv_dst = 36 (supports predicted class)
4. **ct_dst_src_ltm**: ct_dst_src_ltm = 36 (supports predicted class)
5. **smean**: smean = 532 (supports predicted class)

**Risk and Policy:**
- **Risk Score**: 0.0
- **Policy Zone**: Monitor
- **Recommended Action**: Log the event and continue monitoring

**Human Review:**
- **Required**: No
- **Confidence Threshold**: 0.7
- **Reason**: No mandatory confidence-based referral

**Limitations:**
- The report is limited to the detector and supplied SHAP evidence.","Prediction Summary
The detector predicted Normal with confidence 0.8249 and uncertainty 0.1751.

Evidence
1. sbytes: observed value=1064; SHAP value=0.087794; direction=supports predicted class.
2. ct_srv_src: observed value=36; SHAP value=0.084738; direction=supports predicted class.
3. ct_srv_dst: observed value=36; SHAP value=0.079077; direction=supports predicted class.
4. ct_dst_src_ltm: observed value=36; SHAP value=0.077483; direction=supports predicted class.
5. smean: observed value=532; SHAP value=0.060249; direction=supports predicted class.

Risk and Policy
The predicted operational stage is Normal. The confidence-weighted risk score is 0.0000, corresponding to the Monitor policy zone.

Recommended Action
Log the event and continue monitoring.

Human Review
No mandatory confidence-based referral.

Limitations
This report is limited to the detector prediction, policy mapping, and five supplied local SHAP contributions. It does not establish ground truth or independently confirm an incident.",evidence_contract_renderer,True,121,False,False,False,5,True,0,False,5,True,True,False,Recommended Action,True,True,True,5,True,True
UNSW-OFFICIAL-2751,A4_verified_full,A3_constrained_full,2.0,verified,DoS,False,"### Evidence-Grounded SOC Report

#### Prediction Summary
The predicted label is **Reconnaissance** with a confidence of **0.365** and an uncertainty score of **0.635**. The recommended action is to **Log the event and continue monitoring**.

#### Evidence
1. **service_-**: An application service is identified (0.03278)
2. **sbytes**: sbytes = 470 (0.02434)
3. **service_http**: Service = http (0.02371)
4. **ct_dst_src_ltm**: ct_dst_src_ltm = 1 (0.01421)
5. **sttl**: sttl = 254 (0.01384)

#### Risk and Policy
- **Stage**: Reconnaissance
- **Risk Score**: 1.0957
- **Policy Zone**: Monitor
- **Recommended Action**: Log the event and continue monitoring

#### Recommended Action
- **Human Review**: Required
- **Confidence Threshold**: 0.7
- **Reason**: Detector confidence below the fixed 0.70 threshold.

#### Limitations
- The report is limited to the detector and supplied SHAP evidence.","Prediction Summary
The detector predicted Reconnaissance with confidence 0.3652 and uncertainty 0.6348.

Evidence
1. service_-: observed value=0; SHAP value=0.032781; direction=supports predicted class.
2. sbytes: observed value=470; SHAP value=0.024343; direction=supports predicted class.
3. service_http: observed value=1; SHAP value=0.023715; direction=supports predicted class.
4. ct_dst_src_ltm: observed value=1; SHAP value=0.014210; direction=supports predicted class.
5. sttl: observed value=254; SHAP value=0.013844; direction=supports predicted class.

Risk and Policy
The predicted operational stage is Reconnaissance. The confidence-weighted risk score is 1.0957, corresponding to the Monitor policy zone.

Recommended Action
Log the event and continue monitoring.

Human Review
Detector confidence below the fixed 0.70 threshold.

Limitations
This report is limited to the detector prediction, policy mapping, and five supplied local SHAP contributions. It does not establish ground truth or independently confirm an incident.",evidence_contract_renderer,True,124,False,False,False,5,True,0,False,0,False,True,False,Human Review,True,True,True,5,True,True
UNSW-OFFICIAL-2840,A4_verified_full,A3_constrained_full,2.0,verified,Analysis,False,"### Evidence-Grounded SOC Report

#### Prediction Summary
The predicted label is **DoS** with a confidence of **0.3077955695407662** and an uncertainty score of **0.6922044304592339**. The recommended action is to **Raise a SOC alert and enrich the event context**.

#### Evidence
1. **Protocol is not UDP** (Supports predicted class, SHAP value: 0.0232558883726596, Direction: supports predicted class)
2. **spkts = 4** (Supports predicted class, SHAP value: 0.012884072959423, Direction: supports predicted class)
3. **sbytes = 360** (Supports predicted class, SHAP value: 0.0125517211854457, Direction: supports predicted class)
4. **dur = 1.00765** (Supports predicted class, SHAP value: 0.0119817657396197, Direction: supports predicted class)
5. **rate = 2.97722** (Supports predicted class, SHAP value: 0.0113654797896742, Direction: supports predicted class)

#### Risk and Policy
- **Stage**: Impact / Availability
- **Risk Score**: 2.1546
- **Policy Zone**: Alert
- **Recommended Action**: Raise a SOC alert and enrich the event context

#### Human Review
- **Required**: Yes
- **Confidence Threshold**: 0.7
- **Reason**: Detector confidence below the fixed 0.70 threshold.

#### Limitations
This report is limited to the","Prediction Summary
The detector predicted DoS with confidence 0.3078 and uncertainty 0.6922.

Evidence
1. proto_udp: observed value=0; SHAP value=0.023256; direction=supports predicted class.
2. spkts: observed value=4; SHAP value=0.012884; direction=supports predicted class.
3. sbytes: observed value=360; SHAP value=0.012552; direction=supports predicted class.
4. dur: observed value=1.007652998; SHAP value=0.011982; direction=supports predicted class.
5. rate: observed value=2.977215052; SHAP value=0.011365; direction=supports predicted class.

Risk and Policy
The predicted operational stage is Impact / Availability. The confidence-weighted risk score is 2.1546, corresponding to the Alert policy zone.

Recommended Action
Raise a SOC alert and enrich the event context.

Human Review
Detector confidence below the fixed 0.70 threshold.

Limitations
This report is limited to the detector prediction, policy mapping, and five supplied local SHAP contributions. It does not establish ground truth or independently confirm an incident.",evidence_contract_renderer,True,129,False,False,False,5,True,5,True,10,True,True,True,Recommended Action,True,True,True,5,True,True
UNSW-OFFICIAL-2842,A4_verified_full,A3_constrained_full,2.0,verified,DoS,True,"### Evidence-Grounded SOC Report

#### Prediction Summary
The predicted label is **DoS** with a confidence of **0.3077955695407662** and an uncertainty score of **0.6922044304592339**. The recommended action is to **Raise a SOC alert and enrich the event context**.

#### Evidence
1. **Protocol is not UDP** (Supports predicted class, SHAP value: 0.0232558883726596, Direction: supports predicted class)
2. **spkts = 4** (Supports predicted class, SHAP value: 0.012884072959423, Direction: supports predicted class)
3. **sbytes = 360** (Supports predicted class, SHAP value: 0.0125517211854457, Direction: supports predicted class)
4. **dur = 1.00765** (Supports predicted class, SHAP value: 0.0119817657396197, Direction: supports predicted class)
5. **rate = 2.97722** (Supports predicted class, SHAP value: 0.0113654797896742, Direction: supports predicted class)

#### Risk and Policy
- **Stage**: Impact / Availability
- **Risk Score**: 2.1546
- **Policy Zone**: Alert
- **Recommended Action**: Raise a SOC alert and enrich the event context

#### Human Review
- **Required**: Yes
- **Confidence Threshold**: 0.7
- **Reason**: Detector confidence below the fixed 0.70 threshold.

#### Limitations
This report is limited to the","Prediction Summary
The detector predicted DoS with confidence 0.3078 and uncertainty 0.6922.

Evidence
1. proto_udp: observed value=0; SHAP value=0.023256; direction=supports predicted class.
2. spkts: observed value=4; SHAP value=0.012884; direction=supports predicted class.
3. sbytes: observed value=360; SHAP value=0.012552; direction=supports predicted class.
4. dur: observed value=1.007652998; SHAP value=0.011982; direction=supports predicted class.
5. rate: observed value=2.977215052; SHAP value=0.011365; direction=supports predicted class.

Risk and Policy
The predicted operational stage is Impact / Availability. The confidence-weighted risk score is 2.1546, corresponding to the Alert policy zone.

Recommended Action
Raise a SOC alert and enrich the event context.

Human Review
Detector confidence below the fixed 0.70 threshold.

Limitations
This report is limited to the detector prediction, policy mapping, and five supplied local SHAP contributions. It does not establish ground truth or independently confirm an incident.",evidence_contract_renderer,True,129,False,False,False,5,True,5,True,10,True,True,True,Recommended Action,True,True,True,5,True,True
UNSW-OFFICIAL-2854,A4_verified_full,A3_constrained_full,2.0,verified,Worms,False,"### Evidence-Grounded SOC Report

#### Prediction Summary
The predicted label is ""Generic"" with a confidence of 0.3215 and an uncertainty score of 0.6785. The recommended action is to raise a SOC alert and enrich the event context.

#### Evidence
1. **sbytes**: sbytes = 92, SHAP value = 0.0636, direction = supports predicted class
2. **ct_src_ltm**: ct_src_ltm = 19, SHAP value = 0.0568, direction = supports predicted class
3. **smean**: smean = 46, SHAP value = 0.0327, direction = supports predicted class
4. **service_dns**: Service is not dns, SHAP value = -0.0278, direction = opposes predicted class
5. **sload**: sload = 7.36e+07, SHAP value = 0.0269, direction = supports predicted class

#### Risk and Policy
- **Stage**: Exploitation
- **Risk Score**: 2.0898
- **Policy Zone**: Alert

#### Recommended Action
- **Recommended Action**: Raise a SOC alert and enrich the event context.

#### Human Review
- **Human Review Decision**: Required
- **Confidence Threshold**: 0.7
- **Reason**: Detector confidence below the fixed 0.70 threshold.

#### Limitations
- The report is limited to the detector and supplied SHAP evidence.","Prediction Summary
The detector predicted Generic with confidence 0.3215 and uncertainty 0.6785.

Evidence
1. sbytes: observed value=92; SHAP value=0.063563; direction=supports predicted class.
2. ct_src_ltm: observed value=19; SHAP value=0.056839; direction=supports predicted class.
3. smean: observed value=46; SHAP value=0.032682; direction=supports predicted class.
4. service_dns: observed value=0; SHAP value=-0.027845; direction=opposes predicted class.
5. sload: observed value=73600000; SHAP value=0.026977; direction=supports predicted class.

Risk and Policy
The predicted operational stage is Exploitation. The confidence-weighted risk score is 2.0898, corresponding to the Alert policy zone.

Recommended Action
Raise a SOC alert and enrich the event context.

Human Review
Detector confidence below the fixed 0.70 threshold.

Limitations
This report is limited to the detector prediction, policy mapping, and five supplied local SHAP contributions. It does not establish ground truth or independently confirm an incident.",evidence_contract_renderer,False,127,True,True,True,5,True,5,True,5,True,True,False,,True,True,True,5,True,True
UNSW-OFFICIAL-2866,A4_verified_full,A3_constrained_full,2.0,verified,Exploits,False,"### Evidence-Grounded SOC Report

#### Prediction Summary
The predicted label is **Backdoor** with a confidence of **0.318** and an uncertainty score of **0.682**. The recommended action is to **Raise a SOC alert and enrich the event context**.

#### Evidence
1. **Protocol is not UDP** (SHAP value: 0.021, direction: supports predicted class)
2. **sbytes = 200** (SHAP value: 0.016, direction: supports predicted class)
3. **ct_dst_sport_ltm = 3** (SHAP value: 0.015, direction: supports predicted class)
4. **ct_src_dport_ltm = 3** (SHAP value: 0.012, direction: supports predicted class)
5. **ct_dst_src_ltm = 4** (SHAP value: 0.009, direction: supports predicted class)

#### Risk and Policy
- **Stage**: Command and Control
- **Risk Score**: 2.5451
- **Policy Zone**: Alert

#### Recommended Action
- **Recommended Action**: Raise a SOC alert and enrich the event context.

#### Human Review
- **Human Review Required**: Yes
- **Confidence Threshold**: 0.7
- **Reason**: Detector confidence below the fixed 0.70 threshold.

#### Limitations
- **Report Limitations**: This report is limited to the detector and supplied SHAP evidence. It does not include additional attack behavior, causes, impacts, IP addresses, hostnames, CVEs, malware, tools, or any remediation steps.","Prediction Summary
The detector predicted Backdoor with confidence 0.3181 and uncertainty 0.6819.

Evidence
1. proto_udp: observed value=0; SHAP value=0.021064; direction=supports predicted class.
2. sbytes: observed value=200; SHAP value=0.016082; direction=supports predicted class.
3. ct_dst_sport_ltm: observed value=3; SHAP value=0.015327; direction=supports predicted class.
4. ct_src_dport_ltm: observed value=3; SHAP value=0.012274; direction=supports predicted class.
5. ct_dst_src_ltm: observed value=4; SHAP value=0.009562; direction=supports predicted class.

Risk and Policy
The predicted operational stage is Command and Control. The confidence-weighted risk score is 2.5451, corresponding to the Alert policy zone.

Recommended Action
Raise a SOC alert and enrich the event context.

Human Review
Detector confidence below the fixed 0.70 threshold.

Limitations
This report is limited to the detector prediction, policy mapping, and five supplied local SHAP contributions. It does not establish ground truth or independently confirm an incident.",evidence_contract_renderer,False,129,True,True,True,5,True,5,True,5,True,True,False,,True,True,True,5,True,True
UNSW-OFFICIAL-2899,A4_verified_full,A3_constrained_full,2.0,verified,Shellcode,False,"### Evidence-Grounded SOC Report

#### Prediction Summary
The predicted label is **Reconnaissance** with a confidence of **0.3208** and an uncertainty score of **0.6792**. The recommended action is to **Log the event and continue monitoring**.

#### Evidence
1. **smean**: The mean size of the payload is **54** bytes, which is **opposed** to the predicted class.
2. **dmean**: The mean size of the data transferred is **44** bytes, which is **supports** the predicted class.
3. **sbytes**: The size of the payload is **542** bytes, which is **opposed** to the predicted class.
4. **ct_dst_src_ltm**: The number of connections to the destination is **1**, which is **supports** the predicted class.
5. **dbytes**: The size of the data transferred is **354** bytes, which is **supports** the predicted class.

#### Risk and Policy
- **Stage**: Reconnaissance
- **Risk Score**: 0.9625
- **Policy Zone**: Monitor

#### Recommended Action
- **Recommended Action**: Log the event and continue monitoring.

#### Human Review
- **Human Review Required**: Yes
- **Confidence Threshold**: 0.70
- **Reason**: Detector confidence below the fixed 0.70 threshold.

#### Limitations
- **Report Limitations**: This report is limited to the detector and supplied SHAP evidence. It does not include additional details such as attack behavior, causes, impacts, IP addresses, hostnames, CVEs, malware, tools, or any remediation steps.","Prediction Summary
The detector predicted Reconnaissance with confidence 0.3208 and uncertainty 0.6792.

Evidence
1. smean: observed value=54; SHAP value=-0.038280; direction=opposes predicted class.
2. dmean: observed value=44; SHAP value=0.027903; direction=supports predicted class.
3. sbytes: observed value=542; SHAP value=-0.025288; direction=opposes predicted class.
4. ct_dst_src_ltm: observed value=1; SHAP value=0.022325; direction=supports predicted class.
5. dbytes: observed value=354; SHAP value=0.021978; direction=supports predicted class.

Risk and Policy
The predicted operational stage is Reconnaissance. The confidence-weighted risk score is 0.9625, corresponding to the Monitor policy zone.

Recommended Action
Log the event and continue monitoring.

Human Review
Detector confidence below the fixed 0.70 threshold.

Limitations
This report is limited to the detector prediction, policy mapping, and five supplied local SHAP contributions. It does not establish ground truth or independently confirm an incident.",evidence_contract_renderer,True,124,True,True,True,5,True,0,False,3,False,True,False,,True,True,True,5,True,True
UNSW-OFFICIAL-2905,A4_verified_full,A3_constrained_full,2.0,verified,Fuzzers,False,"### Evidence-Grounded SOC Report

#### Prediction Summary
The predicted label is **Backdoor** with a confidence of **0.4604** and an uncertainty score of **0.5396**. The recommended action is to **Raise a SOC alert and enrich the event context**.

#### Evidence
1. **ct_src_ltm**: **11** (supports predicted class)
2. **proto_udp**: **0.0** (supports predicted class)
3. **ct_dst_sport_ltm**: **2** (supports predicted class)
4. **sbytes**: **200** (supports predicted class)
5. **ct_srv_dst**: **5** (supports predicted class)

#### Risk and Policy
- **Stage**: Command and Control
- **Risk Score**: 3.6833
- **Policy Zone**: Alert

#### Recommended Action
- **Recommended Action**: Raise a SOC alert and enrich the event context.

#### Human Review
- **Human Review Required**: Yes
- **Confidence Threshold**: 0.7
- **Reason**: Detector confidence below the fixed 0.70 threshold.

#### Limitations
- **Report Limitations**: This report is limited to the detector and supplied SHAP evidence. It does not include additional attack behavior, causes, impacts, IP addresses, hostnames, CVEs, malware, tools, or any remediation steps.","Prediction Summary
The detector predicted Backdoor with confidence 0.4604 and uncertainty 0.5396.

Evidence
1. ct_src_ltm: observed value=11; SHAP value=0.072963; direction=supports predicted class.
2. proto_udp: observed value=0; SHAP value=0.026055; direction=supports predicted class.
3. ct_dst_sport_ltm: observed value=2; SHAP value=0.025786; direction=supports predicted class.
4. sbytes: observed value=200; SHAP value=0.022590; direction=supports predicted class.
5. ct_srv_dst: observed value=5; SHAP value=0.018783; direction=supports predicted class.

Risk and Policy
The predicted operational stage is Command and Control. The confidence-weighted risk score is 3.6833, corresponding to the Alert policy zone.

Recommended Action
Raise a SOC alert and enrich the event context.

Human Review
Detector confidence below the fixed 0.70 threshold.

Limitations
This report is limited to the detector prediction, policy mapping, and five supplied local SHAP contributions. It does not establish ground truth or independently confirm an incident.",evidence_contract_renderer,True,129,True,True,True,5,True,0,False,5,True,True,False,,True,True,True,5,True,True
UNSW-OFFICIAL-2942,A4_verified_full,A3_constrained_full,2.0,verified,Fuzzers,False,"### Evidence-Grounded SOC Report

#### Prediction Summary
The predicted label is ""DoS"" with a confidence of 0.275 and an uncertainty score of 0.725. The recommended action is to log the event and continue monitoring.

#### Evidence
1. **Protocol is not UDP** (Supports predicted class)
2. **sbytes = 200** (Supports predicted class)
3. **ct_dst_sport_ltm = 2** (Supports predicted class)
4. **smean = 100** (Supports predicted class)
5. **ct_dst_src_ltm = 3** (Supports predicted class)

#### Risk and Policy
- **Risk Score:** 1.9258
- **Policy Zone:** Monitor
- **Recommended Action:** Log the event and continue monitoring

#### Human Review
- **Required:** Yes
- **Confidence Threshold:** 0.7
- **Reason:** Detector confidence below the fixed 0.70 threshold.

#### Limitations
This report is limited to the detector and supplied SHAP evidence.","Prediction Summary
The detector predicted DoS with confidence 0.2751 and uncertainty 0.7249.

Evidence
1. proto_udp: observed value=0; SHAP value=0.021611; direction=supports predicted class.
2. sbytes: observed value=200; SHAP value=0.017289; direction=supports predicted class.
3. ct_dst_sport_ltm: observed value=2; SHAP value=0.010038; direction=supports predicted class.
4. smean: observed value=100; SHAP value=0.009639; direction=supports predicted class.
5. ct_dst_src_ltm: observed value=3; SHAP value=0.007137; direction=supports predicted class.

Risk and Policy
The predicted operational stage is Impact / Availability. The confidence-weighted risk score is 1.9258, corresponding to the Monitor policy zone.

Recommended Action
Log the event and continue monitoring.

Human Review
Detector confidence below the fixed 0.70 threshold.

Limitations
This report is limited to the detector prediction, policy mapping, and five supplied local SHAP contributions. It does not establish ground truth or independently confirm an incident.",evidence_contract_renderer,True,126,False,False,False,5,True,0,False,5,True,True,False,Recommended Action,True,True,True,5,True,True
UNSW-OFFICIAL-3205,A4_verified_full,A3_constrained_full,2.0,verified,DoS,False,"### Evidence-Grounded SOC Report

#### Prediction Summary
The predicted label is **Backdoor** with a confidence of **0.277** and an uncertainty score of **0.723**. The recommended action is to **Raise a SOC alert and enrich the event context**.

#### Evidence
1. **Protocol is not UDP** (SHAP value: 0.0335, direction: supports predicted class)
2. **sbytes = 200** (SHAP value: 0.0175, direction: supports predicted class)
3. **ct_dst_src_ltm = 5** (SHAP value: 0.0124, direction: supports predicted class)
4. **ct_srv_dst = 5** (SHAP value: 0.0104, direction: supports predicted class)
5. **ct_srv_src = 5** (SHAP value: 0.0089, direction: supports predicted class)

#### Risk and Policy
- **Stage**: Command and Control
- **Risk Score**: 2.2188
- **Policy Zone**: Alert

#### Recommended Action
- **Recommended Action**: Raise a SOC alert and enrich the event context.

#### Human Review
- **Human Review Required**: Yes
- **Confidence Threshold**: 0.7
- **Reason**: Detector confidence below the fixed 0.70 threshold.

#### Limitations
- **Report Limitations**: This report is limited to the detector and supplied SHAP evidence. It does not include additional attack behavior, causes, impacts, IP addresses, hostnames, CVEs, malware, tools, or any other remediation details.","Prediction Summary
The detector predicted Backdoor with confidence 0.2774 and uncertainty 0.7226.

Evidence
1. proto_udp: observed value=0; SHAP value=0.033544; direction=supports predicted class.
2. sbytes: observed value=200; SHAP value=0.017501; direction=supports predicted class.
3. ct_dst_src_ltm: observed value=5; SHAP value=0.012442; direction=supports predicted class.
4. ct_srv_dst: observed value=5; SHAP value=0.010376; direction=supports predicted class.
5. ct_srv_src: observed value=5; SHAP value=0.008903; direction=supports predicted class.

Risk and Policy
The predicted operational stage is Command and Control. The confidence-weighted risk score is 2.2188, corresponding to the Alert policy zone.

Recommended Action
Raise a SOC alert and enrich the event context.

Human Review
Detector confidence below the fixed 0.70 threshold.

Limitations
This report is limited to the detector prediction, policy mapping, and five supplied local SHAP contributions. It does not establish ground truth or independently confirm an incident.",evidence_contract_renderer,False,129,True,True,True,5,True,5,True,5,True,True,False,,True,True,True,5,True,True
UNSW-OFFICIAL-3580,A4_verified_full,A3_constrained_full,2.0,verified,Shellcode,False,"### SOC Report

#### Prediction Summary
The predicted label is ""Exploits"" with a confidence of 0.4123 and an uncertainty score of 0.5877. The recommended action is to raise a SOC alert and enrich the event context.

#### Evidence
1. **ackdat**: The observed value is 0.008034, with a SHAP value of 0.033817 and a direction that supports the predicted class.
2. **tcprtt**: The observed value is 0.027466, with a SHAP value of 0.029046 and a direction that supports the predicted class.
3. **sinpkt**: The observed value is 17.6971, with a SHAP value of 0.028577 and a direction that supports the predicted class.
4. **dinpkt**: The observed value is 28.609, with a SHAP value of 0.026692 and a direction that supports the predicted class.
5. **dur**: The observed value is 0.162486, with a SHAP value of 0.024992 and a direction that supports the predicted class.

#### Risk and Policy
- **Stage**: Exploitation
- **Risk Score**: 2.6802
- **Policy Zone**: Alert

#### Recommended Action
- **Recommended Action**: Raise a SOC alert and enrich the event context.

#### Human Review
- **Human Review Required**: Yes
- **Confidence Threshold**: 0.70
- **Reason**: Detector confidence below the fixed 0.70 threshold.

#### Limitations
- **Report Limitations**: This report is limited to the detector and supplied SHAP evidence. It does not include additional details such as attack behavior, causes, impacts, IP addresses, hostnames, CVEs, malware, tools,","Prediction Summary
The detector predicted Exploits with confidence 0.4123 and uncertainty 0.5877.

Evidence
1. ackdat: observed value=0.008034000173; SHAP value=0.033817; direction=supports predicted class.
2. tcprtt: observed value=0.02746599913; SHAP value=0.029046; direction=supports predicted class.
3. sinpkt: observed value=17.69711113; SHAP value=0.028577; direction=supports predicted class.
4. dinpkt: observed value=28.60899925; SHAP value=0.026692; direction=supports predicted class.
5. dur: observed value=0.1624860018; SHAP value=0.024992; direction=supports predicted class.

Risk and Policy
The predicted operational stage is Exploitation. The confidence-weighted risk score is 2.6802, corresponding to the Alert policy zone.

Recommended Action
Raise a SOC alert and enrich the event context.

Human Review
Detector confidence below the fixed 0.70 threshold.

Limitations
This report is limited to the detector prediction, policy mapping, and five supplied local SHAP contributions. It does not establish ground truth or independently confirm an incident.",evidence_contract_renderer,True,127,True,True,True,5,True,5,True,5,True,True,True,,True,True,True,5,True,True
UNSW-OFFICIAL-3606,A4_verified_full,A3_constrained_full,2.0,verified,Shellcode,True,"### Evidence-Grounded SOC Report

#### Prediction Summary
The predicted label is ""Shellcode"" with a confidence of 0.2867 and an uncertainty score of 0.7133. The recommended action is to raise a SOC alert and enrich the event context.

#### Evidence
1. **ct_dst_src_ltm**: ct_dst_src_ltm = 1, Observed Value: 1.0, SHAP Value: 0.0574, Direction: supports predicted class
2. **sbytes**: sbytes = 982, Observed Value: 982.0, SHAP Value: 0.0242, Direction: supports predicted class
3. **service_-**: Service = unspecified, Observed Value: 1.0, SHAP Value: 0.0203, Direction: supports predicted class
4. **smean**: smean = 98, Observed Value: 98.0, SHAP Value: 0.0202, Direction: supports predicted class
5. **ct_srv_dst**: ct_srv_dst = 6, Observed Value: 6.0, SHAP Value: -0.0188, Direction: opposes predicted class

#### Risk and Policy
- **Stage**: Advanced Intrusion
- **Risk Score**: 2.437
- **Policy Zone**: Alert
- **Recommended Action**: Raise a SOC alert and enrich the event context

#### Human Review
- **Required**: Yes
- **Confidence Threshold**: 0.7
- **Reason**: Detector confidence below the fixed 0.70 threshold.

#### Limitations
- The report is limited to the detector and supplied SHAP evidence.","Prediction Summary
The detector predicted Shellcode with confidence 0.2867 and uncertainty 0.7133.

Evidence
1. ct_dst_src_ltm: observed value=1; SHAP value=0.057378; direction=supports predicted class.
2. sbytes: observed value=982; SHAP value=0.024227; direction=supports predicted class.
3. service_-: observed value=1; SHAP value=0.020269; direction=supports predicted class.
4. smean: observed value=98; SHAP value=0.020171; direction=supports predicted class.
5. ct_srv_dst: observed value=6; SHAP value=-0.018790; direction=opposes predicted class.

Risk and Policy
The predicted operational stage is Advanced Intrusion. The confidence-weighted risk score is 2.4368, corresponding to the Alert policy zone.

Recommended Action
Raise a SOC alert and enrich the event context.

Human Review
Detector confidence below the fixed 0.70 threshold.

Limitations
This report is limited to the detector prediction, policy mapping, and five supplied local SHAP contributions. It does not establish ground truth or independently confirm an incident.",evidence_contract_renderer,True,128,False,False,False,5,True,5,True,5,True,True,False,Recommended Action,True,True,True,5,True,True
UNSW-OFFICIAL-3778,A4_verified_full,A3_constrained_full,2.0,verified,Reconnaissance,False,"### Evidence-Grounded SOC Report

#### Prediction Summary
The predicted label is ""Analysis"" with a confidence of 0.379 and an uncertainty score of 0.621. The recommended action is to log the event and continue monitoring.

#### Evidence
1. **Protocol is not UDP** (Feature: proto_udp) - Observed Value: 0.0, SHAP Value: 0.032, Direction: Supports Predicted Class
2. **ct_dst_src_ltm = 3** (Feature: ct_dst_src_ltm) - Observed Value: 3.0, SHAP Value: 0.025, Direction: Supports Predicted Class
3. **Protocol = UNAS** (Feature: proto_unas) - Observed Value: 1.0, SHAP Value: 0.024, Direction: Supports Predicted Class
4. **sbytes = 200** (Feature: sbytes) - Observed Value: 200.0, SHAP Value: 0.019, Direction: Supports Predicted Class
5. **ct_srv_dst = 3** (Feature: ct_srv_dst) - Observed Value: 3.0, SHAP Value: 0.016, Direction: Supports Predicted Class

#### Risk and Policy
- **Stage**: Reconnaissance
- **Risk Score**: 1.1374
- **Policy Zone**: Monitor
- **Recommended Action**: Log the event and continue monitoring

#### Human Review
- **Required**: Yes
- **Confidence Threshold**: 0.7
- **Reason**: Detector confidence below the fixed 0.70 threshold.

#### Limitations
This report is limited to the detector and supplied SHAP evidence.","Prediction Summary
The detector predicted Analysis with confidence 0.3791 and uncertainty 0.6209.

Evidence
1. proto_udp: observed value=0; SHAP value=0.032383; direction=supports predicted class.
2. ct_dst_src_ltm: observed value=3; SHAP value=0.024647; direction=supports predicted class.
3. proto_unas: observed value=1; SHAP value=0.024316; direction=supports predicted class.
4. sbytes: observed value=200; SHAP value=0.019345; direction=supports predicted class.
5. ct_srv_dst: observed value=3; SHAP value=0.016395; direction=supports predicted class.

Risk and Policy
The predicted operational stage is Reconnaissance. The confidence-weighted risk score is 1.1374, corresponding to the Monitor policy zone.

Recommended Action
Log the event and continue monitoring.

Human Review
Detector confidence below the fixed 0.70 threshold.

Limitations
This report is limited to the detector prediction, policy mapping, and five supplied local SHAP contributions. It does not establish ground truth or independently confirm an incident.",evidence_contract_renderer,True,124,False,False,False,5,True,5,True,5,True,True,False,Recommended Action,True,True,True,5,True,True
UNSW-OFFICIAL-3979,A4_verified_full,A3_constrained_full,2.0,verified,Reconnaissance,True,"### SOC Report

#### Prediction Summary
The predicted label is **Reconnaissance** with a confidence of **0.9517** and an uncertainty score of **0.0482**. The recommended action is to **Raise a SOC alert and enrich the event context**.

#### Evidence
1. **sbytes**: sbytes = 168, SHAP value = 0.1853, direction = supports predicted class
2. **smean**: smean = 84, SHAP value = 0.1618, direction = supports predicted class
3. **proto_udp**: Protocol = udp, SHAP value = 0.0964, direction = supports predicted class
4. **sload**: sload = 8.4e+07, SHAP value = 0.0490, direction = supports predicted class
5. **ct_dst_src_ltm**: ct_dst_src_ltm = 1, SHAP value = 0.0281, direction = supports predicted class

#### Risk and Policy
- **Stage**: Reconnaissance
- **Risk Score**: 2.8552
- **Policy Zone**: Alert

#### Recommended Action
- **Recommended Action**: Raise a SOC alert and enrich the event context

#### Human Review
- **Human Review Required**: No
- **Confidence Threshold**: 0.7
- **Reason**: No mandatory confidence-based referral

#### Limitations
- The report is limited to the detector and supplied SHAP evidence.","Prediction Summary
The detector predicted Reconnaissance with confidence 0.9517 and uncertainty 0.0483.

Evidence
1. sbytes: observed value=168; SHAP value=0.185328; direction=supports predicted class.
2. smean: observed value=84; SHAP value=0.161849; direction=supports predicted class.
3. proto_udp: observed value=1; SHAP value=0.096370; direction=supports predicted class.
4. sload: observed value=84000000; SHAP value=0.049026; direction=supports predicted class.
5. ct_dst_src_ltm: observed value=1; SHAP value=0.028072; direction=supports predicted class.

Risk and Policy
The predicted operational stage is Reconnaissance. The confidence-weighted risk score is 2.8552, corresponding to the Alert policy zone.

Recommended Action
Raise a SOC alert and enrich the event context.

Human Review
No mandatory confidence-based referral.

Limitations
This report is limited to the detector prediction, policy mapping, and five supplied local SHAP contributions. It does not establish ground truth or independently confirm an incident.",evidence_contract_renderer,False,124,True,True,True,5,True,5,True,5,True,True,False,,True,True,True,5,True,True
UNSW-OFFICIAL-4165,A4_verified_full,A3_constrained_full,2.0,verified,Analysis,False,"### Evidence-Grounded SOC Report

#### Prediction Summary
The predicted label is **Backdoor** with a confidence of **0.4697** and an uncertainty score of **0.5303**. The recommended action is to **Raise a SOC alert and enrich the event context**.

#### Evidence
1. **ct_src_ltm**: **12** (supports predicted class)
2. **proto_udp**: **0.0** (supports predicted class)
3. **sbytes**: **200** (supports predicted class)
4. **ct_dst_sport_ltm**: **2** (supports predicted class)
5. **ct_srv_dst**: **5** (supports predicted class)

#### Risk and Policy
- **Stage**: Command and Control
- **Risk Score**: 3.7576
- **Policy Zone**: Alert

#### Recommended Action
- **Recommended Action**: Raise a SOC alert and enrich the event context.

#### Human Review
- **Human Review Required**: Yes
- **Confidence Threshold**: 0.7
- **Reason**: Detector confidence below the fixed 0.70 threshold.

#### Limitations
- **Report Limitations**: This report is limited to the detector and supplied SHAP evidence. It does not include additional attack behavior, causes, impacts, IP addresses, hostnames, CVEs, malware, tools, or any remediation steps.","Prediction Summary
The detector predicted Backdoor with confidence 0.4697 and uncertainty 0.5303.

Evidence
1. ct_src_ltm: observed value=12; SHAP value=0.059324; direction=supports predicted class.
2. proto_udp: observed value=0; SHAP value=0.026405; direction=supports predicted class.
3. sbytes: observed value=200; SHAP value=0.022035; direction=supports predicted class.
4. ct_dst_sport_ltm: observed value=2; SHAP value=0.021109; direction=supports predicted class.
5. ct_srv_dst: observed value=5; SHAP value=0.019401; direction=supports predicted class.

Risk and Policy
The predicted operational stage is Command and Control. The confidence-weighted risk score is 3.7576, corresponding to the Alert policy zone.

Recommended Action
Raise a SOC alert and enrich the event context.

Human Review
Detector confidence below the fixed 0.70 threshold.

Limitations
This report is limited to the detector prediction, policy mapping, and five supplied local SHAP contributions. It does not establish ground truth or independently confirm an incident.",evidence_contract_renderer,True,129,True,True,True,5,True,0,False,5,True,True,False,,True,True,True,5,True,True
UNSW-OFFICIAL-4195,A4_verified_full,A3_constrained_full,2.0,verified,Fuzzers,False,"### Evidence-Grounded SOC Report

#### Prediction Summary
The predicted label is **Backdoor** with a confidence of **0.5218** and an uncertainty score of **0.4782**. The recommended action is to **Raise a SOC alert and enrich the event context**.

#### Evidence
1. **ct_src_ltm**: **10** (supports predicted class)
2. **proto_udp**: **0** (supports predicted class)
3. **ct_dst_sport_ltm**: **2** (supports predicted class)
4. **sbytes**: **200** (supports predicted class)
5. **ct_dst_src_ltm**: **5** (supports predicted class)

#### Risk and Policy
- **Stage**: Command and Control
- **Risk Score**: 4.1745
- **Policy Zone**: Alert

#### Recommended Action
- **Recommended Action**: Raise a SOC alert and enrich the event context.

#### Human Review
- **Human Review Required**: Yes
- **Confidence Threshold**: 0.7
- **Reason**: Detector confidence below the fixed 0.70 threshold.

#### Limitations
- **Report Limitations**: This report is limited to the detector and supplied SHAP evidence.","Prediction Summary
The detector predicted Backdoor with confidence 0.5218 and uncertainty 0.4782.

Evidence
1. ct_src_ltm: observed value=10; SHAP value=0.083918; direction=supports predicted class.
2. proto_udp: observed value=0; SHAP value=0.029177; direction=supports predicted class.
3. ct_dst_sport_ltm: observed value=2; SHAP value=0.026149; direction=supports predicted class.
4. sbytes: observed value=200; SHAP value=0.022997; direction=supports predicted class.
5. ct_dst_src_ltm: observed value=5; SHAP value=0.021030; direction=supports predicted class.

Risk and Policy
The predicted operational stage is Command and Control. The confidence-weighted risk score is 4.1745, corresponding to the Alert policy zone.

Recommended Action
Raise a SOC alert and enrich the event context.

Human Review
Detector confidence below the fixed 0.70 threshold.

Limitations
This report is limited to the detector prediction, policy mapping, and five supplied local SHAP contributions. It does not establish ground truth or independently confirm an incident.",evidence_contract_renderer,True,129,True,True,True,5,True,0,False,5,True,True,False,,True,True,True,5,True,True
UNSW-OFFICIAL-4263,A4_verified_full,A3_constrained_full,2.0,verified,Worms,True,"### Evidence-Grounded SOC Report

#### Prediction Summary
The predicted label is **Worms** with a confidence of **0.34** and an uncertainty score of **0.66**. The recommended action is to **Raise a SOC alert and enrich the event context**.

#### Evidence
1. **smean**: **1025** (supports predicted class)
2. **sbytes**: **2050** (supports predicted class)
3. **proto_udp**: **1.0** (supports predicted class)
4. **ct_dst_ltm**: **1.0** (opposes predicted class)
5. **sload**: **1.36667e+09** (supports predicted class)

#### Risk and Policy
- **Stage**: Advanced Intrusion
- **Risk Score**: 2.89
- **Policy Zone**: Alert

#### Recommended Action
- **Recommended Action**: Raise a SOC alert and enrich the event context.

#### Human Review
- **Human Review Required**: Yes
- **Confidence Threshold**: 0.7
- **Reason**: Detector confidence below the fixed 0.70 threshold.

#### Limitations
- **Report Limitations**: This report is limited to the detector and supplied SHAP evidence. It does not include additional attack behavior, causes, impacts, IP addresses, hostnames, CVEs, malware, tools, or any remediation steps.","Prediction Summary
The detector predicted Worms with confidence 0.3400 and uncertainty 0.6600.

Evidence
1. smean: observed value=1025; SHAP value=0.068827; direction=supports predicted class.
2. sbytes: observed value=2050; SHAP value=0.053061; direction=supports predicted class.
3. proto_udp: observed value=1; SHAP value=0.023004; direction=supports predicted class.
4. ct_dst_ltm: observed value=1; SHAP value=-0.020963; direction=opposes predicted class.
5. sload: observed value=1366666624; SHAP value=0.019142; direction=supports predicted class.

Risk and Policy
The predicted operational stage is Advanced Intrusion. The confidence-weighted risk score is 2.8900, corresponding to the Alert policy zone.

Recommended Action
Raise a SOC alert and enrich the event context.

Human Review
Detector confidence below the fixed 0.70 threshold.

Limitations
This report is limited to the detector prediction, policy mapping, and five supplied local SHAP contributions. It does not establish ground truth or independently confirm an incident.",evidence_contract_renderer,True,128,True,True,True,5,True,0,False,5,True,True,False,,True,True,True,5,True,True
UNSW-OFFICIAL-4309,A4_verified_full,A3_constrained_full,2.0,verified,Analysis,False,"### Evidence-Grounded SOC Report

#### Prediction Summary
The predicted label is **Backdoor** with a confidence of **0.347** and an uncertainty score of **0.653**. The recommended action is to **Raise a SOC alert and enrich the event context**.

#### Evidence
1. **Protocol is not udp** (Observed Value: 0.0, SHAP Value: 0.03576, Direction: supports predicted class)
2. **Protocol = any** (Observed Value: 1.0, SHAP Value: 0.02672, Direction: supports predicted class)
3. **sbytes = 200** (Observed Value: 200.0, SHAP Value: 0.01963, Direction: supports predicted class)
4. **ct_srv_dst = 6** (Observed Value: 6.0, SHAP Value: 0.01602, Direction: supports predicted class)
5. **ct_dst_src_ltm = 6** (Observed Value: 6.0, SHAP Value: 0.01592, Direction: supports predicted class)

#### Risk and Policy
- **Stage**: Command and Control
- **Risk Score**: 2.7781
- **Policy Zone**: Alert

#### Recommended Action
- **Recommended Action**: Raise a SOC alert and enrich the event context.

#### Human Review
- **Human Review Required**: Yes
- **Confidence Threshold**: 0.7
- **Reason**: Detector confidence below the fixed 0.70 threshold.

#### Limitations
- **Report Limitations**: This report is limited to the detector and supplied SHAP evidence.","Prediction Summary
The detector predicted Backdoor with confidence 0.3473 and uncertainty 0.6527.

Evidence
1. proto_udp: observed value=0; SHAP value=0.035764; direction=supports predicted class.
2. proto_any: observed value=1; SHAP value=0.026722; direction=supports predicted class.
3. sbytes: observed value=200; SHAP value=0.019626; direction=supports predicted class.
4. ct_srv_dst: observed value=6; SHAP value=0.016017; direction=supports predicted class.
5. ct_dst_src_ltm: observed value=6; SHAP value=0.015918; direction=supports predicted class.

Risk and Policy
The predicted operational stage is Command and Control. The confidence-weighted risk score is 2.7781, corresponding to the Alert policy zone.

Recommended Action
Raise a SOC alert and enrich the event context.

Human Review
Detector confidence below the fixed 0.70 threshold.

Limitations
This report is limited to the detector prediction, policy mapping, and five supplied local SHAP contributions. It does not establish ground truth or independently confirm an incident.",evidence_contract_renderer,False,129,True,True,True,5,True,5,True,5,True,True,False,,True,True,True,5,True,True
UNSW-OFFICIAL-4395,A4_verified_full,A3_constrained_full,2.0,verified,Exploits,True,"### Evidence-Grounded SOC Report

**Prediction Summary:**
The predicted label is ""Exploits"" with a confidence of 74.86% and an uncertainty score of 25.14%. The recommended action is to raise a SOC alert and enrich the event context.

**Evidence:**
1. **sbytes**: sbytes = 1970 (supports predicted class)
2. **service_-**: An application service is identified (supports predicted class)
3. **smean**: smean = 141 (supports predicted class)
4. **dmean**: dmean = 66 (supports predicted class)
5. **dloss**: dloss = 4 (supports predicted class)

**Risk and Policy:**
The risk score is 4.8657, and the policy zone is ""Alert"". The recommended action is to raise a SOC alert and enrich the event context.

**Recommended Action:**
Raise a SOC alert and enrich the event context.

**Human Review:**
No mandatory confidence-based referral is required.

**Limitations:**
The report is limited to the detector and supplied SHAP evidence.","Prediction Summary
The detector predicted Exploits with confidence 0.7486 and uncertainty 0.2514.

Evidence
1. sbytes: observed value=1970; SHAP value=0.054505; direction=supports predicted class.
2. service_-: observed value=0; SHAP value=0.045858; direction=supports predicted class.
3. smean: observed value=141; SHAP value=0.042716; direction=supports predicted class.
4. dmean: observed value=66; SHAP value=0.038185; direction=supports predicted class.
5. dloss: observed value=4; SHAP value=0.037461; direction=supports predicted class.

Risk and Policy
The predicted operational stage is Exploitation. The confidence-weighted risk score is 4.8657, corresponding to the Alert policy zone.

Recommended Action
Raise a SOC alert and enrich the event context.

Human Review
No mandatory confidence-based referral.

Limitations
This report is limited to the detector prediction, policy mapping, and five supplied local SHAP contributions. It does not establish ground truth or independently confirm an incident.",evidence_contract_renderer,True,124,True,True,True,5,True,0,False,5,True,True,False,,True,True,True,5,True,True
UNSW-OFFICIAL-4466,A4_verified_full,A3_constrained_full,2.0,verified,Reconnaissance,False,"### Evidence-Grounded SOC Report

#### Prediction Summary
The predicted label is **Backdoor** with a confidence of **0.397** and an uncertainty score of **0.603**. The recommended action is to **Raise a SOC alert and enrich the event context**.

#### Evidence
1. **ct_src_ltm**: ct_src_ltm = 19, SHAP value = 0.029, direction = supports predicted class
2. **proto_wb-expak**: Protocol = wb-expak, SHAP value = 0.025, direction = supports predicted class
3. **proto_udp**: Protocol is not udp, SHAP value = 0.025, direction = supports predicted class
4. **sbytes**: sbytes = 200, SHAP value = 0.019, direction = supports predicted class
5. **ct_dst_sport_ltm**: ct_dst_sport_ltm = 2, SHAP value = 0.016, direction = supports predicted class

#### Risk and Policy
- **Stage**: Command and Control
- **Risk Score**: 3.1788
- **Policy Zone**: Alert
- **Recommended Action**: Raise a SOC alert and enrich the event context

#### Human Review
- **Required**: Yes
- **Confidence Threshold**: 0.7
- **Reason**: Detector confidence below the fixed 0.70 threshold.

#### Limitations
This report is limited to the detector and supplied SHAP evidence.","Prediction Summary
The detector predicted Backdoor with confidence 0.3974 and uncertainty 0.6026.

Evidence
1. ct_src_ltm: observed value=19; SHAP value=0.029359; direction=supports predicted class.
2. proto_wb-expak: observed value=1; SHAP value=0.025115; direction=supports predicted class.
3. proto_udp: observed value=0; SHAP value=0.024862; direction=supports predicted class.
4. sbytes: observed value=200; SHAP value=0.019687; direction=supports predicted class.
5. ct_dst_sport_ltm: observed value=2; SHAP value=0.016185; direction=supports predicted class.

Risk and Policy
The predicted operational stage is Command and Control. The confidence-weighted risk score is 3.1788, corresponding to the Alert policy zone.

Recommended Action
Raise a SOC alert and enrich the event context.

Human Review
Detector confidence below the fixed 0.70 threshold.

Limitations
This report is limited to the detector prediction, policy mapping, and five supplied local SHAP contributions. It does not establish ground truth or independently confirm an incident.",evidence_contract_renderer,True,129,False,False,False,5,True,5,True,5,True,True,False,Recommended Action,True,True,True,5,True,True
UNSW-OFFICIAL-4496,A4_verified_full,A3_constrained_full,2.0,verified,Exploits,False,"### Evidence-Grounded SOC Report

#### Prediction Summary
The predicted label is **Backdoor** with a confidence of **0.319** and an uncertainty score of **0.681**. The recommended action is to **Raise a SOC alert and enrich the event context**.

#### Evidence
1. **Protocol is not UDP** (SHAP value: 0.0316, direction: supports predicted class)
2. **sbytes = 200** (SHAP value: 0.0192, direction: supports predicted class)
3. **Protocol = nsfnet-igp** (SHAP value: 0.0189, direction: supports predicted class)
4. **ct_dst_src_ltm = 4** (SHAP value: 0.0157, direction: supports predicted class)
5. **ct_srv_dst = 4** (SHAP value: 0.0115, direction: supports predicted class)

#### Risk and Policy
- **Stage**: Command and Control
- **Risk Score**: 2.554
- **Policy Zone**: Alert

#### Recommended Action
- **Recommended Action**: Raise a SOC alert and enrich the event context.

#### Human Review
- **Human Review Required**: Yes
- **Confidence Threshold**: 0.7
- **Reason**: Detector confidence below the fixed 0.70 threshold.

#### Limitations
- **Report Limitations**: This report is limited to the detector and supplied SHAP evidence. It does not include additional attack behavior, causes, impacts, IP addresses, hostnames, CVEs, malware, tools, or any other remediation details.","Prediction Summary
The detector predicted Backdoor with confidence 0.3192 and uncertainty 0.6808.

Evidence
1. proto_udp: observed value=0; SHAP value=0.031649; direction=supports predicted class.
2. sbytes: observed value=200; SHAP value=0.019213; direction=supports predicted class.
3. proto_nsfnet-igp: observed value=1; SHAP value=0.018855; direction=supports predicted class.
4. ct_dst_src_ltm: observed value=4; SHAP value=0.015678; direction=supports predicted class.
5. ct_srv_dst: observed value=4; SHAP value=0.011458; direction=supports predicted class.

Risk and Policy
The predicted operational stage is Command and Control. The confidence-weighted risk score is 2.5540, corresponding to the Alert policy zone.

Recommended Action
Raise a SOC alert and enrich the event context.

Human Review
Detector confidence below the fixed 0.70 threshold.

Limitations
This report is limited to the detector prediction, policy mapping, and five supplied local SHAP contributions. It does not establish ground truth or independently confirm an incident.",evidence_contract_renderer,False,129,True,True,True,5,True,5,True,5,True,True,False,,True,True,True,5,True,True
UNSW-OFFICIAL-4719,A4_verified_full,A3_constrained_full,2.0,verified,Exploits,True,"### SOC Report

#### Prediction Summary
The predicted label is ""Exploits"" with a confidence of 0.7878 and an uncertainty score of 0.2122. The recommended action is to ""Block the suspected source and initiate investigation.""

#### Evidence
1. **sbytes**: 11680 (supports predicted class)
2. **smean**: 730 (supports predicted class)
3. **dmean**: 162 (supports predicted class)
4. **sload**: 246992.25 (supports predicted class)
5. **dloss**: 2 (supports predicted class)

#### Risk and Policy
- **Stage**: Exploitation
- **Risk Score**: 5.1207
- **Policy Zone**: Block

#### Recommended Action
- **Recommended Action**: Block the suspected source and initiate investigation.

#### Human Review
- **Human Review Required**: No
- **Confidence Threshold**: 0.7
- **Reason**: No mandatory confidence-based referral.

#### Limitations
- The report is limited to the detector and supplied SHAP evidence.","Prediction Summary
The detector predicted Exploits with confidence 0.7878 and uncertainty 0.2122.

Evidence
1. sbytes: observed value=11680; SHAP value=0.060612; direction=supports predicted class.
2. smean: observed value=730; SHAP value=0.043851; direction=supports predicted class.
3. dmean: observed value=162; SHAP value=0.039461; direction=supports predicted class.
4. sload: observed value=246992.25; SHAP value=0.036728; direction=supports predicted class.
5. dloss: observed value=2; SHAP value=0.029203; direction=supports predicted class.

Risk and Policy
The predicted operational stage is Exploitation. The confidence-weighted risk score is 5.1207, corresponding to the Block policy zone.

Recommended Action
Block the suspected source and initiate investigation.

Human Review
No mandatory confidence-based referral.

Limitations
This report is limited to the detector prediction, policy mapping, and five supplied local SHAP contributions. It does not establish ground truth or independently confirm an incident.",evidence_contract_renderer,True,122,True,True,True,5,True,0,False,5,True,True,False,,True,True,True,5,True,True
UNSW-OFFICIAL-4748,A4_verified_full,A3_constrained_full,2.0,verified,Shellcode,True,"### Evidence-Grounded SOC Report

**Prediction Summary:**
The predicted label is ""Shellcode,"" with a confidence of 0.9653 and an uncertainty score of 0.0346. The predicted stage is ""Advanced Intrusion,"" and the risk score is 8.2054.

**Evidence:**
1. **Protocol = udp** (Supports predicted class)
2. **smean = 172** (Supports predicted class)
3. **sbytes = 344** (Supports predicted class)
4. **ct_dst_src_ltm = 1** (Supports predicted class)
5. **ct_dst_sport_ltm = 1** (Supports predicted class)

**Risk and Policy:**
The recommended action is to ""Isolate the affected asset and escalate to incident response."" The policy zone is ""Isolation,"" and the risk score is 8.2054.

**Recommended Action:**
Isolate the affected asset and escalate to incident response.

**Human Review:**
No mandatory confidence-based referral is required.

**Limitations:**
This report is limited to the detector and supplied SHAP evidence.","Prediction Summary
The detector predicted Shellcode with confidence 0.9653 and uncertainty 0.0347.

Evidence
1. proto_udp: observed value=1; SHAP value=0.117500; direction=supports predicted class.
2. smean: observed value=172; SHAP value=0.109636; direction=supports predicted class.
3. sbytes: observed value=344; SHAP value=0.099791; direction=supports predicted class.
4. ct_dst_src_ltm: observed value=1; SHAP value=0.064431; direction=supports predicted class.
5. ct_dst_sport_ltm: observed value=1; SHAP value=0.040184; direction=supports predicted class.

Risk and Policy
The predicted operational stage is Advanced Intrusion. The confidence-weighted risk score is 8.2054, corresponding to the Isolation policy zone.

Recommended Action
Isolate the affected asset and escalate to incident response.

Human Review
No mandatory confidence-based referral.

Limitations
This report is limited to the detector prediction, policy mapping, and five supplied local SHAP contributions. It does not establish ground truth or independently confirm an incident.",evidence_contract_renderer,True,125,True,True,True,5,True,0,False,5,True,True,False,,True,True,True,5,True,True
UNSW-OFFICIAL-4896,A4_verified_full,A3_constrained_full,2.0,verified,Exploits,True,"### SOC Report

#### Prediction Summary
The predicted label is ""Exploits"" with a confidence of 84.24% and an uncertainty score of 15.76%. The recommended action is to block the suspected source and initiate investigation.

#### Evidence
1. **sbytes**: 2270 (supports predicted class)
2. **smean**: 227 (supports predicted class)
3. **sload**: 81110.5 (supports predicted class)
4. **rate**: 74.44 (supports predicted class)
5. **tcprtt**: 0.0523 (supports predicted class)

#### Risk and Policy
- **Stage**: Exploitation
- **Risk Score**: 5.48
- **Policy Zone**: Block

#### Recommended Action
- **Recommended Action**: Block the suspected source and initiate investigation.

#### Human Review
- **Human Review Required**: No
- **Confidence Threshold**: 0.7
- **Reason**: No mandatory confidence-based referral.

#### Limitations
- **Report Limitations**: This report is limited to the detector and supplied SHAP evidence.","Prediction Summary
The detector predicted Exploits with confidence 0.8424 and uncertainty 0.1576.

Evidence
1. sbytes: observed value=2270; SHAP value=0.111847; direction=supports predicted class.
2. smean: observed value=227; SHAP value=0.106076; direction=supports predicted class.
3. sload: observed value=81110.46094; SHAP value=0.077092; direction=supports predicted class.
4. rate: observed value=74.44058228; SHAP value=0.031246; direction=supports predicted class.
5. tcprtt: observed value=0.0523269996; SHAP value=0.028279; direction=supports predicted class.

Risk and Policy
The predicted operational stage is Exploitation. The confidence-weighted risk score is 5.4757, corresponding to the Block policy zone.

Recommended Action
Block the suspected source and initiate investigation.

Human Review
No mandatory confidence-based referral.

Limitations
This report is limited to the detector prediction, policy mapping, and five supplied local SHAP contributions. It does not establish ground truth or independently confirm an incident.",evidence_contract_renderer,True,122,True,True,True,5,True,0,False,5,True,True,False,,True,True,True,5,True,True
UNSW-OFFICIAL-5208,A4_verified_full,A3_constrained_full,2.0,verified,DoS,False,"### Evidence-Grounded SOC Report

#### Prediction Summary
The predicted label is **Backdoor** with a confidence of **0.533** and an uncertainty score of **0.467**. The recommended action is to **Raise a SOC alert and enrich the event context**.

#### Evidence
1. **ct_src_ltm**: **11** (supports predicted class)
2. **ct_dst_sport_ltm**: **2** (supports predicted class)
3. **proto_udp**: **0.0** (supports predicted class)
4. **ct_dst_src_ltm**: **2** (supports predicted class)
5. **proto_unas**: **1.0** (supports predicted class)

#### Risk and Policy
- **Stage**: Command and Control
- **Risk Score**: 4.2664
- **Policy Zone**: Alert
- **Recommended Action**: Raise a SOC alert and enrich the event context

#### Human Review
- **Required**: Yes
- **Confidence Threshold**: 0.7
- **Reason**: Detector confidence below the fixed 0.70 threshold.

#### Limitations
This report is limited to the detector and supplied SHAP evidence.","Prediction Summary
The detector predicted Backdoor with confidence 0.5333 and uncertainty 0.4667.

Evidence
1. ct_src_ltm: observed value=11; SHAP value=0.073017; direction=supports predicted class.
2. ct_dst_sport_ltm: observed value=2; SHAP value=0.030366; direction=supports predicted class.
3. proto_udp: observed value=0; SHAP value=0.027312; direction=supports predicted class.
4. ct_dst_src_ltm: observed value=2; SHAP value=0.025885; direction=supports predicted class.
5. proto_unas: observed value=1; SHAP value=0.024593; direction=supports predicted class.

Risk and Policy
The predicted operational stage is Command and Control. The confidence-weighted risk score is 4.2664, corresponding to the Alert policy zone.

Recommended Action
Raise a SOC alert and enrich the event context.

Human Review
Detector confidence below the fixed 0.70 threshold.

Limitations
This report is limited to the detector prediction, policy mapping, and five supplied local SHAP contributions. It does not establish ground truth or independently confirm an incident.",evidence_contract_renderer,True,129,False,False,False,5,True,0,False,5,True,True,False,Recommended Action,True,True,True,5,True,True
UNSW-OFFICIAL-5249,A4_verified_full,A3_constrained_full,2.0,verified,Exploits,False,"### Evidence-Grounded SOC Report

#### Prediction Summary
The predicted label is **Backdoor** with a confidence of **0.326** and an uncertainty score of **0.674**. The recommended action is to **Raise a SOC alert and enrich the event context**.

#### Evidence
1. **Protocol is not UDP** (Supports Predicted Class): The protocol is not UDP, which is a characteristic of backdoor attacks.
2. **sbytes = 200** (Supports Predicted Class): The size of the data transferred is 200 bytes, which is a typical characteristic of backdoor traffic.
3. **ct_dst_src_ltm = 5** (Supports Predicted Class): The destination traffic is from a specific source, which is a common pattern in backdoor communications.
4. **ct_srv_dst = 5** (Supports Predicted Class): The server destination is also from a specific source, indicating a backdoor connection.
5. **ct_dst_ltm = 2** (Supports Predicted Class): The destination traffic is from a specific destination, which is another characteristic of backdoor traffic.

#### Risk and Policy
- **Stage**: Command and Control
- **Risk Score**: 2.6114
- **Policy Zone**: Alert

#### Recommended Action
- **Recommended Action**: Raise a SOC alert and enrich the event context.

#### Human Review
- **Human Review Decision**: Required
- **Confidence Threshold**: 0.7
- **Reason**: Detector confidence below the fixed 0.70 threshold.

#### Limitations
- **Report Limitations**: The report is limited to the detector and supplied SHAP evidence. It does not include additional attack behavior, causes, impacts, IP addresses, hostnames, CVEs, malware, tools, or any other remediation details.","Prediction Summary
The detector predicted Backdoor with confidence 0.3264 and uncertainty 0.6736.

Evidence
1. proto_udp: observed value=0; SHAP value=0.021339; direction=supports predicted class.
2. sbytes: observed value=200; SHAP value=0.015896; direction=supports predicted class.
3. ct_dst_src_ltm: observed value=5; SHAP value=0.014529; direction=supports predicted class.
4. ct_srv_dst: observed value=5; SHAP value=0.009983; direction=supports predicted class.
5. ct_dst_ltm: observed value=2; SHAP value=0.009923; direction=supports predicted class.

Risk and Policy
The predicted operational stage is Command and Control. The confidence-weighted risk score is 2.6114, corresponding to the Alert policy zone.

Recommended Action
Raise a SOC alert and enrich the event context.

Human Review
Detector confidence below the fixed 0.70 threshold.

Limitations
This report is limited to the detector prediction, policy mapping, and five supplied local SHAP contributions. It does not establish ground truth or independently confirm an incident.",evidence_contract_renderer,True,129,True,True,True,5,True,0,False,5,True,True,False,,True,True,True,5,True,True
UNSW-OFFICIAL-5298,A4_verified_full,A3_constrained_full,2.0,verified,Worms,True,"### Evidence-Grounded SOC Report

#### Prediction Summary
The predicted label is **Worms** with a confidence of **0.489** and an uncertainty score of **0.511**. The recommended action is to **Raise a SOC alert and enrich the event context**.

#### Evidence
1. **sbytes**: **1302** (supports predicted class)
2. **smean**: **130** (supports predicted class)
3. **service_-**: **An application service is identified** (supports predicted class)
4. **tcprtt**: **0.239** (opposes predicted class)
5. **service_http**: **Service = http** (supports predicted class)

#### Risk and Policy
- **Stage**: Advanced Intrusion
- **Risk Score**: 4.1603
- **Policy Zone**: Alert

#### Recommended Action
- **Recommended Action**: Raise a SOC alert and enrich the event context.

#### Human Review
- **Human Review Required**: Yes
- **Confidence Threshold**: 0.7
- **Reason**: Detector confidence below the fixed 0.70 threshold.

#### Limitations
- **Report Limitations**: This report is limited to the detector and supplied SHAP evidence.","Prediction Summary
The detector predicted Worms with confidence 0.4895 and uncertainty 0.5105.

Evidence
1. sbytes: observed value=1302; SHAP value=0.086364; direction=supports predicted class.
2. smean: observed value=130; SHAP value=0.051034; direction=supports predicted class.
3. service_-: observed value=0; SHAP value=0.047716; direction=supports predicted class.
4. tcprtt: observed value=0.2393669933; SHAP value=-0.043152; direction=opposes predicted class.
5. service_http: observed value=1; SHAP value=0.040530; direction=supports predicted class.

Risk and Policy
The predicted operational stage is Advanced Intrusion. The confidence-weighted risk score is 4.1603, corresponding to the Alert policy zone.

Recommended Action
Raise a SOC alert and enrich the event context.

Human Review
Detector confidence below the fixed 0.70 threshold.

Limitations
This report is limited to the detector prediction, policy mapping, and five supplied local SHAP contributions. It does not establish ground truth or independently confirm an incident.",evidence_contract_renderer,True,128,True,True,True,5,True,0,False,5,True,True,False,,True,True,True,5,True,True
UNSW-OFFICIAL-5355,A4_verified_full,A3_constrained_full,2.0,verified,DoS,False,"### Evidence-Grounded SOC Report

#### Prediction Summary
The predicted label is **Backdoor** with a confidence of **0.3356** and an uncertainty score of **0.6644**. The recommended action is to **Raise a SOC alert and enrich the event context**.

#### Evidence
1. **Protocol is not UDP** (SHAP value: 0.0220, direction: supports predicted class)
2. **sbytes = 200** (SHAP value: 0.0167, direction: supports predicted class)
3. **ct_dst_src_ltm = 7** (SHAP value: 0.0160, direction: supports predicted class)
4. **ct_dst_sport_ltm = 3** (SHAP value: 0.0147, direction: supports predicted class)
5. **ct_srv_src = 7** (SHAP value: 0.0132, direction: supports predicted class)

#### Risk and Policy
- **Stage**: Command and Control
- **Risk Score**: 2.6851
- **Policy Zone**: Alert

#### Recommended Action
- **Recommended Action**: Raise a SOC alert and enrich the event context.

#### Human Review
- **Human Review Required**: Yes
- **Confidence Threshold**: 0.7
- **Reason**: Detector confidence below the fixed 0.70 threshold.

#### Limitations
- **Report Limitations**: This report is limited to the detector and supplied SHAP evidence. It does not include additional attack behavior, causes, impacts, IP addresses, hostnames, CVEs, malware, tools, or any other remediation details.","Prediction Summary
The detector predicted Backdoor with confidence 0.3356 and uncertainty 0.6644.

Evidence
1. proto_udp: observed value=0; SHAP value=0.022014; direction=supports predicted class.
2. sbytes: observed value=200; SHAP value=0.016696; direction=supports predicted class.
3. ct_dst_src_ltm: observed value=7; SHAP value=0.016037; direction=supports predicted class.
4. ct_dst_sport_ltm: observed value=3; SHAP value=0.014688; direction=supports predicted class.
5. ct_srv_src: observed value=7; SHAP value=0.013153; direction=supports predicted class.

Risk and Policy
The predicted operational stage is Command and Control. The confidence-weighted risk score is 2.6851, corresponding to the Alert policy zone.

Recommended Action
Raise a SOC alert and enrich the event context.

Human Review
Detector confidence below the fixed 0.70 threshold.

Limitations
This report is limited to the detector prediction, policy mapping, and five supplied local SHAP contributions. It does not establish ground truth or independently confirm an incident.",evidence_contract_renderer,False,129,True,True,True,5,True,5,True,5,True,True,False,,True,True,True,5,True,True
UNSW-OFFICIAL-5529,A4_verified_full,A3_constrained_full,2.0,verified,DoS,False,"### Evidence-Grounded SOC Report

#### Prediction Summary
The predicted label is **Backdoor** with a confidence of **0.2708783199516664** and an uncertainty score of **0.7291216800483336**. The recommended action is to **Raise a SOC alert and enrich the event context**.

#### Evidence
1. **Protocol is not UDP** (SHAP value: 0.0210630074143409, direction: supports predicted class)
2. **sbytes = 200** (SHAP value: 0.0147883435711264, direction: supports predicted class)
3. **ct_dst_sport_ltm = 2** (SHAP value: 0.0102570578455924, direction: supports predicted class)
4. **ct_dst_src_ltm = 6** (SHAP value: 0.0102124828845262, direction: supports predicted class)
5. **dpkts = 0** (SHAP value: 0.0071614757180213, direction: supports predicted class)

#### Risk and Policy
- **Risk Score:** 2.167
- **Policy Zone:** Alert
- **Recommended Action:** Raise a SOC alert and enrich the event context

#### Human Review
- **Human Review Required:** Yes
- **Confidence Threshold:** 0.7
- **Reason:** Detector confidence below the fixed 0.70 threshold.

#### Limitations
This report is limited to the detector and supplied SHAP evidence.","Prediction Summary
The detector predicted Backdoor with confidence 0.2709 and uncertainty 0.7291.

Evidence
1. proto_udp: observed value=0; SHAP value=0.021063; direction=supports predicted class.
2. sbytes: observed value=200; SHAP value=0.014788; direction=supports predicted class.
3. ct_dst_sport_ltm: observed value=2; SHAP value=0.010257; direction=supports predicted class.
4. ct_dst_src_ltm: observed value=6; SHAP value=0.010212; direction=supports predicted class.
5. dpkts: observed value=0; SHAP value=0.007161; direction=supports predicted class.

Risk and Policy
The predicted operational stage is Command and Control. The confidence-weighted risk score is 2.1670, corresponding to the Alert policy zone.

Recommended Action
Raise a SOC alert and enrich the event context.

Human Review
Detector confidence below the fixed 0.70 threshold.

Limitations
This report is limited to the detector prediction, policy mapping, and five supplied local SHAP contributions. It does not establish ground truth or independently confirm an incident.",evidence_contract_renderer,True,129,False,False,False,5,True,5,True,5,True,True,False,Recommended Action,True,True,True,5,True,True
UNSW-OFFICIAL-5562,A4_verified_full,A3_constrained_full,2.0,verified,DoS,False,"### Evidence-Grounded SOC Report

#### Prediction Summary
The predicted label is **Backdoor** with a confidence of **0.398** and an uncertainty score of **0.602**. The recommended action is to **Raise a SOC alert and enrich the event context**.

#### Evidence
1. **ct_src_ltm**: ct_src_ltm = 12, SHAP value = 0.046, direction = supports predicted class
2. **proto_udp**: Protocol is not udp, SHAP value = 0.023, direction = supports predicted class
3. **sbytes**: sbytes = 200, SHAP value = 0.02, direction = supports predicted class
4. **ct_dst_sport_ltm**: ct_dst_sport_ltm = 3, SHAP value = 0.02, direction = supports predicted class
5. **ct_dst_src_ltm**: ct_dst_src_ltm = 7, SHAP value = 0.02, direction = supports predicted class

#### Risk and Policy
- **Stage**: Command and Control
- **Risk Score**: 3.186
- **Policy Zone**: Alert

#### Recommended Action
- **Recommended Action**: Raise a SOC alert and enrich the event context.

#### Human Review
- **Human Review Required**: Yes
- **Confidence Threshold**: 0.7
- **Reason**: Detector confidence below the fixed 0.70 threshold.

#### Limitations
- **Report Limitations**: This report is limited to the detector and supplied SHAP evidence.","Prediction Summary
The detector predicted Backdoor with confidence 0.3982 and uncertainty 0.6018.

Evidence
1. ct_src_ltm: observed value=12; SHAP value=0.046328; direction=supports predicted class.
2. proto_udp: observed value=0; SHAP value=0.022979; direction=supports predicted class.
3. sbytes: observed value=200; SHAP value=0.020177; direction=supports predicted class.
4. ct_dst_sport_ltm: observed value=3; SHAP value=0.020022; direction=supports predicted class.
5. ct_dst_src_ltm: observed value=7; SHAP value=0.019414; direction=supports predicted class.

Risk and Policy
The predicted operational stage is Command and Control. The confidence-weighted risk score is 3.1860, corresponding to the Alert policy zone.

Recommended Action
Raise a SOC alert and enrich the event context.

Human Review
Detector confidence below the fixed 0.70 threshold.

Limitations
This report is limited to the detector prediction, policy mapping, and five supplied local SHAP contributions. It does not establish ground truth or independently confirm an incident.",evidence_contract_renderer,False,129,True,True,True,5,True,5,True,5,True,True,False,,True,True,True,5,True,True
UNSW-OFFICIAL-5574,A4_verified_full,A3_constrained_full,2.0,verified,Reconnaissance,False,"### Evidence-Grounded SOC Report

#### Prediction Summary
The predicted label is **Backdoor** with a confidence of **0.4149766679230612** and an uncertainty score of **0.5850233320769388**. The recommended action is to **Raise a SOC alert and enrich the event context**.

#### Evidence
1. **ct_src_ltm**: **10** (supports predicted class)
2. **proto_udp**: **0.0** (supports predicted class)
3. **sbytes**: **200** (supports predicted class)
4. **ct_dst_src_ltm**: **7** (supports predicted class)
5. **ct_dst_sport_ltm**: **2** (supports predicted class)

#### Risk and Policy
- **Stage**: Command and Control
- **Risk Score**: 3.3198
- **Policy Zone**: Alert

#### Recommended Action
- **Recommended Action**: Raise a SOC alert and enrich the event context.

#### Human Review
- **Human Review Required**: Yes
- **Confidence Threshold**: 0.7
- **Reason**: Detector confidence below the fixed 0.70 threshold.

#### Limitations
- **Report Limitations**: This report is limited to the detector and supplied SHAP evidence.","Prediction Summary
The detector predicted Backdoor with confidence 0.4150 and uncertainty 0.5850.

Evidence
1. ct_src_ltm: observed value=10; SHAP value=0.053172; direction=supports predicted class.
2. proto_udp: observed value=0; SHAP value=0.023741; direction=supports predicted class.
3. sbytes: observed value=200; SHAP value=0.018681; direction=supports predicted class.
4. ct_dst_src_ltm: observed value=7; SHAP value=0.016759; direction=supports predicted class.
5. ct_dst_sport_ltm: observed value=2; SHAP value=0.015607; direction=supports predicted class.

Risk and Policy
The predicted operational stage is Command and Control. The confidence-weighted risk score is 3.3198, corresponding to the Alert policy zone.

Recommended Action
Raise a SOC alert and enrich the event context.

Human Review
Detector confidence below the fixed 0.70 threshold.

Limitations
This report is limited to the detector prediction, policy mapping, and five supplied local SHAP contributions. It does not establish ground truth or independently confirm an incident.",evidence_contract_renderer,True,129,True,True,True,5,True,0,False,5,True,True,False,,True,True,True,5,True,True
UNSW-OFFICIAL-5722,A4_verified_full,A3_constrained_full,2.0,verified,Exploits,False,"### Evidence-Grounded SOC Report

#### Prediction Summary
The predicted label is **Backdoor** with a confidence of **0.268** and an uncertainty score of **0.732**. The recommended action is to **Raise a SOC alert and enrich the event context**.

#### Evidence
1. **Protocol is not UDP** (Supports Predicted Class)
2. **sbytes = 200** (Supports Predicted Class)
3. **ct_dst_sport_ltm = 2** (Supports Predicted Class)
4. **smean = 100** (Supports Predicted Class)
5. **ct_dst_src_ltm = 4** (Supports Predicted Class)

#### Risk and Policy
- **Stage**: Command and Control
- **Risk Score**: 2.1474
- **Policy Zone**: Alert

#### Recommended Action
- **Recommended Action**: Raise a SOC alert and enrich the event context.

#### Human Review
- **Human Review Required**: Yes
- **Confidence Threshold**: 0.7
- **Reason**: Detector confidence below the fixed 0.70 threshold.

#### Limitations
- **Report Limitations**: This report is limited to the detector and supplied SHAP evidence. It does not include additional attack behavior, causes, impacts, IP addresses, hostnames, CVEs, malware, tools, or any remediation steps.","Prediction Summary
The detector predicted Backdoor with confidence 0.2684 and uncertainty 0.7316.

Evidence
1. proto_udp: observed value=0; SHAP value=0.022765; direction=supports predicted class.
2. sbytes: observed value=200; SHAP value=0.015549; direction=supports predicted class.
3. ct_dst_sport_ltm: observed value=2; SHAP value=0.010563; direction=supports predicted class.
4. smean: observed value=100; SHAP value=0.007614; direction=supports predicted class.
5. ct_dst_src_ltm: observed value=4; SHAP value=0.007161; direction=supports predicted class.

Risk and Policy
The predicted operational stage is Command and Control. The confidence-weighted risk score is 2.1474, corresponding to the Alert policy zone.

Recommended Action
Raise a SOC alert and enrich the event context.

Human Review
Detector confidence below the fixed 0.70 threshold.

Limitations
This report is limited to the detector prediction, policy mapping, and five supplied local SHAP contributions. It does not establish ground truth or independently confirm an incident.",evidence_contract_renderer,True,129,True,True,True,5,True,0,False,5,True,True,False,,True,True,True,5,True,True
UNSW-OFFICIAL-6122,A4_verified_full,A3_constrained_full,2.0,verified,DoS,True,"### Evidence-Grounded SOC Report

**Prediction Summary:**
The predicted label is **DoS** with a confidence of **0.6186** and an uncertainty score of **0.3814**. The recommended action is to **Raise a SOC alert and enrich the event context**.

**Evidence:**
1. **dmean**: 129 (supports predicted class)
2. **response_body_len**: 95 (supports predicted class)
3. **dbytes**: 1030 (supports predicted class)
4. **sttl**: 62 (supports predicted class)
5. **dloss**: 2 (supports predicted class)

**Risk and Policy:**
- **Risk Score**: 4.3305
- **Policy Zone**: Alert
- **Recommended Action**: Raise a SOC alert and enrich the event context

**Human Review:**
- **Required**: Yes
- **Confidence Threshold**: 0.7
- **Reason**: Detector confidence below the fixed 0.70 threshold.

**Limitations:**
- The report is limited to the detector and supplied SHAP evidence.","Prediction Summary
The detector predicted DoS with confidence 0.6186 and uncertainty 0.3814.

Evidence
1. dmean: observed value=129; SHAP value=0.043109; direction=supports predicted class.
2. response_body_len: observed value=95; SHAP value=0.041403; direction=supports predicted class.
3. dbytes: observed value=1030; SHAP value=0.039838; direction=supports predicted class.
4. sttl: observed value=62; SHAP value=0.033908; direction=supports predicted class.
5. dloss: observed value=2; SHAP value=0.030404; direction=supports predicted class.

Risk and Policy
The predicted operational stage is Impact / Availability. The confidence-weighted risk score is 4.3305, corresponding to the Alert policy zone.

Recommended Action
Raise a SOC alert and enrich the event context.

Human Review
Detector confidence below the fixed 0.70 threshold.

Limitations
This report is limited to the detector prediction, policy mapping, and five supplied local SHAP contributions. It does not establish ground truth or independently confirm an incident.",evidence_contract_renderer,True,129,False,False,False,5,True,0,False,5,True,True,False,Recommended Action,True,True,True,5,True,True
UNSW-OFFICIAL-6144,A4_verified_full,A3_constrained_full,2.0,verified,Shellcode,True,"### Evidence-Grounded SOC Report

#### Prediction Summary
The predicted label is ""Shellcode"" with a confidence of 0.2878 and an uncertainty score of 0.7122. The predicted stage is ""Advanced Intrusion"" with a risk score of 2.4466.

#### Evidence
1. **Service = unspecified** - Observed Value: 1.0, SHAP Value: 0.024052, Direction: supports predicted class
2. **smean = 102** - Observed Value: 102.0, SHAP Value: 0.023688, Direction: supports predicted class
3. **sbytes = 1018** - Observed Value: 1018.0, SHAP Value: 0.020896, Direction: supports predicted class
4. **ct_dst_src_ltm = 1** - Observed Value: 1.0, SHAP Value: 0.018048, Direction: supports predicted class
5. **Service is not http** - Observed Value: 0.0, SHAP Value: 0.015848, Direction: supports predicted class

#### Risk and Policy
**Recommended Action:** Raise a SOC alert and enrich the event context.

#### Human Review
**Human Review Decision:** Required

**Human Review Confidence Threshold:** 0.7

**Reason:** Detector confidence below the fixed 0.70 threshold.

#### Limitations
This report is limited to the detector and supplied SHAP evidence.","Prediction Summary
The detector predicted Shellcode with confidence 0.2878 and uncertainty 0.7122.

Evidence
1. service_-: observed value=1; SHAP value=0.024052; direction=supports predicted class.
2. smean: observed value=102; SHAP value=0.023688; direction=supports predicted class.
3. sbytes: observed value=1018; SHAP value=0.020896; direction=supports predicted class.
4. ct_dst_src_ltm: observed value=1; SHAP value=0.018048; direction=supports predicted class.
5. service_http: observed value=0; SHAP value=0.015848; direction=supports predicted class.

Risk and Policy
The predicted operational stage is Advanced Intrusion. The confidence-weighted risk score is 2.4466, corresponding to the Alert policy zone.

Recommended Action
Raise a SOC alert and enrich the event context.

Human Review
Detector confidence below the fixed 0.70 threshold.

Limitations
This report is limited to the detector prediction, policy mapping, and five supplied local SHAP contributions. It does not establish ground truth or independently confirm an incident.",evidence_contract_renderer,True,128,False,False,False,5,True,5,True,5,True,True,False,Recommended Action,True,True,True,5,True,True
UNSW-OFFICIAL-6304,A4_verified_full,A3_constrained_full,2.0,verified,Worms,True,"### Evidence-Grounded SOC Report

#### Prediction Summary
The predicted label is **Worms** with a confidence of **0.552776** and an uncertainty score of **0.447224**. The recommended action is to **Raise a SOC alert and enrich the event context**.

#### Evidence
1. **sbytes**: The observed value is **1302**. The SHAP value is **0.079389**, supporting the predicted class.
2. **smean**: The observed value is **130.0**. The SHAP value is **0.054984**, supporting the predicted class.
3. **service_-**: The observed value is **0.0**. The SHAP value is **0.044866**, supporting the predicted class.
4. **ct_flw_http_mthd**: The observed value is **1.0**. The SHAP value is **0.042658**, supporting the predicted class.
5. **service_http**: The observed value is **1.0**. The SHAP value is **0.039901**, supporting the predicted class.

#### Risk and Policy
- **Stage**: Advanced Intrusion
- **Risk Score**: 4.6986
- **Policy Zone**: Alert

#### Recommended Action
- **Recommended Action**: Raise a SOC alert and enrich the event context.

#### Human Review
- **Human Review Required**: Yes
- **Confidence Threshold**: 0.70
- **Reason**: Detector confidence below the fixed 0.70 threshold.

#### Limitations
- **Report Limitations**: This report is limited to the detector and supplied SHAP evidence.","Prediction Summary
The detector predicted Worms with confidence 0.5528 and uncertainty 0.4472.

Evidence
1. sbytes: observed value=1302; SHAP value=0.079389; direction=supports predicted class.
2. smean: observed value=130; SHAP value=0.054984; direction=supports predicted class.
3. service_-: observed value=0; SHAP value=0.044866; direction=supports predicted class.
4. ct_flw_http_mthd: observed value=1; SHAP value=0.042658; direction=supports predicted class.
5. service_http: observed value=1; SHAP value=0.039901; direction=supports predicted class.

Risk and Policy
The predicted operational stage is Advanced Intrusion. The confidence-weighted risk score is 4.6986, corresponding to the Alert policy zone.

Recommended Action
Raise a SOC alert and enrich the event context.

Human Review
Detector confidence below the fixed 0.70 threshold.

Limitations
This report is limited to the detector prediction, policy mapping, and five supplied local SHAP contributions. It does not establish ground truth or independently confirm an incident.",evidence_contract_renderer,True,128,True,True,True,5,True,5,True,0,False,True,False,,True,True,True,5,True,True
UNSW-OFFICIAL-6482,A4_verified_full,A3_constrained_full,2.0,verified,Worms,True,"### Evidence-Grounded SOC Report

#### Prediction Summary
The predicted label is **Worms** with a confidence of **0.493** and an uncertainty score of **0.507**. The recommended action is to **Raise a SOC alert and enrich the event context**.

#### Evidence
1. **service_http**: Service = http (Supports predicted class)
2. **trans_depth**: trans_depth = 1 (Supports predicted class)
3. **service_-**: An application service is identified (Supports predicted class)
4. **ct_flw_http_mthd**: ct_flw_http_mthd = 1 (Supports predicted class)
5. **sbytes**: sbytes = 8682 (Supports predicted class)

#### Risk and Policy
- **Stage**: Advanced Intrusion
- **Risk Score**: 4.1947
- **Policy Zone**: Alert

#### Recommended Action
- **Recommended Action**: Raise a SOC alert and enrich the event context.

#### Human Review
- **Human Review Required**: Yes
- **Confidence Threshold**: 0.7
- **Reason**: Detector confidence below the fixed 0.70 threshold.

#### Limitations
- **Report Limitations**: This report is limited to the detector and supplied SHAP evidence.","Prediction Summary
The detector predicted Worms with confidence 0.4935 and uncertainty 0.5065.

Evidence
1. service_http: observed value=1; SHAP value=0.040784; direction=supports predicted class.
2. trans_depth: observed value=1; SHAP value=0.039641; direction=supports predicted class.
3. service_-: observed value=0; SHAP value=0.037958; direction=supports predicted class.
4. ct_flw_http_mthd: observed value=1; SHAP value=0.037617; direction=supports predicted class.
5. sbytes: observed value=8682; SHAP value=0.026126; direction=supports predicted class.

Risk and Policy
The predicted operational stage is Advanced Intrusion. The confidence-weighted risk score is 4.1947, corresponding to the Alert policy zone.

Recommended Action
Raise a SOC alert and enrich the event context.

Human Review
Detector confidence below the fixed 0.70 threshold.

Limitations
This report is limited to the detector prediction, policy mapping, and five supplied local SHAP contributions. It does not establish ground truth or independently confirm an incident.",evidence_contract_renderer,True,128,True,True,True,5,True,0,False,5,True,True,False,,True,True,True,5,True,True
UNSW-OFFICIAL-6546,A4_verified_full,A3_constrained_full,2.0,verified,DoS,True,"### Evidence-Grounded SOC Report

#### Prediction Summary
The predicted label is ""DoS"" with a confidence of 0.2855 and an uncertainty score of 0.7145. The recommended action is to log the event and continue monitoring.

#### Evidence
1. **Protocol is not UDP** (Supports predicted class)
2. **sbytes = 180** (Supports predicted class)
3. **ct_dst_sport_ltm = 3** (Supports predicted class)
4. **smean = 90** (Supports predicted class)
5. **ct_dst_src_ltm = 3** (Supports predicted class)

#### Risk and Policy
- **Stage**: Impact / Availability
- **Risk Score**: 1.9987
- **Policy Zone**: Monitor
- **Recommended Action**: Log the event and continue monitoring

#### Human Review
- **Required**: Yes
- **Confidence Threshold**: 0.7
- **Reason**: Detector confidence below the fixed 0.70 threshold.

#### Limitations
This report is limited to the detector and supplied SHAP evidence.","Prediction Summary
The detector predicted DoS with confidence 0.2855 and uncertainty 0.7145.

Evidence
1. proto_udp: observed value=0; SHAP value=0.020335; direction=supports predicted class.
2. sbytes: observed value=180; SHAP value=0.017333; direction=supports predicted class.
3. ct_dst_sport_ltm: observed value=3; SHAP value=0.013033; direction=supports predicted class.
4. smean: observed value=90; SHAP value=0.010431; direction=supports predicted class.
5. ct_dst_src_ltm: observed value=3; SHAP value=0.008071; direction=supports predicted class.

Risk and Policy
The predicted operational stage is Impact / Availability. The confidence-weighted risk score is 1.9987, corresponding to the Monitor policy zone.

Recommended Action
Log the event and continue monitoring.

Human Review
Detector confidence below the fixed 0.70 threshold.

Limitations
This report is limited to the detector prediction, policy mapping, and five supplied local SHAP contributions. It does not establish ground truth or independently confirm an incident.",evidence_contract_renderer,True,126,False,False,False,5,True,0,False,5,True,True,False,Recommended Action,True,True,True,5,True,True
UNSW-OFFICIAL-6585,A4_verified_full,A3_constrained_full,2.0,verified,DoS,False,"### Evidence-Grounded SOC Report

#### Prediction Summary
The predicted label is **Backdoor** with a confidence of **0.3356** and an uncertainty score of **0.6644**. The recommended action is to **Raise a SOC alert and enrich the event context**.

#### Evidence
1. **Protocol is not UDP** (Feature: proto_udp, Observed Value: 0.0, SHAP Value: 0.0305, Direction: supports predicted class)
2. **ct_src_ltm = 6** (Feature: ct_src_ltm, Observed Value: 6.0, SHAP Value: 0.0209, Direction: supports predicted class)
3. **sbytes = 200** (Feature: sbytes, Observed Value: 200.0, SHAP Value: 0.0167, Direction: supports predicted class)
4. **ct_dst_src_ltm = 6** (Feature: ct_dst_src_ltm, Observed Value: 6.0, SHAP Value: 0.0142, Direction: supports predicted class)
5. **Protocol = UNAS** (Feature: proto_unas, Observed Value: 1.0, SHAP Value: 0.0128, Direction: supports predicted class)

#### Risk and Policy
- **Risk Score:** 2.6851
- **Policy Zone:** Alert
- **Recommended Action:** Raise a SOC alert and enrich the event context

#### Human Review
- **Human Review Required:** Yes
- **Confidence Threshold:** 0.70
- **Reason:** Detector confidence below the fixed 0.70 threshold.

#### Limitations
This report is limited to the detector and supplied SHAP evidence.","Prediction Summary
The detector predicted Backdoor with confidence 0.3356 and uncertainty 0.6644.

Evidence
1. proto_udp: observed value=0; SHAP value=0.030516; direction=supports predicted class.
2. ct_src_ltm: observed value=6; SHAP value=0.020899; direction=supports predicted class.
3. sbytes: observed value=200; SHAP value=0.016683; direction=supports predicted class.
4. ct_dst_src_ltm: observed value=6; SHAP value=0.014194; direction=supports predicted class.
5. proto_unas: observed value=1; SHAP value=0.012787; direction=supports predicted class.

Risk and Policy
The predicted operational stage is Command and Control. The confidence-weighted risk score is 2.6851, corresponding to the Alert policy zone.

Recommended Action
Raise a SOC alert and enrich the event context.

Human Review
Detector confidence below the fixed 0.70 threshold.

Limitations
This report is limited to the detector prediction, policy mapping, and five supplied local SHAP contributions. It does not establish ground truth or independently confirm an incident.",evidence_contract_renderer,True,129,False,False,False,5,True,5,True,5,True,True,False,Recommended Action,True,True,True,5,True,True
UNSW-OFFICIAL-6668,A4_verified_full,A3_constrained_full,2.0,verified,Worms,False,"### SOC Report

#### Prediction Summary
The predicted label is ""Exploits"" with a confidence of 0.4566 and an uncertainty score of 0.5434. The recommended action is to raise a SOC alert and enrich the event context.

#### Evidence
1. **dmean**: 1283 (supports predicted class)
2. **dbytes**: 482584 (supports predicted class)
3. **dloss**: 185 (supports predicted class)
4. **dttl**: 252 (supports predicted class)
5. **dload**: 691755.25 (supports predicted class)

#### Risk and Policy
- **Risk Score**: 2.9679
- **Policy Zone**: Alert
- **Recommended Action**: Raise a SOC alert and enrich the event context.

#### Human Review
- **Human Review Required**: Yes
- **Confidence Threshold**: 0.7
- **Reason**: Detector confidence below the fixed 0.70 threshold.

#### Limitations
- The report is limited to the detector and supplied SHAP evidence.","Prediction Summary
The detector predicted Exploits with confidence 0.4566 and uncertainty 0.5434.

Evidence
1. dmean: observed value=1283; SHAP value=0.061805; direction=supports predicted class.
2. dbytes: observed value=482584; SHAP value=0.034101; direction=supports predicted class.
3. dloss: observed value=185; SHAP value=0.030561; direction=supports predicted class.
4. dttl: observed value=252; SHAP value=0.023567; direction=supports predicted class.
5. dload: observed value=691755.25; SHAP value=0.023445; direction=supports predicted class.

Risk and Policy
The predicted operational stage is Exploitation. The confidence-weighted risk score is 2.9679, corresponding to the Alert policy zone.

Recommended Action
Raise a SOC alert and enrich the event context.

Human Review
Detector confidence below the fixed 0.70 threshold.

Limitations
This report is limited to the detector prediction, policy mapping, and five supplied local SHAP contributions. It does not establish ground truth or independently confirm an incident.",evidence_contract_renderer,True,127,False,False,False,5,True,0,False,5,True,True,False,Recommended Action,True,True,True,5,True,True
UNSW-OFFICIAL-6765,A4_verified_full,A3_constrained_full,2.0,verified,Backdoor,True,"### Evidence-Grounded SOC Report

#### Prediction Summary
The predicted label is **Backdoor** with a confidence of **0.275** and an uncertainty score of **0.725**. The recommended action is to **Raise a SOC alert and enrich the event context**.

#### Evidence
1. **Protocol is not UDP** (Supports Predicted Class)
2. **sbytes = 200** (Supports Predicted Class)
3. **ct_dst_sport_ltm = 3** (Supports Predicted Class)
4. **ct_dst_src_ltm = 6** (Supports Predicted Class)
5. **smean = 100** (Supports Predicted Class)

#### Risk and Policy
- **Stage**: Command and Control
- **Risk Score**: 2.202
- **Policy Zone**: Alert

#### Recommended Action
- **Recommended Action**: Raise a SOC alert and enrich the event context.

#### Human Review
- **Human Review Required**: Yes
- **Confidence Threshold**: 0.7
- **Reason**: Detector confidence below the fixed 0.70 threshold.

#### Limitations
- **Report Limitations**: This report is limited to the detector and supplied SHAP evidence. It does not include additional attack behavior, causes, impacts, IP addresses, hostnames, CVEs, malware, tools, or any remediation steps.","Prediction Summary
The detector predicted Backdoor with confidence 0.2753 and uncertainty 0.7247.

Evidence
1. proto_udp: observed value=0; SHAP value=0.023434; direction=supports predicted class.
2. sbytes: observed value=200; SHAP value=0.016543; direction=supports predicted class.
3. ct_dst_sport_ltm: observed value=3; SHAP value=0.010651; direction=supports predicted class.
4. ct_dst_src_ltm: observed value=6; SHAP value=0.008930; direction=supports predicted class.
5. smean: observed value=100; SHAP value=0.007871; direction=supports predicted class.

Risk and Policy
The predicted operational stage is Command and Control. The confidence-weighted risk score is 2.2020, corresponding to the Alert policy zone.

Recommended Action
Raise a SOC alert and enrich the event context.

Human Review
Detector confidence below the fixed 0.70 threshold.

Limitations
This report is limited to the detector prediction, policy mapping, and five supplied local SHAP contributions. It does not establish ground truth or independently confirm an incident.",evidence_contract_renderer,True,129,True,True,True,5,True,0,False,5,True,True,False,,True,True,True,5,True,True
UNSW-OFFICIAL-7009,A4_verified_full,A3_constrained_full,2.0,verified,Analysis,False,"### Evidence-Grounded SOC Report

#### Prediction Summary
The predicted label is **Backdoor** with a confidence of **0.477** and an uncertainty score of **0.523**. The recommended action is to **Raise a SOC alert and enrich the event context**.

#### Evidence
1. **ct_src_ltm**: ct_src_ltm = 18, SHAP value = 0.043, direction = supports predicted class
2. **ct_dst_sport_ltm**: ct_dst_sport_ltm = 3, SHAP value = 0.028, direction = supports predicted class
3. **proto_udp**: Protocol is not udp, SHAP value = 0.024, direction = supports predicted class
4. **sbytes**: sbytes = 200, SHAP value = 0.023, direction = supports predicted class
5. **proto_pgm**: Protocol = pgm, SHAP value = 0.022, direction = supports predicted class

#### Risk and Policy
- **Stage**: Command and Control
- **Risk Score**: 3.8194
- **Policy Zone**: Alert
- **Recommended Action**: Raise a SOC alert and enrich the event context

#### Human Review
- **Required**: Yes
- **Confidence Threshold**: 0.7
- **Reason**: Detector confidence below the fixed 0.70 threshold.

#### Limitations
This report is limited to the detector and supplied SHAP evidence.","Prediction Summary
The detector predicted Backdoor with confidence 0.4774 and uncertainty 0.5226.

Evidence
1. ct_src_ltm: observed value=18; SHAP value=0.043431; direction=supports predicted class.
2. ct_dst_sport_ltm: observed value=3; SHAP value=0.027882; direction=supports predicted class.
3. proto_udp: observed value=0; SHAP value=0.024319; direction=supports predicted class.
4. sbytes: observed value=200; SHAP value=0.022607; direction=supports predicted class.
5. proto_pgm: observed value=1; SHAP value=0.021786; direction=supports predicted class.

Risk and Policy
The predicted operational stage is Command and Control. The confidence-weighted risk score is 3.8194, corresponding to the Alert policy zone.

Recommended Action
Raise a SOC alert and enrich the event context.

Human Review
Detector confidence below the fixed 0.70 threshold.

Limitations
This report is limited to the detector prediction, policy mapping, and five supplied local SHAP contributions. It does not establish ground truth or independently confirm an incident.",evidence_contract_renderer,True,129,False,False,False,5,True,5,True,5,True,True,False,Recommended Action,True,True,True,5,True,True
UNSW-OFFICIAL-7010,A4_verified_full,A3_constrained_full,2.0,verified,Exploits,False,"### Evidence-Grounded SOC Report

#### Prediction Summary
The predicted label is **Backdoor** with a confidence of **0.287** and an uncertainty score of **0.713**. The recommended action is to **Raise a SOC alert and enrich the event context**.

#### Evidence
1. **Protocol is not UDP** (Supports Predicted Class): The SHAP value is **0.035**.
2. **sbytes = 200** (Supports Predicted Class): The SHAP value is **0.019**.
3. **ct_dst_src_ltm = 7** (Supports Predicted Class): The SHAP value is **0.012**.
4. **Protocol = idrp** (Supports Predicted Class): The SHAP value is **0.011**.
5. **ct_srv_src = 7** (Supports Predicted Class): The SHAP value is **0.011**.

#### Risk and Policy
- **Stage**: Command and Control
- **Risk Score**: 2.2995
- **Policy Zone**: Alert

#### Recommended Action
- **Recommended Action**: Raise a SOC alert and enrich the event context.

#### Human Review
- **Human Review Required**: Yes
- **Confidence Threshold**: 0.7
- **Reason**: Detector confidence below the fixed 0.70 threshold.

#### Limitations
- **Report Limitations**: This report is limited to the detector and supplied SHAP evidence. It does not include additional attack behavior, causes, impacts, IP addresses, hostnames, CVEs, malware, tools, or any remediation steps.","Prediction Summary
The detector predicted Backdoor with confidence 0.2874 and uncertainty 0.7126.

Evidence
1. proto_udp: observed value=0; SHAP value=0.035032; direction=supports predicted class.
2. sbytes: observed value=200; SHAP value=0.018913; direction=supports predicted class.
3. ct_dst_src_ltm: observed value=7; SHAP value=0.011570; direction=supports predicted class.
4. proto_idrp: observed value=1; SHAP value=0.011487; direction=supports predicted class.
5. ct_srv_src: observed value=7; SHAP value=0.010866; direction=supports predicted class.

Risk and Policy
The predicted operational stage is Command and Control. The confidence-weighted risk score is 2.2995, corresponding to the Alert policy zone.

Recommended Action
Raise a SOC alert and enrich the event context.

Human Review
Detector confidence below the fixed 0.70 threshold.

Limitations
This report is limited to the detector prediction, policy mapping, and five supplied local SHAP contributions. It does not establish ground truth or independently confirm an incident.",evidence_contract_renderer,False,129,True,True,True,5,True,5,True,5,True,True,False,,True,True,True,5,True,True
UNSW-OFFICIAL-7015,A4_verified_full,A3_constrained_full,2.0,verified,DoS,False,"### Evidence-Grounded SOC Report

#### Prediction Summary
The predicted label is **Backdoor** with a confidence of **0.3406713930383132** and an uncertainty score of **0.6593286069616868**. The recommended action is to **Raise a SOC alert and enrich the event context**.

#### Evidence
1. **Protocol is not udp** (Observed Value: 0.0, SHAP Value: 0.0244394000619649, Direction: supports predicted class)
2. **Protocol = mobile** (Observed Value: 1.0, SHAP Value: 0.0182738378643989, Direction: supports predicted class)
3. **sbytes = 200** (Observed Value: 200.0, SHAP Value: 0.0166854802519083, Direction: supports predicted class)
4. **ct_srv_src = 5** (Observed Value: 5.0, SHAP Value: 0.0153640136122703, Direction: supports predicted class)
5. **ct_dst_sport_ltm = 3** (Observed Value: 3.0, SHAP Value: 0.0151604367420077, Direction: supports predicted class)

#### Risk and Policy
- **Stage**: Command and Control
- **Risk Score**: 2.7254
- **Policy Zone**: Alert
- **Recommended Action**: Raise a SOC alert and enrich the event context

#### Human Review
- **Required**: Yes
- **Confidence Threshold**: 0.7
- **Reason**: Detector confidence below the fixed 0","Prediction Summary
The detector predicted Backdoor with confidence 0.3407 and uncertainty 0.6593.

Evidence
1. proto_udp: observed value=0; SHAP value=0.024439; direction=supports predicted class.
2. proto_mobile: observed value=1; SHAP value=0.018274; direction=supports predicted class.
3. sbytes: observed value=200; SHAP value=0.016685; direction=supports predicted class.
4. ct_srv_src: observed value=5; SHAP value=0.015364; direction=supports predicted class.
5. ct_dst_sport_ltm: observed value=3; SHAP value=0.015160; direction=supports predicted class.

Risk and Policy
The predicted operational stage is Command and Control. The confidence-weighted risk score is 2.7254, corresponding to the Alert policy zone.

Recommended Action
Raise a SOC alert and enrich the event context.

Human Review
Detector confidence below the fixed 0.70 threshold.

Limitations
This report is limited to the detector prediction, policy mapping, and five supplied local SHAP contributions. It does not establish ground truth or independently confirm an incident.",evidence_contract_renderer,True,129,False,False,False,5,True,5,True,5,True,True,True,Recommended Action|Limitations,True,True,True,5,True,True
UNSW-OFFICIAL-7340,A4_verified_full,A3_constrained_full,2.0,verified,Reconnaissance,False,"### Evidence-Grounded SOC Report

#### Prediction Summary
The predicted label is **Backdoor** with a confidence of **0.3009** and an uncertainty score of **0.6991**. The recommended action is to **Raise a SOC alert and enrich the event context**.

#### Evidence
1. **Protocol is not UDP** (Supports Predicted Class)
2. **sbytes = 200** (Supports Predicted Class)
3. **ct_dst_sport_ltm = 2** (Supports Predicted Class)
4. **ct_dst_src_ltm = 6** (Supports Predicted Class)
5. **dpkts = 0** (Supports Predicted Class)

#### Risk and Policy
- **Risk Score:** 2.4074
- **Policy Zone:** Alert
- **Recommended Action:** Raise a SOC alert and enrich the event context.

#### Human Review
- **Human Review Required:** Yes
- **Confidence Threshold:** 0.70
- **Reason:** Detector confidence below the fixed 0.70 threshold.

#### Limitations
This report is limited to the detector and supplied SHAP evidence.","Prediction Summary
The detector predicted Backdoor with confidence 0.3009 and uncertainty 0.6991.

Evidence
1. proto_udp: observed value=0; SHAP value=0.023884; direction=supports predicted class.
2. sbytes: observed value=200; SHAP value=0.016107; direction=supports predicted class.
3. ct_dst_sport_ltm: observed value=2; SHAP value=0.012643; direction=supports predicted class.
4. ct_dst_src_ltm: observed value=6; SHAP value=0.010316; direction=supports predicted class.
5. dpkts: observed value=0; SHAP value=0.007596; direction=supports predicted class.

Risk and Policy
The predicted operational stage is Command and Control. The confidence-weighted risk score is 2.4074, corresponding to the Alert policy zone.

Recommended Action
Raise a SOC alert and enrich the event context.

Human Review
Detector confidence below the fixed 0.70 threshold.

Limitations
This report is limited to the detector prediction, policy mapping, and five supplied local SHAP contributions. It does not establish ground truth or independently confirm an incident.",evidence_contract_renderer,True,129,False,False,False,5,True,0,False,5,True,True,False,Recommended Action,True,True,True,5,True,True
UNSW-OFFICIAL-7367,A4_verified_full,A3_constrained_full,2.0,verified,Shellcode,False,"### Evidence-Grounded SOC Report

#### Prediction Summary
The predicted label is ""Fuzzers"" with a confidence of 0.464 and an uncertainty score of 0.536. The predicted stage is ""Exploitation"" with a risk score of 3.017.

#### Evidence
1. **Protocol = udp** (Supports predicted class)
2. **ct_dst_src_ltm = 4** (Supports predicted class)
3. **ct_srv_dst = 4** (Supports predicted class)
4. **ct_src_dport_ltm = 1** (Opposes predicted class)
5. **smean = 156** (Supports predicted class)

#### Risk and Policy
- **Stage:** Exploitation
- **Risk Score:** 3.017
- **Policy Zone:** Alert
- **Recommended Action:** Raise a SOC alert and enrich the event context.

#### Human Review
- **Required:** Yes
- **Confidence Threshold:** 0.7
- **Reason:** Detector confidence below the fixed 0.70 threshold.

#### Limitations
- The report is limited to the detector and supplied SHAP evidence.","Prediction Summary
The detector predicted Fuzzers with confidence 0.4642 and uncertainty 0.5358.

Evidence
1. proto_udp: observed value=1; SHAP value=0.109470; direction=supports predicted class.
2. ct_dst_src_ltm: observed value=4; SHAP value=0.072804; direction=supports predicted class.
3. ct_srv_dst: observed value=4; SHAP value=0.052075; direction=supports predicted class.
4. ct_src_dport_ltm: observed value=1; SHAP value=-0.038504; direction=opposes predicted class.
5. smean: observed value=156; SHAP value=0.034487; direction=supports predicted class.

Risk and Policy
The predicted operational stage is Exploitation. The confidence-weighted risk score is 3.0171, corresponding to the Alert policy zone.

Recommended Action
Raise a SOC alert and enrich the event context.

Human Review
Detector confidence below the fixed 0.70 threshold.

Limitations
This report is limited to the detector prediction, policy mapping, and five supplied local SHAP contributions. It does not establish ground truth or independently confirm an incident.",evidence_contract_renderer,True,127,False,False,False,5,True,0,False,5,True,True,False,Recommended Action,True,True,True,5,True,True
UNSW-OFFICIAL-7394,A4_verified_full,A3_constrained_full,2.0,verified,DoS,True,"### Evidence-Grounded SOC Report

#### Prediction Summary
The predicted label is ""DoS"" with a confidence of 0.2705 and an uncertainty score of 0.7294. The recommended action is to log the event and continue monitoring.

#### Evidence
1. **Protocol is not UDP** (Supports predicted class)
2. **sbytes = 200** (Supports predicted class)
3. **ct_dst_sport_ltm = 2** (Supports predicted class)
4. **smean = 100** (Supports predicted class)
5. **sloss = 0** (Supports predicted class)

#### Risk and Policy
- **Risk Score:** 1.8938
- **Policy Zone:** Monitor
- **Recommended Action:** Log the event and continue monitoring

#### Human Review
- **Required:** Yes
- **Confidence Threshold:** 0.7
- **Reason:** Detector confidence below the fixed 0.70 threshold.

#### Limitations
This report is limited to the detector and supplied SHAP evidence.","Prediction Summary
The detector predicted DoS with confidence 0.2705 and uncertainty 0.7295.

Evidence
1. proto_udp: observed value=0; SHAP value=0.018976; direction=supports predicted class.
2. sbytes: observed value=200; SHAP value=0.016152; direction=supports predicted class.
3. ct_dst_sport_ltm: observed value=2; SHAP value=0.010275; direction=supports predicted class.
4. smean: observed value=100; SHAP value=0.008436; direction=supports predicted class.
5. sloss: observed value=0; SHAP value=0.006244; direction=supports predicted class.

Risk and Policy
The predicted operational stage is Impact / Availability. The confidence-weighted risk score is 1.8938, corresponding to the Monitor policy zone.

Recommended Action
Log the event and continue monitoring.

Human Review
Detector confidence below the fixed 0.70 threshold.

Limitations
This report is limited to the detector prediction, policy mapping, and five supplied local SHAP contributions. It does not establish ground truth or independently confirm an incident.",evidence_contract_renderer,True,126,False,False,False,5,True,0,False,5,True,True,False,Recommended Action,True,True,True,5,True,True
UNSW-OFFICIAL-7562,A4_verified_full,A3_constrained_full,2.0,verified,Exploits,True,"### Evidence-Grounded SOC Report

#### Prediction Summary
The predicted label is ""Exploits"" with a confidence of 0.4766 and an uncertainty score of 0.5233. The recommended action is to raise a SOC alert and enrich the event context.

#### Evidence
1. **smean**: 114 (supports predicted class)
2. **sbytes**: 1144 (supports predicted class)
3. **sload**: 19522.4 (supports predicted class)
4. **service_-**: An application service is identified (supports predicted class)
5. **dinpkt**: 78.2424 (supports predicted class)

#### Risk and Policy
- **Risk Score**: 3.0982
- **Policy Zone**: Alert
- **Recommended Action**: Raise a SOC alert and enrich the event context

#### Recommended Action
- **Human Review**: Required
- **Confidence Threshold**: 0.7
- **Reason**: Detector confidence below the fixed 0.70 threshold.

#### Limitations
- **Report Limitations**: The report is limited to the detector and supplied SHAP evidence.","Prediction Summary
The detector predicted Exploits with confidence 0.4766 and uncertainty 0.5234.

Evidence
1. smean: observed value=114; SHAP value=0.055045; direction=supports predicted class.
2. sbytes: observed value=1144; SHAP value=0.054372; direction=supports predicted class.
3. sload: observed value=19522.41211; SHAP value=0.026066; direction=supports predicted class.
4. service_-: observed value=0; SHAP value=0.024883; direction=supports predicted class.
5. dinpkt: observed value=78.24240112; SHAP value=0.017834; direction=supports predicted class.

Risk and Policy
The predicted operational stage is Exploitation. The confidence-weighted risk score is 3.0982, corresponding to the Alert policy zone.

Recommended Action
Raise a SOC alert and enrich the event context.

Human Review
Detector confidence below the fixed 0.70 threshold.

Limitations
This report is limited to the detector prediction, policy mapping, and five supplied local SHAP contributions. It does not establish ground truth or independently confirm an incident.",evidence_contract_renderer,True,127,False,False,False,5,True,0,False,5,True,True,False,Human Review,True,True,True,5,True,True
UNSW-OFFICIAL-7657,A4_verified_full,A3_constrained_full,2.0,verified,Reconnaissance,False,"### Evidence-Grounded SOC Report

#### Prediction Summary
The predicted label is **Backdoor** with a confidence of **0.296** and an uncertainty score of **0.704**. The recommended action is to **Raise a SOC alert and enrich the event context**.

#### Evidence
1. **Protocol is not UDP** (Supports Predicted Class)
2. **sbytes = 200** (Supports Predicted Class)
3. **ct_dst_sport_ltm = 2** (Supports Predicted Class)
4. **ct_dst_src_ltm = 4** (Supports Predicted Class)
5. **smean = 100** (Supports Predicted Class)

#### Risk and Policy
- **Stage**: Command and Control
- **Risk Score**: 2.3707
- **Policy Zone**: Alert

#### Recommended Action
- **Recommended Action**: Raise a SOC alert and enrich the event context.

#### Human Review
- **Human Review Required**: Yes
- **Confidence Threshold**: 0.7
- **Reason**: Detector confidence below the fixed 0.70 threshold.

#### Limitations
- **Report Limitations**: This report is limited to the detector and supplied SHAP evidence. It does not include additional attack behavior, causes, impacts, IP addresses, hostnames, CVEs, malware, tools, or any remediation steps.","Prediction Summary
The detector predicted Backdoor with confidence 0.2963 and uncertainty 0.7037.

Evidence
1. proto_udp: observed value=0; SHAP value=0.023260; direction=supports predicted class.
2. sbytes: observed value=200; SHAP value=0.016225; direction=supports predicted class.
3. ct_dst_sport_ltm: observed value=2; SHAP value=0.011832; direction=supports predicted class.
4. ct_dst_src_ltm: observed value=4; SHAP value=0.011577; direction=supports predicted class.
5. smean: observed value=100; SHAP value=0.008313; direction=supports predicted class.

Risk and Policy
The predicted operational stage is Command and Control. The confidence-weighted risk score is 2.3707, corresponding to the Alert policy zone.

Recommended Action
Raise a SOC alert and enrich the event context.

Human Review
Detector confidence below the fixed 0.70 threshold.

Limitations
This report is limited to the detector prediction, policy mapping, and five supplied local SHAP contributions. It does not establish ground truth or independently confirm an incident.",evidence_contract_renderer,True,129,True,True,True,5,True,0,False,5,True,True,False,,True,True,True,5,True,True
UNSW-OFFICIAL-7727,A4_verified_full,A3_constrained_full,2.0,verified,Shellcode,False,"### Evidence-Grounded SOC Report

#### Prediction Summary
The predicted label is ""Fuzzers"" with a confidence of 0.356 and an uncertainty score of 0.644. The recommended action is to raise a SOC alert and enrich the event context.

#### Evidence
1. **ct_dst_src_ltm**: ct_dst_src_ltm = 1, Observed Value: 1.0, SHAP Value: -0.0456, Direction: Opposes Predicted Class
2. **sbytes**: sbytes = 530, Observed Value: 530.0, SHAP Value: 0.0386, Direction: Supports Predicted Class
3. **smean**: smean = 53, Observed Value: 53.0, SHAP Value: 0.0339, Direction: Supports Predicted Class
4. **ct_srv_dst**: ct_srv_dst = 2, Observed Value: 2.0, SHAP Value: 0.0212, Direction: Supports Predicted Class
5. **ackdat**: ackdat = 0.0262, Observed Value: 0.026218, SHAP Value: 0.0198, Direction: Supports Predicted Class

#### Risk and Policy
- **Stage**: Exploitation
- **Risk Score**: 2.3144
- **Policy Zone**: Alert
- **Recommended Action**: Raise a SOC alert and enrich the event context.

#### Human Review
- **Required**: Yes
- **Confidence Threshold**: 0.7
- **Reason**: Detector confidence below the fixed 0.70 threshold.

#### Limitations
- The report is limited to the detector and supplied SHAP evidence.","Prediction Summary
The detector predicted Fuzzers with confidence 0.3561 and uncertainty 0.6439.

Evidence
1. ct_dst_src_ltm: observed value=1; SHAP value=-0.045564; direction=opposes predicted class.
2. sbytes: observed value=530; SHAP value=0.038626; direction=supports predicted class.
3. smean: observed value=53; SHAP value=0.033992; direction=supports predicted class.
4. ct_srv_dst: observed value=2; SHAP value=0.021249; direction=supports predicted class.
5. ackdat: observed value=0.0262180008; SHAP value=0.019811; direction=supports predicted class.

Risk and Policy
The predicted operational stage is Exploitation. The confidence-weighted risk score is 2.3144, corresponding to the Alert policy zone.

Recommended Action
Raise a SOC alert and enrich the event context.

Human Review
Detector confidence below the fixed 0.70 threshold.

Limitations
This report is limited to the detector prediction, policy mapping, and five supplied local SHAP contributions. It does not establish ground truth or independently confirm an incident.",evidence_contract_renderer,True,127,False,False,False,5,True,5,True,5,True,True,False,Recommended Action,True,True,True,5,True,True
UNSW-OFFICIAL-7796,A4_verified_full,A3_constrained_full,2.0,verified,Reconnaissance,False,"### Evidence-Grounded SOC Report

#### Prediction Summary
The predicted label is **Backdoor** with a confidence of **0.4046** and an uncertainty score of **0.5954**. The recommended action is to **Raise a SOC alert and enrich the event context**.

#### Evidence
1. **ct_src_ltm**: **11** (supports predicted class)
2. **proto_udp**: **0.0** (supports predicted class)
3. **ct_dst_sport_ltm**: **3** (supports predicted class)
4. **sbytes**: **200** (supports predicted class)
5. **ct_dst_src_ltm**: **6** (supports predicted class)

#### Risk and Policy
- **Stage**: Command and Control
- **Risk Score**: 3.2369
- **Policy Zone**: Alert

#### Recommended Action
- **Recommended Action**: Raise a SOC alert and enrich the event context.

#### Human Review
- **Human Review Required**: Yes
- **Confidence Threshold**: 0.7
- **Reason**: Detector confidence below the fixed 0.70 threshold.

#### Limitations
- **Report Limitations**: This report is limited to the detector and supplied SHAP evidence.","Prediction Summary
The detector predicted Backdoor with confidence 0.4046 and uncertainty 0.5954.

Evidence
1. ct_src_ltm: observed value=11; SHAP value=0.058358; direction=supports predicted class.
2. proto_udp: observed value=0; SHAP value=0.022780; direction=supports predicted class.
3. ct_dst_sport_ltm: observed value=3; SHAP value=0.020456; direction=supports predicted class.
4. sbytes: observed value=200; SHAP value=0.019777; direction=supports predicted class.
5. ct_dst_src_ltm: observed value=6; SHAP value=0.013505; direction=supports predicted class.

Risk and Policy
The predicted operational stage is Command and Control. The confidence-weighted risk score is 3.2369, corresponding to the Alert policy zone.

Recommended Action
Raise a SOC alert and enrich the event context.

Human Review
Detector confidence below the fixed 0.70 threshold.

Limitations
This report is limited to the detector prediction, policy mapping, and five supplied local SHAP contributions. It does not establish ground truth or independently confirm an incident.",evidence_contract_renderer,True,129,True,True,True,5,True,0,False,5,True,True,False,,True,True,True,5,True,True
UNSW-OFFICIAL-7890,A4_verified_full,A3_constrained_full,2.0,verified,Fuzzers,True,"### Evidence-Grounded SOC Report

#### Prediction Summary
The predicted label is ""Fuzzers"" with a confidence of 0.5436 and an uncertainty score of 0.4564. The recommended action is to raise a SOC alert and enrich the event context.

#### Evidence
1. **ct_dst_src_ltm**: ct_dst_src_ltm = 3, SHAP value = 0.0474, direction = supports predicted class
2. **ct_srv_dst**: ct_srv_dst = 3, SHAP value = 0.0459, direction = supports predicted class
3. **sloss**: sloss = 3, SHAP value = 0.0413, direction = supports predicted class
4. **sbytes**: sbytes = 1592, SHAP value = 0.0356, direction = supports predicted class
5. **spkts**: spkts = 12, SHAP value = 0.0349, direction = supports predicted class

#### Risk and Policy
- **Stage**: Exploitation
- **Risk Score**: 3.5332
- **Policy Zone**: Alert

#### Recommended Action
- **Recommended Action**: Raise a SOC alert and enrich the event context.

#### Human Review
- **Human Review Required**: Yes
- **Confidence Threshold**: 0.70
- **Reason**: Detector confidence below the fixed 0.70 threshold.

#### Limitations
- **Report Limitations**: This report is limited to the detector and supplied SHAP evidence. It does not include additional details such as attack behavior, causes, impacts, IP addresses, hostnames, CVEs, malware, tools, or any remediation steps.","Prediction Summary
The detector predicted Fuzzers with confidence 0.5436 and uncertainty 0.4564.

Evidence
1. ct_dst_src_ltm: observed value=3; SHAP value=0.047378; direction=supports predicted class.
2. ct_srv_dst: observed value=3; SHAP value=0.045964; direction=supports predicted class.
3. sloss: observed value=3; SHAP value=0.041281; direction=supports predicted class.
4. sbytes: observed value=1592; SHAP value=0.035565; direction=supports predicted class.
5. spkts: observed value=12; SHAP value=0.034957; direction=supports predicted class.

Risk and Policy
The predicted operational stage is Exploitation. The confidence-weighted risk score is 3.5332, corresponding to the Alert policy zone.

Recommended Action
Raise a SOC alert and enrich the event context.

Human Review
Detector confidence below the fixed 0.70 threshold.

Limitations
This report is limited to the detector prediction, policy mapping, and five supplied local SHAP contributions. It does not establish ground truth or independently confirm an incident.",evidence_contract_renderer,False,127,True,True,True,5,True,5,True,5,True,True,False,,True,True,True,5,True,True
UNSW-OFFICIAL-8100,A4_verified_full,A3_constrained_full,2.0,verified,Shellcode,True,"### Evidence-Grounded SOC Report

**Prediction Summary:**
The predicted label is ""Shellcode,"" with a confidence of 0.562989236340658 and an uncertainty score of 0.437010763659342. The predicted stage is ""Advanced Intrusion,"" and the risk score is 4.7854.

**Evidence:**
1. **ct_dst_src_ltm**: ct_dst_src_ltm = 1, SHAP value = 0.0651044994592666, direction = supports predicted class
2. **ct_srv_dst**: ct_srv_dst = 1, SHAP value = 0.0383578799664974, direction = supports predicted class
3. **dbytes**: dbytes = 268, SHAP value = 0.0347188524901866, direction = supports predicted class
4. **dpkts**: dpkts = 6, SHAP value = 0.0325308926403522, direction = supports predicted class
5. **dmean**: dmean = 45, SHAP value = 0.030333187431097, direction = supports predicted class

**Risk and Policy:**
The recommended action is to raise a SOC alert and enrich the event context. The human review is required with a confidence threshold of 0.7.

**Recommended Action:**
- **Raise a SOC alert** for potential shellcode activity.
- **Enrich the event context** with additional details such as the observed values and SHAP values for each feature.

**Human Review:**
- **Required**: Yes
- **Confidence Threshold**: 0.7
- **Reason**: Detector confidence","Prediction Summary
The detector predicted Shellcode with confidence 0.5630 and uncertainty 0.4370.

Evidence
1. ct_dst_src_ltm: observed value=1; SHAP value=0.065104; direction=supports predicted class.
2. ct_srv_dst: observed value=1; SHAP value=0.038358; direction=supports predicted class.
3. dbytes: observed value=268; SHAP value=0.034719; direction=supports predicted class.
4. dpkts: observed value=6; SHAP value=0.032531; direction=supports predicted class.
5. dmean: observed value=45; SHAP value=0.030333; direction=supports predicted class.

Risk and Policy
The predicted operational stage is Advanced Intrusion. The confidence-weighted risk score is 4.7854, corresponding to the Alert policy zone.

Recommended Action
Raise a SOC alert and enrich the event context.

Human Review
Detector confidence below the fixed 0.70 threshold.

Limitations
This report is limited to the detector prediction, policy mapping, and five supplied local SHAP contributions. It does not establish ground truth or independently confirm an incident.",evidence_contract_renderer,True,128,False,False,False,5,True,5,True,5,True,True,True,Limitations,True,True,True,5,True,True
UNSW-OFFICIAL-8207,A4_verified_full,A3_constrained_full,2.0,verified,Reconnaissance,False,"### Evidence-Grounded SOC Report

#### Prediction Summary
The predicted label is **Backdoor** with a confidence of **0.441** and an uncertainty score of **0.559**. The recommended action is to **Raise a SOC alert and enrich the event context**.

#### Evidence
1. **Protocol is not UDP** (Observed Value: 0.0, SHAP Value: 0.0246, Direction: Supports Predicted Class)
2. **sttl = 254** (Observed Value: 254.0, SHAP Value: 0.0169, Direction: Supports Predicted Class)
3. **Protocol = SCTP** (Observed Value: 1.0, SHAP Value: 0.0151, Direction: Supports Predicted Class)
4. **dmean = 220** (Observed Value: 220.0, SHAP Value: 0.0144, Direction: Supports Predicted Class)
5. **sbytes = 536** (Observed Value: 536.0, SHAP Value: 0.0138, Direction: Supports Predicted Class)

#### Risk and Policy
- **Stage**: Command and Control
- **Risk Score**: 3.5285
- **Policy Zone**: Alert
- **Recommended Action**: Raise a SOC alert and enrich the event context

#### Human Review
- **Required**: Yes
- **Confidence Threshold**: 0.7
- **Reason**: Detector confidence below the fixed 0.70 threshold.

#### Limitations
This report is limited to the detector and supplied SHAP evidence.","Prediction Summary
The detector predicted Backdoor with confidence 0.4411 and uncertainty 0.5589.

Evidence
1. proto_udp: observed value=0; SHAP value=0.024580; direction=supports predicted class.
2. sttl: observed value=254; SHAP value=0.016900; direction=supports predicted class.
3. proto_sctp: observed value=1; SHAP value=0.015056; direction=supports predicted class.
4. dmean: observed value=220; SHAP value=0.014402; direction=supports predicted class.
5. sbytes: observed value=536; SHAP value=0.013789; direction=supports predicted class.

Risk and Policy
The predicted operational stage is Command and Control. The confidence-weighted risk score is 3.5285, corresponding to the Alert policy zone.

Recommended Action
Raise a SOC alert and enrich the event context.

Human Review
Detector confidence below the fixed 0.70 threshold.

Limitations
This report is limited to the detector prediction, policy mapping, and five supplied local SHAP contributions. It does not establish ground truth or independently confirm an incident.",evidence_contract_renderer,True,129,False,False,False,5,True,5,True,5,True,True,False,Recommended Action,True,True,True,5,True,True
UNSW-OFFICIAL-8497,A4_verified_full,A3_constrained_full,2.0,verified,Worms,False,"### Evidence-Grounded SOC Report

**Prediction Summary:**
The predicted label is ""Exploits"" with a confidence of 82.506% and an uncertainty score of 17.494%. The recommended action is to block the suspected source and initiate investigation.

**Evidence:**
1. **synack = 0.007142** - Supports predicted class.
2. **sbytes = 1294** - Supports predicted class.
3. **smean = 129** - Supports predicted class.
4. **sload = 46926.6** - Supports predicted class.
5. **tcprtt = 0.053521** - Supports predicted class.

**Risk and Policy:**
- **Stage:** Exploitation
- **Risk Score:** 5.3629
- **Policy Zone:** Block

**Recommended Action:**
- Block the suspected source and initiate investigation.

**Human Review:**
- **Required:** No
- **Confidence Threshold:** 0.7
- **Reason:** No mandatory confidence-based referral.

**Limitations:**
- The report is limited to the detector and supplied SHAP evidence.","Prediction Summary
The detector predicted Exploits with confidence 0.8251 and uncertainty 0.1749.

Evidence
1. synack: observed value=0.0071419999; SHAP value=0.074484; direction=supports predicted class.
2. sbytes: observed value=1294; SHAP value=0.059552; direction=supports predicted class.
3. smean: observed value=129; SHAP value=0.042692; direction=supports predicted class.
4. sload: observed value=46926.60938; SHAP value=0.040935; direction=supports predicted class.
5. tcprtt: observed value=0.05352099985; SHAP value=0.035617; direction=supports predicted class.

Risk and Policy
The predicted operational stage is Exploitation. The confidence-weighted risk score is 5.3629, corresponding to the Block policy zone.

Recommended Action
Block the suspected source and initiate investigation.

Human Review
No mandatory confidence-based referral.

Limitations
This report is limited to the detector prediction, policy mapping, and five supplied local SHAP contributions. It does not establish ground truth or independently confirm an incident.",evidence_contract_renderer,True,122,True,True,True,5,True,0,False,5,True,True,False,,True,True,True,5,True,True
UNSW-OFFICIAL-8748,A4_verified_full,A3_constrained_full,2.0,verified,Reconnaissance,False,"### Evidence-Grounded SOC Report

#### Prediction Summary
The predicted label is **Backdoor** with a confidence of **0.39588** and an uncertainty score of **0.60412**. The predicted stage is **Command and Control** and the risk score is **3.1671**.

#### Evidence
1. **proto_udp**: Protocol is not UDP (0.0, +0.03515)
2. **dur**: Duration is 2.88851 (2.88851, +0.01601)
3. **rate**: Rate is 28.0421 (28.0421, +0.01534)
4. **proto_ospf**: Protocol is OSPF (1.0, +0.01427)
5. **sload**: Load is 14357.6 (14357.56, +0.01325)

#### Risk and Policy
- **Stage**: Command and Control
- **Risk Score**: 3.1671
- **Policy Zone**: Alert
- **Recommended Action**: Raise a SOC alert and enrich the event context.

#### Human Review
- **Required**: Yes
- **Confidence Threshold**: 0.7
- **Reason**: Detector confidence below the fixed 0.70 threshold.

#### Limitations
- The report is limited to the detector and supplied SHAP evidence.","Prediction Summary
The detector predicted Backdoor with confidence 0.3959 and uncertainty 0.6041.

Evidence
1. proto_udp: observed value=0; SHAP value=0.035155; direction=supports predicted class.
2. dur: observed value=2.888513088; SHAP value=0.016014; direction=supports predicted class.
3. rate: observed value=28.04210854; SHAP value=0.015344; direction=supports predicted class.
4. proto_ospf: observed value=1; SHAP value=0.014269; direction=supports predicted class.
5. sload: observed value=14357.55957; SHAP value=0.013249; direction=supports predicted class.

Risk and Policy
The predicted operational stage is Command and Control. The confidence-weighted risk score is 3.1671, corresponding to the Alert policy zone.

Recommended Action
Raise a SOC alert and enrich the event context.

Human Review
Detector confidence below the fixed 0.70 threshold.

Limitations
This report is limited to the detector prediction, policy mapping, and five supplied local SHAP contributions. It does not establish ground truth or independently confirm an incident.",evidence_contract_renderer,True,129,False,False,False,5,True,0,False,0,False,True,False,Recommended Action,True,True,True,5,True,True
UNSW-OFFICIAL-8793,A4_verified_full,A3_constrained_full,2.0,verified,Worms,True,"### Evidence-Grounded SOC Report

#### Prediction Summary
The predicted label is ""Worms"" with a confidence of 0.6115 and an uncertainty score of 0.3885. The recommended action is to block the suspected source and initiate investigation.

#### Evidence
1. **sbytes**: 1302 (supports predicted class)
2. **smean**: 130 (supports predicted class)
3. **ackdat**: 0.034041 (opposes predicted class)
4. **service_-**: An application service is identified (supports predicted class)
5. **service_http**: Service = http (supports predicted class)

#### Risk and Policy
- **Stage**: Advanced Intrusion
- **Risk Score**: 5.1978
- **Policy Zone**: Block

#### Recommended Action
- **Recommended Action**: Block the suspected source and initiate investigation.

#### Human Review
- **Human Review Required**: Yes
- **Confidence Threshold**: 0.7
- **Reason**: Detector confidence below the fixed 0.70 threshold.

#### Limitations
- **Report Limitations**: This report is limited to the detector and supplied SHAP evidence. It does not include additional details such as attack behavior, causes, impacts, IP addresses, hostnames, CVEs, malware, tools, or extra remediation.","Prediction Summary
The detector predicted Worms with confidence 0.6115 and uncertainty 0.3885.

Evidence
1. sbytes: observed value=1302; SHAP value=0.090733; direction=supports predicted class.
2. smean: observed value=130; SHAP value=0.065308; direction=supports predicted class.
3. ackdat: observed value=0.03404099867; SHAP value=-0.052004; direction=opposes predicted class.
4. service_-: observed value=0; SHAP value=0.051128; direction=supports predicted class.
5. service_http: observed value=1; SHAP value=0.050344; direction=supports predicted class.

Risk and Policy
The predicted operational stage is Advanced Intrusion. The confidence-weighted risk score is 5.1978, corresponding to the Block policy zone.

Recommended Action
Block the suspected source and initiate investigation.

Human Review
Detector confidence below the fixed 0.70 threshold.

Limitations
This report is limited to the detector prediction, policy mapping, and five supplied local SHAP contributions. It does not establish ground truth or independently confirm an incident.",evidence_contract_renderer,True,126,True,True,True,5,True,0,False,5,True,True,False,,True,True,True,5,True,True
UNSW-OFFICIAL-8891,A4_verified_full,A3_constrained_full,2.0,verified,Worms,True,"### Evidence-Grounded SOC Report

#### Prediction Summary
The predicted label is **Worms** with a confidence of **0.459** and an uncertainty score of **0.541**. The recommended action is to **Raise a SOC alert and enrich the event context**.

#### Evidence
1. **dpkts**: **204** (supports predicted class)
2. **service_http**: **1.0** (supports predicted class)
3. **dloss**: **100** (supports predicted class)
4. **sbytes**: **1988** (supports predicted class)
5. **ct_flw_http_mthd**: **1.0** (supports predicted class)

#### Risk and Policy
- **Stage**: Advanced Intrusion
- **Risk Score**: 3.9044
- **Policy Zone**: Alert

#### Recommended Action
- **Recommended Action**: Raise a SOC alert and enrich the event context.

#### Human Review
- **Human Review Required**: Yes
- **Confidence Threshold**: 0.70
- **Reason**: Detector confidence below the fixed 0.70 threshold.

#### Limitations
- **Report Limitations**: This report is limited to the detector and supplied SHAP evidence. It does not include additional details such as attack behavior, causes, impacts, IP addresses, hostnames, CVEs, malware, tools, or extra remediation.","Prediction Summary
The detector predicted Worms with confidence 0.4593 and uncertainty 0.5407.

Evidence
1. dpkts: observed value=204; SHAP value=0.034787; direction=supports predicted class.
2. service_http: observed value=1; SHAP value=0.033234; direction=supports predicted class.
3. dloss: observed value=100; SHAP value=0.029871; direction=supports predicted class.
4. sbytes: observed value=1988; SHAP value=0.028794; direction=supports predicted class.
5. ct_flw_http_mthd: observed value=1; SHAP value=0.026781; direction=supports predicted class.

Risk and Policy
The predicted operational stage is Advanced Intrusion. The confidence-weighted risk score is 3.9044, corresponding to the Alert policy zone.

Recommended Action
Raise a SOC alert and enrich the event context.

Human Review
Detector confidence below the fixed 0.70 threshold.

Limitations
This report is limited to the detector prediction, policy mapping, and five supplied local SHAP contributions. It does not establish ground truth or independently confirm an incident.",evidence_contract_renderer,True,128,True,True,True,5,True,0,False,5,True,True,False,,True,True,True,5,True,True
UNSW-OFFICIAL-8897,A4_verified_full,A3_constrained_full,2.0,verified,Reconnaissance,True,"### Evidence-Grounded SOC Report

#### Prediction Summary
The predicted label is **Reconnaissance** with a confidence of **0.595** and an uncertainty score of **0.405**. The recommended action is to **Log the event and continue monitoring**.

#### Evidence
1. **smean**: The mean size of the file is **85** bytes, supporting the prediction.
2. **sbytes**: The size of the file is **848** bytes, supporting the prediction.
3. **service_-**: An application service is identified, supporting the prediction.
4. **service_http**: The service type is **http**, supporting the prediction.
5. **ct_flw_http_mthd**: The HTTP method is **1**, supporting the prediction.

#### Risk and Policy
- **Stage**: Reconnaissance
- **Risk Score**: 1.7861
- **Policy Zone**: Monitor
- **Recommended Action**: Log the event and continue monitoring

#### Human Review
- **Required**: Yes
- **Confidence Threshold**: 0.7
- **Reason**: Detector confidence below the fixed 0.70 threshold.

#### Limitations
This report is limited to the detector and supplied SHAP evidence.","Prediction Summary
The detector predicted Reconnaissance with confidence 0.5954 and uncertainty 0.4046.

Evidence
1. smean: observed value=85; SHAP value=0.073467; direction=supports predicted class.
2. sbytes: observed value=848; SHAP value=0.067395; direction=supports predicted class.
3. service_-: observed value=0; SHAP value=0.043880; direction=supports predicted class.
4. service_http: observed value=1; SHAP value=0.034119; direction=supports predicted class.
5. ct_flw_http_mthd: observed value=1; SHAP value=0.023908; direction=supports predicted class.

Risk and Policy
The predicted operational stage is Reconnaissance. The confidence-weighted risk score is 1.7861, corresponding to the Monitor policy zone.

Recommended Action
Log the event and continue monitoring.

Human Review
Detector confidence below the fixed 0.70 threshold.

Limitations
This report is limited to the detector prediction, policy mapping, and five supplied local SHAP contributions. It does not establish ground truth or independently confirm an incident.",evidence_contract_renderer,True,124,False,False,False,5,True,0,False,0,False,True,False,Recommended Action,True,True,True,5,True,True
UNSW-OFFICIAL-8900,A4_verified_full,A3_constrained_full,2.0,verified,DoS,False,"### Evidence-Grounded SOC Report

#### Prediction Summary
The predicted label is ""Exploits"" with a confidence of 0.3622 and an uncertainty score of 0.6378. The recommended action is to raise a SOC alert and enrich the event context.

#### Evidence
1. **sbytes**: sbytes = 1620, SHAP value = 0.06765, direction = supports predicted class
2. **smean**: smean = 162, SHAP value = 0.05423, direction = supports predicted class
3. **ct_srv_dst**: ct_srv_dst = 1, SHAP value = 0.03767, direction = supports predicted class
4. **ct_dst_src_ltm**: ct_dst_src_ltm = 1, SHAP value = 0.03036, direction = supports predicted class
5. **sload**: sload = 28707.8, SHAP value = 0.02267, direction = supports predicted class

#### Risk and Policy
- **Stage**: Exploitation
- **Risk Score**: 2.3545
- **Policy Zone**: Alert
- **Recommended Action**: Raise a SOC alert and enrich the event context.

#### Human Review
- **Required**: Yes
- **Confidence Threshold**: 0.7
- **Reason**: Detector confidence below the fixed 0.70 threshold.

#### Limitations
- The report is limited to the detector and supplied SHAP evidence.","Prediction Summary
The detector predicted Exploits with confidence 0.3622 and uncertainty 0.6378.

Evidence
1. sbytes: observed value=1620; SHAP value=0.067652; direction=supports predicted class.
2. smean: observed value=162; SHAP value=0.054230; direction=supports predicted class.
3. ct_srv_dst: observed value=1; SHAP value=0.037675; direction=supports predicted class.
4. ct_dst_src_ltm: observed value=1; SHAP value=0.030359; direction=supports predicted class.
5. sload: observed value=28707.78125; SHAP value=0.022675; direction=supports predicted class.

Risk and Policy
The predicted operational stage is Exploitation. The confidence-weighted risk score is 2.3545, corresponding to the Alert policy zone.

Recommended Action
Raise a SOC alert and enrich the event context.

Human Review
Detector confidence below the fixed 0.70 threshold.

Limitations
This report is limited to the detector prediction, policy mapping, and five supplied local SHAP contributions. It does not establish ground truth or independently confirm an incident.",evidence_contract_renderer,True,127,False,False,False,5,True,5,True,5,True,True,False,Recommended Action,True,True,True,5,True,True
UNSW-OFFICIAL-8909,A4_verified_full,A3_constrained_full,2.0,verified,DoS,True,"### Evidence-Grounded SOC Report

#### Prediction Summary
The predicted label is **DoS** with a confidence of **0.325** and an uncertainty score of **0.675**. The recommended action is to **Raise a SOC alert and enrich the event context**.

#### Evidence
1. **sbytes**: sbytes = 788, SHAP value = 0.0428, direction = supports predicted class
2. **dmean**: dmean = 126, SHAP value = 0.0221, direction = supports predicted class
3. **sttl**: sttl = 62, SHAP value = 0.0202, direction = supports predicted class
4. **dloss**: dloss = 2, SHAP value = 0.0189, direction = supports predicted class
5. **ct_dst_src_ltm**: ct_dst_src_ltm = 1, SHAP value = 0.0149, direction = supports predicted class

#### Risk and Policy
- **Stage**: Impact / Availability
- **Risk Score**: 2.2761
- **Policy Zone**: Alert
- **Recommended Action**: Raise a SOC alert and enrich the event context

#### Human Review
- **Required**: Yes
- **Confidence Threshold**: 0.7
- **Reason**: Detector confidence below the fixed 0.70 threshold.

#### Limitations
This report is limited to the detector and supplied SHAP evidence.","Prediction Summary
The detector predicted DoS with confidence 0.3252 and uncertainty 0.6748.

Evidence
1. sbytes: observed value=788; SHAP value=0.042845; direction=supports predicted class.
2. dmean: observed value=126; SHAP value=0.022092; direction=supports predicted class.
3. sttl: observed value=62; SHAP value=0.020232; direction=supports predicted class.
4. dloss: observed value=2; SHAP value=0.018928; direction=supports predicted class.
5. ct_dst_src_ltm: observed value=1; SHAP value=0.014888; direction=supports predicted class.

Risk and Policy
The predicted operational stage is Impact / Availability. The confidence-weighted risk score is 2.2761, corresponding to the Alert policy zone.

Recommended Action
Raise a SOC alert and enrich the event context.

Human Review
Detector confidence below the fixed 0.70 threshold.

Limitations
This report is limited to the detector prediction, policy mapping, and five supplied local SHAP contributions. It does not establish ground truth or independently confirm an incident.",evidence_contract_renderer,True,129,False,False,False,5,True,5,True,5,True,True,False,Recommended Action,True,True,True,5,True,True
UNSW-OFFICIAL-9004,A4_verified_full,A3_constrained_full,2.0,verified,Worms,False,"### Evidence-Grounded SOC Report

#### Prediction Summary
The predicted label is ""Fuzzers"" with a confidence of 0.2548 and an uncertainty score of 0.7452. The recommended action is to log the event and continue monitoring.

#### Evidence
1. **Protocol = udp** - Observed Value: 1.0, SHAP Value: 0.052691, Direction: supports predicted class
2. **ct_dst_src_ltm = 1** - Observed Value: 1.0, SHAP Value: -0.047812, Direction: opposes predicted class
3. **ct_srv_dst = 1** - Observed Value: 1.0, SHAP Value: -0.047399, Direction: opposes predicted class
4. **sbytes = 808** - Observed Value: 808.0, SHAP Value: 0.043528, Direction: supports predicted class
5. **smean = 404** - Observed Value: 404.0, SHAP Value: 0.039162, Direction: supports predicted class

#### Risk and Policy
- **Stage**: Exploitation
- **Risk Score**: 1.6565
- **Policy Zone**: Monitor
- **Recommended Action**: Log the event and continue monitoring

#### Human Review
- **Required**: Yes
- **Confidence Threshold**: 0.7
- **Reason**: Detector confidence below the fixed 0.70 threshold.

#### Limitations
This report is limited to the detector and supplied SHAP evidence.","Prediction Summary
The detector predicted Fuzzers with confidence 0.2548 and uncertainty 0.7452.

Evidence
1. proto_udp: observed value=1; SHAP value=0.052691; direction=supports predicted class.
2. ct_dst_src_ltm: observed value=1; SHAP value=-0.047812; direction=opposes predicted class.
3. ct_srv_dst: observed value=1; SHAP value=-0.047399; direction=opposes predicted class.
4. sbytes: observed value=808; SHAP value=0.043528; direction=supports predicted class.
5. smean: observed value=404; SHAP value=0.039162; direction=supports predicted class.

Risk and Policy
The predicted operational stage is Exploitation. The confidence-weighted risk score is 1.6565, corresponding to the Monitor policy zone.

Recommended Action
Log the event and continue monitoring.

Human Review
Detector confidence below the fixed 0.70 threshold.

Limitations
This report is limited to the detector prediction, policy mapping, and five supplied local SHAP contributions. It does not establish ground truth or independently confirm an incident.",evidence_contract_renderer,True,124,False,False,False,5,True,5,True,5,True,True,False,Recommended Action,True,True,True,5,True,True
UNSW-OFFICIAL-9757,A4_verified_full,A3_constrained_full,2.0,verified,Reconnaissance,False,"### Evidence-Grounded SOC Report

#### Prediction Summary
The predicted label is **Backdoor** with a confidence of **0.622** and an uncertainty score of **0.378**. The recommended action is to **Raise a SOC alert and enrich the event context**.

#### Evidence
1. **ct_dst_ltm**: ct_dst_ltm = 4, SHAP value = 0.03976, Direction = supports predicted class
2. **proto_udp**: Protocol is not udp, SHAP value = 0.032215, Direction = supports predicted class
3. **sbytes**: sbytes = 19040, SHAP value = 0.029177, Direction = supports predicted class
4. **sjit**: sjit = 1011.99, SHAP value = 0.026138, Direction = supports predicted class
5. **dur**: dur = 59.4057, SHAP value = 0.025617, Direction = supports predicted class

#### Risk and Policy
- **Stage**: Command and Control
- **Risk Score**: 4.9798
- **Policy Zone**: Alert
- **Recommended Action**: Raise a SOC alert and enrich the event context

#### Human Review
- **Required**: Yes
- **Confidence Threshold**: 0.7
- **Reason**: Detector confidence below the fixed 0.70 threshold.

#### Limitations
This report is limited to the detector and supplied SHAP evidence.","Prediction Summary
The detector predicted Backdoor with confidence 0.6225 and uncertainty 0.3775.

Evidence
1. ct_dst_ltm: observed value=4; SHAP value=0.039762; direction=supports predicted class.
2. proto_udp: observed value=0; SHAP value=0.032215; direction=supports predicted class.
3. sbytes: observed value=19040; SHAP value=0.029177; direction=supports predicted class.
4. sjit: observed value=1011.99115; SHAP value=0.026138; direction=supports predicted class.
5. dur: observed value=59.40567398; SHAP value=0.025617; direction=supports predicted class.

Risk and Policy
The predicted operational stage is Command and Control. The confidence-weighted risk score is 4.9798, corresponding to the Alert policy zone.

Recommended Action
Raise a SOC alert and enrich the event context.

Human Review
Detector confidence below the fixed 0.70 threshold.

Limitations
This report is limited to the detector prediction, policy mapping, and five supplied local SHAP contributions. It does not establish ground truth or independently confirm an incident.",evidence_contract_renderer,True,129,False,False,False,5,True,5,True,5,True,True,False,Recommended Action,True,True,True,5,True,True
UNSW-OFFICIAL-9931,A4_verified_full,A3_constrained_full,2.0,verified,Exploits,False,"### Evidence-Grounded SOC Report

**Prediction Summary:**
The predicted label is ""DoS"" with a confidence of 84.13% and an uncertainty score of 15.87%. The recommended action is to block the suspected source and initiate investigation.

**Evidence:**
1. **Service DNS:** Service = dns (Supports predicted class)
2. **Service -:** An application service is identified (Supports predicted class)
3. **sbytes:** sbytes = 168 (Supports predicted class)
4. **smean:** smean = 84 (Supports predicted class)
5. **ct_srv_dst:** ct_srv_dst = 1 (Supports predicted class)

**Risk and Policy:**
The risk score is 5.89, and the policy zone is ""Block"". The recommended action is to block the suspected source and initiate investigation.

**Recommended Action:**
Block the suspected source and initiate investigation.

**Human Review:**
No mandatory confidence-based referral is required.

**Limitations:**
This report is limited to the detector and supplied SHAP evidence.","Prediction Summary
The detector predicted DoS with confidence 0.8413 and uncertainty 0.1587.

Evidence
1. service_dns: observed value=1; SHAP value=0.136223; direction=supports predicted class.
2. service_-: observed value=0; SHAP value=0.117238; direction=supports predicted class.
3. sbytes: observed value=168; SHAP value=0.058792; direction=supports predicted class.
4. smean: observed value=84; SHAP value=0.044320; direction=supports predicted class.
5. ct_srv_dst: observed value=1; SHAP value=0.039080; direction=supports predicted class.

Risk and Policy
The predicted operational stage is Impact / Availability. The confidence-weighted risk score is 5.8894, corresponding to the Block policy zone.

Recommended Action
Block the suspected source and initiate investigation.

Human Review
No mandatory confidence-based referral.

Limitations
This report is limited to the detector prediction, policy mapping, and five supplied local SHAP contributions. It does not establish ground truth or independently confirm an incident.",evidence_contract_renderer,True,124,True,True,True,5,True,0,False,5,True,True,False,,True,True,True,5,True,True
UNSW-OFFICIAL-10015,A4_verified_full,A3_constrained_full,2.0,verified,Shellcode,True,"### Evidence-Grounded SOC Report

**Prediction Summary:**
The predicted label is ""Shellcode,"" with a confidence of 0.512 and an uncertainty score of 0.488. The predicted stage is ""Advanced Intrusion,"" and the risk score is 4.356. The recommended action is to raise a SOC alert and enrich the event context.

**Evidence:**
1. **ct_dst_src_ltm**: ct_dst_src_ltm = 1 (supports predicted class)
2. **service_-**: Service = unspecified (supports predicted class)
3. **service_http**: Service is not http (supports predicted class)
4. **sbytes**: sbytes = 888 (supports predicted class)
5. **sloss**: sloss = 2 (supports predicted class)

**Recommended Action:**
Raise a SOC alert and enrich the event context.

**Human Review:**
Human review is required due to the detector confidence below the fixed 0.70 threshold.

**Limitations:**
The report is limited to the detector and supplied SHAP evidence.","Prediction Summary
The detector predicted Shellcode with confidence 0.5125 and uncertainty 0.4875.

Evidence
1. ct_dst_src_ltm: observed value=1; SHAP value=0.052374; direction=supports predicted class.
2. service_-: observed value=1; SHAP value=0.039498; direction=supports predicted class.
3. service_http: observed value=0; SHAP value=0.028197; direction=supports predicted class.
4. sbytes: observed value=888; SHAP value=0.024214; direction=supports predicted class.
5. sloss: observed value=2; SHAP value=0.022554; direction=supports predicted class.

Risk and Policy
The predicted operational stage is Advanced Intrusion. The confidence-weighted risk score is 4.3560, corresponding to the Alert policy zone.

Recommended Action
Raise a SOC alert and enrich the event context.

Human Review
Detector confidence below the fixed 0.70 threshold.

Limitations
This report is limited to the detector prediction, policy mapping, and five supplied local SHAP contributions. It does not establish ground truth or independently confirm an incident.",evidence_contract_renderer,True,128,False,False,False,5,True,0,False,5,True,True,False,Risk and Policy,True,True,True,5,True,True
UNSW-OFFICIAL-10029,A4_verified_full,A3_constrained_full,2.0,verified,Reconnaissance,True,"### Evidence-Grounded SOC Report

#### Prediction Summary
The predicted label is **Reconnaissance** with a confidence of **0.5137** and an uncertainty score of **0.4863**. The recommended action is to **Log the event and continue monitoring**.

#### Evidence
1. **smean**: The mean size of the packet is **81** bytes, supporting the prediction.
2. **sbytes**: The total size of the packet is **810** bytes, supporting the prediction.
3. **ct_dst_src_ltm**: The destination and source LTM values are **1**, supporting the prediction.
4. **service_-**: An application service is identified, supporting the prediction.
5. **ct_srv_src**: The source of the packet is **8**, opposing the prediction.

#### Risk and Policy
- **Stage**: Reconnaissance
- **Risk Score**: 1.5411
- **Policy Zone**: Monitor
- **Recommended Action**: Log the event and continue monitoring

#### Human Review
- **Required**: Yes
- **Confidence Threshold**: 0.7
- **Reason**: Detector confidence below the fixed 0.70 threshold.

#### Limitations
This report is limited to the detector and supplied SHAP evidence.","Prediction Summary
The detector predicted Reconnaissance with confidence 0.5137 and uncertainty 0.4863.

Evidence
1. smean: observed value=81; SHAP value=0.066687; direction=supports predicted class.
2. sbytes: observed value=810; SHAP value=0.054668; direction=supports predicted class.
3. ct_dst_src_ltm: observed value=1; SHAP value=0.036651; direction=supports predicted class.
4. service_-: observed value=0; SHAP value=0.032554; direction=supports predicted class.
5. ct_srv_src: observed value=8; SHAP value=-0.031289; direction=opposes predicted class.

Risk and Policy
The predicted operational stage is Reconnaissance. The confidence-weighted risk score is 1.5411, corresponding to the Monitor policy zone.

Recommended Action
Log the event and continue monitoring.

Human Review
Detector confidence below the fixed 0.70 threshold.

Limitations
This report is limited to the detector prediction, policy mapping, and five supplied local SHAP contributions. It does not establish ground truth or independently confirm an incident.",evidence_contract_renderer,True,124,False,False,False,5,True,0,False,0,False,True,False,Recommended Action,True,True,True,5,True,True
UNSW-OFFICIAL-10238,A4_verified_full,A3_constrained_full,2.0,verified,Reconnaissance,False,"### Evidence-Grounded SOC Report

#### Prediction Summary
The predicted label is **Backdoor** with a confidence of **0.5116** and an uncertainty score of **0.4884**. The recommended action is to **Raise a SOC alert and enrich the event context**.

#### Evidence
1. **Protocol is not UDP** (Supports Predicted Class)
2. **ct_src_ltm = 9** (Supports Predicted Class)
3. **Protocol = sctp** (Supports Predicted Class)
4. **smean = 76** (Supports Predicted Class)
5. **sbytes = 152** (Supports Predicted Class)

#### Risk and Policy
- **Stage:** Command and Control
- **Risk Score:** 4.0926
- **Policy Zone:** Alert

#### Recommended Action
- **Recommended Action:** Raise a SOC alert and enrich the event context.

#### Human Review
- **Human Review Required:** Yes
- **Confidence Threshold:** 0.70
- **Reason:** Detector confidence below the fixed 0.70 threshold.

#### Limitations
- **Report Limitations:** This report is limited to the detector and supplied SHAP evidence.","Prediction Summary
The detector predicted Backdoor with confidence 0.5116 and uncertainty 0.4884.

Evidence
1. proto_udp: observed value=0; SHAP value=0.079499; direction=supports predicted class.
2. ct_src_ltm: observed value=9; SHAP value=0.049284; direction=supports predicted class.
3. proto_sctp: observed value=1; SHAP value=0.041104; direction=supports predicted class.
4. smean: observed value=76; SHAP value=0.032557; direction=supports predicted class.
5. sbytes: observed value=152; SHAP value=0.024079; direction=supports predicted class.

Risk and Policy
The predicted operational stage is Command and Control. The confidence-weighted risk score is 4.0926, corresponding to the Alert policy zone.

Recommended Action
Raise a SOC alert and enrich the event context.

Human Review
Detector confidence below the fixed 0.70 threshold.

Limitations
This report is limited to the detector prediction, policy mapping, and five supplied local SHAP contributions. It does not establish ground truth or independently confirm an incident.",evidence_contract_renderer,True,129,True,True,True,5,True,0,False,5,True,True,False,,True,True,True,5,True,True
UNSW-OFFICIAL-10272,A4_verified_full,A3_constrained_full,2.0,verified,Reconnaissance,True,"### Evidence-Grounded SOC Report

#### Prediction Summary
The predicted label is **Reconnaissance** with a confidence of **0.9967** and an uncertainty score of **0.0033**. The recommended action is to **Raise a SOC alert and enrich the event context**.

#### Evidence
1. **sbytes**: The observed value is **564**. The SHAP value is **0.0860** and it supports the predicted class.
2. **smean**: The observed value is **56.0**. The SHAP value is **0.0683** and it supports the predicted class.
3. **dmean**: The observed value is **44.0**. The SHAP value is **0.0461** and it supports the predicted class.
4. **sjit**: The observed value is **5619.65**. The SHAP value is **0.0439** and it supports the predicted class.
5. **dbytes**: The observed value is **354.0**. The SHAP value is **0.0415** and it supports the predicted class.

#### Risk and Policy
- **Stage**: Reconnaissance
- **Risk Score**: 2.9901
- **Policy Zone**: Alert

#### Recommended Action
- **Recommended Action**: Raise a SOC alert and enrich the event context.

#### Human Review
- **Human Review Required**: No
- **Confidence Threshold**: 0.7
- **Reason**: No mandatory confidence-based referral.

#### Limitations
- The report is limited to the detector and supplied SHAP evidence.","Prediction Summary
The detector predicted Reconnaissance with confidence 0.9967 and uncertainty 0.0033.

Evidence
1. sbytes: observed value=564; SHAP value=0.086009; direction=supports predicted class.
2. smean: observed value=56; SHAP value=0.068306; direction=supports predicted class.
3. dmean: observed value=44; SHAP value=0.046143; direction=supports predicted class.
4. sjit: observed value=5619.652832; SHAP value=0.043878; direction=supports predicted class.
5. dbytes: observed value=354; SHAP value=0.041464; direction=supports predicted class.

Risk and Policy
The predicted operational stage is Reconnaissance. The confidence-weighted risk score is 2.9901, corresponding to the Alert policy zone.

Recommended Action
Raise a SOC alert and enrich the event context.

Human Review
No mandatory confidence-based referral.

Limitations
This report is limited to the detector prediction, policy mapping, and five supplied local SHAP contributions. It does not establish ground truth or independently confirm an incident.",evidence_contract_renderer,False,124,True,True,True,5,True,5,True,5,True,True,False,,True,True,True,5,True,True
UNSW-OFFICIAL-10450,A4_verified_full,A3_constrained_full,2.0,verified,Exploits,True,"### Evidence-Grounded SOC Report

**Prediction Summary:**
The predicted label is ""Exploits"" with a confidence of 0.904 and an uncertainty score of 0.096. The recommended action is to block the suspected source and initiate investigation.

**Evidence:**
1. **dbytes**: 35058 (supports predicted class)
2. **sttl**: 62 (supports predicted class)
3. **dmean**: 1096 (supports predicted class)
4. **dloss**: 14 (supports predicted class)
5. **dpkts**: 32 (supports predicted class)

**Risk and Policy:**
The risk score is 5.8777, and the policy zone is ""Block."" The recommended action is to block the suspected source and initiate investigation.

**Recommended Action:**
Block the suspected source and initiate investigation.

**Human Review:**
No mandatory confidence-based referral is required.

**Limitations:**
This report is limited to the detector and supplied SHAP evidence.","Prediction Summary
The detector predicted Exploits with confidence 0.9043 and uncertainty 0.0957.

Evidence
1. dbytes: observed value=35058; SHAP value=0.071124; direction=supports predicted class.
2. sttl: observed value=62; SHAP value=0.068499; direction=supports predicted class.
3. dmean: observed value=1096; SHAP value=0.067123; direction=supports predicted class.
4. dloss: observed value=14; SHAP value=0.059864; direction=supports predicted class.
5. dpkts: observed value=32; SHAP value=0.050717; direction=supports predicted class.

Risk and Policy
The predicted operational stage is Exploitation. The confidence-weighted risk score is 5.8777, corresponding to the Block policy zone.

Recommended Action
Block the suspected source and initiate investigation.

Human Review
No mandatory confidence-based referral.

Limitations
This report is limited to the detector prediction, policy mapping, and five supplied local SHAP contributions. It does not establish ground truth or independently confirm an incident.",evidence_contract_renderer,True,122,True,True,True,5,True,0,False,5,True,True,False,,True,True,True,5,True,True
UNSW-OFFICIAL-10690,A4_verified_full,A3_constrained_full,2.0,verified,Worms,True,"### Evidence-Grounded SOC Report

**Prediction Summary:**
The predicted label is ""Worms"" with a confidence of 79.44% and an uncertainty score of 20.56%. The recommended action is to block the suspected source and initiate investigation.

**Evidence:**
1. **sbytes**: 1296 (supports predicted class)
2. **smean**: 130 (supports predicted class)
3. **service_-**: An application service is identified (supports predicted class)
4. **service_http**: Service = http (supports predicted class)
5. **trans_depth**: trans_depth = 1 (supports predicted class)

**Risk and Policy:**
The risk score is 6.7523, and the policy zone is ""Block"". The recommended action is to block the suspected source and initiate investigation.

**Recommended Action:**
Block the suspected source and initiate investigation.

**Human Review:**
No mandatory confidence-based referral is required.

**Limitations:**
This report is limited to the detector and supplied SHAP evidence.","Prediction Summary
The detector predicted Worms with confidence 0.7944 and uncertainty 0.2056.

Evidence
1. sbytes: observed value=1296; SHAP value=0.090401; direction=supports predicted class.
2. smean: observed value=130; SHAP value=0.066957; direction=supports predicted class.
3. service_-: observed value=0; SHAP value=0.059468; direction=supports predicted class.
4. service_http: observed value=1; SHAP value=0.054759; direction=supports predicted class.
5. trans_depth: observed value=1; SHAP value=0.050956; direction=supports predicted class.

Risk and Policy
The predicted operational stage is Advanced Intrusion. The confidence-weighted risk score is 6.7523, corresponding to the Block policy zone.

Recommended Action
Block the suspected source and initiate investigation.

Human Review
No mandatory confidence-based referral.

Limitations
This report is limited to the detector prediction, policy mapping, and five supplied local SHAP contributions. It does not establish ground truth or independently confirm an incident.",evidence_contract_renderer,True,123,True,True,True,5,True,0,False,5,True,True,False,,True,True,True,5,True,True
UNSW-OFFICIAL-10762,A4_verified_full,A3_constrained_full,2.0,verified,Shellcode,False,"### Evidence-Grounded SOC Report

#### Prediction Summary
The predicted label is ""Fuzzers"" with a confidence of 0.3535 and an uncertainty score of 0.6465. The recommended action is to raise a SOC alert and enrich the event context.

#### Evidence
1. **ct_dst_src_ltm**: ct_dst_src_ltm = 1 (opposes predicted class)
2. **sbytes**: sbytes = 738 (supports predicted class)
3. **smean**: smean = 74 (supports predicted class)
4. **ct_srv_src**: ct_srv_src = 5 (supports predicted class)
5. **service_-**: Service = unspecified (supports predicted class)

#### Risk and Policy
- **Stage**: Exploitation
- **Risk Score**: 2.298
- **Policy Zone**: Alert

#### Recommended Action
- **Recommended Action**: Raise a SOC alert and enrich the event context.

#### Human Review
- **Human Review Required**: Yes
- **Confidence Threshold**: 0.7
- **Reason**: Detector confidence below the fixed 0.70 threshold.

#### Limitations
- **Report Limitations**: This report is limited to the detector and supplied SHAP evidence. It does not include additional attack behavior, causes, impacts, IP addresses, hostnames, CVEs, malware, tools, or any other remediation details.","Prediction Summary
The detector predicted Fuzzers with confidence 0.3535 and uncertainty 0.6465.

Evidence
1. ct_dst_src_ltm: observed value=1; SHAP value=-0.045993; direction=opposes predicted class.
2. sbytes: observed value=738; SHAP value=0.035893; direction=supports predicted class.
3. smean: observed value=74; SHAP value=0.026007; direction=supports predicted class.
4. ct_srv_src: observed value=5; SHAP value=0.025266; direction=supports predicted class.
5. service_-: observed value=1; SHAP value=0.019477; direction=supports predicted class.

Risk and Policy
The predicted operational stage is Exploitation. The confidence-weighted risk score is 2.2980, corresponding to the Alert policy zone.

Recommended Action
Raise a SOC alert and enrich the event context.

Human Review
Detector confidence below the fixed 0.70 threshold.

Limitations
This report is limited to the detector prediction, policy mapping, and five supplied local SHAP contributions. It does not establish ground truth or independently confirm an incident.",evidence_contract_renderer,True,127,True,True,True,5,True,0,False,5,True,True,False,,True,True,True,5,True,True
UNSW-OFFICIAL-10832,A4_verified_full,A3_constrained_full,2.0,verified,DoS,True,"### Evidence-Grounded SOC Report

**Prediction Summary:**
The predicted label is **DoS** with a confidence of **0.4426** and an uncertainty score of **0.5574**. The recommended action is to **Raise a SOC alert and enrich the event context**.

**Evidence:**
1. **dbytes**: **3278** (supports predicted class)
2. **spkts**: **416** (supports predicted class)
3. **sbytes**: **565707** (supports predicted class)
4. **sloss**: **205** (supports predicted class)
5. **dpkts**: **76** (supports predicted class)

**Risk and Policy:**
- **Risk Score**: **3.0985**
- **Policy Zone**: **Alert**
- **Recommended Action**: **Raise a SOC alert and enrich the event context**

**Human Review:**
- **Required**: Yes
- **Confidence Threshold**: 0.7
- **Reason**: Detector confidence below the fixed 0.70 threshold.

**Limitations:**
- The report is limited to the detector and supplied SHAP evidence.","Prediction Summary
The detector predicted DoS with confidence 0.4426 and uncertainty 0.5574.

Evidence
1. dbytes: observed value=3278; SHAP value=0.048098; direction=supports predicted class.
2. spkts: observed value=416; SHAP value=0.040572; direction=supports predicted class.
3. sbytes: observed value=565707; SHAP value=0.040268; direction=supports predicted class.
4. sloss: observed value=205; SHAP value=0.032163; direction=supports predicted class.
5. dpkts: observed value=76; SHAP value=0.023740; direction=supports predicted class.

Risk and Policy
The predicted operational stage is Impact / Availability. The confidence-weighted risk score is 3.0985, corresponding to the Alert policy zone.

Recommended Action
Raise a SOC alert and enrich the event context.

Human Review
Detector confidence below the fixed 0.70 threshold.

Limitations
This report is limited to the detector prediction, policy mapping, and five supplied local SHAP contributions. It does not establish ground truth or independently confirm an incident.",evidence_contract_renderer,True,129,False,False,False,5,True,0,False,5,True,True,False,Recommended Action,True,True,True,5,True,True
UNSW-OFFICIAL-10870,A4_verified_full,A3_constrained_full,2.0,verified,Reconnaissance,True,"### Evidence-Grounded SOC Report

#### Prediction Summary
The predicted label is **Reconnaissance** with a confidence of **0.941** and an uncertainty score of **0.059**. The recommended action is to **Raise a SOC alert and enrich the event context**.

#### Evidence
1. **sbytes**: sbytes = 168, SHAP value = 0.177, direction = supports predicted class
2. **smean**: smean = 84, SHAP value = 0.149, direction = supports predicted class
3. **proto_udp**: Protocol = udp, SHAP value = 0.109, direction = supports predicted class
4. **sload**: sload = 8.4e+07, SHAP value = 0.051, direction = supports predicted class
5. **ct_srv_dst**: ct_srv_dst = 1, SHAP value = 0.042, direction = supports predicted class

#### Risk and Policy
- **Stage**: Reconnaissance
- **Risk Score**: 2.824
- **Policy Zone**: Alert

#### Recommended Action
- **Recommended Action**: Raise a SOC alert and enrich the event context.

#### Human Review
- **Human Review Required**: No
- **Confidence Threshold**: 0.7
- **Reason**: No mandatory confidence-based referral.

#### Limitations
- **Report Limitations**: This report is limited to the detector and supplied SHAP evidence.","Prediction Summary
The detector predicted Reconnaissance with confidence 0.9414 and uncertainty 0.0586.

Evidence
1. sbytes: observed value=168; SHAP value=0.176791; direction=supports predicted class.
2. smean: observed value=84; SHAP value=0.148765; direction=supports predicted class.
3. proto_udp: observed value=1; SHAP value=0.108962; direction=supports predicted class.
4. sload: observed value=84000000; SHAP value=0.050766; direction=supports predicted class.
5. ct_srv_dst: observed value=1; SHAP value=0.042294; direction=supports predicted class.

Risk and Policy
The predicted operational stage is Reconnaissance. The confidence-weighted risk score is 2.8242, corresponding to the Alert policy zone.

Recommended Action
Raise a SOC alert and enrich the event context.

Human Review
No mandatory confidence-based referral.

Limitations
This report is limited to the detector prediction, policy mapping, and five supplied local SHAP contributions. It does not establish ground truth or independently confirm an incident.",evidence_contract_renderer,False,124,True,True,True,5,True,5,True,5,True,True,False,,True,True,True,5,True,True
UNSW-OFFICIAL-11213,A4_verified_full,A3_constrained_full,2.0,verified,DoS,False,"### Evidence-Grounded SOC Report

**Prediction Summary:**
The predicted label is **Backdoor** with a confidence of **0.3317** and an uncertainty score of **0.6683**. The recommended action is to **Raise a SOC alert and enrich the event context**.

**Evidence:**
1. **Protocol is not UDP** (Supports predicted class, SHAP value: 0.0328)
2. **dur = 7.8566** (Supports predicted class, SHAP value: 0.0151)
3. **spkts = 40** (Supports predicted class, SHAP value: 0.0114)
4. **Protocol = OSPF** (Supports predicted class, SHAP value: 0.0112)
5. **rate = 4.964** (Supports predicted class, SHAP value: 0.0096)

**Risk and Policy:**
- **Stage:** Command and Control
- **Risk Score:** 2.6537
- **Policy Zone:** Alert

**Recommended Action:**
- **Recommended Action:** Raise a SOC alert and enrich the event context.

**Human Review:**
- **Human Review Required:** Yes
- **Confidence Threshold:** 0.70
- **Reason:** Detector confidence below the fixed 0.70 threshold.

**Limitations:**
- The report is limited to the detector and supplied SHAP evidence.","Prediction Summary
The detector predicted Backdoor with confidence 0.3317 and uncertainty 0.6683.

Evidence
1. proto_udp: observed value=0; SHAP value=0.032793; direction=supports predicted class.
2. dur: observed value=7.856639862; SHAP value=0.015101; direction=supports predicted class.
3. spkts: observed value=40; SHAP value=0.011380; direction=supports predicted class.
4. proto_ospf: observed value=1; SHAP value=0.011158; direction=supports predicted class.
5. rate: observed value=4.963953972; SHAP value=0.009657; direction=supports predicted class.

Risk and Policy
The predicted operational stage is Command and Control. The confidence-weighted risk score is 2.6537, corresponding to the Alert policy zone.

Recommended Action
Raise a SOC alert and enrich the event context.

Human Review
Detector confidence below the fixed 0.70 threshold.

Limitations
This report is limited to the detector prediction, policy mapping, and five supplied local SHAP contributions. It does not establish ground truth or independently confirm an incident.",evidence_contract_renderer,False,129,True,True,True,5,True,5,True,5,True,True,False,,True,True,True,5,True,True
UNSW-OFFICIAL-11343,A4_verified_full,A3_constrained_full,2.0,verified,Shellcode,True,"### Evidence-Grounded SOC Report

**Prediction Summary:**
The predicted label is ""Shellcode,"" with a confidence of 0.7765546479591441 and an uncertainty score of 0.22344535204085592. The predicted stage is ""Advanced Intrusion,"" and the risk score is 6.6007.

**Evidence:**
1. **Protocol = udp** (Observed Value: 1.0, SHAP Value: 0.1005310639739036, Direction: supports predicted class)
2. **smean = 101** (Observed Value: 101.0, SHAP Value: 0.0819810852408409, Direction: supports predicted class)
3. **sbytes = 202** (Observed Value: 202.0, SHAP Value: 0.0780084356665611, Direction: supports predicted class)
4. **ct_dst_src_ltm = 1** (Observed Value: 1.0, SHAP Value: 0.0643328353762626, Direction: supports predicted class)
5. **ct_srv_dst = 1** (Observed Value: 1.0, SHAP Value: 0.0439113937318325, Direction: supports predicted class)

**Risk and Policy:**
The recommended action is to ""Block the suspected source and initiate investigation."" The risk score is 6.6007, and the policy zone is ""Block.""

**Recommended Action:**
The recommended action is to ""Block the suspected source and initiate investigation.""

**Human Review:**
The human review decision is ""","Prediction Summary
The detector predicted Shellcode with confidence 0.7766 and uncertainty 0.2234.

Evidence
1. proto_udp: observed value=1; SHAP value=0.100531; direction=supports predicted class.
2. smean: observed value=101; SHAP value=0.081981; direction=supports predicted class.
3. sbytes: observed value=202; SHAP value=0.078008; direction=supports predicted class.
4. ct_dst_src_ltm: observed value=1; SHAP value=0.064333; direction=supports predicted class.
5. ct_srv_dst: observed value=1; SHAP value=0.043911; direction=supports predicted class.

Risk and Policy
The predicted operational stage is Advanced Intrusion. The confidence-weighted risk score is 6.6007, corresponding to the Block policy zone.

Recommended Action
Block the suspected source and initiate investigation.

Human Review
No mandatory confidence-based referral.

Limitations
This report is limited to the detector prediction, policy mapping, and five supplied local SHAP contributions. It does not establish ground truth or independently confirm an incident.",evidence_contract_renderer,True,123,False,False,False,5,True,5,True,5,True,True,True,Limitations,True,True,True,5,True,True
UNSW-OFFICIAL-11434,A4_verified_full,A3_constrained_full,2.0,verified,Reconnaissance,True,"### Evidence-Grounded SOC Report

#### Prediction Summary
The predicted label is **Reconnaissance** with a confidence of **0.656** and an uncertainty score of **0.344**. The recommended action is to **Log the event and continue monitoring**.

#### Evidence
1. **smean**: The mean size of the file is **88** bytes, supporting the predicted class.
2. **sbytes**: The total size of the file is **882** bytes, supporting the predicted class.
3. **dmean**: The mean duration of the file is **44** seconds, supporting the predicted class.
4. **dloss**: The loss rate of the file is **1%**, supporting the predicted class.
5. **sload**: The size of the file is **5057.47** bytes, supporting the predicted class.

#### Risk and Policy
- **Stage**: Reconnaissance
- **Risk Score**: 1.9692
- **Policy Zone**: Monitor

#### Recommended Action
- **Recommended Action**: Log the event and continue monitoring.

#### Human Review
- **Human Review Required**: Yes
- **Confidence Threshold**: 0.7
- **Reason**: Detector confidence below the fixed 0.70 threshold.

#### Limitations
- **Report Limitations**: This report is limited to the detector and supplied SHAP evidence.","Prediction Summary
The detector predicted Reconnaissance with confidence 0.6564 and uncertainty 0.3436.

Evidence
1. smean: observed value=88; SHAP value=0.055038; direction=supports predicted class.
2. sbytes: observed value=882; SHAP value=0.053702; direction=supports predicted class.
3. dmean: observed value=44; SHAP value=0.027486; direction=supports predicted class.
4. dloss: observed value=1; SHAP value=0.026626; direction=supports predicted class.
5. sload: observed value=5057.46582; SHAP value=0.025621; direction=supports predicted class.

Risk and Policy
The predicted operational stage is Reconnaissance. The confidence-weighted risk score is 1.9692, corresponding to the Monitor policy zone.

Recommended Action
Log the event and continue monitoring.

Human Review
Detector confidence below the fixed 0.70 threshold.

Limitations
This report is limited to the detector prediction, policy mapping, and five supplied local SHAP contributions. It does not establish ground truth or independently confirm an incident.",evidence_contract_renderer,True,124,True,True,True,5,True,0,False,0,False,True,False,,True,True,True,5,True,True
UNSW-OFFICIAL-11472,A4_verified_full,A3_constrained_full,2.0,verified,Worms,False,"### Evidence-Grounded SOC Report

#### Prediction Summary
The predicted label is ""Exploits"" with a confidence of 0.432 and an uncertainty score of 0.568. The recommended action is to raise a SOC alert and enrich the event context.

#### Evidence
1. **ct_srv_src**: ct_srv_src = 5, SHAP value = 0.042, direction = supports predicted class
2. **ct_srv_dst**: ct_srv_dst = 1, SHAP value = 0.027, direction = supports predicted class
3. **service_-**: An application service is identified, SHAP value = 0.023, direction = supports predicted class
4. **ct_dst_src_ltm**: ct_dst_src_ltm = 1, SHAP value = 0.021, direction = supports predicted class
5. **sload**: sload = 11720.8, SHAP value = 0.021, direction = supports predicted class

#### Risk and Policy
- **Stage**: Exploitation
- **Risk Score**: 2.8095
- **Policy Zone**: Alert
- **Recommended Action**: Raise a SOC alert and enrich the event context.

#### Human Review
- **Required**: Yes
- **Confidence Threshold**: 0.7
- **Reason**: Detector confidence below the fixed 0.70 threshold.

#### Limitations
This report is limited to the detector and supplied SHAP evidence.","Prediction Summary
The detector predicted Exploits with confidence 0.4322 and uncertainty 0.5678.

Evidence
1. ct_srv_src: observed value=5; SHAP value=0.042293; direction=supports predicted class.
2. ct_srv_dst: observed value=1; SHAP value=0.027133; direction=supports predicted class.
3. service_-: observed value=0; SHAP value=0.023113; direction=supports predicted class.
4. ct_dst_src_ltm: observed value=1; SHAP value=0.020629; direction=supports predicted class.
5. sload: observed value=11720.78027; SHAP value=0.020590; direction=supports predicted class.

Risk and Policy
The predicted operational stage is Exploitation. The confidence-weighted risk score is 2.8095, corresponding to the Alert policy zone.

Recommended Action
Raise a SOC alert and enrich the event context.

Human Review
Detector confidence below the fixed 0.70 threshold.

Limitations
This report is limited to the detector prediction, policy mapping, and five supplied local SHAP contributions. It does not establish ground truth or independently confirm an incident.",evidence_contract_renderer,True,127,False,False,False,5,True,5,True,5,True,True,False,Recommended Action,True,True,True,5,True,True
UNSW-OFFICIAL-12960,A4_verified_full,A3_constrained_full,2.0,verified,Exploits,True,"### Evidence-Grounded SOC Report

#### Prediction Summary
The predicted label is ""Exploits"" with a confidence of 1.0 and an uncertainty score of 0.0. The recommended action is to block the suspected source and initiate investigation.

#### Evidence
1. **sttl**: sttl = 62, SHAP value = 0.1025857850909233, direction = supports predicted class
2. **service_-**: An application service is identified, SHAP value = 0.0641063079237937, direction = supports predicted class
3. **dmean**: dmean = 134, SHAP value = 0.0604260675609111, direction = supports predicted class
4. **sbytes**: sbytes = 364, SHAP value = 0.0429392755031585, direction = supports predicted class
5. **service_ftp-data**: Service = ftp-data, SHAP value = 0.0393215306103229, direction = supports predicted class

#### Risk and Policy
- **Stage**: Exploitation
- **Risk Score**: 6.5
- **Policy Zone**: Block
- **Recommended Action**: Block the suspected source and initiate investigation.

#### Human Review
- **Required**: No
- **Confidence Threshold**: 0.7
- **Reason**: No mandatory confidence-based referral.

#### Limitations
This report is limited to the detector and supplied SHAP evidence.","Prediction Summary
The detector predicted Exploits with confidence 1.0000 and uncertainty 0.0000.

Evidence
1. sttl: observed value=62; SHAP value=0.102586; direction=supports predicted class.
2. service_-: observed value=0; SHAP value=0.064106; direction=supports predicted class.
3. dmean: observed value=134; SHAP value=0.060426; direction=supports predicted class.
4. sbytes: observed value=364; SHAP value=0.042939; direction=supports predicted class.
5. service_ftp-data: observed value=1; SHAP value=0.039322; direction=supports predicted class.

Risk and Policy
The predicted operational stage is Exploitation. The confidence-weighted risk score is 6.5000, corresponding to the Block policy zone.

Recommended Action
Block the suspected source and initiate investigation.

Human Review
No mandatory confidence-based referral.

Limitations
This report is limited to the detector prediction, policy mapping, and five supplied local SHAP contributions. It does not establish ground truth or independently confirm an incident.",evidence_contract_renderer,True,122,False,False,False,5,True,5,True,5,True,True,False,Recommended Action,True,True,True,5,True,True
UNSW-OFFICIAL-13342,A4_verified_full,A3_constrained_full,2.0,verified,Generic,True,"### Evidence-Grounded SOC Report

#### Prediction Summary
The predicted label is ""Generic"" with a confidence of 1.0 and an uncertainty score of 0.0. The recommended action is to ""Block the suspected source and initiate investigation."" The human review decision is ""No mandatory confidence-based referral.""

#### Evidence
1. **service_dns**: Service = dns, Observed Value = 1.0, SHAP Value = 0.1142762601375579, Direction = supports predicted class
2. **sbytes**: sbytes = 114, Observed Value = 114.0, SHAP Value = 0.0996342077851295, Direction = supports predicted class
3. **service_-**: An application service is identified, Observed Value = 0.0, SHAP Value = 0.0760748088359832, Direction = supports predicted class
4. **ct_srv_dst**: ct_srv_dst = 39, Observed Value = 39.0, SHAP Value = 0.0747999101877212, Direction = supports predicted class
5. **ct_dst_sport_ltm**: ct_dst_sport_ltm = 22, Observed Value = 22.0, SHAP Value = 0.0593280717730522, Direction = supports predicted class

#### Risk and Policy
- **Stage**: Exploitation
- **Risk Score**: 6.5
- **Policy Zone**: Block

#### Recommended Action
- **Recommended Action**: Block the suspected source and initiate investigation.

#### Human Review
- **Human Review Decision**: No mandatory confidence-based referral.

#### Limitations
- The report is limited to the detector and supplied SHAP evidence.","Prediction Summary
The detector predicted Generic with confidence 1.0000 and uncertainty 0.0000.

Evidence
1. service_dns: observed value=1; SHAP value=0.114276; direction=supports predicted class.
2. sbytes: observed value=114; SHAP value=0.099634; direction=supports predicted class.
3. service_-: observed value=0; SHAP value=0.076075; direction=supports predicted class.
4. ct_srv_dst: observed value=39; SHAP value=0.074800; direction=supports predicted class.
5. ct_dst_sport_ltm: observed value=22; SHAP value=0.059328; direction=supports predicted class.

Risk and Policy
The predicted operational stage is Exploitation. The confidence-weighted risk score is 6.5000, corresponding to the Block policy zone.

Recommended Action
Block the suspected source and initiate investigation.

Human Review
No mandatory confidence-based referral.

Limitations
This report is limited to the detector prediction, policy mapping, and five supplied local SHAP contributions. It does not establish ground truth or independently confirm an incident.",evidence_contract_renderer,False,122,True,True,True,5,True,5,True,5,True,True,False,,True,True,True,5,True,True
UNSW-OFFICIAL-15213,A4_verified_full,A3_constrained_full,2.0,verified,Generic,True,"### Evidence-Grounded SOC Report

#### Prediction Summary
The predicted label is ""Generic"" with a confidence of 1.0 and an uncertainty score of 0.0. The recommended action is to ""Block the suspected source and initiate investigation."" The human review decision is ""No mandatory confidence-based referral.""

#### Evidence
1. **service_dns**: Service = dns, Observed Value = 1.0, SHAP Value = 0.1144468858838081, Direction = supports predicted class
2. **sbytes**: sbytes = 114, Observed Value = 114.0, SHAP Value = 0.0993836298584938, Direction = supports predicted class
3. **ct_srv_dst**: ct_srv_dst = 34, Observed Value = 34.0, SHAP Value = 0.0762329921126365, Direction = supports predicted class
4. **service_-**: An application service is identified, Observed Value = 0.0, SHAP Value = 0.0761351287364959, Direction = supports predicted class
5. **ct_dst_sport_ltm**: ct_dst_sport_ltm = 21, Observed Value = 21.0, SHAP Value = 0.058881726115942, Direction = supports predicted class

#### Risk and Policy
- **Stage**: Exploitation
- **Risk Score**: 6.5
- **Policy Zone**: Block

#### Recommended Action
- **Recommended Action**: Block the suspected source and initiate investigation.

#### Human Review
- **Human Review Decision**: No mandatory confidence-based referral.

#### Limitations
- The report is limited to the detector and supplied SHAP evidence.","Prediction Summary
The detector predicted Generic with confidence 1.0000 and uncertainty 0.0000.

Evidence
1. service_dns: observed value=1; SHAP value=0.114447; direction=supports predicted class.
2. sbytes: observed value=114; SHAP value=0.099384; direction=supports predicted class.
3. ct_srv_dst: observed value=34; SHAP value=0.076233; direction=supports predicted class.
4. service_-: observed value=0; SHAP value=0.076135; direction=supports predicted class.
5. ct_dst_sport_ltm: observed value=21; SHAP value=0.058882; direction=supports predicted class.

Risk and Policy
The predicted operational stage is Exploitation. The confidence-weighted risk score is 6.5000, corresponding to the Block policy zone.

Recommended Action
Block the suspected source and initiate investigation.

Human Review
No mandatory confidence-based referral.

Limitations
This report is limited to the detector prediction, policy mapping, and five supplied local SHAP contributions. It does not establish ground truth or independently confirm an incident.",evidence_contract_renderer,False,122,True,True,True,5,True,5,True,5,True,True,False,,True,True,True,5,True,True
UNSW-OFFICIAL-15415,A4_verified_full,A3_constrained_full,2.0,verified,Generic,True,"### Evidence-Grounded SOC Report

#### Prediction Summary
The predicted label is ""Generic"" with a confidence of 1.0 and an uncertainty score of 0.0. The recommended action is to ""Block the suspected source and initiate investigation."" The human review decision is ""No mandatory confidence-based referral.""

#### Evidence
1. **service_dns**: Service = dns, Observed Value = 1.0, SHAP Value = 0.1142753213644027, Direction = supports predicted class
2. **sbytes**: sbytes = 114, Observed Value = 114.0, SHAP Value = 0.0995402187108993, Direction = supports predicted class
3. **service_-**: An application service is identified, Observed Value = 0.0, SHAP Value = 0.0759719163179397, Direction = supports predicted class
4. **ct_srv_dst**: ct_srv_dst = 35, Observed Value = 35.0, SHAP Value = 0.0748735591769218, Direction = supports predicted class
5. **ct_dst_sport_ltm**: ct_dst_sport_ltm = 20, Observed Value = 20.0, SHAP Value = 0.0593903772532939, Direction = supports predicted class

#### Risk and Policy
- **Stage**: Exploitation
- **Risk Score**: 6.5
- **Policy Zone**: Block

#### Recommended Action
- **Recommended Action**: Block the suspected source and initiate investigation.

#### Human Review
- **Human Review Decision**: No mandatory confidence-based referral.

#### Limitations
- The report is limited to the detector and supplied SHAP evidence.","Prediction Summary
The detector predicted Generic with confidence 1.0000 and uncertainty 0.0000.

Evidence
1. service_dns: observed value=1; SHAP value=0.114275; direction=supports predicted class.
2. sbytes: observed value=114; SHAP value=0.099540; direction=supports predicted class.
3. service_-: observed value=0; SHAP value=0.075972; direction=supports predicted class.
4. ct_srv_dst: observed value=35; SHAP value=0.074874; direction=supports predicted class.
5. ct_dst_sport_ltm: observed value=20; SHAP value=0.059390; direction=supports predicted class.

Risk and Policy
The predicted operational stage is Exploitation. The confidence-weighted risk score is 6.5000, corresponding to the Block policy zone.

Recommended Action
Block the suspected source and initiate investigation.

Human Review
No mandatory confidence-based referral.

Limitations
This report is limited to the detector prediction, policy mapping, and five supplied local SHAP contributions. It does not establish ground truth or independently confirm an incident.",evidence_contract_renderer,False,122,True,True,True,5,True,5,True,5,True,True,False,,True,True,True,5,True,True
UNSW-OFFICIAL-15513,A4_verified_full,A3_constrained_full,2.0,verified,Generic,True,"### Evidence-Grounded SOC Report

#### Prediction Summary
The predicted label is ""Generic"" with a confidence of 0.9933 and an uncertainty score of 0.0067. The recommended action is to ""Block the suspected source and initiate investigation.""

#### Evidence
1. **service_dns**: Service = dns, Observed Value = 1.0, SHAP Value = 0.1129, Direction = supports predicted class
2. **sbytes**: sbytes = 114, Observed Value = 114.0, SHAP Value = 0.1003, Direction = supports predicted class
3. **service_-**: An application service is identified, Observed Value = 0.0, SHAP Value = 0.0780, Direction = supports predicted class
4. **ct_srv_dst**: ct_srv_dst = 45, Observed Value = 45.0, SHAP Value = 0.0734, Direction = supports predicted class
5. **ct_dst_sport_ltm**: ct_dst_sport_ltm = 25, Observed Value = 25.0, SHAP Value = 0.0668, Direction = supports predicted class

#### Risk and Policy
- **Stage**: Exploitation
- **Risk Score**: 6.4567
- **Policy Zone**: Block
- **Recommended Action**: Block the suspected source and initiate investigation.

#### Human Review
- **Required**: No
- **Confidence Threshold**: 0.7
- **Reason**: No mandatory confidence-based referral.

#### Limitations
This report is limited to the detector and supplied SHAP evidence.","Prediction Summary
The detector predicted Generic with confidence 0.9933 and uncertainty 0.0067.

Evidence
1. service_dns: observed value=1; SHAP value=0.112973; direction=supports predicted class.
2. sbytes: observed value=114; SHAP value=0.100283; direction=supports predicted class.
3. service_-: observed value=0; SHAP value=0.078002; direction=supports predicted class.
4. ct_srv_dst: observed value=45; SHAP value=0.073382; direction=supports predicted class.
5. ct_dst_sport_ltm: observed value=25; SHAP value=0.066753; direction=supports predicted class.

Risk and Policy
The predicted operational stage is Exploitation. The confidence-weighted risk score is 6.4567, corresponding to the Block policy zone.

Recommended Action
Block the suspected source and initiate investigation.

Human Review
No mandatory confidence-based referral.

Limitations
This report is limited to the detector prediction, policy mapping, and five supplied local SHAP contributions. It does not establish ground truth or independently confirm an incident.",evidence_contract_renderer,True,122,False,False,False,5,True,5,True,5,True,True,False,Recommended Action,True,True,True,5,True,True
UNSW-OFFICIAL-15593,A4_verified_full,A3_constrained_full,2.0,verified,Generic,True,"### Evidence-Grounded SOC Report

#### Prediction Summary
The predicted label is ""Generic"" with a confidence of 1.0 and an uncertainty score of 0.0. The recommended action is to ""Block the suspected source and initiate investigation."" The human review decision is ""No mandatory confidence-based referral.""

#### Evidence
1. **service_dns**: Service = dns, Observed Value = 1.0, SHAP Value = 0.1155896857380867, Direction = supports predicted class
2. **sbytes**: sbytes = 114, Observed Value = 114.0, SHAP Value = 0.1018236577510833, Direction = supports predicted class
3. **service_-**: An application service is identified, Observed Value = 0.0, SHAP Value = 0.08014827221632, Direction = supports predicted class
4. **ct_srv_dst**: ct_srv_dst = 31, Observed Value = 31.0, SHAP Value = 0.0733609944581985, Direction = supports predicted class
5. **ct_dst_sport_ltm**: ct_dst_sport_ltm = 13, Observed Value = 13.0, SHAP Value = 0.0604159422218799, Direction = supports predicted class

#### Risk and Policy
- **Stage**: Exploitation
- **Risk Score**: 6.5
- **Policy Zone**: Block

#### Recommended Action
- **Recommended Action**: Block the suspected source and initiate investigation.

#### Human Review
- **Human Review Decision**: No mandatory confidence-based referral.

#### Limitations
- The report is limited to the detector and supplied SHAP evidence.","Prediction Summary
The detector predicted Generic with confidence 1.0000 and uncertainty 0.0000.

Evidence
1. service_dns: observed value=1; SHAP value=0.115590; direction=supports predicted class.
2. sbytes: observed value=114; SHAP value=0.101824; direction=supports predicted class.
3. service_-: observed value=0; SHAP value=0.080148; direction=supports predicted class.
4. ct_srv_dst: observed value=31; SHAP value=0.073361; direction=supports predicted class.
5. ct_dst_sport_ltm: observed value=13; SHAP value=0.060416; direction=supports predicted class.

Risk and Policy
The predicted operational stage is Exploitation. The confidence-weighted risk score is 6.5000, corresponding to the Block policy zone.

Recommended Action
Block the suspected source and initiate investigation.

Human Review
No mandatory confidence-based referral.

Limitations
This report is limited to the detector prediction, policy mapping, and five supplied local SHAP contributions. It does not establish ground truth or independently confirm an incident.",evidence_contract_renderer,False,122,True,True,True,5,True,5,True,5,True,True,False,,True,True,True,5,True,True
UNSW-OFFICIAL-16778,A4_verified_full,A3_constrained_full,2.0,verified,Generic,True,"### Evidence-Grounded SOC Report

#### Prediction Summary
The predicted label is ""Generic"" with a confidence of 1.0 and an uncertainty score of 0.0. The recommended action is to ""Block the suspected source and initiate investigation."" The human review decision is ""No mandatory confidence-based referral.""

#### Evidence
1. **service_dns**: Service = dns, Observed Value = 1.0, SHAP Value = 0.1157796010375022, Direction = supports predicted class
2. **sbytes**: sbytes = 114, Observed Value = 114.0, SHAP Value = 0.100291296839714, Direction = supports predicted class
3. **service_-**: An application service is identified, Observed Value = 0.0, SHAP Value = 0.079874075949192, Direction = supports predicted class
4. **ct_srv_dst**: ct_srv_dst = 18, Observed Value = 18.0, SHAP Value = 0.0724701657891273, Direction = supports predicted class
5. **ct_dst_sport_ltm**: ct_dst_sport_ltm = 18, Observed Value = 18.0, SHAP Value = 0.060217909514904, Direction = supports predicted class

#### Risk and Policy
- **Stage**: Exploitation
- **Risk Score**: 6.5
- **Policy Zone**: Block

#### Recommended Action
- **Recommended Action**: Block the suspected source and initiate investigation.

#### Human Review
- **Human Review Decision**: No mandatory confidence-based referral.

#### Limitations
- The report is limited to the detector and supplied SHAP evidence.","Prediction Summary
The detector predicted Generic with confidence 1.0000 and uncertainty 0.0000.

Evidence
1. service_dns: observed value=1; SHAP value=0.115780; direction=supports predicted class.
2. sbytes: observed value=114; SHAP value=0.100291; direction=supports predicted class.
3. service_-: observed value=0; SHAP value=0.079874; direction=supports predicted class.
4. ct_srv_dst: observed value=18; SHAP value=0.072470; direction=supports predicted class.
5. ct_dst_sport_ltm: observed value=18; SHAP value=0.060218; direction=supports predicted class.

Risk and Policy
The predicted operational stage is Exploitation. The confidence-weighted risk score is 6.5000, corresponding to the Block policy zone.

Recommended Action
Block the suspected source and initiate investigation.

Human Review
No mandatory confidence-based referral.

Limitations
This report is limited to the detector prediction, policy mapping, and five supplied local SHAP contributions. It does not establish ground truth or independently confirm an incident.",evidence_contract_renderer,False,122,True,True,True,5,True,5,True,5,True,True,False,,True,True,True,5,True,True
UNSW-OFFICIAL-17774,A4_verified_full,A3_constrained_full,2.0,verified,Generic,False,"### Evidence-Grounded SOC Report

**Prediction Summary:**
The predicted label is ""Exploits"" with a confidence of 0.519 and an uncertainty score of 0.481. The recommended action is to raise a SOC alert and enrich the event context.

**Evidence:**
1. **sttl (Stage Time):** sttl = 254 (supports predicted class)
2. **sbytes (Size of Bytes Sent):** sbytes = 31148 (supports predicted class)
3. **sload (Size of Bytes Loaded):** sload = 282096 (supports predicted class)
4. **smean (Mean Size of Bytes):** smean = 820 (supports predicted class)
5. **dbytes (Difference in Bytes):** dbytes = 1954 (supports predicted class)

**Risk and Policy:**
The risk score is 3.3741, indicating a high risk. The policy zone is ""Alert,"" and the recommended action is to raise a SOC alert and enrich the event context.

**Recommended Action:**
- **Raise a SOC alert:** This action is recommended to raise a security incident report and alert the appropriate security team.
- **Enrich the event context:** Provide additional details such as the specific exploit details, the time of the event, and any other relevant information to aid in the investigation.

**Human Review:**
- **Required:** Yes
- **Confidence Threshold:** 0.7
- **Reason:** Detector confidence below the fixed 0.70 threshold.

**Limitations:**
- The report is limited to the detector and the supplied SHAP evidence. It does not include any additional attack behavior, causes, impacts, IP addresses, hostnames, CVEs, malware, tools, or remediation steps.","Prediction Summary
The detector predicted Exploits with confidence 0.5191 and uncertainty 0.4809.

Evidence
1. sttl: observed value=254; SHAP value=-0.077617; direction=opposes predicted class.
2. sbytes: observed value=31148; SHAP value=0.039063; direction=supports predicted class.
3. sload: observed value=282096.4375; SHAP value=0.031340; direction=supports predicted class.
4. smean: observed value=820; SHAP value=0.029792; direction=supports predicted class.
5. dbytes: observed value=1954; SHAP value=0.029010; direction=supports predicted class.

Risk and Policy
The predicted operational stage is Exploitation. The confidence-weighted risk score is 3.3741, corresponding to the Alert policy zone.

Recommended Action
Raise a SOC alert and enrich the event context.

Human Review
Detector confidence below the fixed 0.70 threshold.

Limitations
This report is limited to the detector prediction, policy mapping, and five supplied local SHAP contributions. It does not establish ground truth or independently confirm an incident.",evidence_contract_renderer,True,127,True,True,True,5,True,0,False,5,True,True,False,,True,True,True,5,True,True
UNSW-OFFICIAL-18095,A4_verified_full,A3_constrained_full,2.0,verified,Generic,True,"### Evidence-Grounded SOC Report

#### Prediction Summary
The predicted label is ""Generic"" with a confidence of 1.0 and an uncertainty score of 0.0. The recommended action is to ""Block the suspected source and initiate investigation."" The human review decision is ""No mandatory confidence-based referral.""

#### Evidence
1. **service_dns**: Service = dns, Observed Value = 1.0, SHAP Value = 0.1153496727347374, Direction = supports predicted class
2. **sbytes**: sbytes = 114, Observed Value = 114.0, SHAP Value = 0.1002769693732261, Direction = supports predicted class
3. **service_-**: An application service is identified, Observed Value = 0.0, SHAP Value = 0.0797977000474929, Direction = supports predicted class
4. **ct_srv_dst**: ct_srv_dst = 25, Observed Value = 25.0, SHAP Value = 0.0731665417551994, Direction = supports predicted class
5. **ct_dst_sport_ltm**: ct_dst_sport_ltm = 25, Observed Value = 25.0, SHAP Value = 0.0602817945182323, Direction = supports predicted class

#### Risk and Policy
- **Stage**: Exploitation
- **Risk Score**: 6.5
- **Policy Zone**: Block

#### Recommended Action
- **Recommended Action**: Block the suspected source and initiate investigation.

#### Human Review
- **Human Review Decision**: No mandatory confidence-based referral.

#### Limitations
This report is limited to the detector and supplied SHAP evidence.","Prediction Summary
The detector predicted Generic with confidence 1.0000 and uncertainty 0.0000.

Evidence
1. service_dns: observed value=1; SHAP value=0.115350; direction=supports predicted class.
2. sbytes: observed value=114; SHAP value=0.100277; direction=supports predicted class.
3. service_-: observed value=0; SHAP value=0.079798; direction=supports predicted class.
4. ct_srv_dst: observed value=25; SHAP value=0.073167; direction=supports predicted class.
5. ct_dst_sport_ltm: observed value=25; SHAP value=0.060282; direction=supports predicted class.

Risk and Policy
The predicted operational stage is Exploitation. The confidence-weighted risk score is 6.5000, corresponding to the Block policy zone.

Recommended Action
Block the suspected source and initiate investigation.

Human Review
No mandatory confidence-based referral.

Limitations
This report is limited to the detector prediction, policy mapping, and five supplied local SHAP contributions. It does not establish ground truth or independently confirm an incident.",evidence_contract_renderer,False,122,True,True,True,5,True,5,True,5,True,True,False,,True,True,True,5,True,True
UNSW-OFFICIAL-19389,A4_verified_full,A3_constrained_full,2.0,verified,Generic,True,"### Evidence-Grounded SOC Report

#### Prediction Summary
The predicted label is ""Generic"" with a confidence of 1.0 and an uncertainty score of 0.0. The predicted stage is ""Exploitation"" with a risk score of 6.5 and is located in the ""Block"" policy zone. The recommended action is to ""Block the suspected source and initiate investigation.""

#### Evidence
1. **service_dns**: Service = dns, Observed Value = 1.0, SHAP Value = 0.1605594456195831, Direction = supports predicted class
2. **sbytes**: sbytes = 114, Observed Value = 114.0, SHAP Value = 0.1229989379644393, Direction = supports predicted class
3. **service_-**: An application service is identified, Observed Value = 0.0, SHAP Value = 0.109828196465969, Direction = supports predicted class
4. **proto_udp**: Protocol = udp, Observed Value = 1.0, SHAP Value = 0.0736376941204071, Direction = supports predicted class
5. **smean**: smean = 57, Observed Value = 57.0, SHAP Value = 0.0639853030443191, Direction = supports predicted class

#### Risk and Policy
- **Stage**: Exploitation
- **Risk Score**: 6.5
- **Policy Zone**: Block

#### Recommended Action
- **Action**: Block the suspected source and initiate investigation.

#### Human Review
- **Required**: No
- **Confidence Threshold**: 0.7
- **Reason**: No mandatory confidence-based referral.

#### Limitations
This","Prediction Summary
The detector predicted Generic with confidence 1.0000 and uncertainty 0.0000.

Evidence
1. service_dns: observed value=1; SHAP value=0.160559; direction=supports predicted class.
2. sbytes: observed value=114; SHAP value=0.122999; direction=supports predicted class.
3. service_-: observed value=0; SHAP value=0.109828; direction=supports predicted class.
4. proto_udp: observed value=1; SHAP value=0.073638; direction=supports predicted class.
5. smean: observed value=57; SHAP value=0.063985; direction=supports predicted class.

Risk and Policy
The predicted operational stage is Exploitation. The confidence-weighted risk score is 6.5000, corresponding to the Block policy zone.

Recommended Action
Block the suspected source and initiate investigation.

Human Review
No mandatory confidence-based referral.

Limitations
This report is limited to the detector prediction, policy mapping, and five supplied local SHAP contributions. It does not establish ground truth or independently confirm an incident.",evidence_contract_renderer,True,122,True,True,True,5,True,5,True,5,True,True,True,,True,True,True,5,True,True
UNSW-OFFICIAL-20794,A4_verified_full,A3_constrained_full,2.0,verified,Generic,True,"### Evidence-Grounded SOC Report

#### Prediction Summary
The predicted label is ""Generic"" with a confidence of 1.0 and an uncertainty score of 0.0. The predicted stage is ""Exploitation"" with a risk score of 6.5 and is located in the ""Block"" policy zone. The recommended action is to ""Block the suspected source and initiate investigation.""

#### Evidence
1. **service_dns**: Service = dns, Observed Value = 1.0, SHAP Value = 0.114626720547676, Direction = supports predicted class
2. **sbytes**: sbytes = 114, Observed Value = 114.0, SHAP Value = 0.1002755090594291, Direction = supports predicted class
3. **service_-**: An application service is identified, Observed Value = 0.0, SHAP Value = 0.0792384967207908, Direction = supports predicted class
4. **ct_srv_dst**: ct_srv_dst = 35, Observed Value = 35.0, SHAP Value = 0.0743318349123001, Direction = supports predicted class
5. **ct_dst_sport_ltm**: ct_dst_sport_ltm = 22, Observed Value = 22.0, SHAP Value = 0.061068020761013, Direction = supports predicted class

#### Human Review
The required human review is not necessary as the confidence threshold is not met (0.7).

#### Limitations
This report is limited to the detector and the supplied SHAP evidence.","Prediction Summary
The detector predicted Generic with confidence 1.0000 and uncertainty 0.0000.

Evidence
1. service_dns: observed value=1; SHAP value=0.114627; direction=supports predicted class.
2. sbytes: observed value=114; SHAP value=0.100276; direction=supports predicted class.
3. service_-: observed value=0; SHAP value=0.079238; direction=supports predicted class.
4. ct_srv_dst: observed value=35; SHAP value=0.074332; direction=supports predicted class.
5. ct_dst_sport_ltm: observed value=22; SHAP value=0.061068; direction=supports predicted class.

Risk and Policy
The predicted operational stage is Exploitation. The confidence-weighted risk score is 6.5000, corresponding to the Block policy zone.

Recommended Action
Block the suspected source and initiate investigation.

Human Review
No mandatory confidence-based referral.

Limitations
This report is limited to the detector prediction, policy mapping, and five supplied local SHAP contributions. It does not establish ground truth or independently confirm an incident.",evidence_contract_renderer,True,122,False,False,False,5,True,5,True,5,True,True,False,Risk and Policy|Recommended Action,True,True,True,5,True,True
UNSW-OFFICIAL-20956,A4_verified_full,A3_constrained_full,2.0,verified,Generic,True,"### Evidence-Grounded SOC Report

#### Prediction Summary
The predicted label is ""Generic"" with a confidence of 1.0 and an uncertainty score of 0.0. The predicted stage is ""Exploitation"" with a risk score of 6.5 and is located in the ""Block"" policy zone. The recommended action is to ""Block the suspected source and initiate investigation.""

#### Evidence
1. **service_dns**: Service = dns, Observed Value = 1.0, SHAP Value = 0.1151172518730163, Direction = supports predicted class
2. **sbytes**: sbytes = 114, Observed Value = 114.0, SHAP Value = 0.1009848192334175, Direction = supports predicted class
3. **service_-**: An application service is identified, Observed Value = 0.0, SHAP Value = 0.0798035711050033, Direction = supports predicted class
4. **ct_srv_dst**: ct_srv_dst = 35, Observed Value = 35.0, SHAP Value = 0.072783850133419, Direction = supports predicted class
5. **ct_dst_sport_ltm**: ct_dst_sport_ltm = 16, Observed Value = 16.0, SHAP Value = 0.060895949602127, Direction = supports predicted class

#### Human Review
The required human review is not necessary as the confidence threshold is not met (0.7).

#### Limitations
This report is limited to the detector and the supplied SHAP evidence.","Prediction Summary
The detector predicted Generic with confidence 1.0000 and uncertainty 0.0000.

Evidence
1. service_dns: observed value=1; SHAP value=0.115117; direction=supports predicted class.
2. sbytes: observed value=114; SHAP value=0.100985; direction=supports predicted class.
3. service_-: observed value=0; SHAP value=0.079804; direction=supports predicted class.
4. ct_srv_dst: observed value=35; SHAP value=0.072784; direction=supports predicted class.
5. ct_dst_sport_ltm: observed value=16; SHAP value=0.060896; direction=supports predicted class.

Risk and Policy
The predicted operational stage is Exploitation. The confidence-weighted risk score is 6.5000, corresponding to the Block policy zone.

Recommended Action
Block the suspected source and initiate investigation.

Human Review
No mandatory confidence-based referral.

Limitations
This report is limited to the detector prediction, policy mapping, and five supplied local SHAP contributions. It does not establish ground truth or independently confirm an incident.",evidence_contract_renderer,True,122,False,False,False,5,True,5,True,5,True,True,False,Risk and Policy|Recommended Action,True,True,True,5,True,True
UNSW-OFFICIAL-22460,A4_verified_full,A3_constrained_full,2.0,verified,Generic,False,"### Evidence-Grounded SOC Report

#### Prediction Summary
The predicted label is ""Fuzzers"" with a confidence of 0.544491 and an uncertainty score of 0.455509. The recommended action is to raise a SOC alert and enrich the event context.

#### Evidence
1. **spkts**: spkts = 16, SHAP value = 0.045279, direction = supports predicted class
2. **ct_srv_dst**: ct_srv_dst = 1, SHAP value = -0.040604, direction = opposes predicted class
3. **sloss**: sloss = 4, SHAP value = 0.038848, direction = supports predicted class
4. **dbytes**: dbytes = 700, SHAP value = 0.038775, direction = supports predicted class
5. **sbytes**: sbytes = 1576, SHAP value = 0.033101, direction = supports predicted class

#### Risk and Policy
- **Stage**: Exploitation
- **Risk Score**: 3.5392
- **Policy Zone**: Alert
- **Recommended Action**: Raise a SOC alert and enrich the event context.

#### Human Review
- **Required**: Yes
- **Confidence Threshold**: 0.7
- **Reason**: Detector confidence below the fixed 0.70 threshold.

#### Limitations
This report is limited to the detector and supplied SHAP evidence.","Prediction Summary
The detector predicted Fuzzers with confidence 0.5445 and uncertainty 0.4555.

Evidence
1. spkts: observed value=16; SHAP value=0.045279; direction=supports predicted class.
2. ct_srv_dst: observed value=1; SHAP value=-0.040604; direction=opposes predicted class.
3. sloss: observed value=4; SHAP value=0.038848; direction=supports predicted class.
4. dbytes: observed value=700; SHAP value=0.038775; direction=supports predicted class.
5. sbytes: observed value=1576; SHAP value=0.033101; direction=supports predicted class.

Risk and Policy
The predicted operational stage is Exploitation. The confidence-weighted risk score is 3.5392, corresponding to the Alert policy zone.

Recommended Action
Raise a SOC alert and enrich the event context.

Human Review
Detector confidence below the fixed 0.70 threshold.

Limitations
This report is limited to the detector prediction, policy mapping, and five supplied local SHAP contributions. It does not establish ground truth or independently confirm an incident.",evidence_contract_renderer,True,127,False,False,False,5,True,5,True,5,True,True,False,Recommended Action,True,True,True,5,True,True
UNSW-OFFICIAL-22782,A4_verified_full,A3_constrained_full,2.0,verified,Generic,True,"### Evidence-Grounded SOC Report

#### Prediction Summary
The predicted label is ""Generic"" with a confidence of 1.0 and an uncertainty score of 0.0. The recommended action is to ""Block the suspected source and initiate investigation."" The human review decision is ""No mandatory confidence-based referral.""

#### Evidence
1. **service_dns**: Service = dns, Observed Value = 1.0, SHAP Value = 0.1151284277439117, Direction = supports predicted class
2. **sbytes**: sbytes = 114, Observed Value = 114.0, SHAP Value = 0.0994064807891845, Direction = supports predicted class
3. **ct_srv_dst**: ct_srv_dst = 29, Observed Value = 29.0, SHAP Value = 0.0762438178062439, Direction = supports predicted class
4. **service_-**: An application service is identified, Observed Value = 0.0, SHAP Value = 0.0761963874101638, Direction = supports predicted class
5. **ct_dst_sport_ltm**: ct_dst_sport_ltm = 25, Observed Value = 25.0, SHAP Value = 0.058707520365715, Direction = supports predicted class

#### Risk and Policy
- **Stage**: Exploitation
- **Risk Score**: 6.5
- **Policy Zone**: Block

#### Recommended Action
- **Recommended Action**: Block the suspected source and initiate investigation.

#### Human Review
- **Human Review Decision**: No mandatory confidence-based referral.

#### Limitations
- The report is limited to the detector and supplied SHAP evidence.","Prediction Summary
The detector predicted Generic with confidence 1.0000 and uncertainty 0.0000.

Evidence
1. service_dns: observed value=1; SHAP value=0.115128; direction=supports predicted class.
2. sbytes: observed value=114; SHAP value=0.099406; direction=supports predicted class.
3. ct_srv_dst: observed value=29; SHAP value=0.076244; direction=supports predicted class.
4. service_-: observed value=0; SHAP value=0.076196; direction=supports predicted class.
5. ct_dst_sport_ltm: observed value=25; SHAP value=0.058708; direction=supports predicted class.

Risk and Policy
The predicted operational stage is Exploitation. The confidence-weighted risk score is 6.5000, corresponding to the Block policy zone.

Recommended Action
Block the suspected source and initiate investigation.

Human Review
No mandatory confidence-based referral.

Limitations
This report is limited to the detector prediction, policy mapping, and five supplied local SHAP contributions. It does not establish ground truth or independently confirm an incident.",evidence_contract_renderer,False,122,True,True,True,5,True,5,True,5,True,True,False,,True,True,True,5,True,True
UNSW-OFFICIAL-25473,A4_verified_full,A3_constrained_full,2.0,verified,Normal,True,"### Evidence-Grounded SOC Report

**Prediction Summary:**
The system is predicted to be in a **Normal** state with a confidence of 1.0 and an uncertainty score of 0.0. The recommended action is to log the event and continue monitoring.

**Evidence:**
1. **ct_state_ttl**: ct_state_ttl = 0 (supports predicted class)
2. **sttl**: sttl = 31 (supports predicted class)
3. **dttl**: dttl = 29 (supports predicted class)
4. **ackdat**: ackdat = 0.000103 (supports predicted class)
5. **tcprtt**: tcprtt = 0.000551 (supports predicted class)

**Risk and Policy:**
The risk score is 0.0, indicating no immediate security risk. The policy zone is **Monitor**, and the recommended action is to log the event and continue monitoring.

**Recommended Action:**
Log the event and continue monitoring.

**Human Review:**
No mandatory confidence-based referral is required.

**Limitations:**
This report is limited to the detector and supplied SHAP evidence.","Prediction Summary
The detector predicted Normal with confidence 1.0000 and uncertainty 0.0000.

Evidence
1. ct_state_ttl: observed value=0; SHAP value=0.140692; direction=supports predicted class.
2. sttl: observed value=31; SHAP value=0.136562; direction=supports predicted class.
3. dttl: observed value=29; SHAP value=0.083063; direction=supports predicted class.
4. ackdat: observed value=0.0001029999985; SHAP value=0.068877; direction=supports predicted class.
5. tcprtt: observed value=0.0005510000046; SHAP value=0.064210; direction=supports predicted class.

Risk and Policy
The predicted operational stage is Normal. The confidence-weighted risk score is 0.0000, corresponding to the Monitor policy zone.

Recommended Action
Log the event and continue monitoring.

Human Review
No mandatory confidence-based referral.

Limitations
This report is limited to the detector prediction, policy mapping, and five supplied local SHAP contributions. It does not establish ground truth or independently confirm an incident.",evidence_contract_renderer,True,121,True,True,True,5,True,0,False,5,True,True,False,,True,True,True,5,True,True
UNSW-OFFICIAL-29954,A4_verified_full,A3_constrained_full,2.0,verified,Normal,True,"### Evidence-Grounded SOC Report

**Prediction Summary:**
The system is predicted to be in a **Normal** state with a confidence of 1.0 and an uncertainty score of 0.0.

**Evidence:**
1. **ct_state_ttl**: ct_state_ttl = 0 (supports predicted class)
2. **sttl**: sttl = 31 (supports predicted class)
3. **dttl**: dttl = 29 (supports predicted class)
4. **ackdat**: ackdat = 0.000125 (supports predicted class)
5. **dload**: dload = 675621 (supports predicted class)

**Risk and Policy:**
The risk score is 0.0, and the policy zone is **Monitor**. The recommended action is to **Log the event and continue monitoring**.

**Recommended Action:**
Log the event and continue monitoring.

**Human Review:**
No mandatory confidence-based referral is required.

**Limitations:**
This report is limited to the detector and supplied SHAP evidence.","Prediction Summary
The detector predicted Normal with confidence 1.0000 and uncertainty 0.0000.

Evidence
1. ct_state_ttl: observed value=0; SHAP value=0.124988; direction=supports predicted class.
2. sttl: observed value=31; SHAP value=0.117000; direction=supports predicted class.
3. dttl: observed value=29; SHAP value=0.063887; direction=supports predicted class.
4. ackdat: observed value=0.0001250000059; SHAP value=0.041508; direction=supports predicted class.
5. dload: observed value=675621.3125; SHAP value=0.039921; direction=supports predicted class.

Risk and Policy
The predicted operational stage is Normal. The confidence-weighted risk score is 0.0000, corresponding to the Monitor policy zone.

Recommended Action
Log the event and continue monitoring.

Human Review
No mandatory confidence-based referral.

Limitations
This report is limited to the detector prediction, policy mapping, and five supplied local SHAP contributions. It does not establish ground truth or independently confirm an incident.",evidence_contract_renderer,True,121,True,True,True,5,True,0,False,5,True,True,False,,True,True,True,5,True,True
UNSW-OFFICIAL-33099,A4_verified_full,A3_constrained_full,2.0,verified,Normal,True,"### Evidence-Grounded SOC Report

**Prediction Summary:**
The system is predicted to be in a **Normal** state with a confidence of 1.0 and an uncertainty score of 0.0.

**Evidence:**
1. **ct_state_ttl**: ct_state_ttl = 0 (supports predicted class)
2. **sttl**: sttl = 31 (supports predicted class)
3. **dttl**: dttl = 29 (supports predicted class)
4. **ackdat**: ackdat = 0.000136 (supports predicted class)
5. **synack**: synack = 0.000563 (supports predicted class)

**Risk and Policy:**
The risk score is 0.0, and the policy zone is **Monitor**. The recommended action is to **Log the event and continue monitoring**.

**Recommended Action:**
Log the event and continue monitoring.

**Human Review:**
No mandatory confidence-based referral is required.

**Limitations:**
This report is limited to the detector and supplied SHAP evidence.","Prediction Summary
The detector predicted Normal with confidence 1.0000 and uncertainty 0.0000.

Evidence
1. ct_state_ttl: observed value=0; SHAP value=0.144705; direction=supports predicted class.
2. sttl: observed value=31; SHAP value=0.135422; direction=supports predicted class.
3. dttl: observed value=29; SHAP value=0.081329; direction=supports predicted class.
4. ackdat: observed value=0.0001360000024; SHAP value=0.074681; direction=supports predicted class.
5. synack: observed value=0.0005629999796; SHAP value=0.057738; direction=supports predicted class.

Risk and Policy
The predicted operational stage is Normal. The confidence-weighted risk score is 0.0000, corresponding to the Monitor policy zone.

Recommended Action
Log the event and continue monitoring.

Human Review
No mandatory confidence-based referral.

Limitations
This report is limited to the detector prediction, policy mapping, and five supplied local SHAP contributions. It does not establish ground truth or independently confirm an incident.",evidence_contract_renderer,True,121,True,True,True,5,True,0,False,5,True,True,False,,True,True,True,5,True,True
UNSW-OFFICIAL-33218,A4_verified_full,A3_constrained_full,2.0,verified,Normal,True,"### SOC Report

**Prediction Summary:**
The system is predicted to be in a **Normal** state with a confidence of 1.0 and an uncertainty score of 0.0. The recommended action is to log the event and continue monitoring.

**Evidence:**
1. **sttl (State Transition Time):** sttl = 31 (supports predicted class)
2. **ct_state_ttl (CT State Transition Time):** ct_state_ttl = 0 (supports predicted class)
3. **dttl (Data Transition Time):** dttl = 29 (supports predicted class)
4. **dmean (Data Mean):** dmean = 76 (supports predicted class)
5. **dinpkt (Data In-Packet):** dinpkt = 90.6357 (supports predicted class)

**Risk and Policy:**
The risk score is 0.0, indicating no immediate security risk. The policy zone is **Monitor**, and the recommended action is to log the event and continue monitoring.

**Recommended Action:**
Log the event and continue monitoring.

**Human Review:**
No mandatory confidence-based referral is required.

**Limitations:**
This report is limited to the detector and supplied SHAP evidence.","Prediction Summary
The detector predicted Normal with confidence 1.0000 and uncertainty 0.0000.

Evidence
1. sttl: observed value=31; SHAP value=0.169588; direction=supports predicted class.
2. ct_state_ttl: observed value=0; SHAP value=0.118915; direction=supports predicted class.
3. dttl: observed value=29; SHAP value=0.066788; direction=supports predicted class.
4. dmean: observed value=76; SHAP value=0.044650; direction=supports predicted class.
5. dinpkt: observed value=90.63566589; SHAP value=0.034376; direction=supports predicted class.

Risk and Policy
The predicted operational stage is Normal. The confidence-weighted risk score is 0.0000, corresponding to the Monitor policy zone.

Recommended Action
Log the event and continue monitoring.

Human Review
No mandatory confidence-based referral.

Limitations
This report is limited to the detector prediction, policy mapping, and five supplied local SHAP contributions. It does not establish ground truth or independently confirm an incident.",evidence_contract_renderer,True,121,True,True,True,5,True,0,False,5,True,True,False,,True,True,True,5,True,True
UNSW-OFFICIAL-34459,A4_verified_full,A3_constrained_full,2.0,verified,Normal,True,"### Evidence-Grounded SOC Report

**Prediction Summary:**
The system is predicted to be in a **Normal** state with a confidence of 1.0 and an uncertainty score of 0.0.

**Evidence:**
1. **ct_state_ttl**: ct_state_ttl = 0 (supports predicted class)
2. **sttl**: sttl = 31 (supports predicted class)
3. **dttl**: dttl = 29 (supports predicted class)
4. **ackdat**: ackdat = 0.000262 (supports predicted class)
5. **dload**: dload = 595276 (supports predicted class)

**Risk and Policy:**
The risk score is 0.0, and the policy zone is **Monitor**. The recommended action is to **Log the event and continue monitoring**.

**Recommended Action:**
Log the event and continue monitoring.

**Human Review:**
No mandatory confidence-based referral is required.

**Limitations:**
This report is limited to the detector and supplied SHAP evidence.","Prediction Summary
The detector predicted Normal with confidence 1.0000 and uncertainty 0.0000.

Evidence
1. ct_state_ttl: observed value=0; SHAP value=0.130196; direction=supports predicted class.
2. sttl: observed value=31; SHAP value=0.118262; direction=supports predicted class.
3. dttl: observed value=29; SHAP value=0.065859; direction=supports predicted class.
4. ackdat: observed value=0.0002619999868; SHAP value=0.041024; direction=supports predicted class.
5. dload: observed value=595275.75; SHAP value=0.039643; direction=supports predicted class.

Risk and Policy
The predicted operational stage is Normal. The confidence-weighted risk score is 0.0000, corresponding to the Monitor policy zone.

Recommended Action
Log the event and continue monitoring.

Human Review
No mandatory confidence-based referral.

Limitations
This report is limited to the detector prediction, policy mapping, and five supplied local SHAP contributions. It does not establish ground truth or independently confirm an incident.",evidence_contract_renderer,True,121,True,True,True,5,True,0,False,5,True,True,False,,True,True,True,5,True,True
UNSW-OFFICIAL-34555,A4_verified_full,A3_constrained_full,2.0,verified,Normal,True,"### Evidence-Grounded SOC Report

**Prediction Summary:**
The system is predicted to be in a **Normal** state with a confidence of 1.0 and an uncertainty score of 0.0. The recommended action is to log the event and continue monitoring.

**Evidence:**
1. **sttl (State Transition Time Limit)**: sttl = 31 (supports predicted class)
2. **ct_state_ttl (CT State Transition Time Limit)**: ct_state_ttl = 0 (supports predicted class)
3. **dload (Download Size)**: dload = 749384 (supports predicted class)
4. **dttl (Download Time Limit)**: dttl = 29 (supports predicted class)
5. **dmean (Download Mean Size)**: dmean = 76 (supports predicted class)

**Risk and Policy:**
The risk score is 0.0, indicating no immediate security risk. The policy zone is **Monitor**, and the recommended action is to log the event and continue monitoring.

**Recommended Action:**
Log the event and continue monitoring.

**Human Review:**
No mandatory confidence-based referral is required.

**Limitations:**
This report is limited to the detector and supplied SHAP evidence.","Prediction Summary
The detector predicted Normal with confidence 1.0000 and uncertainty 0.0000.

Evidence
1. sttl: observed value=31; SHAP value=0.146169; direction=supports predicted class.
2. ct_state_ttl: observed value=0; SHAP value=0.120299; direction=supports predicted class.
3. dload: observed value=749383.75; SHAP value=0.063112; direction=supports predicted class.
4. dttl: observed value=29; SHAP value=0.051309; direction=supports predicted class.
5. dmean: observed value=76; SHAP value=0.041205; direction=supports predicted class.

Risk and Policy
The predicted operational stage is Normal. The confidence-weighted risk score is 0.0000, corresponding to the Monitor policy zone.

Recommended Action
Log the event and continue monitoring.

Human Review
No mandatory confidence-based referral.

Limitations
This report is limited to the detector prediction, policy mapping, and five supplied local SHAP contributions. It does not establish ground truth or independently confirm an incident.",evidence_contract_renderer,True,121,True,True,True,5,True,0,False,5,True,True,False,,True,True,True,5,True,True
UNSW-OFFICIAL-35071,A4_verified_full,A3_constrained_full,2.0,verified,Normal,True,"### Evidence-Grounded SOC Report

**Prediction Summary:**
The system is predicted to be in a **Normal** state with a confidence of 1.0 and an uncertainty score of 0.0. The recommended action is to log the event and continue monitoring.

**Evidence:**
1. **ct_state_ttl**: ct_state_ttl = 0 (supports predicted class)
2. **sttl**: sttl = 31 (supports predicted class)
3. **dttl**: dttl = 29 (supports predicted class)
4. **ackdat**: ackdat = 0.00013 (supports predicted class)
5. **dload**: dload = 1.35926e+06 (supports predicted class)

**Risk and Policy:**
The risk score is 0.0, indicating no immediate security risk. The policy zone is **Monitor**, and the recommended action is to log the event and continue monitoring.

**Recommended Action:**
Log the event and continue monitoring.

**Human Review:**
No mandatory confidence-based referral is required.

**Limitations:**
This report is limited to the detector and supplied SHAP evidence.","Prediction Summary
The detector predicted Normal with confidence 1.0000 and uncertainty 0.0000.

Evidence
1. ct_state_ttl: observed value=0; SHAP value=0.142403; direction=supports predicted class.
2. sttl: observed value=31; SHAP value=0.129194; direction=supports predicted class.
3. dttl: observed value=29; SHAP value=0.067321; direction=supports predicted class.
4. ackdat: observed value=0.0001300000004; SHAP value=0.052941; direction=supports predicted class.
5. dload: observed value=1359255.625; SHAP value=0.048620; direction=supports predicted class.

Risk and Policy
The predicted operational stage is Normal. The confidence-weighted risk score is 0.0000, corresponding to the Monitor policy zone.

Recommended Action
Log the event and continue monitoring.

Human Review
No mandatory confidence-based referral.

Limitations
This report is limited to the detector prediction, policy mapping, and five supplied local SHAP contributions. It does not establish ground truth or independently confirm an incident.",evidence_contract_renderer,True,121,True,True,True,5,True,0,False,5,True,True,False,,True,True,True,5,True,True
UNSW-OFFICIAL-35319,A4_verified_full,A3_constrained_full,2.0,verified,Normal,True,"### Evidence-Grounded SOC Report

**Prediction Summary:**
The system is predicted to be in a **Normal** state with a confidence of 1.0 and an uncertainty score of 0.0. The recommended action is to log the event and continue monitoring.

**Evidence:**
1. **ct_state_ttl**: ct_state_ttl = 0 (supports predicted class)
2. **sttl**: sttl = 31 (supports predicted class)
3. **dttl**: dttl = 29 (supports predicted class)
4. **dload**: dload = 1.51373e+07 (supports predicted class)
5. **ackdat**: ackdat = 0.000122 (supports predicted class)

**Risk and Policy:**
The risk score is 0.0, indicating no immediate security risk. The policy zone is **Monitor**, and the recommended action is to log the event and continue monitoring.

**Recommended Action:**
Log the event and continue monitoring.

**Human Review:**
No mandatory confidence-based referral is required.

**Limitations:**
This report is limited to the detector and supplied SHAP evidence.","Prediction Summary
The detector predicted Normal with confidence 1.0000 and uncertainty 0.0000.

Evidence
1. ct_state_ttl: observed value=0; SHAP value=0.136560; direction=supports predicted class.
2. sttl: observed value=31; SHAP value=0.117979; direction=supports predicted class.
3. dttl: observed value=29; SHAP value=0.067265; direction=supports predicted class.
4. dload: observed value=15137251; SHAP value=0.045407; direction=supports predicted class.
5. ackdat: observed value=0.0001219999976; SHAP value=0.043615; direction=supports predicted class.

Risk and Policy
The predicted operational stage is Normal. The confidence-weighted risk score is 0.0000, corresponding to the Monitor policy zone.

Recommended Action
Log the event and continue monitoring.

Human Review
No mandatory confidence-based referral.

Limitations
This report is limited to the detector prediction, policy mapping, and five supplied local SHAP contributions. It does not establish ground truth or independently confirm an incident.",evidence_contract_renderer,True,121,True,True,True,5,True,0,False,5,True,True,False,,True,True,True,5,True,True
UNSW-OFFICIAL-36330,A4_verified_full,A3_constrained_full,2.0,verified,Normal,True,"### Evidence-Grounded SOC Report

**Prediction Summary:**
The system is predicted to be in a **Normal** state with a confidence of **0.993** and an uncertainty score of **0.007**. The recommended action is to **Log the event and continue monitoring**.

**Evidence:**
1. **ct_state_ttl**: The value is **0**, which supports the predicted class.
2. **sttl**: The value is **31**, which supports the predicted class.
3. **dttl**: The value is **29**, which supports the predicted class.
4. **ackdat**: The value is **0.000285**, which supports the predicted class.
5. **tcprtt**: The value is **0.000903**, which supports the predicted class.

**Risk and Policy:**
- **Stage**: Normal
- **Risk Score**: 0.0
- **Policy Zone**: Monitor

**Recommended Action:**
- **Action**: Log the event and continue monitoring.

**Human Review:**
- **Required**: No
- **Confidence Threshold**: 0.7
- **Reason**: No mandatory confidence-based referral.

**Limitations:**
- The report is limited to the detector and supplied SHAP evidence.","Prediction Summary
The detector predicted Normal with confidence 0.9933 and uncertainty 0.0067.

Evidence
1. ct_state_ttl: observed value=0; SHAP value=0.147352; direction=supports predicted class.
2. sttl: observed value=31; SHAP value=0.123923; direction=supports predicted class.
3. dttl: observed value=29; SHAP value=0.079683; direction=supports predicted class.
4. ackdat: observed value=0.0002849999873; SHAP value=0.064658; direction=supports predicted class.
5. tcprtt: observed value=0.0009030000074; SHAP value=0.047152; direction=supports predicted class.

Risk and Policy
The predicted operational stage is Normal. The confidence-weighted risk score is 0.0000, corresponding to the Monitor policy zone.

Recommended Action
Log the event and continue monitoring.

Human Review
No mandatory confidence-based referral.

Limitations
This report is limited to the detector prediction, policy mapping, and five supplied local SHAP contributions. It does not establish ground truth or independently confirm an incident.",evidence_contract_renderer,True,121,True,True,True,5,True,0,False,5,True,True,False,,True,True,True,5,True,True
UNSW-OFFICIAL-36644,A4_verified_full,A3_constrained_full,2.0,verified,Normal,True,"### SOC Report

**Prediction Summary:**
The prediction is **Normal** with a confidence of **1.0** and an uncertainty score of **0.0**. The recommended action is to **Log the event and continue monitoring**.

**Evidence:**
1. **sttl = 31** - Supports predicted class.
2. **ct_state_ttl = 0** - Supports predicted class.
3. **dload = 578055** - Supports predicted class.
4. **dttl = 29** - Supports predicted class.
5. **rate = 2676.18** - Supports predicted class.

**Risk and Policy:**
- **Risk Score:** 0.0
- **Policy Zone:** Monitor
- **Recommended Action:** Log the event and continue monitoring.

**Human Review:**
- **Required:** No
- **Confidence Threshold:** 0.7
- **Reason:** No mandatory confidence-based referral.

**Limitations:**
This report is limited to the detector and supplied SHAP evidence.","Prediction Summary
The detector predicted Normal with confidence 1.0000 and uncertainty 0.0000.

Evidence
1. sttl: observed value=31; SHAP value=0.141677; direction=supports predicted class.
2. ct_state_ttl: observed value=0; SHAP value=0.121812; direction=supports predicted class.
3. dload: observed value=578055.3125; SHAP value=0.080135; direction=supports predicted class.
4. dttl: observed value=29; SHAP value=0.048042; direction=supports predicted class.
5. rate: observed value=2676.181885; SHAP value=0.044215; direction=supports predicted class.

Risk and Policy
The predicted operational stage is Normal. The confidence-weighted risk score is 0.0000, corresponding to the Monitor policy zone.

Recommended Action
Log the event and continue monitoring.

Human Review
No mandatory confidence-based referral.

Limitations
This report is limited to the detector prediction, policy mapping, and five supplied local SHAP contributions. It does not establish ground truth or independently confirm an incident.",evidence_contract_renderer,True,121,False,False,False,5,True,0,False,5,True,True,False,Recommended Action,True,True,True,5,True,True
UNSW-OFFICIAL-40504,A4_verified_full,A3_constrained_full,2.0,verified,Normal,False,"### Evidence-Grounded SOC Report

#### Prediction Summary
The predicted label is ""Analysis"" with a confidence of 0.7824771822788469 and an uncertainty score of 0.21752281772115312. The recommended action is to raise a SOC alert and enrich the event context.

#### Evidence
1. **ct_srv_dst**: ct_srv_dst = 3, SHAP value = 0.0619808062911033, direction = supports predicted class
2. **sttl**: sttl = 62, SHAP value = 0.0495108217000961, direction = supports predicted class
3. **response_body_len**: response_body_len = 213, SHAP value = 0.0458921864628791, direction = supports predicted class
4. **ct_dst_src_ltm**: ct_dst_src_ltm = 3, SHAP value = 0.0442119427025318, direction = supports predicted class
5. **ct_srv_src**: ct_srv_src = 3, SHAP value = 0.0439183115959167, direction = supports predicted class

#### Risk and Policy
- **Stage**: Reconnaissance
- **Risk Score**: 2.3474
- **Policy Zone**: Alert
- **Recommended Action**: Raise a SOC alert and enrich the event context.

#### Human Review
- **Required**: No
- **Confidence Threshold**: 0.7
- **Reason**: No mandatory confidence-based referral.

#### Limitations
This report is limited to the detector and supplied SHAP evidence.","Prediction Summary
The detector predicted Analysis with confidence 0.7825 and uncertainty 0.2175.

Evidence
1. ct_srv_dst: observed value=3; SHAP value=0.061981; direction=supports predicted class.
2. sttl: observed value=62; SHAP value=0.049511; direction=supports predicted class.
3. response_body_len: observed value=213; SHAP value=0.045892; direction=supports predicted class.
4. ct_dst_src_ltm: observed value=3; SHAP value=0.044212; direction=supports predicted class.
5. ct_srv_src: observed value=3; SHAP value=0.043918; direction=supports predicted class.

Risk and Policy
The predicted operational stage is Reconnaissance. The confidence-weighted risk score is 2.3474, corresponding to the Alert policy zone.

Recommended Action
Raise a SOC alert and enrich the event context.

Human Review
No mandatory confidence-based referral.

Limitations
This report is limited to the detector prediction, policy mapping, and five supplied local SHAP contributions. It does not establish ground truth or independently confirm an incident.",evidence_contract_renderer,True,124,False,False,False,5,True,5,True,5,True,True,False,Recommended Action,True,True,True,5,True,True
UNSW-OFFICIAL-42048,A4_verified_full,A3_constrained_full,2.0,verified,Normal,False,"### Evidence-Grounded SOC Report

**Prediction Summary:**
The predicted label is ""Fuzzers"" with a confidence of 0.696 and an uncertainty score of 0.304. The recommended action is to raise a SOC alert and enrich the event context.

**Evidence:**
1. **dmean**: dmean = 55, supports predicted class.
2. **spkts**: spkts = 14, supports predicted class.
3. **sloss**: sloss = 4, supports predicted class.
4. **dbytes**: dbytes = 768, supports predicted class.
5. **sttl**: sttl = 254, supports predicted class.

**Risk and Policy:**
The risk score is 4.525, and the policy zone is ""Alert."" The recommended action is to raise a SOC alert and enrich the event context.

**Recommended Action:**
Raise a SOC alert and enrich the event context.

**Human Review:**
Human review is required with a confidence threshold of 0.7. The reason is that the detector confidence is below the fixed 0.70 threshold.

**Limitations:**
The report is limited to the detector and supplied SHAP evidence.","Prediction Summary
The detector predicted Fuzzers with confidence 0.6962 and uncertainty 0.3038.

Evidence
1. dmean: observed value=55; SHAP value=0.054990; direction=supports predicted class.
2. spkts: observed value=14; SHAP value=0.053612; direction=supports predicted class.
3. sloss: observed value=4; SHAP value=0.051135; direction=supports predicted class.
4. dbytes: observed value=768; SHAP value=0.046369; direction=supports predicted class.
5. sttl: observed value=254; SHAP value=0.037759; direction=supports predicted class.

Risk and Policy
The predicted operational stage is Exploitation. The confidence-weighted risk score is 4.5251, corresponding to the Alert policy zone.

Recommended Action
Raise a SOC alert and enrich the event context.

Human Review
Detector confidence below the fixed 0.70 threshold.

Limitations
This report is limited to the detector prediction, policy mapping, and five supplied local SHAP contributions. It does not establish ground truth or independently confirm an incident.",evidence_contract_renderer,True,127,True,True,True,5,True,0,False,5,True,True,False,,True,True,True,5,True,True
UNSW-OFFICIAL-42451,A4_verified_full,A3_constrained_full,2.0,verified,Normal,True,"### Evidence-Grounded SOC Report

**Prediction Summary:**
The prediction is for **Normal** with a confidence of **1.0** and an uncertainty score of **0.0**.

**Evidence:**
1. **sttl = 0** - Supports predicted class.
2. **Protocol = arp** - Supports predicted class.
3. **sbytes = 46** - Supports predicted class.
4. **smean = 46** - Supports predicted class.
5. **is_sm_ips_ports = 1** - Supports predicted class.

**Risk and Policy:**
- **Stage:** Normal
- **Risk Score:** 0.0
- **Policy Zone:** Monitor
- **Recommended Action:** Log the event and continue monitoring.

**Human Review:**
- **Required:** No
- **Confidence Threshold:** 0.7
- **Reason:** No mandatory confidence-based referral.

**Limitations:**
- The report is limited to the detector and supplied SHAP evidence.","Prediction Summary
The detector predicted Normal with confidence 1.0000 and uncertainty 0.0000.

Evidence
1. sttl: observed value=0; SHAP value=0.135574; direction=supports predicted class.
2. proto_arp: observed value=1; SHAP value=0.095587; direction=supports predicted class.
3. sbytes: observed value=46; SHAP value=0.085201; direction=supports predicted class.
4. smean: observed value=46; SHAP value=0.081056; direction=supports predicted class.
5. is_sm_ips_ports: observed value=1; SHAP value=0.068670; direction=supports predicted class.

Risk and Policy
The predicted operational stage is Normal. The confidence-weighted risk score is 0.0000, corresponding to the Monitor policy zone.

Recommended Action
Log the event and continue monitoring.

Human Review
No mandatory confidence-based referral.

Limitations
This report is limited to the detector prediction, policy mapping, and five supplied local SHAP contributions. It does not establish ground truth or independently confirm an incident.",evidence_contract_renderer,True,121,False,False,False,5,True,0,False,5,True,True,False,Recommended Action,True,True,True,5,True,True
UNSW-OFFICIAL-43110,A4_verified_full,A3_constrained_full,2.0,verified,Normal,True,"### Evidence-Grounded SOC Report

**Prediction Summary:**
The system is predicted to be in the ""Normal"" state with a confidence of 51.32% and an uncertainty score of 48.68%. The recommended action is to log the event and continue monitoring.

**Evidence:**
1. **sbytes**: sbytes = 1066 (supports predicted class)
2. **smean**: smean = 533 (supports predicted class)
3. **ct_srv_src**: ct_srv_src = 26 (supports predicted class)
4. **ct_srv_dst**: ct_srv_dst = 26 (supports predicted class)
5. **proto_udp**: Protocol = udp (supports predicted class)

**Risk and Policy:**
The risk score is 0.0, and the policy zone is ""Monitor"". The recommended action is to log the event and continue monitoring.

**Recommended Action:**
Log the event and continue monitoring.

**Human Review:**
Human review is required with a confidence threshold of 0.7. The reason is that the detector confidence is below the fixed 0.70 threshold.

**Limitations:**
This report is limited to the detector and the supplied SHAP evidence.","Prediction Summary
The detector predicted Normal with confidence 0.5132 and uncertainty 0.4868.

Evidence
1. sbytes: observed value=1066; SHAP value=0.062191; direction=supports predicted class.
2. smean: observed value=533; SHAP value=0.040925; direction=supports predicted class.
3. ct_srv_src: observed value=26; SHAP value=0.037294; direction=supports predicted class.
4. ct_srv_dst: observed value=26; SHAP value=0.034394; direction=supports predicted class.
5. proto_udp: observed value=1; SHAP value=0.033960; direction=supports predicted class.

Risk and Policy
The predicted operational stage is Normal. The confidence-weighted risk score is 0.0000, corresponding to the Monitor policy zone.

Recommended Action
Log the event and continue monitoring.

Human Review
Detector confidence below the fixed 0.70 threshold.

Limitations
This report is limited to the detector prediction, policy mapping, and five supplied local SHAP contributions. It does not establish ground truth or independently confirm an incident.",evidence_contract_renderer,True,124,True,True,True,5,True,0,False,5,True,True,False,,True,True,True,5,True,True
UNSW-OFFICIAL-43373,A4_verified_full,A3_constrained_full,2.0,verified,Normal,False,"### Evidence-Grounded SOC Report

#### Prediction Summary
The predicted label is ""Fuzzers"" with a confidence of 0.6917820396341484 and an uncertainty score of 0.3082179603658516. The predicted stage is ""Exploitation"" with a risk score of 4.4966.

#### Evidence
1. **ct_dst_src_ltm**: ct_dst_src_ltm = 11, SHAP value = 0.0745378583669662, direction = supports predicted class
2. **ct_srv_dst**: ct_srv_dst = 11, SHAP value = 0.0570043921470642, direction = supports predicted class
3. **ct_src_dport_ltm**: ct_src_dport_ltm = 2, SHAP value = 0.0522546879947185, direction = supports predicted class
4. **ct_srv_src**: ct_srv_src = 11, SHAP value = 0.0502178370952606, direction = supports predicted class
5. **sbytes**: sbytes = 1612, SHAP value = 0.0380790345370769, direction = supports predicted class

#### Risk and Policy
- **Stage**: Exploitation
- **Risk Score**: 4.4966
- **Policy Zone**: Alert
- **Recommended Action**: Raise a SOC alert and enrich the event context.

#### Human Review
- **Required**: Yes
- **Confidence Threshold**: 0.7
- **Reason**: Detector confidence below the fixed 0.70 threshold.

#### Limitations
This report is limited","Prediction Summary
The detector predicted Fuzzers with confidence 0.6918 and uncertainty 0.3082.

Evidence
1. ct_dst_src_ltm: observed value=11; SHAP value=0.074538; direction=supports predicted class.
2. ct_srv_dst: observed value=11; SHAP value=0.057004; direction=supports predicted class.
3. ct_src_dport_ltm: observed value=2; SHAP value=0.052255; direction=supports predicted class.
4. ct_srv_src: observed value=11; SHAP value=0.050218; direction=supports predicted class.
5. sbytes: observed value=1612; SHAP value=0.038079; direction=supports predicted class.

Risk and Policy
The predicted operational stage is Exploitation. The confidence-weighted risk score is 4.4966, corresponding to the Alert policy zone.

Recommended Action
Raise a SOC alert and enrich the event context.

Human Review
Detector confidence below the fixed 0.70 threshold.

Limitations
This report is limited to the detector prediction, policy mapping, and five supplied local SHAP contributions. It does not establish ground truth or independently confirm an incident.",evidence_contract_renderer,True,127,False,False,False,5,True,5,True,5,True,True,True,Recommended Action,True,True,True,5,True,True
UNSW-OFFICIAL-43394,A4_verified_full,A3_constrained_full,2.0,verified,Normal,False,"### Evidence-Grounded SOC Report

**Prediction Summary:**
The predicted label is ""Fuzzers"" with a confidence of 0.911 and an uncertainty score of 0.089. The recommended action is to block the suspected source and initiate investigation.

**Evidence:**
1. **Protocol = udp** (Supports predicted class)
2. **sbytes = 1772** (Supports predicted class)
3. **smean = 886** (Supports predicted class)
4. **ct_srv_dst = 32** (Supports predicted class)
5. **ct_srv_src = 32** (Supports predicted class)

**Risk and Policy:**
- **Stage:** Exploitation
- **Risk Score:** 5.9218
- **Policy Zone:** Block

**Recommended Action:**
- Block the suspected source and initiate investigation.

**Human Review:**
- **Required:** No
- **Confidence Threshold:** 0.7
- **Reason:** No mandatory confidence-based referral.

**Limitations:**
- The report is limited to the detector and supplied SHAP evidence.","Prediction Summary
The detector predicted Fuzzers with confidence 0.9110 and uncertainty 0.0890.

Evidence
1. proto_udp: observed value=1; SHAP value=0.106375; direction=supports predicted class.
2. sbytes: observed value=1772; SHAP value=0.078803; direction=supports predicted class.
3. smean: observed value=886; SHAP value=0.077500; direction=supports predicted class.
4. ct_srv_dst: observed value=32; SHAP value=0.064931; direction=supports predicted class.
5. ct_srv_src: observed value=32; SHAP value=0.055821; direction=supports predicted class.

Risk and Policy
The predicted operational stage is Exploitation. The confidence-weighted risk score is 5.9218, corresponding to the Block policy zone.

Recommended Action
Block the suspected source and initiate investigation.

Human Review
No mandatory confidence-based referral.

Limitations
This report is limited to the detector prediction, policy mapping, and five supplied local SHAP contributions. It does not establish ground truth or independently confirm an incident.",evidence_contract_renderer,True,122,True,True,True,5,True,0,False,5,True,True,False,,True,True,True,5,True,True
UNSW-OFFICIAL-43864,A4_verified_full,A3_constrained_full,2.0,verified,Shellcode,True,"### Evidence-Grounded SOC Report

**Prediction Summary:**
The predicted label is ""Shellcode,"" with a confidence of 70.48% and an uncertainty score of 29.52%. The predicted stage is ""Advanced Intrusion,"" and the risk score is 5.99.

**Evidence:**
1. **stcpb (TCP Connections):** The SHAP value is -0.058, indicating opposition to the predicted class.
2. **sbytes (Bytes Sent):** The SHAP value is 0.046, indicating support for the predicted class.
3. **ct_dst_src_ltm (LTM Destination):** The SHAP value is 0.041, indicating support for the predicted class.
4. **service_- (Service):** The SHAP value is 0.040788, indicating support for the predicted class.
5. **dmean (Mean of Data):** The SHAP value is 0.033347, indicating support for the predicted class.

**Risk and Policy:**
The recommended action is to ""Block the suspected source and initiate investigation."" The policy zone is ""Block,"" and the risk score is 5.99.

**Recommended Action:**
The recommended action is to ""Block the suspected source and initiate investigation.""

**Human Review:**
The human review decision is ""No mandatory confidence-based referral.""

**Limitations:**
This report is limited to the detector and supplied SHAP evidence.","Prediction Summary
The detector predicted Shellcode with confidence 0.7048 and uncertainty 0.2952.

Evidence
1. stcpb: observed value=4286255104; SHAP value=-0.058068; direction=opposes predicted class.
2. sbytes: observed value=720; SHAP value=0.046059; direction=supports predicted class.
3. ct_dst_src_ltm: observed value=1; SHAP value=0.041027; direction=supports predicted class.
4. service_-: observed value=1; SHAP value=0.040788; direction=supports predicted class.
5. dmean: observed value=45; SHAP value=0.033347; direction=supports predicted class.

Risk and Policy
The predicted operational stage is Advanced Intrusion. The confidence-weighted risk score is 5.9911, corresponding to the Block policy zone.

Recommended Action
Block the suspected source and initiate investigation.

Human Review
No mandatory confidence-based referral.

Limitations
This report is limited to the detector prediction, policy mapping, and five supplied local SHAP contributions. It does not establish ground truth or independently confirm an incident.",evidence_contract_renderer,True,123,True,True,True,5,True,5,True,4,False,True,False,,True,True,True,5,True,True
UNSW-OFFICIAL-43895,A4_verified_full,A3_constrained_full,2.0,verified,Exploits,True,"### Evidence-Grounded SOC Report

#### Prediction Summary
The predicted label is ""Exploits"" with a confidence of 70.45% and an uncertainty score of 29.55%. The recommended action is to raise a SOC alert and enrich the event context.

#### Evidence
1. **sttl (Seconds to Live)**: sttl = 62, SHAP value = 0.0741, direction = supports predicted class
2. **smean (Standard Mean Deviation)**: smean = 1220, SHAP value = 0.0401, direction = supports predicted class
3. **sbytes (Size of the File)**: sbytes = 283028, SHAP value = 0.0401, direction = supports predicted class
4. **dbytes (Data Size in Bytes)**: dbytes = 3010, SHAP value = 0.0399, direction = supports predicted class
5. **dpkts (Number of Packets)**: dpkts = 50, SHAP value = 0.0355, direction = supports predicted class

#### Risk and Policy
- **Risk Score**: 4.5793
- **Policy Zone**: Alert
- **Recommended Action**: Raise a SOC alert and enrich the event context

#### Human Review
- **Human Review Decision**: No mandatory confidence-based referral.

#### Limitations
This report is limited to the detector and supplied SHAP evidence.","Prediction Summary
The detector predicted Exploits with confidence 0.7045 and uncertainty 0.2955.

Evidence
1. sttl: observed value=62; SHAP value=0.074118; direction=supports predicted class.
2. smean: observed value=1220; SHAP value=0.040099; direction=supports predicted class.
3. sbytes: observed value=283028; SHAP value=0.040083; direction=supports predicted class.
4. dbytes: observed value=3010; SHAP value=0.039887; direction=supports predicted class.
5. dpkts: observed value=50; SHAP value=0.035506; direction=supports predicted class.

Risk and Policy
The predicted operational stage is Exploitation. The confidence-weighted risk score is 4.5793, corresponding to the Alert policy zone.

Recommended Action
Raise a SOC alert and enrich the event context.

Human Review
No mandatory confidence-based referral.

Limitations
This report is limited to the detector prediction, policy mapping, and five supplied local SHAP contributions. It does not establish ground truth or independently confirm an incident.",evidence_contract_renderer,True,124,False,False,False,5,True,5,True,5,True,True,False,Recommended Action,True,True,True,5,True,True
UNSW-OFFICIAL-43985,A4_verified_full,A3_constrained_full,2.0,verified,Worms,True,"### Evidence-Grounded SOC Report

#### Prediction Summary
The predicted label is **Worms** with a confidence of **0.4796** and an uncertainty score of **0.5204**. The recommended action is to **Raise a SOC alert and enrich the event context**.

#### Evidence
1. **service_http**: Service = http (Supports predicted class)
2. **sbytes**: sbytes = 2416 (Supports predicted class)
3. **dpkts**: dpkts = 236 (Supports predicted class)
4. **service_-**: An application service is identified (Supports predicted class)
5. **sttl**: sttl = 254 (Supports predicted class)

#### Risk and Policy
- **Stage**: Advanced Intrusion
- **Risk Score**: 4.0764
- **Policy Zone**: Alert

#### Recommended Action
- **Recommended Action**: Raise a SOC alert and enrich the event context.

#### Human Review
- **Human Review Required**: Yes
- **Confidence Threshold**: 0.70
- **Reason**: Detector confidence below the fixed 0.70 threshold.

#### Limitations
- **Report Limitations**: This report is limited to the detector and supplied SHAP evidence. It does not include additional details such as attack behavior, causes, impacts, IP addresses, hostnames, CVEs, malware, tools, or extra remediation.","Prediction Summary
The detector predicted Worms with confidence 0.4796 and uncertainty 0.5204.

Evidence
1. service_http: observed value=1; SHAP value=0.049914; direction=supports predicted class.
2. sbytes: observed value=2416; SHAP value=0.036361; direction=supports predicted class.
3. dpkts: observed value=236; SHAP value=0.032547; direction=supports predicted class.
4. service_-: observed value=0; SHAP value=0.027834; direction=supports predicted class.
5. sttl: observed value=254; SHAP value=0.026676; direction=supports predicted class.

Risk and Policy
The predicted operational stage is Advanced Intrusion. The confidence-weighted risk score is 4.0764, corresponding to the Alert policy zone.

Recommended Action
Raise a SOC alert and enrich the event context.

Human Review
Detector confidence below the fixed 0.70 threshold.

Limitations
This report is limited to the detector prediction, policy mapping, and five supplied local SHAP contributions. It does not establish ground truth or independently confirm an incident.",evidence_contract_renderer,True,128,True,True,True,5,True,0,False,5,True,True,False,,True,True,True,5,True,True
UNSW-OFFICIAL-44001,A4_verified_full,A3_constrained_full,2.0,verified,Exploits,True,"### Evidence-Grounded SOC Report

**Prediction Summary:**
The predicted label is ""Exploits"" with a confidence of 0.7794915119406506 and an uncertainty score of 0.22050848805934942. The recommended action is to ""Block the suspected source and initiate investigation.""

**Evidence:**
1. **sttl (State Time):** sttl = 62, SHAP value = 0.1015942096710205, Direction: supports predicted class
2. **dbytes (Data Bytes):** dbytes = 1740, SHAP value = 0.0510854125022888, Direction: supports predicted class
3. **dloss (Data Loss):** dloss = 8, SHAP value = 0.0480699464678764, Direction: supports predicted class
4. **dpkts (Data Packets):** dpkts = 22, SHAP value = 0.0460331253707408, Direction: supports predicted class
5. **sbytes (Session Bytes):** sbytes = 3035, SHAP value = 0.0360643118619918, Direction: supports predicted class

**Risk and Policy:**
The risk score is 5.0667, and the policy zone is ""Block."" The recommended action is to ""Block the suspected source and initiate investigation.""

**Recommended Action:**
The recommended action is to ""Block the suspected source and initiate investigation.""

**Human Review:**
The human review decision is ""No mandatory confidence-based referral.""

**Limitations:**
This report is limited to the detector and supplied SH","Prediction Summary
The detector predicted Exploits with confidence 0.7795 and uncertainty 0.2205.

Evidence
1. sttl: observed value=62; SHAP value=0.101594; direction=supports predicted class.
2. dbytes: observed value=1740; SHAP value=0.051085; direction=supports predicted class.
3. dloss: observed value=8; SHAP value=0.048070; direction=supports predicted class.
4. dpkts: observed value=22; SHAP value=0.046033; direction=supports predicted class.
5. sbytes: observed value=3035; SHAP value=0.036064; direction=supports predicted class.

Risk and Policy
The predicted operational stage is Exploitation. The confidence-weighted risk score is 5.0667, corresponding to the Block policy zone.

Recommended Action
Block the suspected source and initiate investigation.

Human Review
No mandatory confidence-based referral.

Limitations
This report is limited to the detector prediction, policy mapping, and five supplied local SHAP contributions. It does not establish ground truth or independently confirm an incident.",evidence_contract_renderer,True,122,True,True,True,5,True,5,True,5,True,True,True,,True,True,True,5,True,True
UNSW-OFFICIAL-44015,A4_verified_full,A3_constrained_full,2.0,verified,Fuzzers,True,"### Evidence-Grounded SOC Report

#### Prediction Summary
The predicted label is ""Fuzzers"" with a confidence of 95.01% and an uncertainty score of 4.99%. The recommended action is to block the suspected source and initiate investigation.

#### Evidence
1. **sbytes**: 3688 (supports predicted class)
2. **dbytes**: 708 (supports predicted class)
3. **spkts**: 20 (supports predicted class)
4. **sloss**: 4 (supports predicted class)
5. **ct_dst_src_ltm**: 2 (supports predicted class)

#### Risk and Policy
- **Stage**: Exploitation
- **Risk Score**: 6.18
- **Policy Zone**: Block

#### Recommended Action
- **Recommended Action**: Block the suspected source and initiate investigation.

#### Human Review
- **Human Review Required**: No
- **Confidence Threshold**: 0.7
- **Reason**: No mandatory confidence-based referral.

#### Limitations
- **Report Limitations**: This report is based solely on the provided detector and SHAP evidence. It does not include additional attack behavior, causes, impacts, IP addresses, hostnames, CVEs, malware, tools, or any remediation steps.","Prediction Summary
The detector predicted Fuzzers with confidence 0.9501 and uncertainty 0.0499.

Evidence
1. sbytes: observed value=3688; SHAP value=0.057481; direction=supports predicted class.
2. dbytes: observed value=708; SHAP value=0.045942; direction=supports predicted class.
3. spkts: observed value=20; SHAP value=0.044485; direction=supports predicted class.
4. sloss: observed value=4; SHAP value=0.042026; direction=supports predicted class.
5. ct_dst_src_ltm: observed value=2; SHAP value=0.040638; direction=supports predicted class.

Risk and Policy
The predicted operational stage is Exploitation. The confidence-weighted risk score is 6.1759, corresponding to the Block policy zone.

Recommended Action
Block the suspected source and initiate investigation.

Human Review
No mandatory confidence-based referral.

Limitations
This report is limited to the detector prediction, policy mapping, and five supplied local SHAP contributions. It does not establish ground truth or independently confirm an incident.",evidence_contract_renderer,True,122,True,True,True,5,True,0,False,5,True,True,False,,True,True,True,5,True,True
UNSW-OFFICIAL-44322,A4_verified_full,A3_constrained_full,2.0,verified,Shellcode,False,"### Evidence-Grounded SOC Report

#### Prediction Summary
The predicted label is ""Fuzzers"" with a confidence of 0.2989905706101302 and an uncertainty score of 0.7010094293898699. The recommended action is to log the event and continue monitoring.

#### Evidence
1. **ct_dst_src_ltm**: ct_dst_src_ltm = 1, SHAP value = -0.0588834434747695, Direction = Opposes predicted class
2. **sbytes**: sbytes = 1132, SHAP value = 0.0348977707326412, Direction = Supports predicted class
3. **service_-**: Service = unspecified, SHAP value = 0.0263952277600765, Direction = Supports predicted class
4. **ct_srv_dst**: ct_srv_dst = 2, SHAP value = 0.0203635543584823, Direction = Supports predicted class
5. **service_http**: Service is not http, SHAP value = 0.0151043748483061, Direction = Supports predicted class

#### Risk and Policy
- **Stage**: Exploitation
- **Risk Score**: 1.9434
- **Policy Zone**: Monitor
- **Recommended Action**: Log the event and continue monitoring

#### Human Review
- **Required**: Yes
- **Confidence Threshold**: 0.7
- **Reason**: Detector confidence below the fixed 0.70 threshold.

#### Limitations
This report is limited to the detector and supplied SHAP evidence.","Prediction Summary
The detector predicted Fuzzers with confidence 0.2990 and uncertainty 0.7010.

Evidence
1. ct_dst_src_ltm: observed value=1; SHAP value=-0.058883; direction=opposes predicted class.
2. sbytes: observed value=1132; SHAP value=0.034898; direction=supports predicted class.
3. service_-: observed value=1; SHAP value=0.026395; direction=supports predicted class.
4. ct_srv_dst: observed value=2; SHAP value=0.020364; direction=supports predicted class.
5. service_http: observed value=0; SHAP value=0.015104; direction=supports predicted class.

Risk and Policy
The predicted operational stage is Exploitation. The confidence-weighted risk score is 1.9434, corresponding to the Monitor policy zone.

Recommended Action
Log the event and continue monitoring.

Human Review
Detector confidence below the fixed 0.70 threshold.

Limitations
This report is limited to the detector prediction, policy mapping, and five supplied local SHAP contributions. It does not establish ground truth or independently confirm an incident.",evidence_contract_renderer,True,124,False,False,False,5,True,5,True,5,True,True,False,Recommended Action,True,True,True,5,True,True
UNSW-OFFICIAL-44403,A4_verified_full,A3_constrained_full,2.0,verified,Shellcode,True,"### Evidence-Grounded SOC Report

**Prediction Summary:**
The predicted label is ""Shellcode,"" with a confidence of 0.597 and an uncertainty score of 0.403. The predicted stage is ""Advanced Intrusion,"" and the risk score is 5.0775. The recommended action is to ""Block the suspected source and initiate investigation.""

**Evidence:**
1. **Service (-):** Service unspecified (1.0), SHAP value 0.042, direction supports predicted class.
2. **sbytes:** sbytes = 728 (728.0), SHAP value 0.042, direction supports predicted class.
3. **ct_dst_src_ltm:** ct_dst_src_ltm = 1 (1.0), SHAP value 0.042, direction supports predicted class.
4. **dpkts:** dpkts = 6 (6.0), SHAP value 0.030, direction supports predicted class.
5. **dbytes:** dbytes = 268 (268.0), SHAP value 0.029, direction supports predicted class.

**Risk and Policy:**
The risk score is 5.0775, indicating a high risk. The policy zone is ""Block,"" and the recommended action is to ""Block the suspected source and initiate investigation.""

**Recommended Action:**
The recommended action is to ""Block the suspected source and initiate investigation.""

**Human Review:**
Human review is required with a confidence threshold of 0.7. The reason is that the detector confidence is below the fixed 0.70 threshold.

**Limitations:**
This report is limited to the detector and supplied SHAP evidence.","Prediction Summary
The detector predicted Shellcode with confidence 0.5974 and uncertainty 0.4026.

Evidence
1. service_-: observed value=1; SHAP value=0.042178; direction=supports predicted class.
2. sbytes: observed value=728; SHAP value=0.042102; direction=supports predicted class.
3. ct_dst_src_ltm: observed value=1; SHAP value=0.041883; direction=supports predicted class.
4. dpkts: observed value=6; SHAP value=0.030231; direction=supports predicted class.
5. dbytes: observed value=268; SHAP value=0.029451; direction=supports predicted class.

Risk and Policy
The predicted operational stage is Advanced Intrusion. The confidence-weighted risk score is 5.0775, corresponding to the Block policy zone.

Recommended Action
Block the suspected source and initiate investigation.

Human Review
Detector confidence below the fixed 0.70 threshold.

Limitations
This report is limited to the detector prediction, policy mapping, and five supplied local SHAP contributions. It does not establish ground truth or independently confirm an incident.",evidence_contract_renderer,False,126,True,True,True,5,True,5,True,5,True,True,False,,True,True,True,5,True,True
UNSW-OFFICIAL-44487,A4_verified_full,A3_constrained_full,2.0,verified,Worms,True,"### Evidence-Grounded SOC Report

#### Prediction Summary
The predicted label is **Worms** with a confidence of **0.764** and an uncertainty score of **0.236**. The recommended action is to **Block the suspected source and initiate investigation**.

#### Evidence
1. **sbytes**: **1306** (supports predicted class)
2. **smean**: **131** (supports predicted class)
3. **service_http**: **1.0** (supports predicted class)
4. **service_-**: **0.0** (supports predicted class)
5. **ct_flw_http_mthd**: **1.0** (supports predicted class)

#### Risk and Policy
- **Stage**: Advanced Intrusion
- **Risk Score**: 6.4937
- **Policy Zone**: Block

#### Recommended Action
- **Recommended Action**: Block the suspected source and initiate investigation.

#### Human Review
- **Human Review Required**: No
- **Confidence Threshold**: 0.7
- **Reason**: No mandatory confidence-based referral.

#### Limitations
- **Report Limitations**: This report is limited to the detector and supplied SHAP evidence.","Prediction Summary
The detector predicted Worms with confidence 0.7640 and uncertainty 0.2360.

Evidence
1. sbytes: observed value=1306; SHAP value=0.096251; direction=supports predicted class.
2. smean: observed value=131; SHAP value=0.073001; direction=supports predicted class.
3. service_http: observed value=1; SHAP value=0.055931; direction=supports predicted class.
4. service_-: observed value=0; SHAP value=0.055024; direction=supports predicted class.
5. ct_flw_http_mthd: observed value=1; SHAP value=0.047628; direction=supports predicted class.

Risk and Policy
The predicted operational stage is Advanced Intrusion. The confidence-weighted risk score is 6.4937, corresponding to the Block policy zone.

Recommended Action
Block the suspected source and initiate investigation.

Human Review
No mandatory confidence-based referral.

Limitations
This report is limited to the detector prediction, policy mapping, and five supplied local SHAP contributions. It does not establish ground truth or independently confirm an incident.",evidence_contract_renderer,True,123,True,True,True,5,True,0,False,5,True,True,False,,True,True,True,5,True,True
UNSW-OFFICIAL-44627,A4_verified_full,A3_constrained_full,2.0,verified,Fuzzers,True,"### Evidence-Grounded SOC Report

**Prediction Summary:**
The predicted label is ""Fuzzers"" with a confidence of 0.7636 and an uncertainty score of 0.2364. The recommended action is to raise a SOC alert and enrich the event context.

**Evidence:**
1. **ct_srv_dst**: ct_srv_dst = 10, SHAP value = 0.0901, direction = supports predicted class
2. **ct_srv_src**: ct_srv_src = 10, SHAP value = 0.0676, direction = supports predicted class
3. **ct_dst_src_ltm**: ct_dst_src_ltm = 3, SHAP value = 0.0555, direction = supports predicted class
4. **ct_src_dport_ltm**: ct_src_dport_ltm = 3, SHAP value = 0.0503, direction = supports predicted class
5. **sbytes**: sbytes = 566, SHAP value = 0.0503, direction = supports predicted class

**Risk and Policy:**
- **Stage**: Exploitation
- **Risk Score**: 4.9633
- **Policy Zone**: Alert

**Recommended Action:**
- Raise a SOC alert and enrich the event context.

**Human Review:**
- **Required**: No
- **Confidence Threshold**: 0.7
- **Reason**: No mandatory confidence-based referral.

**Limitations:**
- The report is limited to the detector and supplied SHAP evidence.","Prediction Summary
The detector predicted Fuzzers with confidence 0.7636 and uncertainty 0.2364.

Evidence
1. ct_srv_dst: observed value=10; SHAP value=0.090123; direction=supports predicted class.
2. ct_srv_src: observed value=10; SHAP value=0.067572; direction=supports predicted class.
3. ct_dst_src_ltm: observed value=3; SHAP value=0.055517; direction=supports predicted class.
4. ct_src_dport_ltm: observed value=3; SHAP value=0.050313; direction=supports predicted class.
5. sbytes: observed value=566; SHAP value=0.050309; direction=supports predicted class.

Risk and Policy
The predicted operational stage is Exploitation. The confidence-weighted risk score is 4.9633, corresponding to the Alert policy zone.

Recommended Action
Raise a SOC alert and enrich the event context.

Human Review
No mandatory confidence-based referral.

Limitations
This report is limited to the detector prediction, policy mapping, and five supplied local SHAP contributions. It does not establish ground truth or independently confirm an incident.",evidence_contract_renderer,False,124,True,True,True,5,True,5,True,5,True,True,False,,True,True,True,5,True,True
UNSW-OFFICIAL-44897,A4_verified_full,A3_constrained_full,2.0,verified,Worms,True,"### Evidence-Grounded SOC Report

#### Prediction Summary
The predicted label is **Worms** with a confidence of **0.7885** and an uncertainty score of **0.2115**. The recommended action is to **Block the suspected source and initiate investigation**.

#### Evidence
1. **sbytes**: **1282** (supports predicted class)
2. **smean**: **128** (supports predicted class)
3. **service_http**: **1.0** (supports predicted class)
4. **service_-**: **0.0** (supports predicted class)
5. **ct_flw_http_mthd**: **1.0** (supports predicted class)

#### Risk and Policy
- **Stage**: Advanced Intrusion
- **Risk Score**: 6.7023
- **Policy Zone**: Block

#### Recommended Action
- **Recommended Action**: Block the suspected source and initiate investigation.

#### Human Review
- **Human Review Required**: No
- **Confidence Threshold**: 0.7
- **Reason**: No mandatory confidence-based referral.

#### Limitations
- **Report Limitations**: This report is limited to the detector and supplied SHAP evidence.","Prediction Summary
The detector predicted Worms with confidence 0.7885 and uncertainty 0.2115.

Evidence
1. sbytes: observed value=1282; SHAP value=0.089925; direction=supports predicted class.
2. smean: observed value=128; SHAP value=0.063573; direction=supports predicted class.
3. service_http: observed value=1; SHAP value=0.059810; direction=supports predicted class.
4. service_-: observed value=0; SHAP value=0.055944; direction=supports predicted class.
5. ct_flw_http_mthd: observed value=1; SHAP value=0.045149; direction=supports predicted class.

Risk and Policy
The predicted operational stage is Advanced Intrusion. The confidence-weighted risk score is 6.7023, corresponding to the Block policy zone.

Recommended Action
Block the suspected source and initiate investigation.

Human Review
No mandatory confidence-based referral.

Limitations
This report is limited to the detector prediction, policy mapping, and five supplied local SHAP contributions. It does not establish ground truth or independently confirm an incident.",evidence_contract_renderer,True,123,True,True,True,5,True,0,False,5,True,True,False,,True,True,True,5,True,True
UNSW-OFFICIAL-45256,A4_verified_full,A3_constrained_full,2.0,verified,Exploits,True,"### SOC Report

#### Prediction Summary
The predicted label is ""Exploits"" with a confidence of 0.376 and an uncertainty score of 0.624. The recommended action is to raise a SOC alert and enrich the event context.

#### Evidence
1. **rate**: rate = 22.9598, SHAP value = 0.02576, direction = supports predicted class
2. **dinpkt**: dinpkt = 0.009, SHAP value = 0.02102, direction = supports predicted class
3. **dpkts**: dpkts = 2, SHAP value = 0.01882, direction = supports predicted class
4. **dload**: dload = 2510.27, SHAP value = 0.01841, direction = supports predicted class
5. **sload**: sload = 4653.19, SHAP value = 0.01828, direction = supports predicted class

#### Risk and Policy
- **Risk Score**: 2.445
- **Policy Zone**: Alert
- **Recommended Action**: Raise a SOC alert and enrich the event context

#### Human Review
- **Human Review Required**: Yes
- **Confidence Threshold**: 0.7
- **Reason**: Detector confidence below the fixed 0.70 threshold.

#### Limitations
This report is limited to the detector and supplied SHAP evidence.","Prediction Summary
The detector predicted Exploits with confidence 0.3762 and uncertainty 0.6238.

Evidence
1. rate: observed value=22.95982933; SHAP value=0.025764; direction=supports predicted class.
2. dinpkt: observed value=0.008999999613; SHAP value=0.021026; direction=supports predicted class.
3. dpkts: observed value=2; SHAP value=0.018823; direction=supports predicted class.
4. dload: observed value=2510.274658; SHAP value=0.018416; direction=supports predicted class.
5. sload: observed value=4653.191895; SHAP value=0.018282; direction=supports predicted class.

Risk and Policy
The predicted operational stage is Exploitation. The confidence-weighted risk score is 2.4450, corresponding to the Alert policy zone.

Recommended Action
Raise a SOC alert and enrich the event context.

Human Review
Detector confidence below the fixed 0.70 threshold.

Limitations
This report is limited to the detector prediction, policy mapping, and five supplied local SHAP contributions. It does not establish ground truth or independently confirm an incident.",evidence_contract_renderer,True,127,False,False,False,5,True,5,True,5,True,True,False,Recommended Action,True,True,True,5,True,True
UNSW-OFFICIAL-45328,A4_verified_full,A3_constrained_full,2.0,verified,Generic,False,"### Evidence-Grounded SOC Report

#### Prediction Summary
The predicted label is ""Exploits"" with a confidence of 0.616 and an uncertainty score of 0.384. The recommended action is to raise a SOC alert and enrich the event context.

#### Evidence
1. **sbytes**: 1250 (supports predicted class)
2. **dmean**: 310 (supports predicted class)
3. **dbytes**: 2482 (supports predicted class)
4. **sload**: 41650.7 (supports predicted class)
5. **ackdat**: 0.044777 (supports predicted class)

#### Risk and Policy
- **Stage**: Exploitation
- **Risk Score**: 4.0043
- **Policy Zone**: Alert

#### Recommended Action
- **Recommended Action**: Raise a SOC alert and enrich the event context.

#### Human Review
- **Human Review Required**: Yes
- **Confidence Threshold**: 0.7
- **Reason**: Detector confidence below the fixed 0.70 threshold.

#### Limitations
- **Report Limitations**: This report is limited to the detector and supplied SHAP evidence.","Prediction Summary
The detector predicted Exploits with confidence 0.6160 and uncertainty 0.3840.

Evidence
1. sbytes: observed value=1250; SHAP value=0.032683; direction=supports predicted class.
2. dmean: observed value=310; SHAP value=0.031240; direction=supports predicted class.
3. dbytes: observed value=2482; SHAP value=0.030473; direction=supports predicted class.
4. sload: observed value=41650.66016; SHAP value=0.025940; direction=supports predicted class.
5. ackdat: observed value=0.04477699846; SHAP value=0.025813; direction=supports predicted class.

Risk and Policy
The predicted operational stage is Exploitation. The confidence-weighted risk score is 4.0043, corresponding to the Alert policy zone.

Recommended Action
Raise a SOC alert and enrich the event context.

Human Review
Detector confidence below the fixed 0.70 threshold.

Limitations
This report is limited to the detector prediction, policy mapping, and five supplied local SHAP contributions. It does not establish ground truth or independently confirm an incident.",evidence_contract_renderer,True,127,True,True,True,5,True,0,False,5,True,True,False,,True,True,True,5,True,True
UNSW-OFFICIAL-45697,A4_verified_full,A3_constrained_full,2.0,verified,Reconnaissance,True,"### Evidence-Grounded SOC Report

#### Prediction Summary
The predicted label is **Reconnaissance** with a confidence of **0.59088** and an uncertainty score of **0.40912**. The recommended action is to **Log the event and continue monitoring**.

#### Evidence
1. **service_-**: An application service is identified (Observed Value: 0.0, SHAP Value: 0.06454, Direction: supports predicted class)
2. **service_http**: Service = http (Observed Value: 1.0, SHAP Value: 0.06160, Direction: supports predicted class)
3. **smean**: smean = 81 (Observed Value: 81.0, SHAP Value: 0.05733, Direction: supports predicted class)
4. **sbytes**: sbytes = 808 (Observed Value: 808.0, SHAP Value: 0.05660, Direction: supports predicted class)
5. **dloss**: dloss = 1 (Observed Value: 1.0, SHAP Value: 0.02218, Direction: supports predicted class)

#### Risk and Policy
- **Risk Score**: 1.7726
- **Policy Zone**: Monitor
- **Recommended Action**: Log the event and continue monitoring

#### Human Review
- **Human Review Decision**: Required
- **Confidence Threshold**: 0.7
- **Reason**: Detector confidence below the fixed 0.70 threshold.

#### Limitations
This report is limited to the detector and supplied SHAP evidence.","Prediction Summary
The detector predicted Reconnaissance with confidence 0.5909 and uncertainty 0.4091.

Evidence
1. service_-: observed value=0; SHAP value=0.064544; direction=supports predicted class.
2. service_http: observed value=1; SHAP value=0.061603; direction=supports predicted class.
3. smean: observed value=81; SHAP value=0.057335; direction=supports predicted class.
4. sbytes: observed value=808; SHAP value=0.056601; direction=supports predicted class.
5. dloss: observed value=1; SHAP value=0.022177; direction=supports predicted class.

Risk and Policy
The predicted operational stage is Reconnaissance. The confidence-weighted risk score is 1.7726, corresponding to the Monitor policy zone.

Recommended Action
Log the event and continue monitoring.

Human Review
Detector confidence below the fixed 0.70 threshold.

Limitations
This report is limited to the detector prediction, policy mapping, and five supplied local SHAP contributions. It does not establish ground truth or independently confirm an incident.",evidence_contract_renderer,True,124,False,False,False,5,True,5,True,5,True,True,False,Recommended Action,True,True,True,5,True,True
UNSW-OFFICIAL-45795,A4_verified_full,A3_constrained_full,2.0,verified,Worms,True,"### Evidence-Grounded SOC Report

#### Prediction Summary
The predicted label is **Worms** with a confidence of **0.640** and an uncertainty score of **0.359**. The recommended action is to **Block the suspected source and initiate investigation**.

#### Evidence
1. **sbytes**: The observed value is **1292**. The SHAP value is **0.093** and the direction is **supports predicted class**.
2. **smean**: The observed value is **129**. The SHAP value is **0.063** and the direction is **supports predicted class**.
3. **service_-**: The observed value is **0.0**. The SHAP value is **0.052** and the direction is **supports predicted class**.
4. **ct_flw_http_mthd**: The observed value is **1.0**. The SHAP value is **0.045** and the direction is **supports predicted class**.
5. **service_http**: The observed value is **1.0**. The SHAP value is **0.043** and the direction is **supports predicted class**.

#### Risk and Policy
- **Stage**: Advanced Intrusion
- **Risk Score**: 5.4415
- **Policy Zone**: Block

#### Recommended Action
- **Recommended Action**: Block the suspected source and initiate investigation.

#### Human Review
- **Human Review Required**: Yes
- **Confidence Threshold**: 0.7
- **Reason**: Detector confidence below the fixed 0.70 threshold.

#### Limitations
- **Report Limitations**: This report is limited to the detector and supplied SHAP evidence. It does not include additional details such as attack behavior, causes, impacts, IP addresses, hostnames, CVEs, malware, tools, or any remediation steps.","Prediction Summary
The detector predicted Worms with confidence 0.6402 and uncertainty 0.3598.

Evidence
1. sbytes: observed value=1292; SHAP value=0.093342; direction=supports predicted class.
2. smean: observed value=129; SHAP value=0.063035; direction=supports predicted class.
3. service_-: observed value=0; SHAP value=0.051943; direction=supports predicted class.
4. ct_flw_http_mthd: observed value=1; SHAP value=0.045020; direction=supports predicted class.
5. service_http: observed value=1; SHAP value=0.042904; direction=supports predicted class.

Risk and Policy
The predicted operational stage is Advanced Intrusion. The confidence-weighted risk score is 5.4415, corresponding to the Block policy zone.

Recommended Action
Block the suspected source and initiate investigation.

Human Review
Detector confidence below the fixed 0.70 threshold.

Limitations
This report is limited to the detector prediction, policy mapping, and five supplied local SHAP contributions. It does not establish ground truth or independently confirm an incident.",evidence_contract_renderer,False,126,True,True,True,5,True,5,True,5,True,True,False,,True,True,True,5,True,True
UNSW-OFFICIAL-45818,A4_verified_full,A3_constrained_full,2.0,verified,Exploits,True,"### Evidence-Grounded SOC Report

#### Prediction Summary
The predicted label is ""Exploits"" with a confidence of 85.87% and an uncertainty score of 14.13%. The recommended action is to block the suspected source and initiate investigation.

#### Evidence
1. **sttl (State Time Limit)**: sttl = 62, SHAP value = 0.0788, direction = supports predicted class
2. **dbytes (Data Bytes)**: dbytes = 1614, SHAP value = 0.0569, direction = supports predicted class
3. **dpkts (Data Packets)**: dpkts = 22, SHAP value = 0.0543, direction = supports predicted class
4. **dloss (Data Loss)**: dloss = 9, SHAP value = 0.0525, direction = supports predicted class
5. **sbytes (Session Bytes)**: sbytes = 1178, SHAP value = 0.0407, direction = supports predicted class

#### Risk and Policy
- **Stage**: Exploitation
- **Risk Score**: 5.58
- **Policy Zone**: Block

#### Recommended Action
- **Recommended Action**: Block the suspected source and initiate investigation.

#### Human Review
- **Human Review Decision**: No mandatory confidence-based referral.

#### Limitations
This report is limited to the detector and supplied SHAP evidence.","Prediction Summary
The detector predicted Exploits with confidence 0.8587 and uncertainty 0.1413.

Evidence
1. sttl: observed value=62; SHAP value=0.078806; direction=supports predicted class.
2. dbytes: observed value=1614; SHAP value=0.056879; direction=supports predicted class.
3. dpkts: observed value=22; SHAP value=0.054348; direction=supports predicted class.
4. dloss: observed value=9; SHAP value=0.052493; direction=supports predicted class.
5. sbytes: observed value=1178; SHAP value=0.040739; direction=supports predicted class.

Risk and Policy
The predicted operational stage is Exploitation. The confidence-weighted risk score is 5.5813, corresponding to the Block policy zone.

Recommended Action
Block the suspected source and initiate investigation.

Human Review
No mandatory confidence-based referral.

Limitations
This report is limited to the detector prediction, policy mapping, and five supplied local SHAP contributions. It does not establish ground truth or independently confirm an incident.",evidence_contract_renderer,False,122,True,True,True,5,True,5,True,5,True,True,False,,True,True,True,5,True,True
UNSW-OFFICIAL-45887,A4_verified_full,A3_constrained_full,2.0,verified,Reconnaissance,True,"### Evidence-Grounded SOC Report

#### Prediction Summary
The predicted label is **Reconnaissance** with a confidence of **0.933** and an uncertainty score of **0.067**. The recommended action is to **Raise a SOC alert and enrich the event context**.

#### Evidence
1. **sbytes**: **564** (supports predicted class)
2. **smean**: **56** (supports predicted class)
3. **sjit**: **5386.09** (supports predicted class)
4. **dmean**: **44** (supports predicted class)
5. **dpkts**: **8** (supports predicted class)

#### Risk and Policy
- **Stage**: Reconnaissance
- **Risk Score**: 2.7995
- **Policy Zone**: Alert

#### Recommended Action
- **Recommended Action**: Raise a SOC alert and enrich the event context.

#### Human Review
- **Human Review Required**: No
- **Confidence Threshold**: 0.7
- **Reason**: No mandatory confidence-based referral.

#### Limitations
- **Report Limitations**: This report is limited to the detector and supplied SHAP evidence.","Prediction Summary
The detector predicted Reconnaissance with confidence 0.9332 and uncertainty 0.0668.

Evidence
1. sbytes: observed value=564; SHAP value=0.077494; direction=supports predicted class.
2. smean: observed value=56; SHAP value=0.061573; direction=supports predicted class.
3. sjit: observed value=5386.092773; SHAP value=0.047063; direction=supports predicted class.
4. dmean: observed value=44; SHAP value=0.042729; direction=supports predicted class.
5. dpkts: observed value=8; SHAP value=0.041827; direction=supports predicted class.

Risk and Policy
The predicted operational stage is Reconnaissance. The confidence-weighted risk score is 2.7995, corresponding to the Alert policy zone.

Recommended Action
Raise a SOC alert and enrich the event context.

Human Review
No mandatory confidence-based referral.

Limitations
This report is limited to the detector prediction, policy mapping, and five supplied local SHAP contributions. It does not establish ground truth or independently confirm an incident.",evidence_contract_renderer,True,124,True,True,True,5,True,0,False,5,True,True,False,,True,True,True,5,True,True
UNSW-OFFICIAL-45973,A4_verified_full,A3_constrained_full,2.0,verified,Reconnaissance,True,"### Evidence-Grounded SOC Report

#### Prediction Summary
The predicted label is **Reconnaissance** with a confidence of **0.9514** and an uncertainty score of **0.0486**. The recommended action is to **Raise a SOC alert and enrich the event context**.

#### Evidence
1. **sbytes**: sbytes = 168, SHAP value = 0.1784, direction = supports predicted class
2. **smean**: smean = 84, SHAP value = 0.1422, direction = supports predicted class
3. **proto_udp**: Protocol = udp, SHAP value = 0.0849, direction = supports predicted class
4. **ct_dst_src_ltm**: ct_dst_src_ltm = 1, SHAP value = 0.0619, direction = supports predicted class
5. **sload**: sload = 3.95294e+07, SHAP value = 0.0276, direction = supports predicted class

#### Risk and Policy
- **Stage**: Reconnaissance
- **Risk Score**: 2.8543
- **Policy Zone**: Alert

#### Recommended Action
- **Recommended Action**: Raise a SOC alert and enrich the event context

#### Human Review
- **Human Review Decision**: No mandatory confidence-based referral

#### Limitations
This report is limited to the detector and supplied SHAP evidence.","Prediction Summary
The detector predicted Reconnaissance with confidence 0.9514 and uncertainty 0.0486.

Evidence
1. sbytes: observed value=168; SHAP value=0.178354; direction=supports predicted class.
2. smean: observed value=84; SHAP value=0.142178; direction=supports predicted class.
3. proto_udp: observed value=1; SHAP value=0.084923; direction=supports predicted class.
4. ct_dst_src_ltm: observed value=1; SHAP value=0.061891; direction=supports predicted class.
5. sload: observed value=39529412; SHAP value=0.027641; direction=supports predicted class.

Risk and Policy
The predicted operational stage is Reconnaissance. The confidence-weighted risk score is 2.8543, corresponding to the Alert policy zone.

Recommended Action
Raise a SOC alert and enrich the event context.

Human Review
No mandatory confidence-based referral.

Limitations
This report is limited to the detector prediction, policy mapping, and five supplied local SHAP contributions. It does not establish ground truth or independently confirm an incident.",evidence_contract_renderer,False,124,True,True,True,5,True,5,True,5,True,True,False,,True,True,True,5,True,True
UNSW-OFFICIAL-46039,A4_verified_full,A3_constrained_full,2.0,verified,Exploits,True,"### Evidence-Grounded SOC Report

#### Prediction Summary
The predicted label is ""Exploits"" with a confidence of 0.6977 and an uncertainty score of 0.3023. The recommended action is to raise a SOC alert and enrich the event context.

#### Evidence
1. **dmean**: 356 (supports predicted class)
2. **dbytes**: 3560 (supports predicted class)
3. **smean**: 137 (supports predicted class)
4. **sbytes**: 1642 (supports predicted class)
5. **dload**: 36513.96484375 (supports predicted class)

#### Risk and Policy
- **Stage**: Exploitation
- **Risk Score**: 4.5351
- **Policy Zone**: Alert

#### Recommended Action
- **Recommended Action**: Raise a SOC alert and enrich the event context.

#### Human Review
- **Human Review Required**: Yes
- **Confidence Threshold**: 0.7
- **Reason**: Detector confidence below the fixed 0.70 threshold.

#### Limitations
- **Report Limitations**: This report is limited to the detector and supplied SHAP evidence. It does not include additional details such as attack behavior, causes, impacts, IP addresses, hostnames, CVEs, malware, tools, or extra remediation.","Prediction Summary
The detector predicted Exploits with confidence 0.6977 and uncertainty 0.3023.

Evidence
1. dmean: observed value=356; SHAP value=0.053843; direction=supports predicted class.
2. dbytes: observed value=3560; SHAP value=0.045047; direction=supports predicted class.
3. smean: observed value=137; SHAP value=0.042467; direction=supports predicted class.
4. sbytes: observed value=1642; SHAP value=0.035864; direction=supports predicted class.
5. dload: observed value=36513.96484; SHAP value=0.035252; direction=supports predicted class.

Risk and Policy
The predicted operational stage is Exploitation. The confidence-weighted risk score is 4.5351, corresponding to the Alert policy zone.

Recommended Action
Raise a SOC alert and enrich the event context.

Human Review
Detector confidence below the fixed 0.70 threshold.

Limitations
This report is limited to the detector prediction, policy mapping, and five supplied local SHAP contributions. It does not establish ground truth or independently confirm an incident.",evidence_contract_renderer,True,127,True,True,True,5,True,0,False,5,True,True,False,,True,True,True,5,True,True
UNSW-OFFICIAL-46255,A4_verified_full,A3_constrained_full,2.0,verified,Shellcode,False,"### Evidence-Grounded SOC Report

**Prediction Summary:**
The predicted label is **Normal** with a confidence of **0.466** and an uncertainty score of **0.534**. The recommended action is to **Log the event and continue monitoring**.

**Evidence:**
1. **ct_srv_src**: ct_srv_src = 20, SHAP value = 0.06756, direction = supports predicted class
2. **ct_dst_src_ltm**: ct_dst_src_ltm = 3, SHAP value = 0.05118, direction = supports predicted class
3. **ct_srv_dst**: ct_srv_dst = 9, SHAP value = 0.040197, direction = supports predicted class
4. **sbytes**: sbytes = 504, SHAP value = 0.024797, direction = supports predicted class
5. **smean**: smean = 50, SHAP value = 0.02144, direction = supports predicted class

**Risk and Policy:**
The risk score is **0.0**, and the policy zone is **Monitor**. The recommended action is to **Log the event and continue monitoring**.

**Recommended Action:**
Log the event and continue monitoring.

**Human Review:**
The human review decision is **Required** with a confidence threshold of **0.7**. The reason is that the detector confidence is below the fixed 0.70 threshold.

**Limitations:**
This report is limited to the detector and the supplied SHAP evidence.","Prediction Summary
The detector predicted Normal with confidence 0.4660 and uncertainty 0.5340.

Evidence
1. ct_srv_src: observed value=20; SHAP value=0.067564; direction=supports predicted class.
2. ct_dst_src_ltm: observed value=3; SHAP value=0.051182; direction=supports predicted class.
3. ct_srv_dst: observed value=9; SHAP value=0.040197; direction=supports predicted class.
4. sbytes: observed value=504; SHAP value=0.024797; direction=supports predicted class.
5. smean: observed value=50; SHAP value=0.021440; direction=supports predicted class.

Risk and Policy
The predicted operational stage is Normal. The confidence-weighted risk score is 0.0000, corresponding to the Monitor policy zone.

Recommended Action
Log the event and continue monitoring.

Human Review
Detector confidence below the fixed 0.70 threshold.

Limitations
This report is limited to the detector prediction, policy mapping, and five supplied local SHAP contributions. It does not establish ground truth or independently confirm an incident.",evidence_contract_renderer,False,124,True,True,True,5,True,5,True,5,True,True,False,,True,True,True,5,True,True
UNSW-OFFICIAL-46335,A4_verified_full,A3_constrained_full,2.0,verified,Reconnaissance,False,"### Evidence-Grounded SOC Report

**Prediction Summary:**
The system is predicted to be in the ""Normal"" state with a confidence of 23.37% and an uncertainty score of 76.63%. The recommended action is to log the event and continue monitoring.

**Evidence:**
1. **sttl (State Transition Time):** sttl = 254 (supports predicted class)
2. **proto_tcp (Protocol):** Protocol = tcp (supports predicted class)
3. **tcprtt (TCP Round Trip Time):** tcprtt = 0 (supports predicted class)
4. **dttl (Data Transfer Time):** dttl = 252 (opposes predicted class)
5. **swin (Service Window):** swin = 255 (supports predicted class)

**Risk and Policy:**
The risk score is 0.0, indicating a low risk. The policy zone is ""Monitor,"" and the recommended action is to log the event and continue monitoring.

**Recommended Action:**
Log the event and continue monitoring.

**Human Review:**
Human review is required due to the detector confidence below the fixed 0.70 threshold.

**Limitations:**
The report is limited to the detector and supplied SHAP evidence.","Prediction Summary
The detector predicted Normal with confidence 0.2337 and uncertainty 0.7663.

Evidence
1. sttl: observed value=254; SHAP value=-0.032258; direction=opposes predicted class.
2. proto_tcp: observed value=1; SHAP value=0.024257; direction=supports predicted class.
3. tcprtt: observed value=0; SHAP value=0.023985; direction=supports predicted class.
4. dttl: observed value=252; SHAP value=-0.023615; direction=opposes predicted class.
5. swin: observed value=255; SHAP value=0.023209; direction=supports predicted class.

Risk and Policy
The predicted operational stage is Normal. The confidence-weighted risk score is 0.0000, corresponding to the Monitor policy zone.

Recommended Action
Log the event and continue monitoring.

Human Review
Detector confidence below the fixed 0.70 threshold.

Limitations
This report is limited to the detector prediction, policy mapping, and five supplied local SHAP contributions. It does not establish ground truth or independently confirm an incident.",evidence_contract_renderer,True,124,True,True,True,5,True,0,False,5,True,True,False,,True,True,True,5,True,True
UNSW-OFFICIAL-46444,A4_verified_full,A3_constrained_full,2.0,verified,Generic,False,"### Evidence-Grounded SOC Report

#### Prediction Summary
The predicted label is ""Exploits"" with a confidence of 0.5082 and an uncertainty score of 0.4918. The recommended action is to raise a SOC alert and enrich the event context.

#### Evidence
1. **dloss**: The loss of data is 6, supporting the predicted class.
2. **sbytes**: The size of the data sent is 988, supporting the predicted class.
3. **dbytes**: The size of the data received is 1312, supporting the predicted class.
4. **dpkts**: The number of packets sent is 16, supporting the predicted class.
5. **dttl**: The time to live (TTL) value is 252, supporting the predicted class.

#### Risk and Policy
- **Stage**: Exploitation
- **Risk Score**: 3.3035
- **Policy Zone**: Alert

#### Recommended Action
- **Recommended Action**: Raise a SOC alert and enrich the event context.

#### Human Review
- **Human Review Required**: Yes
- **Confidence Threshold**: 0.70
- **Reason**: Detector confidence below the fixed 0.70 threshold.

#### Limitations
- **Report Limitations**: This report is limited to the detector and supplied SHAP evidence. It does not include additional attack behavior, causes, impacts, IP addresses, hostnames, CVEs, malware, tools, or extra remediation.","Prediction Summary
The detector predicted Exploits with confidence 0.5082 and uncertainty 0.4918.

Evidence
1. dloss: observed value=6; SHAP value=0.030543; direction=supports predicted class.
2. sbytes: observed value=988; SHAP value=0.027567; direction=supports predicted class.
3. dbytes: observed value=1312; SHAP value=0.021990; direction=supports predicted class.
4. dpkts: observed value=16; SHAP value=0.021552; direction=supports predicted class.
5. dttl: observed value=252; SHAP value=0.020425; direction=supports predicted class.

Risk and Policy
The predicted operational stage is Exploitation. The confidence-weighted risk score is 3.3035, corresponding to the Alert policy zone.

Recommended Action
Raise a SOC alert and enrich the event context.

Human Review
Detector confidence below the fixed 0.70 threshold.

Limitations
This report is limited to the detector prediction, policy mapping, and five supplied local SHAP contributions. It does not establish ground truth or independently confirm an incident.",evidence_contract_renderer,True,127,True,True,True,5,True,0,False,0,False,True,False,,True,True,True,5,True,True
UNSW-OFFICIAL-46552,A4_verified_full,A3_constrained_full,2.0,verified,Reconnaissance,True,"### SOC Report

#### Prediction Summary
The predicted label is **Reconnaissance** with a confidence of **0.9545** and an uncertainty score of **0.0455**. The recommended action is to **Raise a SOC alert and enrich the event context**.

#### Evidence
1. **sbytes**: **564** (supports predicted class)
2. **smean**: **56** (supports predicted class)
3. **dmean**: **44** (supports predicted class)
4. **synack**: **0.016741** (supports predicted class)
5. **sload**: **6416.39** (supports predicted class)

#### Risk and Policy
- **Stage**: Reconnaissance
- **Risk Score**: 2.8635
- **Policy Zone**: Alert

#### Recommended Action
- **Recommended Action**: Raise a SOC alert and enrich the event context.

#### Human Review
- **Human Review Required**: No
- **Confidence Threshold**: 0.7
- **Reason**: No mandatory confidence-based referral.

#### Limitations
This report is limited to the detector and supplied SHAP evidence.","Prediction Summary
The detector predicted Reconnaissance with confidence 0.9545 and uncertainty 0.0455.

Evidence
1. sbytes: observed value=564; SHAP value=0.083506; direction=supports predicted class.
2. smean: observed value=56; SHAP value=0.061795; direction=supports predicted class.
3. dmean: observed value=44; SHAP value=0.045490; direction=supports predicted class.
4. synack: observed value=0.01674100012; SHAP value=0.043404; direction=supports predicted class.
5. sload: observed value=6416.38916; SHAP value=0.042410; direction=supports predicted class.

Risk and Policy
The predicted operational stage is Reconnaissance. The confidence-weighted risk score is 2.8635, corresponding to the Alert policy zone.

Recommended Action
Raise a SOC alert and enrich the event context.

Human Review
No mandatory confidence-based referral.

Limitations
This report is limited to the detector prediction, policy mapping, and five supplied local SHAP contributions. It does not establish ground truth or independently confirm an incident.",evidence_contract_renderer,True,124,True,True,True,5,True,0,False,5,True,True,False,,True,True,True,5,True,True
UNSW-OFFICIAL-46586,A4_verified_full,A3_constrained_full,2.0,verified,Generic,False,"### Evidence-Grounded SOC Report

#### Prediction Summary
The predicted label is ""Exploits"" with a confidence of 0.601 and an uncertainty score of 0.399. The recommended action is to raise a SOC alert and enrich the event context.

#### Evidence
1. **smean**: 122 (supports predicted class)
2. **sbytes**: 1216 (supports predicted class)
3. **dmean**: 109 (supports predicted class)
4. **dbytes**: 874 (supports predicted class)
5. **sload**: 12213.1 (supports predicted class)

#### Risk and Policy
- **Stage**: Exploitation
- **Risk Score**: 3.908
- **Policy Zone**: Alert

#### Recommended Action
- **Recommended Action**: Raise a SOC alert and enrich the event context.

#### Human Review
- **Human Review Required**: Yes
- **Confidence Threshold**: 0.7
- **Reason**: Detector confidence below the fixed 0.70 threshold.

#### Limitations
- **Report Limitations**: This report is limited to the detector and supplied SHAP evidence.","Prediction Summary
The detector predicted Exploits with confidence 0.6012 and uncertainty 0.3988.

Evidence
1. smean: observed value=122; SHAP value=0.046674; direction=supports predicted class.
2. sbytes: observed value=1216; SHAP value=0.044982; direction=supports predicted class.
3. dmean: observed value=109; SHAP value=0.030027; direction=supports predicted class.
4. dbytes: observed value=874; SHAP value=0.028340; direction=supports predicted class.
5. sload: observed value=12213.11035; SHAP value=0.027352; direction=supports predicted class.

Risk and Policy
The predicted operational stage is Exploitation. The confidence-weighted risk score is 3.9080, corresponding to the Alert policy zone.

Recommended Action
Raise a SOC alert and enrich the event context.

Human Review
Detector confidence below the fixed 0.70 threshold.

Limitations
This report is limited to the detector prediction, policy mapping, and five supplied local SHAP contributions. It does not establish ground truth or independently confirm an incident.",evidence_contract_renderer,True,127,True,True,True,5,True,0,False,5,True,True,False,,True,True,True,5,True,True
UNSW-OFFICIAL-46849,A4_verified_full,A3_constrained_full,2.0,verified,DoS,True,"### Evidence-Grounded SOC Report

#### Prediction Summary
The predicted label is ""DoS"" with a confidence of 0.2517 and an uncertainty score of 0.7482. The recommended action is to log the event and continue monitoring.

#### Evidence
1. **Protocol is not UDP** (Supports predicted class)
2. **sbytes = 200** (Supports predicted class)
3. **ct_dst_sport_ltm = 4** (Supports predicted class)
4. **smean = 100** (Supports predicted class)
5. **swin = 0** (Supports predicted class)

#### Risk and Policy
- **Stage**: Impact / Availability
- **Risk Score**: 1.7622
- **Policy Zone**: Monitor
- **Recommended Action**: Log the event and continue monitoring

#### Human Review
- **Required**: Yes
- **Confidence Threshold**: 0.7
- **Reason**: Detector confidence below the fixed 0.70 threshold.

#### Limitations
This report is limited to the detector and supplied SHAP evidence.","Prediction Summary
The detector predicted DoS with confidence 0.2517 and uncertainty 0.7483.

Evidence
1. proto_udp: observed value=0; SHAP value=0.019317; direction=supports predicted class.
2. sbytes: observed value=200; SHAP value=0.016951; direction=supports predicted class.
3. ct_dst_sport_ltm: observed value=4; SHAP value=0.011873; direction=supports predicted class.
4. smean: observed value=100; SHAP value=0.007655; direction=supports predicted class.
5. swin: observed value=0; SHAP value=0.006157; direction=supports predicted class.

Risk and Policy
The predicted operational stage is Impact / Availability. The confidence-weighted risk score is 1.7622, corresponding to the Monitor policy zone.

Recommended Action
Log the event and continue monitoring.

Human Review
Detector confidence below the fixed 0.70 threshold.

Limitations
This report is limited to the detector prediction, policy mapping, and five supplied local SHAP contributions. It does not establish ground truth or independently confirm an incident.",evidence_contract_renderer,True,126,False,False,False,5,True,0,False,5,True,True,False,Recommended Action,True,True,True,5,True,True
UNSW-OFFICIAL-46967,A4_verified_full,A3_constrained_full,2.0,verified,Fuzzers,True,"### Evidence-Grounded SOC Report

#### Prediction Summary
The predicted label is ""Fuzzers"" with a confidence of 0.676 and an uncertainty score of 0.324. The recommended action is to raise a SOC alert and enrich the event context.

#### Evidence
1. **ct_dst_src_ltm**: ct_dst_src_ltm = 2, SHAP value = 0.063, direction = supports predicted class
2. **ct_srv_dst**: ct_srv_dst = 6, SHAP value = 0.053, direction = supports predicted class
3. **ct_srv_src**: ct_srv_src = 6, SHAP value = 0.038, direction = supports predicted class
4. **ct_src_dport_ltm**: ct_src_dport_ltm = 2, SHAP value = 0.037, direction = supports predicted class
5. **dpkts**: dpkts = 6, SHAP value = 0.021, direction = supports predicted class

#### Risk and Policy
- **Stage**: Exploitation
- **Risk Score**: 4.396
- **Policy Zone**: Alert
- **Recommended Action**: Raise a SOC alert and enrich the event context.

#### Human Review
- **Required**: Yes
- **Confidence Threshold**: 0.7
- **Reason**: Detector confidence below the fixed 0.70 threshold.

#### Limitations
- The report is limited to the detector and supplied SHAP evidence.","Prediction Summary
The detector predicted Fuzzers with confidence 0.6763 and uncertainty 0.3237.

Evidence
1. ct_dst_src_ltm: observed value=2; SHAP value=0.063082; direction=supports predicted class.
2. ct_srv_dst: observed value=6; SHAP value=0.052967; direction=supports predicted class.
3. ct_srv_src: observed value=6; SHAP value=0.038092; direction=supports predicted class.
4. ct_src_dport_ltm: observed value=2; SHAP value=0.036997; direction=supports predicted class.
5. dpkts: observed value=6; SHAP value=0.020897; direction=supports predicted class.

Risk and Policy
The predicted operational stage is Exploitation. The confidence-weighted risk score is 4.3958, corresponding to the Alert policy zone.

Recommended Action
Raise a SOC alert and enrich the event context.

Human Review
Detector confidence below the fixed 0.70 threshold.

Limitations
This report is limited to the detector prediction, policy mapping, and five supplied local SHAP contributions. It does not establish ground truth or independently confirm an incident.",evidence_contract_renderer,True,127,False,False,False,5,True,5,True,5,True,True,False,Recommended Action,True,True,True,5,True,True
UNSW-OFFICIAL-47133,A4_verified_full,A3_constrained_full,2.0,verified,DoS,True,"### Evidence-Grounded SOC Report

**Prediction Summary:**
The predicted label is **DoS** with a confidence of **0.5798** and an uncertainty score of **0.4202**. The recommended action is to **Raise a SOC alert and enrich the event context**.

**Evidence:**
1. **response_body_len**: The response body length is **105** bytes, supporting the predicted class.
2. **dmean**: The data mean is **127**, supporting the predicted class.
3. **sbytes**: The size of the data is **758** bytes, supporting the predicted class.
4. **sttl**: The total time taken is **62** milliseconds, supporting the predicted class.
5. **dbytes**: The data size is **1018** bytes, supporting the predicted class.

**Risk and Policy:**
The risk score is **4.0585**, indicating a high risk. The policy zone is **Alert**, and the recommended action is to **Raise a SOC alert and enrich the event context**.

**Recommended Action:**
The recommended action is to **Raise a SOC alert and enrich the event context**.

**Human Review:**
Human review is required with a confidence threshold of **0.7**. The reason is that the detector confidence is below the fixed threshold of **0.70**.

**Limitations:**
This report is limited to the detector and the supplied SHAP evidence.","Prediction Summary
The detector predicted DoS with confidence 0.5798 and uncertainty 0.4202.

Evidence
1. response_body_len: observed value=105; SHAP value=0.040891; direction=supports predicted class.
2. dmean: observed value=127; SHAP value=0.039791; direction=supports predicted class.
3. sbytes: observed value=758; SHAP value=0.038004; direction=supports predicted class.
4. sttl: observed value=62; SHAP value=0.034671; direction=supports predicted class.
5. dbytes: observed value=1018; SHAP value=0.034261; direction=supports predicted class.

Risk and Policy
The predicted operational stage is Impact / Availability. The confidence-weighted risk score is 4.0585, corresponding to the Alert policy zone.

Recommended Action
Raise a SOC alert and enrich the event context.

Human Review
Detector confidence below the fixed 0.70 threshold.

Limitations
This report is limited to the detector prediction, policy mapping, and five supplied local SHAP contributions. It does not establish ground truth or independently confirm an incident.",evidence_contract_renderer,True,129,True,True,True,5,True,0,False,0,False,True,False,,True,True,True,5,True,True
UNSW-OFFICIAL-47310,A4_verified_full,A3_constrained_full,2.0,verified,Reconnaissance,True,"### Evidence-Grounded SOC Report

#### Prediction Summary
The predicted label is **Reconnaissance** with a confidence of **0.946** and an uncertainty score of **0.054**. The recommended action is to **Raise a SOC alert and enrich the event context**.

#### Evidence
1. **sbytes**: sbytes = 168, SHAP value = 0.1856, direction = supports predicted class
2. **smean**: smean = 84, SHAP value = 0.1649, direction = supports predicted class
3. **proto_udp**: Protocol = udp, SHAP value = 0.0849, direction = supports predicted class
4. **ct_dst_src_ltm**: ct_dst_src_ltm = 1, SHAP value = 0.0311, direction = supports predicted class
5. **ct_srv_dst**: ct_srv_dst = 1, SHAP value = 0.0284, direction = supports predicted class

#### Risk and Policy
- **Stage**: Reconnaissance
- **Risk Score**: 2.839
- **Policy Zone**: Alert

#### Recommended Action
- **Recommended Action**: Raise a SOC alert and enrich the event context

#### Human Review
- **Human Review Required**: No
- **Confidence Threshold**: 0.7
- **Reason**: No mandatory confidence-based referral

#### Limitations
- **Report Limitations**: This report is limited to the detector and supplied SHAP evidence. It does not include additional attack behavior, causes, impacts, IP addresses, hostnames, CVEs, malware, tools, or any remediation steps.","Prediction Summary
The detector predicted Reconnaissance with confidence 0.9462 and uncertainty 0.0538.

Evidence
1. sbytes: observed value=168; SHAP value=0.185628; direction=supports predicted class.
2. smean: observed value=84; SHAP value=0.164995; direction=supports predicted class.
3. proto_udp: observed value=1; SHAP value=0.084955; direction=supports predicted class.
4. ct_dst_src_ltm: observed value=1; SHAP value=0.031106; direction=supports predicted class.
5. ct_srv_dst: observed value=1; SHAP value=0.028384; direction=supports predicted class.

Risk and Policy
The predicted operational stage is Reconnaissance. The confidence-weighted risk score is 2.8386, corresponding to the Alert policy zone.

Recommended Action
Raise a SOC alert and enrich the event context.

Human Review
No mandatory confidence-based referral.

Limitations
This report is limited to the detector prediction, policy mapping, and five supplied local SHAP contributions. It does not establish ground truth or independently confirm an incident.",evidence_contract_renderer,False,124,True,True,True,5,True,5,True,5,True,True,False,,True,True,True,5,True,True
UNSW-OFFICIAL-47341,A4_verified_full,A3_constrained_full,2.0,verified,Worms,True,"### Evidence-Grounded SOC Report

#### Prediction Summary
The predicted label is **Worms** with a confidence of **0.6679** and an uncertainty score of **0.3321**. The recommended action is to **Block the suspected source and initiate investigation**.

#### Evidence
1. **sbytes**: The observed value is **1308**. The SHAP value is **0.0848** and it supports the predicted class.
2. **smean**: The observed value is **131**. The SHAP value is **0.0583** and it supports the predicted class.
3. **service_-**: The observed value is **0.0**. The SHAP value is **0.0516** and it supports the predicted class.
4. **ct_flw_http_mthd**: The observed value is **1.0**. The SHAP value is **0.0494** and it supports the predicted class.
5. **service_http**: The observed value is **1.0**. The SHAP value is **0.0466** and it supports the predicted class.

#### Risk and Policy
- **Stage**: Advanced Intrusion
- **Risk Score**: 5.6774
- **Policy Zone**: Block

#### Recommended Action
- **Recommended Action**: Block the suspected source and initiate investigation.

#### Human Review
- **Human Review Required**: Yes
- **Confidence Threshold**: 0.70
- **Reason**: Detector confidence below the fixed 0.70 threshold.

#### Limitations
- **Report Limitations**: This report is limited to the detector and supplied SHAP evidence.","Prediction Summary
The detector predicted Worms with confidence 0.6679 and uncertainty 0.3321.

Evidence
1. sbytes: observed value=1308; SHAP value=0.084804; direction=supports predicted class.
2. smean: observed value=131; SHAP value=0.058287; direction=supports predicted class.
3. service_-: observed value=0; SHAP value=0.051632; direction=supports predicted class.
4. ct_flw_http_mthd: observed value=1; SHAP value=0.049357; direction=supports predicted class.
5. service_http: observed value=1; SHAP value=0.046568; direction=supports predicted class.

Risk and Policy
The predicted operational stage is Advanced Intrusion. The confidence-weighted risk score is 5.6774, corresponding to the Block policy zone.

Recommended Action
Block the suspected source and initiate investigation.

Human Review
Detector confidence below the fixed 0.70 threshold.

Limitations
This report is limited to the detector prediction, policy mapping, and five supplied local SHAP contributions. It does not establish ground truth or independently confirm an incident.",evidence_contract_renderer,False,126,True,True,True,5,True,5,True,5,True,True,False,,True,True,True,5,True,True
UNSW-OFFICIAL-47369,A4_verified_full,A3_constrained_full,2.0,verified,DoS,True,"### Evidence-Grounded SOC Report

#### Prediction Summary
The predicted label is **DoS** with a confidence of **0.2276590152471923** and an uncertainty score of **0.7723409847528078**. The recommended action is to **Log the event and continue monitoring**.

#### Evidence
1. **Protocol is not UDP** (Supports predicted class): **Observed Value**: 0.0, **SHAP Value**: 0.0146594364196062, **Direction**: supports predicted class
2. **dur = 7.6e-05** (Supports predicted class): **Observed Value**: 7.599999662488699e-05, **SHAP Value**: 0.0091396588832139, **Direction**: supports predicted class
3. **rate = 0** (Supports predicted class): **Observed Value**: 0.0, **SHAP Value**: 0.0083483001217246, **Direction**: supports predicted class
4. **ct_src_ltm = 6** (Supports predicted class): **Observed Value**: 6.0, **SHAP Value**: 0.0075269918888807, **Direction**: supports predicted class
5. **sbytes = 60** (Opposes predicted class): **Observed Value**: 60.0, **SHAP Value**: -0.0073204040527343, **Direction**: opposes predicted class

#### Risk and Policy
- **Stage**: Impact / Availability
- **Risk Score**: 1.593","Prediction Summary
The detector predicted DoS with confidence 0.2277 and uncertainty 0.7723.

Evidence
1. proto_udp: observed value=0; SHAP value=0.014659; direction=supports predicted class.
2. dur: observed value=7.599999662e-05; SHAP value=0.009140; direction=supports predicted class.
3. rate: observed value=0; SHAP value=0.008348; direction=supports predicted class.
4. ct_src_ltm: observed value=6; SHAP value=0.007527; direction=supports predicted class.
5. sbytes: observed value=60; SHAP value=-0.007320; direction=opposes predicted class.

Risk and Policy
The predicted operational stage is Impact / Availability. The confidence-weighted risk score is 1.5936, corresponding to the Monitor policy zone.

Recommended Action
Log the event and continue monitoring.

Human Review
Detector confidence below the fixed 0.70 threshold.

Limitations
This report is limited to the detector prediction, policy mapping, and five supplied local SHAP contributions. It does not establish ground truth or independently confirm an incident.",evidence_contract_renderer,True,126,False,False,False,5,True,5,True,10,True,True,True,Recommended Action|Human Review|Limitations,True,True,True,5,True,True
UNSW-OFFICIAL-47404,A4_verified_full,A3_constrained_full,2.0,verified,Generic,False,"### Evidence-Grounded SOC Report

#### Prediction Summary
The predicted label is **DoS** with a confidence of **0.2276590152471923** and an uncertainty score of **0.7723409847528078**. The recommended action is to **Log the event and continue monitoring**.

#### Evidence
1. **Protocol is not UDP** (Supports predicted class): **Observed Value**: 0.0, **SHAP Value**: 0.0146594364196062, **Direction**: supports predicted class
2. **dur = 7.6e-05** (Supports predicted class): **Observed Value**: 7.599999662488699e-05, **SHAP Value**: 0.0091396588832139, **Direction**: supports predicted class
3. **rate = 0** (Supports predicted class): **Observed Value**: 0.0, **SHAP Value**: 0.0083483001217246, **Direction**: supports predicted class
4. **ct_src_ltm = 6** (Supports predicted class): **Observed Value**: 6.0, **SHAP Value**: 0.0075269918888807, **Direction**: supports predicted class
5. **sbytes = 60** (Opposes predicted class): **Observed Value**: 60.0, **SHAP Value**: -0.0073204040527343, **Direction**: opposes predicted class

#### Risk and Policy
- **Stage**: Impact / Availability
- **Risk Score**: 1.593","Prediction Summary
The detector predicted DoS with confidence 0.2277 and uncertainty 0.7723.

Evidence
1. proto_udp: observed value=0; SHAP value=0.014659; direction=supports predicted class.
2. dur: observed value=7.599999662e-05; SHAP value=0.009140; direction=supports predicted class.
3. rate: observed value=0; SHAP value=0.008348; direction=supports predicted class.
4. ct_src_ltm: observed value=6; SHAP value=0.007527; direction=supports predicted class.
5. sbytes: observed value=60; SHAP value=-0.007320; direction=opposes predicted class.

Risk and Policy
The predicted operational stage is Impact / Availability. The confidence-weighted risk score is 1.5936, corresponding to the Monitor policy zone.

Recommended Action
Log the event and continue monitoring.

Human Review
Detector confidence below the fixed 0.70 threshold.

Limitations
This report is limited to the detector prediction, policy mapping, and five supplied local SHAP contributions. It does not establish ground truth or independently confirm an incident.",evidence_contract_renderer,True,126,False,False,False,5,True,5,True,10,True,True,True,Recommended Action|Human Review|Limitations,True,True,True,5,True,True
UNSW-OFFICIAL-47409,A4_verified_full,A3_constrained_full,2.0,verified,Fuzzers,False,"### Evidence-Grounded SOC Report

#### Prediction Summary
The predicted label is ""Shellcode"" with a confidence of 0.515130731438114 and an uncertainty score of 0.48486926856188595. The recommended action is to raise a SOC alert and enrich the event context.

#### Evidence
1. **ct_dst_src_ltm**: ct_dst_src_ltm = 1 (supports predicted class)
2. **ct_srv_dst**: ct_srv_dst = 6 (opposes predicted class)
3. **service_-**: Service = unspecified (supports predicted class)
4. **ct_srv_src**: ct_srv_src = 6 (opposes predicted class)
5. **dmean**: dmean = 45 (supports predicted class)

#### Risk and Policy
- **Stage**: Advanced Intrusion
- **Risk Score**: 4.3786
- **Policy Zone**: Alert

#### Recommended Action
- **Recommended Action**: Raise a SOC alert and enrich the event context.

#### Human Review
- **Human Review Required**: Yes
- **Confidence Threshold**: 0.7
- **Reason**: Detector confidence below the fixed 0.70 threshold.

#### Limitations
- **Report Limitations**: This report is limited to the detector and supplied SHAP evidence. It does not include additional details such as attack behavior, causes, impacts, IP addresses, hostnames, CVEs, malware, tools, or extra remediation.","Prediction Summary
The detector predicted Shellcode with confidence 0.5151 and uncertainty 0.4849.

Evidence
1. ct_dst_src_ltm: observed value=1; SHAP value=0.094667; direction=supports predicted class.
2. ct_srv_dst: observed value=6; SHAP value=-0.057888; direction=opposes predicted class.
3. service_-: observed value=1; SHAP value=0.033298; direction=supports predicted class.
4. ct_srv_src: observed value=6; SHAP value=-0.027687; direction=opposes predicted class.
5. dmean: observed value=45; SHAP value=0.027687; direction=supports predicted class.

Risk and Policy
The predicted operational stage is Advanced Intrusion. The confidence-weighted risk score is 4.3786, corresponding to the Alert policy zone.

Recommended Action
Raise a SOC alert and enrich the event context.

Human Review
Detector confidence below the fixed 0.70 threshold.

Limitations
This report is limited to the detector prediction, policy mapping, and five supplied local SHAP contributions. It does not establish ground truth or independently confirm an incident.",evidence_contract_renderer,True,128,True,True,True,5,True,0,False,5,True,True,False,,True,True,True,5,True,True
UNSW-OFFICIAL-47850,A4_verified_full,A3_constrained_full,2.0,verified,Fuzzers,True,"### Evidence-Grounded SOC Report

#### Prediction Summary
The predicted label is ""Fuzzers"" with a confidence of 0.2734 and an uncertainty score of 0.7266. The recommended action is to log the event and continue monitoring.

#### Evidence
1. **ct_srv_src**: 21 (supports predicted class)
2. **ct_srv_dst**: 16 (supports predicted class)
3. **proto_udp**: 0.0 (opposes predicted class)
4. **service_-**: 1.0 (supports predicted class)
5. **ct_src_dport_ltm**: 6 (supports predicted class)

#### Risk and Policy
- **Stage**: Exploitation
- **Risk Score**: 1.777
- **Policy Zone**: Monitor

#### Recommended Action
- **Recommended Action**: Log the event and continue monitoring.

#### Human Review
- **Human Review Required**: Yes
- **Confidence Threshold**: 0.70
- **Reason**: Detector confidence below the fixed 0.70 threshold.

#### Limitations
- **Report Limitations**: This report is limited to the detector and supplied SHAP evidence. It does not include additional attack behavior, causes, impacts, IP addresses, hostnames, CVEs, malware, tools, or any other remediation details.","Prediction Summary
The detector predicted Fuzzers with confidence 0.2734 and uncertainty 0.7266.

Evidence
1. ct_srv_src: observed value=21; SHAP value=0.059389; direction=supports predicted class.
2. ct_srv_dst: observed value=16; SHAP value=0.046989; direction=supports predicted class.
3. proto_udp: observed value=0; SHAP value=-0.030743; direction=opposes predicted class.
4. service_-: observed value=1; SHAP value=0.027728; direction=supports predicted class.
5. ct_src_dport_ltm: observed value=6; SHAP value=0.023995; direction=supports predicted class.

Risk and Policy
The predicted operational stage is Exploitation. The confidence-weighted risk score is 1.7770, corresponding to the Monitor policy zone.

Recommended Action
Log the event and continue monitoring.

Human Review
Detector confidence below the fixed 0.70 threshold.

Limitations
This report is limited to the detector prediction, policy mapping, and five supplied local SHAP contributions. It does not establish ground truth or independently confirm an incident.",evidence_contract_renderer,True,124,True,True,True,5,True,0,False,5,True,True,False,,True,True,True,5,True,True
UNSW-OFFICIAL-48119,A4_verified_full,A3_constrained_full,2.0,verified,Generic,True,"### Evidence-Grounded SOC Report

#### Prediction Summary
The predicted label is ""Generic"" with a confidence of 0.9357 and an uncertainty score of 0.0642. The predicted stage is ""Exploitation"" with a risk score of 6.0823. The recommended action is to ""Block the suspected source and initiate investigation.""

#### Evidence
1. **Service DNS**: The service is identified as ""dns"" (supports predicted class).
2. **sbytes**: The observed value is 114 (supports predicted class).
3. **Service -**: An application service is identified (supports predicted class).
4. **smean**: The mean is 57 (supports predicted class).
5. **Proto UDP**: The protocol is ""udp"" (supports predicted class).

#### Risk and Policy
- **Stage**: Exploitation
- **Risk Score**: 6.0823
- **Policy Zone**: Block

#### Recommended Action
- **Recommended Action**: Block the suspected source and initiate investigation.

#### Human Review
- **Human Review Required**: No
- **Confidence Threshold**: 0.7
- **Reason**: No mandatory confidence-based referral.

#### Limitations
This report is limited to the detector and supplied SHAP evidence.","Prediction Summary
The detector predicted Generic with confidence 0.9357 and uncertainty 0.0643.

Evidence
1. service_dns: observed value=1; SHAP value=0.188588; direction=supports predicted class.
2. sbytes: observed value=114; SHAP value=0.132557; direction=supports predicted class.
3. service_-: observed value=0; SHAP value=0.124409; direction=supports predicted class.
4. smean: observed value=57; SHAP value=0.069762; direction=supports predicted class.
5. proto_udp: observed value=1; SHAP value=0.059513; direction=supports predicted class.

Risk and Policy
The predicted operational stage is Exploitation. The confidence-weighted risk score is 6.0823, corresponding to the Block policy zone.

Recommended Action
Block the suspected source and initiate investigation.

Human Review
No mandatory confidence-based referral.

Limitations
This report is limited to the detector prediction, policy mapping, and five supplied local SHAP contributions. It does not establish ground truth or independently confirm an incident.",evidence_contract_renderer,True,122,True,True,True,5,True,0,False,5,True,True,False,,True,True,True,5,True,True
UNSW-OFFICIAL-48541,A4_verified_full,A3_constrained_full,2.0,verified,Shellcode,True,"### Evidence-Grounded SOC Report

**Prediction Summary:**
The predicted label is ""Shellcode,"" with a confidence of 0.5114 and an uncertainty score of 0.4886. The predicted stage is ""Advanced Intrusion,"" and the risk score is 4.3471.

**Evidence:**
1. **ct_dst_src_ltm**: ct_dst_src_ltm = 1, SHAP value = 0.0935, direction = supports predicted class
2. **proto_udp**: Protocol = udp, SHAP value = 0.0854, direction = supports predicted class
3. **ct_srv_dst**: ct_srv_dst = 4, SHAP value = -0.0816, direction = opposes predicted class
4. **sbytes**: sbytes = 308, SHAP value = 0.0792, direction = supports predicted class
5. **smean**: smean = 154, SHAP value = 0.0673, direction = supports predicted class

**Risk and Policy:**
The recommended action is to raise a SOC alert and enrich the event context. The policy zone is ""Alert,"" and the human review requirement is set to ""required"" with a confidence threshold of 0.7.

**Recommended Action:**
- **Raise a SOC alert** to notify the security team of the potential shellcode intrusion.
- **Enrich the event context** with additional details such as the observed values and SHAP values for each feature to provide context to the security team.

**Human Review:**
- **Human Review Required**: The report is limited to the detector and supplied SHAP evidence. The confidence threshold for human review is set to 0.7, indicating that the confidence in the prediction is below this threshold.

**Limitations:**
- The report is limited to the detector and supplied SHAP evidence. The confidence threshold for human review is set to 0.7, indicating that the","Prediction Summary
The detector predicted Shellcode with confidence 0.5114 and uncertainty 0.4886.

Evidence
1. ct_dst_src_ltm: observed value=1; SHAP value=0.093499; direction=supports predicted class.
2. proto_udp: observed value=1; SHAP value=0.085365; direction=supports predicted class.
3. ct_srv_dst: observed value=4; SHAP value=-0.081627; direction=opposes predicted class.
4. sbytes: observed value=308; SHAP value=0.079219; direction=supports predicted class.
5. smean: observed value=154; SHAP value=0.067265; direction=supports predicted class.

Risk and Policy
The predicted operational stage is Advanced Intrusion. The confidence-weighted risk score is 4.3471, corresponding to the Alert policy zone.

Recommended Action
Raise a SOC alert and enrich the event context.

Human Review
Detector confidence below the fixed 0.70 threshold.

Limitations
This report is limited to the detector prediction, policy mapping, and five supplied local SHAP contributions. It does not establish ground truth or independently confirm an incident.",evidence_contract_renderer,True,128,True,True,True,5,True,5,True,5,True,True,True,,True,True,True,5,True,True
UNSW-OFFICIAL-48574,A4_verified_full,A3_constrained_full,2.0,verified,Backdoor,False,"### Evidence-Grounded SOC Report

#### Prediction Summary
The predicted label is ""Fuzzers"" with a confidence of 0.2012 and an uncertainty score of 0.7988. The recommended action is to log the event and continue monitoring.

#### Evidence
1. **ct_srv_src**: ct_srv_src = 19, Observed Value: 19.0, SHAP Value: 0.0502, Direction: supports predicted class
2. **ct_srv_dst**: ct_srv_dst = 18, Observed Value: 18.0, SHAP Value: 0.0469, Direction: supports predicted class
3. **proto_udp**: Protocol is not udp, Observed Value: 0.0, SHAP Value: -0.0326, Direction: opposes predicted class
4. **service_-**: Service = unspecified, Observed Value: 1.0, SHAP Value: 0.0265, Direction: supports predicted class
5. **ct_src_dport_ltm**: ct_src_dport_ltm = 4, Observed Value: 4.0, SHAP Value: 0.0147, Direction: supports predicted class

#### Risk and Policy
- **Stage**: Exploitation
- **Risk Score**: 1.3079
- **Policy Zone**: Monitor
- **Recommended Action**: Log the event and continue monitoring

#### Human Review
- **Required**: Yes
- **Confidence Threshold**: 0.7
- **Reason**: Detector confidence below the fixed 0.70 threshold.

#### Limitations
This report is limited to the detector and supplied SHAP evidence.","Prediction Summary
The detector predicted Fuzzers with confidence 0.2012 and uncertainty 0.7988.

Evidence
1. ct_srv_src: observed value=19; SHAP value=0.050241; direction=supports predicted class.
2. ct_srv_dst: observed value=18; SHAP value=0.046998; direction=supports predicted class.
3. proto_udp: observed value=0; SHAP value=-0.032582; direction=opposes predicted class.
4. service_-: observed value=1; SHAP value=0.026503; direction=supports predicted class.
5. ct_src_dport_ltm: observed value=4; SHAP value=0.014719; direction=supports predicted class.

Risk and Policy
The predicted operational stage is Exploitation. The confidence-weighted risk score is 1.3079, corresponding to the Monitor policy zone.

Recommended Action
Log the event and continue monitoring.

Human Review
Detector confidence below the fixed 0.70 threshold.

Limitations
This report is limited to the detector prediction, policy mapping, and five supplied local SHAP contributions. It does not establish ground truth or independently confirm an incident.",evidence_contract_renderer,True,124,False,False,False,5,True,5,True,5,True,True,False,Recommended Action,True,True,True,5,True,True
UNSW-OFFICIAL-48600,A4_verified_full,A3_constrained_full,2.0,verified,Fuzzers,True,"### Evidence-Grounded SOC Report

**Prediction Summary:**
The predicted label is ""Fuzzers"" with a confidence of 71.91% and an uncertainty score of 28.09%. The recommended action is to raise a SOC alert and enrich the event context.

**Evidence:**
1. **Protocol = udp** - Observed Value: 1.0, SHAP Value: 0.1288, Direction: supports predicted class
2. **smean = 769** - Observed Value: 769.0, SHAP Value: 0.0675, Direction: supports predicted class
3. **sbytes = 1538** - Observed Value: 1538.0, SHAP Value: 0.0573, Direction: supports predicted class
4. **ct_srv_dst = 4** - Observed Value: 4.0, SHAP Value: 0.0404, Direction: supports predicted class
5. **sload = 5.59273e+08** - Observed Value: 559272704.0, SHAP Value: 0.0329, Direction: supports predicted class

**Risk and Policy:**
- **Stage:** Exploitation
- **Risk Score:** 4.6743
- **Policy Zone:** Alert

**Recommended Action:**
- Raise a SOC alert and enrich the event context.

**Human Review:**
- **Required:** No
- **Confidence Threshold:** 0.7
- **Reason:** No mandatory confidence-based referral.

**Limitations:**
- The report is limited to the detector and supplied SHAP evidence.","Prediction Summary
The detector predicted Fuzzers with confidence 0.7191 and uncertainty 0.2809.

Evidence
1. proto_udp: observed value=1; SHAP value=0.128829; direction=supports predicted class.
2. smean: observed value=769; SHAP value=0.067471; direction=supports predicted class.
3. sbytes: observed value=1538; SHAP value=0.057315; direction=supports predicted class.
4. ct_srv_dst: observed value=4; SHAP value=0.040402; direction=supports predicted class.
5. sload: observed value=559272704; SHAP value=0.032936; direction=supports predicted class.

Risk and Policy
The predicted operational stage is Exploitation. The confidence-weighted risk score is 4.6743, corresponding to the Alert policy zone.

Recommended Action
Raise a SOC alert and enrich the event context.

Human Review
No mandatory confidence-based referral.

Limitations
This report is limited to the detector prediction, policy mapping, and five supplied local SHAP contributions. It does not establish ground truth or independently confirm an incident.",evidence_contract_renderer,False,124,True,True,True,5,True,5,True,5,True,True,False,,True,True,True,5,True,True
UNSW-OFFICIAL-48615,A4_verified_full,A3_constrained_full,2.0,verified,Fuzzers,True,"### Evidence-Grounded SOC Report

**Prediction Summary:**
The predicted label is ""Fuzzers"" with a confidence of 87.9% and an uncertainty score of 12.1%. The recommended action is to block the suspected source and initiate investigation.

**Evidence:**
1. **sbytes**: sbytes = 3224, SHAP value = 0.05845, direction = supports predicted class
2. **ct_dst_src_ltm**: ct_dst_src_ltm = 3, SHAP value = 0.04233, direction = supports predicted class
3. **spkts**: spkts = 20, SHAP value = 0.04129, direction = supports predicted class
4. **sjit**: sjit = 226759, SHAP value = 0.03549, direction = supports predicted class
5. **ct_srv_dst**: ct_srv_dst = 10, SHAP value = 0.03404, direction = supports predicted class

**Risk and Policy:**
The risk score is 5.7134, and the policy zone is ""Block"". The recommended action is to block the suspected source and initiate investigation.

**Recommended Action:**
Block the suspected source and initiate investigation.

**Human Review:**
No mandatory confidence-based referral is required.

**Limitations:**
This report is limited to the detector and supplied SHAP evidence.","Prediction Summary
The detector predicted Fuzzers with confidence 0.8790 and uncertainty 0.1210.

Evidence
1. sbytes: observed value=3224; SHAP value=0.058452; direction=supports predicted class.
2. ct_dst_src_ltm: observed value=3; SHAP value=0.042332; direction=supports predicted class.
3. spkts: observed value=20; SHAP value=0.041293; direction=supports predicted class.
4. sjit: observed value=226758.75; SHAP value=0.035497; direction=supports predicted class.
5. ct_srv_dst: observed value=10; SHAP value=0.034039; direction=supports predicted class.

Risk and Policy
The predicted operational stage is Exploitation. The confidence-weighted risk score is 5.7134, corresponding to the Block policy zone.

Recommended Action
Block the suspected source and initiate investigation.

Human Review
No mandatory confidence-based referral.

Limitations
This report is limited to the detector prediction, policy mapping, and five supplied local SHAP contributions. It does not establish ground truth or independently confirm an incident.",evidence_contract_renderer,False,122,True,True,True,5,True,5,True,5,True,True,False,,True,True,True,5,True,True
UNSW-OFFICIAL-48701,A4_verified_full,A3_constrained_full,2.0,verified,Analysis,False,"### Evidence-Grounded SOC Report

**Prediction Summary:**
The predicted label is ""DoS"" with a confidence of 0.27286 and an uncertainty score of 0.72714. The recommended action is to log the event and continue monitoring.

**Evidence:**
1. **Protocol is not UDP** (Supports predicted class, SHAP value: 0.021946)
2. **sbytes = 200** (Supports predicted class, SHAP value: 0.017615)
3. **smean = 100** (Supports predicted class, SHAP value: 0.010958)
4. **ct_src_ltm = 6** (Supports predicted class, SHAP value: 0.006403)
5. **sloss = 0** (Supports predicted class, SHAP value: 0.006118)

**Risk and Policy:**
The risk score is 1.91, and the policy zone is ""Monitor."" The recommended action is to log the event and continue monitoring.

**Recommended Action:**
Log the event and continue monitoring.

**Human Review:**
Human review is required with a confidence threshold of 0.7. The reason is that the detector confidence is below the fixed 0.70 threshold.

**Limitations:**
This report is limited to the detector and supplied SHAP evidence.","Prediction Summary
The detector predicted DoS with confidence 0.2729 and uncertainty 0.7271.

Evidence
1. proto_udp: observed value=0; SHAP value=0.021946; direction=supports predicted class.
2. sbytes: observed value=200; SHAP value=0.017615; direction=supports predicted class.
3. smean: observed value=100; SHAP value=0.010958; direction=supports predicted class.
4. ct_src_ltm: observed value=6; SHAP value=0.006403; direction=supports predicted class.
5. sloss: observed value=0; SHAP value=0.006118; direction=supports predicted class.

Risk and Policy
The predicted operational stage is Impact / Availability. The confidence-weighted risk score is 1.9100, corresponding to the Monitor policy zone.

Recommended Action
Log the event and continue monitoring.

Human Review
Detector confidence below the fixed 0.70 threshold.

Limitations
This report is limited to the detector prediction, policy mapping, and five supplied local SHAP contributions. It does not establish ground truth or independently confirm an incident.",evidence_contract_renderer,False,126,True,True,True,5,True,5,True,5,True,True,False,,True,True,True,5,True,True
UNSW-OFFICIAL-48723,A4_verified_full,A3_constrained_full,2.0,verified,Analysis,False,"### Evidence-Grounded SOC Report

#### Prediction Summary
The predicted label is **DoS** with a confidence of **0.25667** and an uncertainty score of **0.74333**. The recommended action is to **Log the event and continue monitoring**.

#### Evidence
1. **Protocol is not UDP** (Supports predicted class)
2. **sbytes = 200** (Supports predicted class)
3. **ct_dst_sport_ltm = 6** (Supports predicted class)
4. **smean = 100** (Supports predicted class)
5. **ct_src_ltm = 6** (Supports predicted class)

#### Risk and Policy
- **Risk Score:** 1.7967
- **Policy Zone:** Monitor
- **Recommended Action:** Log the event and continue monitoring

#### Human Review
- **Required:** Yes
- **Confidence Threshold:** 0.7
- **Reason:** Detector confidence below the fixed 0.70 threshold.

#### Limitations
This report is limited to the detector and supplied SHAP evidence.","Prediction Summary
The detector predicted DoS with confidence 0.2567 and uncertainty 0.7433.

Evidence
1. proto_udp: observed value=0; SHAP value=0.022009; direction=supports predicted class.
2. sbytes: observed value=200; SHAP value=0.017060; direction=supports predicted class.
3. ct_dst_sport_ltm: observed value=6; SHAP value=0.010747; direction=supports predicted class.
4. smean: observed value=100; SHAP value=0.010461; direction=supports predicted class.
5. ct_src_ltm: observed value=6; SHAP value=0.006526; direction=supports predicted class.

Risk and Policy
The predicted operational stage is Impact / Availability. The confidence-weighted risk score is 1.7967, corresponding to the Monitor policy zone.

Recommended Action
Log the event and continue monitoring.

Human Review
Detector confidence below the fixed 0.70 threshold.

Limitations
This report is limited to the detector prediction, policy mapping, and five supplied local SHAP contributions. It does not establish ground truth or independently confirm an incident.",evidence_contract_renderer,True,126,False,False,False,5,True,0,False,5,True,True,False,Recommended Action,True,True,True,5,True,True
UNSW-OFFICIAL-48748,A4_verified_full,A3_constrained_full,2.0,verified,Backdoor,False,"### Evidence-Grounded SOC Report

#### Prediction Summary
The predicted label is **DoS** with a confidence of **0.2545** and an uncertainty score of **0.7455**. The recommended action is to **Log the event and continue monitoring**.

#### Evidence
1. **Protocol is not UDP** (Supports predicted class)
2. **sbytes = 200** (Supports predicted class)
3. **ct_dst_sport_ltm = 4** (Supports predicted class)
4. **ct_src_ltm = 4** (Supports predicted class)
5. **smean = 100** (Supports predicted class)

#### Risk and Policy
- **Risk Score:** 1.7817
- **Policy Zone:** Monitor
- **Recommended Action:** Log the event and continue monitoring

#### Human Review
- **Required:** Yes
- **Confidence Threshold:** 0.7
- **Reason:** Detector confidence below the fixed 0.70 threshold.

#### Limitations
This report is limited to the detector and supplied SHAP evidence.","Prediction Summary
The detector predicted DoS with confidence 0.2545 and uncertainty 0.7455.

Evidence
1. proto_udp: observed value=0; SHAP value=0.019722; direction=supports predicted class.
2. sbytes: observed value=200; SHAP value=0.016803; direction=supports predicted class.
3. ct_dst_sport_ltm: observed value=4; SHAP value=0.011670; direction=supports predicted class.
4. ct_src_ltm: observed value=4; SHAP value=0.009982; direction=supports predicted class.
5. smean: observed value=100; SHAP value=0.008407; direction=supports predicted class.

Risk and Policy
The predicted operational stage is Impact / Availability. The confidence-weighted risk score is 1.7817, corresponding to the Monitor policy zone.

Recommended Action
Log the event and continue monitoring.

Human Review
Detector confidence below the fixed 0.70 threshold.

Limitations
This report is limited to the detector prediction, policy mapping, and five supplied local SHAP contributions. It does not establish ground truth or independently confirm an incident.",evidence_contract_renderer,True,126,False,False,False,5,True,0,False,5,True,True,False,Recommended Action,True,True,True,5,True,True
UNSW-OFFICIAL-48864,A4_verified_full,A3_constrained_full,2.0,verified,Backdoor,True,"### Evidence-Grounded SOC Report

#### Prediction Summary
The predicted label is **Backdoor** with a confidence of **0.2616** and an uncertainty score of **0.7384**. The recommended action is to **Raise a SOC alert and enrich the event context**.

#### Evidence
1. **ct_srv_src**: The server source is **15**. The SHAP value is **-0.0327**, indicating **opposition** to the predicted class.
2. **ct_src_ltm**: The source LTM is **9**. The SHAP value is **0.0238**, indicating **support** for the predicted class.
3. **proto_udp**: The protocol is **not UDP**. The SHAP value is **0.0228**, indicating **support** for the predicted class.
4. **sbytes**: The size of the data sent is **200**. The SHAP value is **0.0172**, indicating **support** for the predicted class.
5. **ct_dst_src_ltm**: The destination source LTM is **7**. The SHAP value is **0.0124**, indicating **support** for the predicted class.

#### Risk and Policy
- **Stage**: Command and Control
- **Risk Score**: 2.093
- **Policy Zone**: Alert
- **Recommended Action**: Raise a SOC alert and enrich the event context.

#### Human Review
- **Required**: Yes
- **Confidence Threshold**: 0.7
- **Reason**: Detector confidence below the fixed 0.70 threshold.

#### Limitations
This report is limited to the detector and supplied SHAP evidence.","Prediction Summary
The detector predicted Backdoor with confidence 0.2616 and uncertainty 0.7384.

Evidence
1. ct_srv_src: observed value=15; SHAP value=-0.032673; direction=opposes predicted class.
2. ct_src_ltm: observed value=9; SHAP value=0.023813; direction=supports predicted class.
3. proto_udp: observed value=0; SHAP value=0.022813; direction=supports predicted class.
4. sbytes: observed value=200; SHAP value=0.017201; direction=supports predicted class.
5. ct_dst_src_ltm: observed value=7; SHAP value=0.012359; direction=supports predicted class.

Risk and Policy
The predicted operational stage is Command and Control. The confidence-weighted risk score is 2.0930, corresponding to the Alert policy zone.

Recommended Action
Raise a SOC alert and enrich the event context.

Human Review
Detector confidence below the fixed 0.70 threshold.

Limitations
This report is limited to the detector prediction, policy mapping, and five supplied local SHAP contributions. It does not establish ground truth or independently confirm an incident.",evidence_contract_renderer,True,129,False,False,False,5,True,5,True,4,False,True,False,Recommended Action,True,True,True,5,True,True
UNSW-OFFICIAL-49168,A4_verified_full,A3_constrained_full,2.0,verified,Reconnaissance,False,"### Evidence-Grounded SOC Report

#### Prediction Summary
The predicted label is ""Exploits"" with a confidence of 0.65455 and an uncertainty score of 0.34545. The recommended action is to raise a SOC alert and enrich the event context.

#### Evidence
1. **service_-**: An application service is identified (0.0, 0.0620517879724502, supports predicted class)
2. **service_http**: Service = http (1.0, 0.0332272872328758, supports predicted class)
3. **rate**: rate = 85.7716 (85.77163696289062, 0.0320283658802509, supports predicted class)
4. **dur**: dur = 0.174883 (0.1748829931020736, 0.0304878074675798, supports predicted class)
5. **sload**: sload = 33439.5 (33439.5, 0.0288524404168128, supports predicted class)

#### Risk and Policy
- **Risk Score**: 4.2546
- **Policy Zone**: Alert
- **Recommended Action**: Raise a SOC alert and enrich the event context

#### Human Review
- **Human Review Required**: Yes
- **Confidence Threshold**: 0.7
- **Reason**: Detector confidence below the fixed 0.70 threshold.

#### Limitations
- The report is limited to the detector and supplied SHAP evidence.","Prediction Summary
The detector predicted Exploits with confidence 0.6546 and uncertainty 0.3454.

Evidence
1. service_-: observed value=0; SHAP value=0.062052; direction=supports predicted class.
2. service_http: observed value=1; SHAP value=0.033227; direction=supports predicted class.
3. rate: observed value=85.77163696; SHAP value=0.032028; direction=supports predicted class.
4. dur: observed value=0.1748829931; SHAP value=0.030488; direction=supports predicted class.
5. sload: observed value=33439.5; SHAP value=0.028852; direction=supports predicted class.

Risk and Policy
The predicted operational stage is Exploitation. The confidence-weighted risk score is 4.2546, corresponding to the Alert policy zone.

Recommended Action
Raise a SOC alert and enrich the event context.

Human Review
Detector confidence below the fixed 0.70 threshold.

Limitations
This report is limited to the detector prediction, policy mapping, and five supplied local SHAP contributions. It does not establish ground truth or independently confirm an incident.",evidence_contract_renderer,True,127,False,False,False,5,True,0,False,5,True,True,False,Recommended Action,True,True,True,5,True,True
UNSW-OFFICIAL-49219,A4_verified_full,A3_constrained_full,2.0,verified,Backdoor,False,"### Evidence-Grounded SOC Report

#### Prediction Summary
The predicted label is ""Fuzzers"" with a confidence of 0.1736 and an uncertainty score of 0.8264. The recommended action is to log the event and continue monitoring.

#### Evidence
1. **Protocol is not UDP** (Feature: proto_udp) - Observed Value: 0.0, SHAP Value: -0.031455, Direction: Opposes Predicted Class
2. **ct_dst_sport_ltm = 14** (Feature: ct_dst_sport_ltm) - Observed Value: 14.0, SHAP Value: -0.027359, Direction: Opposes Predicted Class
3. **ct_src_dport_ltm = 14** (Feature: ct_src_dport_ltm) - Observed Value: 14.0, SHAP Value: 0.025644, Direction: Supports Predicted Class
4. **Service = unspecified** (Feature: service_-) - Observed Value: 1.0, SHAP Value: 0.020194, Direction: Supports Predicted Class
5. **ct_srv_dst = 14** (Feature: ct_srv_dst) - Observed Value: 14.0, SHAP Value: 0.018974, Direction: Supports Predicted Class

#### Risk and Policy
- **Stage**: Exploitation
- **Risk Score**: 1.1284
- **Policy Zone**: Monitor
- **Recommended Action**: Log the event and continue monitoring

#### Human Review
- **Required**: Yes
- **Confidence Threshold**: 0.7
- **Reason**: Detector confidence below the fixed 0.70 threshold.

#### Limitations
This report is limited to the detector and supplied SHAP evidence.","Prediction Summary
The detector predicted Fuzzers with confidence 0.1736 and uncertainty 0.8264.

Evidence
1. proto_udp: observed value=0; SHAP value=-0.031455; direction=opposes predicted class.
2. ct_dst_sport_ltm: observed value=14; SHAP value=-0.027359; direction=opposes predicted class.
3. ct_src_dport_ltm: observed value=14; SHAP value=0.025644; direction=supports predicted class.
4. service_-: observed value=1; SHAP value=0.020194; direction=supports predicted class.
5. ct_srv_dst: observed value=14; SHAP value=0.018974; direction=supports predicted class.

Risk and Policy
The predicted operational stage is Exploitation. The confidence-weighted risk score is 1.1284, corresponding to the Monitor policy zone.

Recommended Action
Log the event and continue monitoring.

Human Review
Detector confidence below the fixed 0.70 threshold.

Limitations
This report is limited to the detector prediction, policy mapping, and five supplied local SHAP contributions. It does not establish ground truth or independently confirm an incident.",evidence_contract_renderer,True,124,False,False,False,5,True,5,True,5,True,True,False,Recommended Action,True,True,True,5,True,True
UNSW-OFFICIAL-49522,A4_verified_full,A3_constrained_full,2.0,verified,Shellcode,True,"### Evidence-Grounded SOC Report

**Prediction Summary:**
The predicted label is ""Shellcode,"" with a confidence of 74.18% and an uncertainty score of 25.82%. The predicted stage is ""Advanced Intrusion,"" and the risk score is 6.31.

**Evidence:**
1. **Protocol = udp** (Supports predicted class)
2. **ct_dst_src_ltm = 1** (Supports predicted class)
3. **smean = 74** (Supports predicted class)
4. **sbytes = 148** (Supports predicted class)
5. **ct_srv_dst = 1** (Supports predicted class)

**Risk and Policy:**
The recommended action is to ""Block the suspected source and initiate investigation."" The policy zone is ""Block,"" and the risk score is 6.31.

**Recommended Action:**
The recommended action is to ""Block the suspected source and initiate investigation.""

**Human Review:**
No mandatory confidence-based referral is required.

**Limitations:**
This report is limited to the detector and supplied SHAP evidence.","Prediction Summary
The detector predicted Shellcode with confidence 0.7418 and uncertainty 0.2582.

Evidence
1. proto_udp: observed value=1; SHAP value=0.097093; direction=supports predicted class.
2. ct_dst_src_ltm: observed value=1; SHAP value=0.063719; direction=supports predicted class.
3. smean: observed value=74; SHAP value=0.058729; direction=supports predicted class.
4. sbytes: observed value=148; SHAP value=0.048970; direction=supports predicted class.
5. ct_srv_dst: observed value=1; SHAP value=0.044210; direction=supports predicted class.

Risk and Policy
The predicted operational stage is Advanced Intrusion. The confidence-weighted risk score is 6.3055, corresponding to the Block policy zone.

Recommended Action
Block the suspected source and initiate investigation.

Human Review
No mandatory confidence-based referral.

Limitations
This report is limited to the detector prediction, policy mapping, and five supplied local SHAP contributions. It does not establish ground truth or independently confirm an incident.",evidence_contract_renderer,True,123,True,True,True,5,True,0,False,5,True,True,False,,True,True,True,5,True,True
UNSW-OFFICIAL-49542,A4_verified_full,A3_constrained_full,2.0,verified,Worms,False,"### Evidence-Grounded SOC Report

#### Prediction Summary
The predicted label is ""Exploits"" with a confidence of 0.4947657791266811 and an uncertainty score of 0.5052342208733189. The recommended action is to raise a SOC alert and enrich the event context.

#### Evidence
1. **stcpb**: stcpb = 5.5797e+07 (supports predicted class)
2. **service_-**: An application service is identified (supports predicted class)
3. **smean**: smean = 130 (supports predicted class)
4. **sload**: sload = 15682.8 (supports predicted class)
5. **sbytes**: sbytes = 1296 (supports predicted class)

#### Risk and Policy
- **Risk Score**: 3.216
- **Policy Zone**: Alert
- **Recommended Action**: Raise a SOC alert and enrich the event context

#### Human Review
- **Human Review Required**: Yes
- **Confidence Threshold**: 0.7
- **Reason**: Detector confidence below the fixed 0.70 threshold.

#### Limitations
- The report is limited to the detector and supplied SHAP evidence.","Prediction Summary
The detector predicted Exploits with confidence 0.4948 and uncertainty 0.5052.

Evidence
1. stcpb: observed value=55797008; SHAP value=0.038935; direction=supports predicted class.
2. service_-: observed value=0; SHAP value=0.037595; direction=supports predicted class.
3. smean: observed value=130; SHAP value=0.028431; direction=supports predicted class.
4. sload: observed value=15682.79688; SHAP value=0.025948; direction=supports predicted class.
5. sbytes: observed value=1296; SHAP value=0.024532; direction=supports predicted class.

Risk and Policy
The predicted operational stage is Exploitation. The confidence-weighted risk score is 3.2160, corresponding to the Alert policy zone.

Recommended Action
Raise a SOC alert and enrich the event context.

Human Review
Detector confidence below the fixed 0.70 threshold.

Limitations
This report is limited to the detector prediction, policy mapping, and five supplied local SHAP contributions. It does not establish ground truth or independently confirm an incident.",evidence_contract_renderer,True,127,False,False,False,5,True,0,False,5,True,True,False,Recommended Action,True,True,True,5,True,True
UNSW-OFFICIAL-49575,A4_verified_full,A3_constrained_full,2.0,verified,DoS,True,"### Evidence-Grounded SOC Report

#### Prediction Summary
The predicted label is ""DoS"" with a confidence of 0.2698 and an uncertainty score of 0.7302. The recommended action is to log the event and continue monitoring.

#### Evidence
1. **Protocol is not UDP** (Supports predicted class)
2. **sbytes = 200** (Supports predicted class)
3. **ct_dst_sport_ltm = 2** (Supports predicted class)
4. **smean = 100** (Supports predicted class)
5. **Protocol = UNAS** (Supports predicted class)

#### Risk and Policy
- **Stage**: Impact / Availability
- **Risk Score**: 1.8883
- **Policy Zone**: Monitor
- **Recommended Action**: Log the event and continue monitoring

#### Human Review
- **Required**: Yes
- **Confidence Threshold**: 0.7
- **Reason**: Detector confidence below the fixed 0.70 threshold.

#### Limitations
This report is limited to the detector and supplied SHAP evidence.","Prediction Summary
The detector predicted DoS with confidence 0.2698 and uncertainty 0.7302.

Evidence
1. proto_udp: observed value=0; SHAP value=0.020255; direction=supports predicted class.
2. sbytes: observed value=200; SHAP value=0.015801; direction=supports predicted class.
3. ct_dst_sport_ltm: observed value=2; SHAP value=0.009460; direction=supports predicted class.
4. smean: observed value=100; SHAP value=0.009139; direction=supports predicted class.
5. proto_unas: observed value=1; SHAP value=0.006606; direction=supports predicted class.

Risk and Policy
The predicted operational stage is Impact / Availability. The confidence-weighted risk score is 1.8883, corresponding to the Monitor policy zone.

Recommended Action
Log the event and continue monitoring.

Human Review
Detector confidence below the fixed 0.70 threshold.

Limitations
This report is limited to the detector prediction, policy mapping, and five supplied local SHAP contributions. It does not establish ground truth or independently confirm an incident.",evidence_contract_renderer,True,126,False,False,False,5,True,0,False,5,True,True,False,Recommended Action,True,True,True,5,True,True
UNSW-OFFICIAL-49642,A4_verified_full,A3_constrained_full,2.0,verified,Shellcode,True,"### Evidence-Grounded SOC Report

**Prediction Summary:**
The predicted label is ""Shellcode,"" with a confidence of 0.6948 and an uncertainty score of 0.3052. The predicted stage is ""Advanced Intrusion,"" and the risk score is 5.906. The recommended action is to ""Block the suspected source and initiate investigation.""

**Evidence:**
1. **ct_dst_src_ltm**: ct_dst_src_ltm = 1, SHAP value = 0.0825, direction = supports predicted class
2. **proto_udp**: Protocol = udp, SHAP value = 0.0809, direction = supports predicted class
3. **smean**: smean = 268, SHAP value = 0.0767, direction = supports predicted class
4. **sbytes**: sbytes = 536, SHAP value = 0.0764, direction = supports predicted class
5. **ct_dst_sport_ltm**: ct_dst_sport_ltm = 1, SHAP value = 0.0357, direction = supports predicted class

**Risk and Policy:**
The risk score is 5.906, and the policy zone is ""Block."" The recommended action is to ""Block the suspected source and initiate investigation.""

**Recommended Action:**
The recommended action is to ""Block the suspected source and initiate investigation.""

**Human Review:**
The human review decision is required with a confidence threshold of 0.7. The reason is that the detector confidence is below the fixed 0.70 threshold.

**Limitations:**
This report is limited to the detector and the supplied SHAP evidence.","Prediction Summary
The detector predicted Shellcode with confidence 0.6948 and uncertainty 0.3052.

Evidence
1. ct_dst_src_ltm: observed value=1; SHAP value=0.082520; direction=supports predicted class.
2. proto_udp: observed value=1; SHAP value=0.080876; direction=supports predicted class.
3. smean: observed value=268; SHAP value=0.076676; direction=supports predicted class.
4. sbytes: observed value=536; SHAP value=0.076377; direction=supports predicted class.
5. ct_dst_sport_ltm: observed value=1; SHAP value=0.035651; direction=supports predicted class.

Risk and Policy
The predicted operational stage is Advanced Intrusion. The confidence-weighted risk score is 5.9060, corresponding to the Block policy zone.

Recommended Action
Block the suspected source and initiate investigation.

Human Review
Detector confidence below the fixed 0.70 threshold.

Limitations
This report is limited to the detector prediction, policy mapping, and five supplied local SHAP contributions. It does not establish ground truth or independently confirm an incident.",evidence_contract_renderer,False,126,True,True,True,5,True,5,True,5,True,True,False,,True,True,True,5,True,True
UNSW-OFFICIAL-49715,A4_verified_full,A3_constrained_full,2.0,verified,Backdoor,False,"### Evidence-Grounded SOC Report

**Prediction Summary:**
The predicted label is **DoS** with a confidence of **0.2309624797242481** and an uncertainty score of **0.7690375202757519**. The recommended action is to **Log the event and continue monitoring**.

**Evidence:**
1. **ct_srv_src = 15** - Opposes predicted class.
2. **Protocol is not udp** - Supports predicted class.
3. **sbytes = 200** - Supports predicted class.
4. **ct_dst_sport_ltm = 4** - Supports predicted class.
5. **smean = 100** - Supports predicted class.

**Recommended Action:**
Log the event and continue monitoring.

**Human Review:**
The required human review is **Yes** with a confidence threshold of **0.7**. The reason is that the detector confidence is below the fixed 0.70 threshold.

**Limitations:**
This report is limited to the detector and the supplied SHAP evidence.","Prediction Summary
The detector predicted DoS with confidence 0.2310 and uncertainty 0.7690.

Evidence
1. ct_srv_src: observed value=15; SHAP value=-0.031632; direction=opposes predicted class.
2. proto_udp: observed value=0; SHAP value=0.018373; direction=supports predicted class.
3. sbytes: observed value=200; SHAP value=0.017273; direction=supports predicted class.
4. ct_dst_sport_ltm: observed value=4; SHAP value=0.011779; direction=supports predicted class.
5. smean: observed value=100; SHAP value=0.010847; direction=supports predicted class.

Risk and Policy
The predicted operational stage is Impact / Availability. The confidence-weighted risk score is 1.6167, corresponding to the Monitor policy zone.

Recommended Action
Log the event and continue monitoring.

Human Review
Detector confidence below the fixed 0.70 threshold.

Limitations
This report is limited to the detector prediction, policy mapping, and five supplied local SHAP contributions. It does not establish ground truth or independently confirm an incident.",evidence_contract_renderer,True,126,False,False,False,5,True,0,False,5,True,True,False,Risk and Policy,True,True,True,5,True,True
UNSW-OFFICIAL-49742,A4_verified_full,A3_constrained_full,2.0,verified,Generic,False,"### Evidence-Grounded SOC Report

#### Prediction Summary
The predicted label is ""Fuzzers"" with a confidence of 0.4756 and an uncertainty score of 0.5244. The recommended action is to raise a SOC alert and enrich the event context.

#### Evidence
1. **Protocol = udp** - Observed Value: 1.0, SHAP Value: 0.0780, Direction: supports predicted class
2. **sbytes = 3808** - Observed Value: 3808.0, SHAP Value: 0.0485, Direction: supports predicted class
3. **An application service is identified** - Observed Value: 0.0, SHAP Value: 0.0418, Direction: supports predicted class
4. **smean = 476** - Observed Value: 476.0, SHAP Value: 0.0369, Direction: supports predicted class
5. **dur = 4.7312** - Observed Value: 4.731193065643311, SHAP Value: 0.0266, Direction: supports predicted class

#### Risk and Policy
- **Stage**: Exploitation
- **Risk Score**: 3.0913
- **Policy Zone**: Alert
- **Recommended Action**: Raise a SOC alert and enrich the event context.

#### Human Review
- **Required**: Yes
- **Confidence Threshold**: 0.7
- **Reason**: Detector confidence below the fixed 0.70 threshold.

#### Limitations
This report is limited to the detector and supplied SHAP evidence.","Prediction Summary
The detector predicted Fuzzers with confidence 0.4756 and uncertainty 0.5244.

Evidence
1. proto_udp: observed value=1; SHAP value=0.078001; direction=supports predicted class.
2. sbytes: observed value=3808; SHAP value=0.048465; direction=supports predicted class.
3. service_-: observed value=0; SHAP value=0.041789; direction=supports predicted class.
4. smean: observed value=476; SHAP value=0.036950; direction=supports predicted class.
5. dur: observed value=4.731193066; SHAP value=0.026643; direction=supports predicted class.

Risk and Policy
The predicted operational stage is Exploitation. The confidence-weighted risk score is 3.0913, corresponding to the Alert policy zone.

Recommended Action
Raise a SOC alert and enrich the event context.

Human Review
Detector confidence below the fixed 0.70 threshold.

Limitations
This report is limited to the detector prediction, policy mapping, and five supplied local SHAP contributions. It does not establish ground truth or independently confirm an incident.",evidence_contract_renderer,True,127,False,False,False,5,True,5,True,5,True,True,False,Recommended Action,True,True,True,5,True,True
UNSW-OFFICIAL-49861,A4_verified_full,A3_constrained_full,2.0,verified,Analysis,True,"### Evidence-Grounded SOC Report

#### Prediction Summary
The predicted label is ""Analysis"" with a confidence of 0.1903 and an uncertainty score of 0.8097. The recommended action is to log the event and continue monitoring.

#### Evidence
1. **ct_srv_src**: ct_srv_src = 16, Observed Value: 16.0, SHAP Value: -0.02477696, Direction: Opposes Predicted Class
2. **ct_srv_dst**: ct_srv_dst = 16, Observed Value: 16.0, SHAP Value: -0.02216134, Direction: Opposes Predicted Class
3. **proto_unas**: Protocol = unas, Observed Value: 1.0, SHAP Value: 0.01786248, Direction: Supports Predicted Class
4. **proto_udp**: Protocol is not udp, Observed Value: 0.0, SHAP Value: 0.01663311, Direction: Supports Predicted Class
5. **ct_dst_sport_ltm**: ct_dst_sport_ltm = 4, Observed Value: 4.0, SHAP Value: 0.01260775, Direction: Supports Predicted Class

#### Risk and Policy
- **Stage**: Reconnaissance
- **Risk Score**: 0.5709
- **Policy Zone**: Monitor
- **Recommended Action**: Log the event and continue monitoring

#### Human Review
- **Required**: Yes
- **Confidence Threshold**: 0.7
- **Reason**: Detector confidence below the fixed 0.70 threshold.

#### Limitations
This report is limited to the detector and supplied SHAP evidence.","Prediction Summary
The detector predicted Analysis with confidence 0.1903 and uncertainty 0.8097.

Evidence
1. ct_srv_src: observed value=16; SHAP value=-0.024777; direction=opposes predicted class.
2. ct_srv_dst: observed value=16; SHAP value=-0.022161; direction=opposes predicted class.
3. proto_unas: observed value=1; SHAP value=0.017862; direction=supports predicted class.
4. proto_udp: observed value=0; SHAP value=0.016633; direction=supports predicted class.
5. ct_dst_sport_ltm: observed value=4; SHAP value=0.012608; direction=supports predicted class.

Risk and Policy
The predicted operational stage is Reconnaissance. The confidence-weighted risk score is 0.5709, corresponding to the Monitor policy zone.

Recommended Action
Log the event and continue monitoring.

Human Review
Detector confidence below the fixed 0.70 threshold.

Limitations
This report is limited to the detector prediction, policy mapping, and five supplied local SHAP contributions. It does not establish ground truth or independently confirm an incident.",evidence_contract_renderer,True,124,False,False,False,5,True,5,True,5,True,True,False,Recommended Action,True,True,True,5,True,True
UNSW-OFFICIAL-49909,A4_verified_full,A3_constrained_full,2.0,verified,Backdoor,False,"### Evidence-Grounded SOC Report

#### Prediction Summary
The predicted label is ""Fuzzers"" with a confidence of 0.211 and an uncertainty score of 0.789. The recommended action is to log the event and continue monitoring.

#### Evidence
1. **ct_srv_dst**: ct_srv_dst = 16, SHAP value = 0.0467, direction = supports predicted class
2. **ct_srv_src**: ct_srv_src = 16, SHAP value = 0.0456, direction = supports predicted class
3. **proto_udp**: Protocol is not udp, SHAP value = -0.0273, direction = opposes predicted class
4. **service_-**: Service = unspecified, SHAP value = 0.0229, direction = supports predicted class
5. **ct_src_dport_ltm**: ct_src_dport_ltm = 4, SHAP value = 0.0187, direction = supports predicted class

#### Risk and Policy
- **Stage**: Exploitation
- **Risk Score**: 1.372
- **Policy Zone**: Monitor

#### Recommended Action
- **Recommended Action**: Log the event and continue monitoring.

#### Human Review
- **Human Review Required**: Yes
- **Confidence Threshold**: 0.70
- **Reason**: Detector confidence below the fixed 0.70 threshold.

#### Limitations
- **Report Limitations**: This report is limited to the detector and supplied SHAP evidence. It does not include additional attack behavior, causes, impacts, IP addresses, hostnames, CVEs, malware, tools, or any other remediation details.","Prediction Summary
The detector predicted Fuzzers with confidence 0.2111 and uncertainty 0.7889.

Evidence
1. ct_srv_dst: observed value=16; SHAP value=0.046704; direction=supports predicted class.
2. ct_srv_src: observed value=16; SHAP value=0.045648; direction=supports predicted class.
3. proto_udp: observed value=0; SHAP value=-0.027308; direction=opposes predicted class.
4. service_-: observed value=1; SHAP value=0.022957; direction=supports predicted class.
5. ct_src_dport_ltm: observed value=4; SHAP value=0.018657; direction=supports predicted class.

Risk and Policy
The predicted operational stage is Exploitation. The confidence-weighted risk score is 1.3720, corresponding to the Monitor policy zone.

Recommended Action
Log the event and continue monitoring.

Human Review
Detector confidence below the fixed 0.70 threshold.

Limitations
This report is limited to the detector prediction, policy mapping, and five supplied local SHAP contributions. It does not establish ground truth or independently confirm an incident.",evidence_contract_renderer,False,124,True,True,True,5,True,5,True,5,True,True,False,,True,True,True,5,True,True
UNSW-OFFICIAL-49945,A4_verified_full,A3_constrained_full,2.0,verified,Fuzzers,True,"### Evidence-Grounded SOC Report

#### Prediction Summary
The predicted label is ""Fuzzers"" with a confidence of 0.519 and an uncertainty score of 0.481. The recommended action is to raise a SOC alert and enrich the event context.

#### Evidence
1. **sbytes**: sbytes = 104, SHAP value = 0.114, direction = supports predicted class
2. **smean**: smean = 52, SHAP value = 0.098, direction = supports predicted class
3. **proto_udp**: Protocol = udp, SHAP value = 0.094, direction = supports predicted class
4. **ct_dst_src_ltm**: ct_dst_src_ltm = 1, SHAP value = -0.069, direction = opposes predicted class
5. **ct_srv_dst**: ct_srv_dst = 7, SHAP value = 0.031, direction = supports predicted class

#### Risk and Policy
- **Stage**: Exploitation
- **Risk Score**: 3.374
- **Policy Zone**: Alert

#### Recommended Action
- **Recommended Action**: Raise a SOC alert and enrich the event context.

#### Human Review
- **Human Review Required**: Yes
- **Confidence Threshold**: 0.70
- **Reason**: Detector confidence below the fixed 0.70 threshold.

#### Limitations
- **Report Limitations**: This report is limited to the detector and supplied SHAP evidence. It does not include additional attack behavior, causes, impacts, IP addresses, hostnames, CVEs, malware, tools, or any other remediation details.","Prediction Summary
The detector predicted Fuzzers with confidence 0.5191 and uncertainty 0.4809.

Evidence
1. sbytes: observed value=104; SHAP value=0.114563; direction=supports predicted class.
2. smean: observed value=52; SHAP value=0.098230; direction=supports predicted class.
3. proto_udp: observed value=1; SHAP value=0.093583; direction=supports predicted class.
4. ct_dst_src_ltm: observed value=1; SHAP value=-0.069436; direction=opposes predicted class.
5. ct_srv_dst: observed value=7; SHAP value=0.030782; direction=supports predicted class.

Risk and Policy
The predicted operational stage is Exploitation. The confidence-weighted risk score is 3.3743, corresponding to the Alert policy zone.

Recommended Action
Raise a SOC alert and enrich the event context.

Human Review
Detector confidence below the fixed 0.70 threshold.

Limitations
This report is limited to the detector prediction, policy mapping, and five supplied local SHAP contributions. It does not establish ground truth or independently confirm an incident.",evidence_contract_renderer,False,127,True,True,True,5,True,5,True,5,True,True,False,,True,True,True,5,True,True
UNSW-OFFICIAL-49959,A4_verified_full,A3_constrained_full,2.0,verified,Exploits,True,"### Evidence-Grounded SOC Report

**Prediction Summary:**
The predicted label is ""Exploits"" with a confidence of 0.9816 and an uncertainty score of 0.0184. The recommended action is to ""Block the suspected source and initiate investigation.""

**Evidence:**
1. **sttl (State Time):** sttl = 62, supports predicted class.
2. **dbytes (Data Bytes):** dbytes = 2256, supports predicted class.
3. **dloss (Data Loss):** dloss = 8, supports predicted class.
4. **dpkts (Data Packets):** dpkts = 32, supports predicted class.
5. **sbytes (Session Bytes):** sbytes = 114614, supports predicted class.

**Risk and Policy:**
- **Stage:** Exploitation
- **Risk Score:** 6.3803
- **Policy Zone:** Block

**Recommended Action:**
- **Action:** Block the suspected source and initiate investigation.

**Human Review:**
- **Required:** No
- **Confidence Threshold:** 0.7
- **Reason:** No mandatory confidence-based referral.

**Limitations:**
- The report is limited to the detector and supplied SHAP evidence.","Prediction Summary
The detector predicted Exploits with confidence 0.9816 and uncertainty 0.0184.

Evidence
1. sttl: observed value=62; SHAP value=0.091062; direction=supports predicted class.
2. dbytes: observed value=2256; SHAP value=0.060003; direction=supports predicted class.
3. dloss: observed value=8; SHAP value=0.053242; direction=supports predicted class.
4. dpkts: observed value=32; SHAP value=0.051603; direction=supports predicted class.
5. sbytes: observed value=114614; SHAP value=0.050348; direction=supports predicted class.

Risk and Policy
The predicted operational stage is Exploitation. The confidence-weighted risk score is 6.3803, corresponding to the Block policy zone.

Recommended Action
Block the suspected source and initiate investigation.

Human Review
No mandatory confidence-based referral.

Limitations
This report is limited to the detector prediction, policy mapping, and five supplied local SHAP contributions. It does not establish ground truth or independently confirm an incident.",evidence_contract_renderer,True,122,True,True,True,5,True,0,False,5,True,True,False,,True,True,True,5,True,True
UNSW-OFFICIAL-50052,A4_verified_full,A3_constrained_full,2.0,verified,Fuzzers,False,"### Evidence-Grounded SOC Report

**Prediction Summary:**
The predicted label is **Backdoor**, with a confidence of **0.2046** and an uncertainty score of **0.7954**. The recommended action is to **Log the event and continue monitoring**.

**Evidence:**
1. **ct_srv_src**: 16 (opposes predicted class)
2. **ct_srv_dst**: 16 (opposes predicted class)
3. **ct_src_ltm**: 9 (supports predicted class)
4. **proto_udp**: 0.0 (supports predicted class)
5. **sbytes**: 200 (supports predicted class)

**Recommended Action:**
Log the event and continue monitoring.

**Human Review:**
The required human review is **Yes**. The confidence threshold is **0.70**, and the confidence of the model is **0.2046**, which is below the threshold. Therefore, the review is **required**.

**Limitations:**
This report is limited to the detector and the supplied SHAP evidence. The model's confidence is below the fixed threshold, which may indicate a need for further investigation or a higher confidence threshold.","Prediction Summary
The detector predicted Backdoor with confidence 0.2046 and uncertainty 0.7954.

Evidence
1. ct_srv_src: observed value=16; SHAP value=-0.035037; direction=opposes predicted class.
2. ct_srv_dst: observed value=16; SHAP value=-0.031474; direction=opposes predicted class.
3. ct_src_ltm: observed value=9; SHAP value=0.020389; direction=supports predicted class.
4. proto_udp: observed value=0; SHAP value=0.019824; direction=supports predicted class.
5. sbytes: observed value=200; SHAP value=0.014849; direction=supports predicted class.

Risk and Policy
The predicted operational stage is Command and Control. The confidence-weighted risk score is 1.6370, corresponding to the Monitor policy zone.

Recommended Action
Log the event and continue monitoring.

Human Review
Detector confidence below the fixed 0.70 threshold.

Limitations
This report is limited to the detector prediction, policy mapping, and five supplied local SHAP contributions. It does not establish ground truth or independently confirm an incident.",evidence_contract_renderer,True,126,False,False,False,5,True,0,False,5,True,True,False,Risk and Policy,True,True,True,5,True,True
UNSW-OFFICIAL-50062,A4_verified_full,A3_constrained_full,2.0,verified,Backdoor,True,"### Evidence-Grounded SOC Report

**Prediction Summary:**
The predicted label is **Backdoor**, with a confidence of **0.203560369275127** and an uncertainty score of **0.796439630724873**. The recommended action is to **Log the event and continue monitoring**.

**Evidence:**
1. **ct_srv_src**: 16 (opposes predicted class)
2. **ct_srv_dst**: 16 (opposes predicted class)
3. **ct_src_ltm**: 9 (supports predicted class)
4. **proto_udp**: not udp (supports predicted class)
5. **sbytes**: 200 (supports predicted class)

**Risk and Policy:**
- **Stage**: Command and Control
- **Risk Score**: 1.6285
- **Policy Zone**: Monitor
- **Recommended Action**: Log the event and continue monitoring

**Human Review:**
- **Required**: Yes
- **Confidence Threshold**: 0.7
- **Reason**: Detector confidence below the fixed 0.70 threshold.

**Limitations:**
- The report is limited to the detector and supplied SHAP evidence.","Prediction Summary
The detector predicted Backdoor with confidence 0.2036 and uncertainty 0.7964.

Evidence
1. ct_srv_src: observed value=16; SHAP value=-0.033967; direction=opposes predicted class.
2. ct_srv_dst: observed value=16; SHAP value=-0.032014; direction=opposes predicted class.
3. ct_src_ltm: observed value=9; SHAP value=0.023322; direction=supports predicted class.
4. proto_udp: observed value=0; SHAP value=0.019362; direction=supports predicted class.
5. sbytes: observed value=200; SHAP value=0.015188; direction=supports predicted class.

Risk and Policy
The predicted operational stage is Command and Control. The confidence-weighted risk score is 1.6285, corresponding to the Monitor policy zone.

Recommended Action
Log the event and continue monitoring.

Human Review
Detector confidence below the fixed 0.70 threshold.

Limitations
This report is limited to the detector prediction, policy mapping, and five supplied local SHAP contributions. It does not establish ground truth or independently confirm an incident.",evidence_contract_renderer,True,126,False,False,False,5,True,0,False,5,True,True,False,Recommended Action,True,True,True,5,True,True
UNSW-OFFICIAL-50087,A4_verified_full,A3_constrained_full,2.0,verified,Worms,True,"### Evidence-Grounded SOC Report

#### Prediction Summary
The predicted label is **Worms** with a confidence of **0.4878** and an uncertainty score of **0.5122**. The recommended action is to **Raise a SOC alert and enrich the event context**.

#### Evidence
1. **sbytes**: The observed value is **1302**. The SHAP value is **0.0737**, which supports the predicted class.
2. **ct_srv_dst**: The observed value is **3.0**. The SHAP value is **-0.0665**, which opposes the predicted class.
3. **smean**: The observed value is **130.0**. The SHAP value is **0.0521**, which supports the predicted class.
4. **service_-**: The observed value is **0.0**. The SHAP value is **0.0452**, which supports the predicted class.
5. **ct_flw_http_mthd**: The observed value is **1.0**. The SHAP value is **0.0426**, which supports the predicted class.

#### Risk and Policy
- **Stage**: Advanced Intrusion
- **Risk Score**: 4.1467
- **Policy Zone**: Alert

#### Recommended Action
- **Recommended Action**: Raise a SOC alert and enrich the event context.

#### Human Review
- **Human Review Required**: Yes
- **Confidence Threshold**: 0.70
- **Reason**: Detector confidence below the fixed 0.70 threshold.

#### Limitations
- **Report Limitations**: This report is limited to the detector and supplied SHAP evidence.","Prediction Summary
The detector predicted Worms with confidence 0.4878 and uncertainty 0.5122.

Evidence
1. sbytes: observed value=1302; SHAP value=0.073698; direction=supports predicted class.
2. ct_srv_dst: observed value=3; SHAP value=-0.066516; direction=opposes predicted class.
3. smean: observed value=130; SHAP value=0.052054; direction=supports predicted class.
4. service_-: observed value=0; SHAP value=0.045221; direction=supports predicted class.
5. ct_flw_http_mthd: observed value=1; SHAP value=0.042625; direction=supports predicted class.

Risk and Policy
The predicted operational stage is Advanced Intrusion. The confidence-weighted risk score is 4.1467, corresponding to the Alert policy zone.

Recommended Action
Raise a SOC alert and enrich the event context.

Human Review
Detector confidence below the fixed 0.70 threshold.

Limitations
This report is limited to the detector prediction, policy mapping, and five supplied local SHAP contributions. It does not establish ground truth or independently confirm an incident.",evidence_contract_renderer,False,128,True,True,True,5,True,5,True,5,True,True,False,,True,True,True,5,True,True
UNSW-OFFICIAL-50135,A4_verified_full,A3_constrained_full,2.0,verified,Backdoor,False,"### Evidence-Grounded SOC Report

#### Prediction Summary
The predicted label is **DoS** with a confidence of **0.1895** and an uncertainty score of **0.8105**. The recommended action is to **Log the event and continue monitoring**.

#### Evidence
1. **ct_srv_src**: 16 (opposes predicted class)
2. **ct_srv_dst**: 16 (opposes predicted class)
3. **sbytes**: 200 (supports predicted class)
4. **proto_udp**: 0.0 (supports predicted class)
5. **ct_dst_sport_ltm**: 4 (supports predicted class)

#### Risk and Policy
- **Stage**: Impact / Availability
- **Risk Score**: 1.3268
- **Policy Zone**: Monitor
- **Recommended Action**: Log the event and continue monitoring

#### Human Review
- **Required**: Yes
- **Confidence Threshold**: 0.7
- **Reason**: Detector confidence below the fixed 0.70 threshold.

#### Limitations
This report is limited to the detector and supplied SHAP evidence.","Prediction Summary
The detector predicted DoS with confidence 0.1895 and uncertainty 0.8105.

Evidence
1. ct_srv_src: observed value=16; SHAP value=-0.031281; direction=opposes predicted class.
2. ct_srv_dst: observed value=16; SHAP value=-0.029757; direction=opposes predicted class.
3. sbytes: observed value=200; SHAP value=0.015469; direction=supports predicted class.
4. proto_udp: observed value=0; SHAP value=0.015329; direction=supports predicted class.
5. ct_dst_sport_ltm: observed value=4; SHAP value=0.008923; direction=supports predicted class.

Risk and Policy
The predicted operational stage is Impact / Availability. The confidence-weighted risk score is 1.3268, corresponding to the Monitor policy zone.

Recommended Action
Log the event and continue monitoring.

Human Review
Detector confidence below the fixed 0.70 threshold.

Limitations
This report is limited to the detector prediction, policy mapping, and five supplied local SHAP contributions. It does not establish ground truth or independently confirm an incident.",evidence_contract_renderer,True,126,False,False,False,5,True,0,False,5,True,True,False,Recommended Action,True,True,True,5,True,True
UNSW-OFFICIAL-50360,A4_verified_full,A3_constrained_full,2.0,verified,Fuzzers,False,"### Evidence-Grounded SOC Report

**Prediction Summary:**
The predicted label is **Normal** with a confidence of **0.432** and an uncertainty score of **0.568**. The recommended action is to **Log the event and continue monitoring**.

**Evidence:**
1. **dmean**: The mean value is **57**. The SHAP value is **0.0336**, supporting the predicted class.
2. **ct_dst_src_ltm**: The value is **1**. The SHAP value is **-0.0312**, opposing the predicted class.
3. **dloss**: The loss value is **4**. The SHAP value is **0.0292**, supporting the predicted class.
4. **sloss**: The loss value is **3**. The SHAP value is **0.0274**, supporting the predicted class.
5. **smean**: The mean value is **48**. The SHAP value is **0.0235**, supporting the predicted class.

**Risk and Policy:**
The risk score is **0.0**, indicating a low risk. The policy zone is **Monitor**, and the recommended action is to **Log the event and continue monitoring**.

**Recommended Action:**
The recommended action is to **Log the event and continue monitoring**.

**Human Review:**
The human review decision is **Required** with a confidence threshold of **0.7**. The reason is that the detector confidence is below the fixed **0.70** threshold.

**Limitations:**
This report is limited to the detector and the supplied SHAP evidence.","Prediction Summary
The detector predicted Normal with confidence 0.4323 and uncertainty 0.5677.

Evidence
1. dmean: observed value=57; SHAP value=0.033576; direction=supports predicted class.
2. ct_dst_src_ltm: observed value=1; SHAP value=-0.031171; direction=opposes predicted class.
3. dloss: observed value=4; SHAP value=0.029247; direction=supports predicted class.
4. sloss: observed value=3; SHAP value=0.027401; direction=supports predicted class.
5. smean: observed value=48; SHAP value=0.023494; direction=supports predicted class.

Risk and Policy
The predicted operational stage is Normal. The confidence-weighted risk score is 0.0000, corresponding to the Monitor policy zone.

Recommended Action
Log the event and continue monitoring.

Human Review
Detector confidence below the fixed 0.70 threshold.

Limitations
This report is limited to the detector prediction, policy mapping, and five supplied local SHAP contributions. It does not establish ground truth or independently confirm an incident.",evidence_contract_renderer,True,124,True,True,True,5,True,5,True,0,False,True,False,,True,True,True,5,True,True
UNSW-OFFICIAL-50400,A4_verified_full,A3_constrained_full,2.0,verified,Exploits,True,"### Evidence-Grounded SOC Report

**Prediction Summary:**
The predicted label is ""Exploits"" with a confidence of 0.9759766811987348 and an uncertainty score of 0.02402331880126518. The recommended action is to ""Block the suspected source and initiate investigation.""

**Evidence:**
1. **sttl (State Time):** sttl = 62, SHAP value = 0.1056497916579246, direction = supports predicted class
2. **dbytes (Data Bytes):** dbytes = 2128, SHAP value = 0.0625575110316276, direction = supports predicted class
3. **dloss (Data Loss):** dloss = 8, SHAP value = 0.0549780391156673, direction = supports predicted class
4. **dpkts (Data Packets):** dpkts = 28, SHAP value = 0.0506956577301025, direction = supports predicted class
5. **sbytes (Session Bytes):** sbytes = 83190, SHAP value = 0.0463825687766075, direction = supports predicted class

**Risk and Policy:**
The risk score is 6.3438, and the policy zone is ""Block."" The recommended action is to ""Block the suspected source and initiate investigation.""

**Recommended Action:**
The recommended action is to ""Block the suspected source and initiate investigation.""

**Human Review:**
The human review decision is ""No mandatory confidence-based referral.""

**Limitations:**
This report is limited to the detector and supplied","Prediction Summary
The detector predicted Exploits with confidence 0.9760 and uncertainty 0.0240.

Evidence
1. sttl: observed value=62; SHAP value=0.105650; direction=supports predicted class.
2. dbytes: observed value=2128; SHAP value=0.062558; direction=supports predicted class.
3. dloss: observed value=8; SHAP value=0.054978; direction=supports predicted class.
4. dpkts: observed value=28; SHAP value=0.050696; direction=supports predicted class.
5. sbytes: observed value=83190; SHAP value=0.046383; direction=supports predicted class.

Risk and Policy
The predicted operational stage is Exploitation. The confidence-weighted risk score is 6.3438, corresponding to the Block policy zone.

Recommended Action
Block the suspected source and initiate investigation.

Human Review
No mandatory confidence-based referral.

Limitations
This report is limited to the detector prediction, policy mapping, and five supplied local SHAP contributions. It does not establish ground truth or independently confirm an incident.",evidence_contract_renderer,True,122,True,True,True,5,True,5,True,5,True,True,True,,True,True,True,5,True,True
UNSW-OFFICIAL-50638,A4_verified_full,A3_constrained_full,2.0,verified,Analysis,False,"### Evidence-Grounded SOC Report

#### Prediction Summary
The predicted label is ""DoS"" with a confidence of 0.2356 and an uncertainty score of 0.7644. The recommended action is to log the event and continue monitoring.

#### Evidence
1. **Protocol is not UDP** (Supports predicted class)
2. **sbytes = 200** (Supports predicted class)
3. **ct_dst_sport_ltm = 2** (Supports predicted class)
4. **smean = 100** (Supports predicted class)
5. **swin = 0** (Supports predicted class)

#### Risk and Policy
- **Stage**: Impact / Availability
- **Risk Score**: 1.6493
- **Policy Zone**: Monitor
- **Recommended Action**: Log the event and continue monitoring

#### Human Review
- **Required**: Yes
- **Confidence Threshold**: 0.7
- **Reason**: Detector confidence below the fixed 0.70 threshold.

#### Limitations
This report is limited to the detector and supplied SHAP evidence.","Prediction Summary
The detector predicted DoS with confidence 0.2356 and uncertainty 0.7644.

Evidence
1. proto_udp: observed value=0; SHAP value=0.021553; direction=supports predicted class.
2. sbytes: observed value=200; SHAP value=0.016935; direction=supports predicted class.
3. ct_dst_sport_ltm: observed value=2; SHAP value=0.012392; direction=supports predicted class.
4. smean: observed value=100; SHAP value=0.008705; direction=supports predicted class.
5. swin: observed value=0; SHAP value=0.005900; direction=supports predicted class.

Risk and Policy
The predicted operational stage is Impact / Availability. The confidence-weighted risk score is 1.6493, corresponding to the Monitor policy zone.

Recommended Action
Log the event and continue monitoring.

Human Review
Detector confidence below the fixed 0.70 threshold.

Limitations
This report is limited to the detector prediction, policy mapping, and five supplied local SHAP contributions. It does not establish ground truth or independently confirm an incident.",evidence_contract_renderer,True,126,False,False,False,5,True,0,False,5,True,True,False,Recommended Action,True,True,True,5,True,True
UNSW-OFFICIAL-50680,A4_verified_full,A3_constrained_full,2.0,verified,Worms,True,"### Evidence-Grounded SOC Report

#### Prediction Summary
The predicted label is **Worms** with a confidence of **0.5126** and an uncertainty score of **0.4874**. The recommended action is to **Raise a SOC alert and enrich the event context**.

#### Evidence
1. **dpkts**: **696** (supports predicted class)
2. **service_http**: **1.0** (supports predicted class)
3. **sttl**: **254** (supports predicted class)
4. **sbytes**: **5090** (supports predicted class)
5. **response_body_len**: **443364** (supports predicted class)

#### Risk and Policy
- **Stage**: Advanced Intrusion
- **Risk Score**: 4.3574
- **Policy Zone**: Alert

#### Recommended Action
- **Recommended Action**: Raise a SOC alert and enrich the event context.

#### Human Review
- **Human Review Required**: Yes
- **Confidence Threshold**: 0.7
- **Reason**: Detector confidence below the fixed 0.70 threshold.

#### Limitations
- **Report Limitations**: This report is limited to the detector and supplied SHAP evidence. It does not include additional details such as attack behavior, causes, impacts, IP addresses, hostnames, CVEs, malware, tools, or extra remediation.","Prediction Summary
The detector predicted Worms with confidence 0.5126 and uncertainty 0.4874.

Evidence
1. dpkts: observed value=696; SHAP value=0.035632; direction=supports predicted class.
2. service_http: observed value=1; SHAP value=0.031136; direction=supports predicted class.
3. sttl: observed value=254; SHAP value=0.031013; direction=supports predicted class.
4. sbytes: observed value=5090; SHAP value=0.028887; direction=supports predicted class.
5. response_body_len: observed value=443364; SHAP value=0.027937; direction=supports predicted class.

Risk and Policy
The predicted operational stage is Advanced Intrusion. The confidence-weighted risk score is 4.3574, corresponding to the Alert policy zone.

Recommended Action
Raise a SOC alert and enrich the event context.

Human Review
Detector confidence below the fixed 0.70 threshold.

Limitations
This report is limited to the detector prediction, policy mapping, and five supplied local SHAP contributions. It does not establish ground truth or independently confirm an incident.",evidence_contract_renderer,True,128,True,True,True,5,True,0,False,5,True,True,False,,True,True,True,5,True,True
UNSW-OFFICIAL-50773,A4_verified_full,A3_constrained_full,2.0,verified,Analysis,True,"### Evidence-Grounded SOC Report

#### Prediction Summary
The predicted label is ""Analysis"" with a confidence of 0.263 and an uncertainty score of 0.737. The recommended action is to log the event and continue monitoring.

#### Evidence
1. **Protocol is not UDP** (Supports predicted class, SHAP value: 0.0189, Direction: supports predicted class)
2. **sbytes = 200** (Supports predicted class, SHAP value: 0.0136, Direction: supports predicted class)
3. **Protocol = UNAS** (Supports predicted class, SHAP value: 0.0122, Direction: supports predicted class)
4. **ct_dst_sport_ltm = 2** (Supports predicted class, SHAP value: 0.0106, Direction: supports predicted class)
5. **ct_srv_dst = 7** (Supports predicted class, SHAP value: 0.0097, Direction: supports predicted class)

#### Risk and Policy
- **Stage**: Reconnaissance
- **Risk Score**: 0.7893
- **Policy Zone**: Monitor
- **Recommended Action**: Log the event and continue monitoring

#### Human Review
- **Required**: Yes
- **Confidence Threshold**: 0.7
- **Reason**: Detector confidence below the fixed 0.70 threshold.

#### Limitations
This report is limited to the detector and supplied SHAP evidence.","Prediction Summary
The detector predicted Analysis with confidence 0.2631 and uncertainty 0.7369.

Evidence
1. proto_udp: observed value=0; SHAP value=0.018908; direction=supports predicted class.
2. sbytes: observed value=200; SHAP value=0.013552; direction=supports predicted class.
3. proto_unas: observed value=1; SHAP value=0.012162; direction=supports predicted class.
4. ct_dst_sport_ltm: observed value=2; SHAP value=0.010620; direction=supports predicted class.
5. ct_srv_dst: observed value=7; SHAP value=0.009744; direction=supports predicted class.

Risk and Policy
The predicted operational stage is Reconnaissance. The confidence-weighted risk score is 0.7893, corresponding to the Monitor policy zone.

Recommended Action
Log the event and continue monitoring.

Human Review
Detector confidence below the fixed 0.70 threshold.

Limitations
This report is limited to the detector prediction, policy mapping, and five supplied local SHAP contributions. It does not establish ground truth or independently confirm an incident.",evidence_contract_renderer,True,124,False,False,False,5,True,5,True,10,True,True,False,Recommended Action,True,True,True,5,True,True
UNSW-OFFICIAL-50850,A4_verified_full,A3_constrained_full,2.0,verified,Backdoor,False,"### Evidence-Grounded SOC Report

#### Prediction Summary
The predicted label is ""Fuzzers"" with a confidence of 0.65288 and an uncertainty score of 0.34712. The recommended action is to raise a SOC alert and enrich the event context.

#### Evidence
1. **ct_dst_src_ltm**: ct_dst_src_ltm = 2, SHAP value = 0.0797159, Direction = supports predicted class
2. **ct_srv_dst**: ct_srv_dst = 4, SHAP value = 0.0688891, Direction = supports predicted class
3. **ct_srv_src**: ct_srv_src = 4, SHAP value = 0.0413082, Direction = supports predicted class
4. **service_-**: Service = unspecified, SHAP value = 0.0265501, Direction = supports predicted class
5. **service_http**: Service is not http, SHAP value = 0.0207360, Direction = supports predicted class

#### Risk and Policy
- **Stage**: Exploitation
- **Risk Score**: 4.2437
- **Policy Zone**: Alert
- **Recommended Action**: Raise a SOC alert and enrich the event context.

#### Human Review
- **Required**: Yes
- **Confidence Threshold**: 0.7
- **Reason**: Detector confidence below the fixed 0.70 threshold.

#### Limitations
- The report is limited to the detector and supplied SHAP evidence.","Prediction Summary
The detector predicted Fuzzers with confidence 0.6529 and uncertainty 0.3471.

Evidence
1. ct_dst_src_ltm: observed value=2; SHAP value=0.079716; direction=supports predicted class.
2. ct_srv_dst: observed value=4; SHAP value=0.068889; direction=supports predicted class.
3. ct_srv_src: observed value=4; SHAP value=0.041308; direction=supports predicted class.
4. service_-: observed value=1; SHAP value=0.026550; direction=supports predicted class.
5. service_http: observed value=0; SHAP value=0.020736; direction=supports predicted class.

Risk and Policy
The predicted operational stage is Exploitation. The confidence-weighted risk score is 4.2437, corresponding to the Alert policy zone.

Recommended Action
Raise a SOC alert and enrich the event context.

Human Review
Detector confidence below the fixed 0.70 threshold.

Limitations
This report is limited to the detector prediction, policy mapping, and five supplied local SHAP contributions. It does not establish ground truth or independently confirm an incident.",evidence_contract_renderer,True,127,False,False,False,5,True,5,True,5,True,True,False,Recommended Action,True,True,True,5,True,True
UNSW-OFFICIAL-50947,A4_verified_full,A3_constrained_full,2.0,verified,Backdoor,True,"### Evidence-Grounded SOC Report

#### Prediction Summary
The predicted label is **Backdoor** with a confidence of **0.324** and an uncertainty score of **0.676**. The recommended action is to **Raise a SOC alert and enrich the event context**.

#### Evidence
1. **ct_src_ltm**: ct_src_ltm = 9, SHAP value = 0.028, direction = supports predicted class
2. **proto_udp**: Protocol is not udp, SHAP value = 0.023, direction = supports predicted class
3. **sbytes**: sbytes = 200, SHAP value = 0.018, direction = supports predicted class
4. **ct_dst_sport_ltm**: ct_dst_sport_ltm = 4, SHAP value = 0.016, direction = supports predicted class
5. **ct_dst_src_ltm**: ct_dst_src_ltm = 5, SHAP value = 0.011, direction = supports predicted class

#### Risk and Policy
- **Stage**: Command and Control
- **Risk Score**: 2.5927
- **Policy Zone**: Alert
- **Recommended Action**: Raise a SOC alert and enrich the event context

#### Human Review
- **Required**: Yes
- **Confidence Threshold**: 0.7
- **Reason**: Detector confidence below the fixed 0.70 threshold.

#### Limitations
This report is limited to the detector and supplied SHAP evidence.","Prediction Summary
The detector predicted Backdoor with confidence 0.3241 and uncertainty 0.6759.

Evidence
1. ct_src_ltm: observed value=9; SHAP value=0.028357; direction=supports predicted class.
2. proto_udp: observed value=0; SHAP value=0.022691; direction=supports predicted class.
3. sbytes: observed value=200; SHAP value=0.017792; direction=supports predicted class.
4. ct_dst_sport_ltm: observed value=4; SHAP value=0.016052; direction=supports predicted class.
5. ct_dst_src_ltm: observed value=5; SHAP value=0.011287; direction=supports predicted class.

Risk and Policy
The predicted operational stage is Command and Control. The confidence-weighted risk score is 2.5927, corresponding to the Alert policy zone.

Recommended Action
Raise a SOC alert and enrich the event context.

Human Review
Detector confidence below the fixed 0.70 threshold.

Limitations
This report is limited to the detector prediction, policy mapping, and five supplied local SHAP contributions. It does not establish ground truth or independently confirm an incident.",evidence_contract_renderer,True,129,False,False,False,5,True,5,True,5,True,True,False,Recommended Action,True,True,True,5,True,True
UNSW-OFFICIAL-51028,A4_verified_full,A3_constrained_full,2.0,verified,DoS,True,"### Evidence-Grounded SOC Report

#### Prediction Summary
The predicted label is **DoS** with a confidence of **0.2333** and an uncertainty score of **0.7667**. The recommended action is to **Log the event and continue monitoring**.

#### Evidence
1. **Protocol is not UDP** (Feature: proto_udp, Observed Value: 0.0, SHAP Value: 0.0225, Direction: supports predicted class)
2. **ct_dst_sport_ltm = 2** (Feature: ct_dst_sport_ltm, Observed Value: 2.0, SHAP Value: 0.0151, Direction: supports predicted class)
3. **Protocol = sctp** (Feature: proto_sctp, Observed Value: 1.0, SHAP Value: 0.0091, Direction: supports predicted class)
4. **ct_dst_src_ltm = 2** (Feature: ct_dst_src_ltm, Observed Value: 2.0, SHAP Value: 0.0076, Direction: supports predicted class)
5. **ct_srv_src = 2** (Feature: ct_srv_src, Observed Value: 2.0, SHAP Value: 0.0074, Direction: supports predicted class)

#### Risk and Policy
- **Risk Score:** 1.6332
- **Policy Zone:** Monitor
- **Recommended Action:** Log the event and continue monitoring

#### Human Review
- **Required:** Yes
- **Confidence Threshold:** 0.7
- **Reason:** Detector confidence below the fixed 0.70 threshold.

#### Limitations
This report is limited to the detector and supplied SHAP evidence.","Prediction Summary
The detector predicted DoS with confidence 0.2333 and uncertainty 0.7667.

Evidence
1. proto_udp: observed value=0; SHAP value=0.022526; direction=supports predicted class.
2. ct_dst_sport_ltm: observed value=2; SHAP value=0.015075; direction=supports predicted class.
3. proto_sctp: observed value=1; SHAP value=0.009070; direction=supports predicted class.
4. ct_dst_src_ltm: observed value=2; SHAP value=0.007629; direction=supports predicted class.
5. ct_srv_src: observed value=2; SHAP value=0.007423; direction=supports predicted class.

Risk and Policy
The predicted operational stage is Impact / Availability. The confidence-weighted risk score is 1.6332, corresponding to the Monitor policy zone.

Recommended Action
Log the event and continue monitoring.

Human Review
Detector confidence below the fixed 0.70 threshold.

Limitations
This report is limited to the detector prediction, policy mapping, and five supplied local SHAP contributions. It does not establish ground truth or independently confirm an incident.",evidence_contract_renderer,True,126,False,False,False,5,True,5,True,5,True,True,False,Recommended Action,True,True,True,5,True,True
UNSW-OFFICIAL-51030,A4_verified_full,A3_constrained_full,2.0,verified,Reconnaissance,True,"### Evidence-Grounded SOC Report

#### Prediction Summary
The predicted label is **Reconnaissance** with a confidence of **0.9198687431624112** and an uncertainty score of **0.08013125683758882**. The recommended action is to **Raise a SOC alert and enrich the event context**.

#### Evidence
1. **sbytes**: **168** (supports predicted class)
2. **smean**: **84** (supports predicted class)
3. **proto_udp**: **1.0** (supports predicted class)
4. **ct_dst_src_ltm**: **1.0** (supports predicted class)
5. **sload**: **9.6e+07** (supports predicted class)

#### Risk and Policy
- **Stage**: Reconnaissance
- **Risk Score**: 2.7596
- **Policy Zone**: Alert

#### Recommended Action
- **Recommended Action**: Raise a SOC alert and enrich the event context.

#### Human Review
- **Human Review Required**: No
- **Confidence Threshold**: 0.7
- **Reason**: No mandatory confidence-based referral.

#### Limitations
- **Report Limitations**: This report is limited to the detector and supplied SHAP evidence.","Prediction Summary
The detector predicted Reconnaissance with confidence 0.9199 and uncertainty 0.0801.

Evidence
1. sbytes: observed value=168; SHAP value=0.188792; direction=supports predicted class.
2. smean: observed value=84; SHAP value=0.158848; direction=supports predicted class.
3. proto_udp: observed value=1; SHAP value=0.095564; direction=supports predicted class.
4. ct_dst_src_ltm: observed value=1; SHAP value=0.045629; direction=supports predicted class.
5. sload: observed value=96000000; SHAP value=0.036236; direction=supports predicted class.

Risk and Policy
The predicted operational stage is Reconnaissance. The confidence-weighted risk score is 2.7596, corresponding to the Alert policy zone.

Recommended Action
Raise a SOC alert and enrich the event context.

Human Review
No mandatory confidence-based referral.

Limitations
This report is limited to the detector prediction, policy mapping, and five supplied local SHAP contributions. It does not establish ground truth or independently confirm an incident.",evidence_contract_renderer,True,124,True,True,True,5,True,0,False,5,True,True,False,,True,True,True,5,True,True
UNSW-OFFICIAL-51121,A4_verified_full,A3_constrained_full,2.0,verified,Exploits,False,"### Evidence-Grounded SOC Report

#### Prediction Summary
The predicted label is ""DoS"" with a confidence of 0.2388 and an uncertainty score of 0.7612. The recommended action is to log the event and continue monitoring.

#### Evidence
1. **Protocol is not UDP** (Supports predicted class)
2. **sbytes = 200** (Supports predicted class)
3. **ct_dst_sport_ltm = 4** (Supports predicted class)
4. **smean = 100** (Supports predicted class)
5. **swin = 0** (Supports predicted class)

#### Risk and Policy
- **Risk Score:** 1.6719
- **Policy Zone:** Monitor
- **Recommended Action:** Log the event and continue monitoring

#### Human Review
- **Required:** Yes
- **Confidence Threshold:** 0.7
- **Reason:** Detector confidence below the fixed 0.70 threshold.

#### Limitations
This report is limited to the detector and supplied SHAP evidence.","Prediction Summary
The detector predicted DoS with confidence 0.2388 and uncertainty 0.7612.

Evidence
1. proto_udp: observed value=0; SHAP value=0.020532; direction=supports predicted class.
2. sbytes: observed value=200; SHAP value=0.017391; direction=supports predicted class.
3. ct_dst_sport_ltm: observed value=4; SHAP value=0.013618; direction=supports predicted class.
4. smean: observed value=100; SHAP value=0.009680; direction=supports predicted class.
5. swin: observed value=0; SHAP value=0.005779; direction=supports predicted class.

Risk and Policy
The predicted operational stage is Impact / Availability. The confidence-weighted risk score is 1.6719, corresponding to the Monitor policy zone.

Recommended Action
Log the event and continue monitoring.

Human Review
Detector confidence below the fixed 0.70 threshold.

Limitations
This report is limited to the detector prediction, policy mapping, and five supplied local SHAP contributions. It does not establish ground truth or independently confirm an incident.",evidence_contract_renderer,True,126,False,False,False,5,True,0,False,5,True,True,False,Recommended Action,True,True,True,5,True,True
UNSW-OFFICIAL-51213,A4_verified_full,A3_constrained_full,2.0,verified,DoS,True,"### Evidence-Grounded SOC Report

#### Prediction Summary
The predicted label is **DoS** with a confidence of **0.2333** and an uncertainty score of **0.7667**. The recommended action is to **Log the event and continue monitoring**.

#### Evidence
1. **Protocol is not UDP** (Feature: proto_udp, Observed Value: 0.0, SHAP Value: 0.0225, Direction: supports predicted class)
2. **ct_dst_sport_ltm = 2** (Feature: ct_dst_sport_ltm, Observed Value: 2.0, SHAP Value: 0.0151, Direction: supports predicted class)
3. **Protocol = sctp** (Feature: proto_sctp, Observed Value: 1.0, SHAP Value: 0.0091, Direction: supports predicted class)
4. **ct_dst_src_ltm = 2** (Feature: ct_dst_src_ltm, Observed Value: 2.0, SHAP Value: 0.0076, Direction: supports predicted class)
5. **ct_srv_src = 2** (Feature: ct_srv_src, Observed Value: 2.0, SHAP Value: 0.0074, Direction: supports predicted class)

#### Risk and Policy
- **Risk Score:** 1.6332
- **Policy Zone:** Monitor
- **Recommended Action:** Log the event and continue monitoring

#### Human Review
- **Required:** Yes
- **Confidence Threshold:** 0.7
- **Reason:** Detector confidence below the fixed 0.70 threshold.

#### Limitations
This report is limited to the detector and supplied SHAP evidence.","Prediction Summary
The detector predicted DoS with confidence 0.2333 and uncertainty 0.7667.

Evidence
1. proto_udp: observed value=0; SHAP value=0.022526; direction=supports predicted class.
2. ct_dst_sport_ltm: observed value=2; SHAP value=0.015075; direction=supports predicted class.
3. proto_sctp: observed value=1; SHAP value=0.009070; direction=supports predicted class.
4. ct_dst_src_ltm: observed value=2; SHAP value=0.007629; direction=supports predicted class.
5. ct_srv_src: observed value=2; SHAP value=0.007423; direction=supports predicted class.

Risk and Policy
The predicted operational stage is Impact / Availability. The confidence-weighted risk score is 1.6332, corresponding to the Monitor policy zone.

Recommended Action
Log the event and continue monitoring.

Human Review
Detector confidence below the fixed 0.70 threshold.

Limitations
This report is limited to the detector prediction, policy mapping, and five supplied local SHAP contributions. It does not establish ground truth or independently confirm an incident.",evidence_contract_renderer,True,126,False,False,False,5,True,5,True,5,True,True,False,Recommended Action,True,True,True,5,True,True
UNSW-OFFICIAL-51307,A4_verified_full,A3_constrained_full,2.0,verified,Analysis,False,"### Evidence-Grounded SOC Report

#### Prediction Summary
The predicted label is **DoS** with a confidence of **0.2737** and an uncertainty score of **0.7263**. The recommended action is to **Log the event and continue monitoring**.

#### Evidence
1. **Protocol is not UDP** (Supports predicted class)
2. **sbytes = 200** (Supports predicted class)
3. **ct_dst_sport_ltm = 2** (Supports predicted class)
4. **smean = 100** (Supports predicted class)
5. **Protocol = UNAS** (Supports predicted class)

#### Risk and Policy
- **Risk Score:** 1.9158
- **Policy Zone:** Monitor
- **Recommended Action:** Log the event and continue monitoring

#### Human Review
- **Required:** Yes
- **Confidence Threshold:** 0.7
- **Reason:** Detector confidence below the fixed 0.70 threshold.

#### Limitations
This report is limited to the detector and supplied SHAP evidence.","Prediction Summary
The detector predicted DoS with confidence 0.2737 and uncertainty 0.7263.

Evidence
1. proto_udp: observed value=0; SHAP value=0.019678; direction=supports predicted class.
2. sbytes: observed value=200; SHAP value=0.016157; direction=supports predicted class.
3. ct_dst_sport_ltm: observed value=2; SHAP value=0.010776; direction=supports predicted class.
4. smean: observed value=100; SHAP value=0.009273; direction=supports predicted class.
5. proto_unas: observed value=1; SHAP value=0.007085; direction=supports predicted class.

Risk and Policy
The predicted operational stage is Impact / Availability. The confidence-weighted risk score is 1.9158, corresponding to the Monitor policy zone.

Recommended Action
Log the event and continue monitoring.

Human Review
Detector confidence below the fixed 0.70 threshold.

Limitations
This report is limited to the detector prediction, policy mapping, and five supplied local SHAP contributions. It does not establish ground truth or independently confirm an incident.",evidence_contract_renderer,True,126,False,False,False,5,True,0,False,5,True,True,False,Recommended Action,True,True,True,5,True,True
UNSW-OFFICIAL-51308,A4_verified_full,A3_constrained_full,2.0,verified,Shellcode,False,"### Evidence-Grounded SOC Report

#### Prediction Summary
The predicted label is ""Fuzzers"" with a confidence of 0.367 and an uncertainty score of 0.633. The recommended action is to raise a SOC alert and enrich the event context.

#### Evidence
1. **sbytes**: sbytes = 588, SHAP value = 0.0457, direction = supports predicted class
2. **smean**: smean = 59, SHAP value = 0.0432, direction = supports predicted class
3. **ct_dst_src_ltm**: ct_dst_src_ltm = 1, SHAP value = -0.0370, direction = opposes predicted class
4. **ct_srv_dst**: ct_srv_dst = 1, SHAP value = -0.0284, direction = opposes predicted class
5. **ct_srv_src**: ct_srv_src = 5, SHAP value = 0.0194, direction = supports predicted class

#### Risk and Policy
- **Stage**: Exploitation
- **Risk Score**: 2.3877
- **Policy Zone**: Alert

#### Recommended Action
- **Recommended Action**: Raise a SOC alert and enrich the event context.

#### Human Review
- **Human Review Required**: Yes
- **Confidence Threshold**: 0.7
- **Reason**: Detector confidence below the fixed 0.70 threshold.

#### Limitations
- **Report Limitations**: This report is limited to the detector and supplied SHAP evidence. It does not include additional attack behavior, causes, impacts, IP addresses, hostnames, CVEs, malware, tools, or any other remediation details.","Prediction Summary
The detector predicted Fuzzers with confidence 0.3673 and uncertainty 0.6327.

Evidence
1. sbytes: observed value=588; SHAP value=0.045717; direction=supports predicted class.
2. smean: observed value=59; SHAP value=0.043228; direction=supports predicted class.
3. ct_dst_src_ltm: observed value=1; SHAP value=-0.037010; direction=opposes predicted class.
4. ct_srv_dst: observed value=1; SHAP value=-0.028360; direction=opposes predicted class.
5. ct_srv_src: observed value=5; SHAP value=0.019379; direction=supports predicted class.

Risk and Policy
The predicted operational stage is Exploitation. The confidence-weighted risk score is 2.3877, corresponding to the Alert policy zone.

Recommended Action
Raise a SOC alert and enrich the event context.

Human Review
Detector confidence below the fixed 0.70 threshold.

Limitations
This report is limited to the detector prediction, policy mapping, and five supplied local SHAP contributions. It does not establish ground truth or independently confirm an incident.",evidence_contract_renderer,False,127,True,True,True,5,True,5,True,5,True,True,False,,True,True,True,5,True,True
UNSW-OFFICIAL-51486,A4_verified_full,A3_constrained_full,2.0,verified,Worms,False,"### Evidence-Grounded SOC Report

#### Prediction Summary
The predicted label is ""Exploits"" with a confidence of 0.5026 and an uncertainty score of 0.4974. The recommended action is to raise a SOC alert and enrich the event context.

#### Evidence
1. **service_-**: An application service is identified (Observed Value: 0.0, SHAP Value: 0.0395, Direction: supports predicted class)
2. **sbytes**: sbytes = 1302 (Observed Value: 1302.0, SHAP Value: 0.0339, Direction: supports predicted class)
3. **synack**: synack = 0.1527 (Observed Value: 0.152666, SHAP Value: 0.0322, Direction: supports predicted class)
4. **service_http**: Service = http (Observed Value: 1.0, SHAP Value: 0.0304, Direction: supports predicted class)
5. **smean**: smean = 130 (Observed Value: 130.0, SHAP Value: 0.0252, Direction: supports predicted class)

#### Risk and Policy
- **Risk Score**: 3.2671
- **Policy Zone**: Alert
- **Recommended Action**: Raise a SOC alert and enrich the event context

#### Human Review
- **Human Review Required**: Yes
- **Confidence Threshold**: 0.7
- **Reason**: Detector confidence below the fixed 0.70 threshold.

#### Limitations
- The report is limited to the detector and supplied SHAP evidence.","Prediction Summary
The detector predicted Exploits with confidence 0.5026 and uncertainty 0.4974.

Evidence
1. service_-: observed value=0; SHAP value=0.039523; direction=supports predicted class.
2. sbytes: observed value=1302; SHAP value=0.033974; direction=supports predicted class.
3. synack: observed value=0.1526660025; SHAP value=0.032218; direction=supports predicted class.
4. service_http: observed value=1; SHAP value=0.030369; direction=supports predicted class.
5. smean: observed value=130; SHAP value=0.025187; direction=supports predicted class.

Risk and Policy
The predicted operational stage is Exploitation. The confidence-weighted risk score is 3.2671, corresponding to the Alert policy zone.

Recommended Action
Raise a SOC alert and enrich the event context.

Human Review
Detector confidence below the fixed 0.70 threshold.

Limitations
This report is limited to the detector prediction, policy mapping, and five supplied local SHAP contributions. It does not establish ground truth or independently confirm an incident.",evidence_contract_renderer,True,127,False,False,False,5,True,5,True,5,True,True,False,Recommended Action,True,True,True,5,True,True
UNSW-OFFICIAL-51509,A4_verified_full,A3_constrained_full,2.0,verified,Backdoor,True,"### Evidence-Grounded SOC Report

#### Prediction Summary
The predicted label is **Backdoor** with a confidence of **0.2846776666362437** and an uncertainty score of **0.7153223333637563**. The recommended action is to **Raise a SOC alert and enrich the event context**.

#### Evidence
1. **Protocol is not UDP** (SHAP value: 0.0213948488235473, direction: supports predicted class)
2. **sbytes = 200** (SHAP value: 0.0167741570621728, direction: supports predicted class)
3. **ct_dst_sport_ltm = 4** (SHAP value: 0.0132782626897096, direction: supports predicted class)
4. **ct_srv_dst = 9** (SHAP value: 0.0079734297469258, direction: supports predicted class)
5. **smean = 100** (SHAP value: 0.0072983731515705, direction: supports predicted class)

#### Risk and Policy
- **Stage**: Command and Control
- **Risk Score**: 2.2774
- **Policy Zone**: Alert
- **Recommended Action**: Raise a SOC alert and enrich the event context

#### Human Review
- **Required**: Yes
- **Confidence Threshold**: 0.7
- **Reason**: Detector confidence below the fixed 0.70 threshold.

#### Limitations
- The report is limited to the detector and supplied SHAP evidence.","Prediction Summary
The detector predicted Backdoor with confidence 0.2847 and uncertainty 0.7153.

Evidence
1. proto_udp: observed value=0; SHAP value=0.021395; direction=supports predicted class.
2. sbytes: observed value=200; SHAP value=0.016774; direction=supports predicted class.
3. ct_dst_sport_ltm: observed value=4; SHAP value=0.013278; direction=supports predicted class.
4. ct_srv_dst: observed value=9; SHAP value=0.007973; direction=supports predicted class.
5. smean: observed value=100; SHAP value=0.007298; direction=supports predicted class.

Risk and Policy
The predicted operational stage is Command and Control. The confidence-weighted risk score is 2.2774, corresponding to the Alert policy zone.

Recommended Action
Raise a SOC alert and enrich the event context.

Human Review
Detector confidence below the fixed 0.70 threshold.

Limitations
This report is limited to the detector prediction, policy mapping, and five supplied local SHAP contributions. It does not establish ground truth or independently confirm an incident.",evidence_contract_renderer,True,129,False,False,False,5,True,5,True,5,True,True,False,Recommended Action,True,True,True,5,True,True
UNSW-OFFICIAL-51611,A4_verified_full,A3_constrained_full,2.0,verified,Backdoor,True,"### Evidence-Grounded SOC Report

#### Prediction Summary
The predicted label is **Backdoor** with a confidence of **0.2846776666362437** and an uncertainty score of **0.7153223333637563**. The recommended action is to **Raise a SOC alert and enrich the event context**.

#### Evidence
1. **Protocol is not UDP** (SHAP value: 0.0213948488235473, direction: supports predicted class)
2. **sbytes = 200** (SHAP value: 0.0167741570621728, direction: supports predicted class)
3. **ct_dst_sport_ltm = 4** (SHAP value: 0.0132782626897096, direction: supports predicted class)
4. **ct_srv_dst = 9** (SHAP value: 0.0079734297469258, direction: supports predicted class)
5. **smean = 100** (SHAP value: 0.0072983731515705, direction: supports predicted class)

#### Risk and Policy
- **Stage**: Command and Control
- **Risk Score**: 2.2774
- **Policy Zone**: Alert
- **Recommended Action**: Raise a SOC alert and enrich the event context

#### Human Review
- **Required**: Yes
- **Confidence Threshold**: 0.7
- **Reason**: Detector confidence below the fixed 0.70 threshold.

#### Limitations
- The report is limited to the detector and supplied SHAP evidence.","Prediction Summary
The detector predicted Backdoor with confidence 0.2847 and uncertainty 0.7153.

Evidence
1. proto_udp: observed value=0; SHAP value=0.021395; direction=supports predicted class.
2. sbytes: observed value=200; SHAP value=0.016774; direction=supports predicted class.
3. ct_dst_sport_ltm: observed value=4; SHAP value=0.013278; direction=supports predicted class.
4. ct_srv_dst: observed value=9; SHAP value=0.007973; direction=supports predicted class.
5. smean: observed value=100; SHAP value=0.007298; direction=supports predicted class.

Risk and Policy
The predicted operational stage is Command and Control. The confidence-weighted risk score is 2.2774, corresponding to the Alert policy zone.

Recommended Action
Raise a SOC alert and enrich the event context.

Human Review
Detector confidence below the fixed 0.70 threshold.

Limitations
This report is limited to the detector prediction, policy mapping, and five supplied local SHAP contributions. It does not establish ground truth or independently confirm an incident.",evidence_contract_renderer,True,129,False,False,False,5,True,5,True,5,True,True,False,Recommended Action,True,True,True,5,True,True
UNSW-OFFICIAL-51793,A4_verified_full,A3_constrained_full,2.0,verified,DoS,False,"### Evidence-Grounded SOC Report

#### Prediction Summary
The predicted label is ""Fuzzers"" with a confidence of 0.323951730971878 and an uncertainty score of 0.676048269028122. The recommended action is to raise a SOC alert and enrich the event context.

#### Evidence
1. **sbytes**: sbytes = 78, SHAP value = 0.0750695690512657, Direction: supports predicted class
2. **proto_udp**: Protocol is not udp, SHAP value = -0.062550164759159, Direction: opposes predicted class
3. **smean**: smean = 39, SHAP value = 0.0610330216586589, Direction: supports predicted class
4. **ct_srv_src**: ct_srv_src = 9, SHAP value = 0.0242844708263874, Direction: supports predicted class
5. **ct_dst_src_ltm**: ct_dst_src_ltm = 2, SHAP value = 0.0232746936380863, Direction: supports predicted class

#### Risk and Policy
- **Stage**: Exploitation
- **Risk Score**: 2.1057
- **Policy Zone**: Alert
- **Recommended Action**: Raise a SOC alert and enrich the event context.

#### Human Review
- **Required**: Yes
- **Confidence Threshold**: 0.7
- **Reason**: Detector confidence below the fixed 0.70 threshold.

#### Limitations
- The report is limited to the detector and supplied SHAP evidence.","Prediction Summary
The detector predicted Fuzzers with confidence 0.3240 and uncertainty 0.6760.

Evidence
1. sbytes: observed value=78; SHAP value=0.075070; direction=supports predicted class.
2. proto_udp: observed value=0; SHAP value=-0.062550; direction=opposes predicted class.
3. smean: observed value=39; SHAP value=0.061033; direction=supports predicted class.
4. ct_srv_src: observed value=9; SHAP value=0.024284; direction=supports predicted class.
5. ct_dst_src_ltm: observed value=2; SHAP value=0.023275; direction=supports predicted class.

Risk and Policy
The predicted operational stage is Exploitation. The confidence-weighted risk score is 2.1057, corresponding to the Alert policy zone.

Recommended Action
Raise a SOC alert and enrich the event context.

Human Review
Detector confidence below the fixed 0.70 threshold.

Limitations
This report is limited to the detector prediction, policy mapping, and five supplied local SHAP contributions. It does not establish ground truth or independently confirm an incident.",evidence_contract_renderer,True,127,False,False,False,5,True,5,True,5,True,True,False,Recommended Action,True,True,True,5,True,True
UNSW-OFFICIAL-51828,A4_verified_full,A3_constrained_full,2.0,verified,Worms,False,"### Evidence-Grounded SOC Report

#### Prediction Summary
The predicted label is ""Exploits"" with a confidence of 0.4123 and an uncertainty score of 0.5877. The recommended action is to raise a SOC alert and enrich the event context.

#### Evidence
1. **sbytes**: 1006 (supports predicted class)
2. **smean**: 101 (supports predicted class)
3. **service_-**: An application service is identified (supports predicted class)
4. **ackdat**: 0.027435 (supports predicted class)
5. **sload**: 26878.9902 (supports predicted class)

#### Risk and Policy
- **Risk Score**: 2.6801
- **Policy Zone**: Alert
- **Recommended Action**: Raise a SOC alert and enrich the event context

#### Recommended Action
- **Human Review**: Required
- **Confidence Threshold**: 0.7
- **Reason**: Detector confidence below the fixed 0.70 threshold.

#### Limitations
- **Report Limitations**: The report is limited to the detector and supplied SHAP evidence.","Prediction Summary
The detector predicted Exploits with confidence 0.4123 and uncertainty 0.5877.

Evidence
1. sbytes: observed value=1006; SHAP value=0.042320; direction=supports predicted class.
2. smean: observed value=101; SHAP value=0.040841; direction=supports predicted class.
3. service_-: observed value=0; SHAP value=0.020491; direction=supports predicted class.
4. ackdat: observed value=0.02743499912; SHAP value=0.020192; direction=supports predicted class.
5. sload: observed value=26878.99023; SHAP value=0.019524; direction=supports predicted class.

Risk and Policy
The predicted operational stage is Exploitation. The confidence-weighted risk score is 2.6801, corresponding to the Alert policy zone.

Recommended Action
Raise a SOC alert and enrich the event context.

Human Review
Detector confidence below the fixed 0.70 threshold.

Limitations
This report is limited to the detector prediction, policy mapping, and five supplied local SHAP contributions. It does not establish ground truth or independently confirm an incident.",evidence_contract_renderer,True,127,False,False,False,5,True,0,False,5,True,True,False,Human Review,True,True,True,5,True,True
UNSW-OFFICIAL-51945,A4_verified_full,A3_constrained_full,2.0,verified,Analysis,True,"### Evidence-Grounded SOC Report

#### Prediction Summary
The predicted label is ""Analysis"" with a confidence of 0.24786 and an uncertainty score of 0.75214. The recommended action is to log the event and continue monitoring.

#### Evidence
1. **Protocol is not UDP** (Supports predicted class, SHAP value: 0.01975)
2. **Protocol = UNAS** (Supports predicted class, SHAP value: 0.01474)
3. **sbytes = 200** (Supports predicted class, SHAP value: 0.01249)
4. **ct_dst_src_ltm = 6** (Supports predicted class, SHAP value: 0.01247)
5. **ct_src_ltm = 9** (Supports predicted class, SHAP value: 0.01086)

#### Risk and Policy
- **Stage**: Reconnaissance
- **Risk Score**: 0.7436
- **Policy Zone**: Monitor
- **Recommended Action**: Log the event and continue monitoring

#### Recommended Action
- **Human Review**: Required, with a confidence threshold of 0.7
- **Reason**: Detector confidence below the fixed 0.70 threshold.

#### Limitations
- The report is limited to the detector and supplied SHAP evidence.","Prediction Summary
The detector predicted Analysis with confidence 0.2479 and uncertainty 0.7521.

Evidence
1. proto_udp: observed value=0; SHAP value=0.019748; direction=supports predicted class.
2. proto_unas: observed value=1; SHAP value=0.014745; direction=supports predicted class.
3. sbytes: observed value=200; SHAP value=0.012493; direction=supports predicted class.
4. ct_dst_src_ltm: observed value=6; SHAP value=0.012468; direction=supports predicted class.
5. ct_src_ltm: observed value=9; SHAP value=0.010864; direction=supports predicted class.

Risk and Policy
The predicted operational stage is Reconnaissance. The confidence-weighted risk score is 0.7436, corresponding to the Monitor policy zone.

Recommended Action
Log the event and continue monitoring.

Human Review
Detector confidence below the fixed 0.70 threshold.

Limitations
This report is limited to the detector prediction, policy mapping, and five supplied local SHAP contributions. It does not establish ground truth or independently confirm an incident.",evidence_contract_renderer,True,124,False,False,False,5,True,5,True,5,True,True,False,Human Review,True,True,True,5,True,True
UNSW-OFFICIAL-51980,A4_verified_full,A3_constrained_full,2.0,verified,Worms,False,"### Evidence-Grounded SOC Report

#### Prediction Summary
The predicted label is ""Exploits"" with a confidence of 0.6825 and an uncertainty score of 0.3175. The recommended action is to raise a SOC alert and enrich the event context.

#### Evidence
1. **service_-**: An application service is identified (0.0, 0.073681816458702, supports predicted class)
2. **sbytes**: sbytes = 1022 (1022.0, 0.0527220666408538, supports predicted class)
3. **service_http**: Service = http (1.0, 0.0502759143710136, supports predicted class)
4. **smean**: smean = 102 (102.0, 0.0373631976544857, supports predicted class)
5. **dinpkt**: dinpkt = 39.4268 (39.42679977416992, 0.0360059030354023, supports predicted class)

#### Risk and Policy
- **Risk Score**: 4.4363
- **Policy Zone**: Alert
- **Recommended Action**: Raise a SOC alert and enrich the event context

#### Human Review
- **Human Review Required**: Yes
- **Confidence Threshold**: 0.7
- **Reason**: Detector confidence below the fixed 0.70 threshold.

#### Limitations
- The report is limited to the detector and supplied SHAP evidence.","Prediction Summary
The detector predicted Exploits with confidence 0.6825 and uncertainty 0.3175.

Evidence
1. service_-: observed value=0; SHAP value=0.073682; direction=supports predicted class.
2. sbytes: observed value=1022; SHAP value=0.052722; direction=supports predicted class.
3. service_http: observed value=1; SHAP value=0.050276; direction=supports predicted class.
4. smean: observed value=102; SHAP value=0.037363; direction=supports predicted class.
5. dinpkt: observed value=39.42679977; SHAP value=0.036006; direction=supports predicted class.

Risk and Policy
The predicted operational stage is Exploitation. The confidence-weighted risk score is 4.4363, corresponding to the Alert policy zone.

Recommended Action
Raise a SOC alert and enrich the event context.

Human Review
Detector confidence below the fixed 0.70 threshold.

Limitations
This report is limited to the detector prediction, policy mapping, and five supplied local SHAP contributions. It does not establish ground truth or independently confirm an incident.",evidence_contract_renderer,True,127,False,False,False,5,True,0,False,5,True,True,False,Recommended Action,True,True,True,5,True,True
UNSW-OFFICIAL-52080,A4_verified_full,A3_constrained_full,2.0,verified,Fuzzers,False,"### Evidence-Grounded SOC Report

#### Prediction Summary
The predicted label is **DoS** with a confidence of **0.2719574366936927** and an uncertainty score of **0.7280425633063072**. The recommended action is to **Log the event and continue monitoring**.

#### Evidence
1. **Protocol is not UDP** (Supports predicted class)
2. **ct_dst_sport_ltm = 2** (Supports predicted class)
3. **dpkts = 0** (Supports predicted class)
4. **dinpkt = 0** (Supports predicted class)
5. **swin = 0** (Supports predicted class)

#### Risk and Policy
- **Risk Score:** 1.9037
- **Policy Zone:** Monitor
- **Recommended Action:** Log the event and continue monitoring

#### Human Review
- **Required:** Yes
- **Confidence Threshold:** 0.7
- **Reason:** Detector confidence below the fixed 0.70 threshold.

#### Limitations
This report is limited to the detector and supplied SHAP evidence.","Prediction Summary
The detector predicted DoS with confidence 0.2720 and uncertainty 0.7280.

Evidence
1. proto_udp: observed value=0; SHAP value=0.013721; direction=supports predicted class.
2. ct_dst_sport_ltm: observed value=2; SHAP value=0.013096; direction=supports predicted class.
3. dpkts: observed value=0; SHAP value=0.007587; direction=supports predicted class.
4. dinpkt: observed value=0; SHAP value=0.007027; direction=supports predicted class.
5. swin: observed value=0; SHAP value=0.006707; direction=supports predicted class.

Risk and Policy
The predicted operational stage is Impact / Availability. The confidence-weighted risk score is 1.9037, corresponding to the Monitor policy zone.

Recommended Action
Log the event and continue monitoring.

Human Review
Detector confidence below the fixed 0.70 threshold.

Limitations
This report is limited to the detector prediction, policy mapping, and five supplied local SHAP contributions. It does not establish ground truth or independently confirm an incident.",evidence_contract_renderer,True,126,False,False,False,5,True,0,False,5,True,True,False,Recommended Action,True,True,True,5,True,True
UNSW-OFFICIAL-52108,A4_verified_full,A3_constrained_full,2.0,verified,Analysis,False,"### Evidence-Grounded SOC Report

#### Prediction Summary
The predicted label is ""DoS"" with a confidence of 0.266 and an uncertainty score of 0.734. The recommended action is to log the event and continue monitoring.

#### Evidence
1. **Protocol is not UDP** (Supports predicted class)
2. **sbytes = 200** (Supports predicted class)
3. **smean = 100** (Supports predicted class)
4. **ct_dst_sport_ltm = 6** (Supports predicted class)
5. **sloss = 0** (Supports predicted class)

#### Risk and Policy
- **Stage**: Impact / Availability
- **Risk Score**: 1.8625
- **Policy Zone**: Monitor
- **Recommended Action**: Log the event and continue monitoring

#### Human Review
- **Required**: Yes
- **Confidence Threshold**: 0.7
- **Reason**: Detector confidence below the fixed 0.70 threshold.

#### Limitations
This report is limited to the detector and supplied SHAP evidence.","Prediction Summary
The detector predicted DoS with confidence 0.2661 and uncertainty 0.7339.

Evidence
1. proto_udp: observed value=0; SHAP value=0.022018; direction=supports predicted class.
2. sbytes: observed value=200; SHAP value=0.017295; direction=supports predicted class.
3. smean: observed value=100; SHAP value=0.010326; direction=supports predicted class.
4. ct_dst_sport_ltm: observed value=6; SHAP value=0.006339; direction=supports predicted class.
5. sloss: observed value=0; SHAP value=0.005852; direction=supports predicted class.

Risk and Policy
The predicted operational stage is Impact / Availability. The confidence-weighted risk score is 1.8625, corresponding to the Monitor policy zone.

Recommended Action
Log the event and continue monitoring.

Human Review
Detector confidence below the fixed 0.70 threshold.

Limitations
This report is limited to the detector prediction, policy mapping, and five supplied local SHAP contributions. It does not establish ground truth or independently confirm an incident.",evidence_contract_renderer,True,126,False,False,False,5,True,0,False,5,True,True,False,Recommended Action,True,True,True,5,True,True
UNSW-OFFICIAL-52453,A4_verified_full,A3_constrained_full,2.0,verified,Backdoor,True,"### Evidence-Grounded SOC Report

#### Prediction Summary
The predicted label is **Backdoor** with a confidence of **0.227** and an uncertainty score of **0.773**. The recommended action is to **Log the event and continue monitoring**.

#### Evidence
1. **Protocol is not UDP** (Supports Predicted Class)
2. **ct_src_ltm = 13** (Supports Predicted Class)
3. **sbytes = 200** (Supports Predicted Class)
4. **rate = 90909.1** (Opposes Predicted Class)
5. **sinpkt = 0.011** (Opposes Predicted Class)

#### Risk and Policy
- **Stage:** Command and Control
- **Risk Score:** 1.8189
- **Policy Zone:** Monitor
- **Recommended Action:** Log the event and continue monitoring

#### Human Review
- **Required:** Yes
- **Confidence Threshold:** 0.7
- **Reason:** Detector confidence below the fixed 0.70 threshold.

#### Limitations
This report is limited to the detector and supplied SHAP evidence.","Prediction Summary
The detector predicted Backdoor with confidence 0.2274 and uncertainty 0.7726.

Evidence
1. proto_udp: observed value=0; SHAP value=0.024457; direction=supports predicted class.
2. ct_src_ltm: observed value=13; SHAP value=0.023717; direction=supports predicted class.
3. sbytes: observed value=200; SHAP value=0.017179; direction=supports predicted class.
4. rate: observed value=90909.09375; SHAP value=-0.016221; direction=opposes predicted class.
5. sinpkt: observed value=0.01099999994; SHAP value=-0.013085; direction=opposes predicted class.

Risk and Policy
The predicted operational stage is Command and Control. The confidence-weighted risk score is 1.8189, corresponding to the Monitor policy zone.

Recommended Action
Log the event and continue monitoring.

Human Review
Detector confidence below the fixed 0.70 threshold.

Limitations
This report is limited to the detector prediction, policy mapping, and five supplied local SHAP contributions. It does not establish ground truth or independently confirm an incident.",evidence_contract_renderer,True,126,False,False,False,5,True,0,False,5,True,True,False,Recommended Action,True,True,True,5,True,True
UNSW-OFFICIAL-52808,A4_verified_full,A3_constrained_full,2.0,verified,Backdoor,False,"### Evidence-Grounded SOC Report

#### Prediction Summary
The predicted label is ""DoS"" with a confidence of 0.2608 and an uncertainty score of 0.7392. The recommended action is to log the event and continue monitoring.

#### Evidence
1. **Protocol is not UDP** (Supports predicted class)
2. **sbytes = 200** (Supports predicted class)
3. **ct_dst_sport_ltm = 2** (Supports predicted class)
4. **smean = 100** (Supports predicted class)
5. **sloss = 0** (Supports predicted class)

#### Risk and Policy
- **Stage**: Impact / Availability
- **Risk Score**: 1.8258
- **Policy Zone**: Monitor
- **Recommended Action**: Log the event and continue monitoring

#### Human Review
- **Required**: Yes
- **Confidence Threshold**: 0.7
- **Reason**: Detector confidence below the fixed 0.70 threshold.

#### Limitations
This report is limited to the detector and supplied SHAP evidence.","Prediction Summary
The detector predicted DoS with confidence 0.2608 and uncertainty 0.7392.

Evidence
1. proto_udp: observed value=0; SHAP value=0.021098; direction=supports predicted class.
2. sbytes: observed value=200; SHAP value=0.016275; direction=supports predicted class.
3. ct_dst_sport_ltm: observed value=2; SHAP value=0.011777; direction=supports predicted class.
4. smean: observed value=100; SHAP value=0.009619; direction=supports predicted class.
5. sloss: observed value=0; SHAP value=0.005969; direction=supports predicted class.

Risk and Policy
The predicted operational stage is Impact / Availability. The confidence-weighted risk score is 1.8258, corresponding to the Monitor policy zone.

Recommended Action
Log the event and continue monitoring.

Human Review
Detector confidence below the fixed 0.70 threshold.

Limitations
This report is limited to the detector prediction, policy mapping, and five supplied local SHAP contributions. It does not establish ground truth or independently confirm an incident.",evidence_contract_renderer,True,126,False,False,False,5,True,0,False,5,True,True,False,Recommended Action,True,True,True,5,True,True
UNSW-OFFICIAL-52914,A4_verified_full,A3_constrained_full,2.0,verified,Backdoor,True,"### Evidence-Grounded SOC Report

#### Prediction Summary
The predicted label is **Backdoor** with a confidence of **0.266** and an uncertainty score of **0.734**. The recommended action is to **Raise a SOC alert and enrich the event context**.

#### Evidence
1. **Protocol is not UDP** (Supports Predicted Class)
2. **sbytes = 200** (Supports Predicted Class)
3. **ct_dst_sport_ltm = 3** (Supports Predicted Class)
4. **dur = 1.1e-05** (Opposes Predicted Class)
5. **ct_src_dport_ltm = 3** (Supports Predicted Class)

#### Risk and Policy
- **Stage**: Command and Control
- **Risk Score**: 2.1316
- **Policy Zone**: Alert

#### Recommended Action
- **Recommended Action**: Raise a SOC alert and enrich the event context.

#### Human Review
- **Human Review Required**: Yes
- **Confidence Threshold**: 0.7
- **Reason**: Detector confidence below the fixed 0.70 threshold.

#### Limitations
- **Report Limitations**: This report is limited to the detector and supplied SHAP evidence.","Prediction Summary
The detector predicted Backdoor with confidence 0.2664 and uncertainty 0.7336.

Evidence
1. proto_udp: observed value=0; SHAP value=0.021334; direction=supports predicted class.
2. sbytes: observed value=200; SHAP value=0.015699; direction=supports predicted class.
3. ct_dst_sport_ltm: observed value=3; SHAP value=0.013387; direction=supports predicted class.
4. dur: observed value=1.100000009e-05; SHAP value=-0.008907; direction=opposes predicted class.
5. ct_src_dport_ltm: observed value=3; SHAP value=0.008104; direction=supports predicted class.

Risk and Policy
The predicted operational stage is Command and Control. The confidence-weighted risk score is 2.1316, corresponding to the Alert policy zone.

Recommended Action
Raise a SOC alert and enrich the event context.

Human Review
Detector confidence below the fixed 0.70 threshold.

Limitations
This report is limited to the detector prediction, policy mapping, and five supplied local SHAP contributions. It does not establish ground truth or independently confirm an incident.",evidence_contract_renderer,True,129,True,True,True,5,True,0,False,5,True,True,False,,True,True,True,5,True,True
UNSW-OFFICIAL-52923,A4_verified_full,A3_constrained_full,2.0,verified,Fuzzers,False,"### Evidence-Grounded SOC Report

#### Prediction Summary
The predicted label is ""DoS"" with a confidence of 0.2608 and an uncertainty score of 0.7392. The recommended action is to log the event and continue monitoring.

#### Evidence
1. **Protocol is not UDP** (Supports predicted class)
2. **sbytes = 200** (Supports predicted class)
3. **ct_dst_sport_ltm = 2** (Supports predicted class)
4. **smean = 100** (Supports predicted class)
5. **sloss = 0** (Supports predicted class)

#### Risk and Policy
- **Stage**: Impact / Availability
- **Risk Score**: 1.8258
- **Policy Zone**: Monitor
- **Recommended Action**: Log the event and continue monitoring

#### Human Review
- **Required**: Yes
- **Confidence Threshold**: 0.7
- **Reason**: Detector confidence below the fixed 0.70 threshold.

#### Limitations
This report is limited to the detector and supplied SHAP evidence.","Prediction Summary
The detector predicted DoS with confidence 0.2608 and uncertainty 0.7392.

Evidence
1. proto_udp: observed value=0; SHAP value=0.021098; direction=supports predicted class.
2. sbytes: observed value=200; SHAP value=0.016275; direction=supports predicted class.
3. ct_dst_sport_ltm: observed value=2; SHAP value=0.011777; direction=supports predicted class.
4. smean: observed value=100; SHAP value=0.009619; direction=supports predicted class.
5. sloss: observed value=0; SHAP value=0.005969; direction=supports predicted class.

Risk and Policy
The predicted operational stage is Impact / Availability. The confidence-weighted risk score is 1.8258, corresponding to the Monitor policy zone.

Recommended Action
Log the event and continue monitoring.

Human Review
Detector confidence below the fixed 0.70 threshold.

Limitations
This report is limited to the detector prediction, policy mapping, and five supplied local SHAP contributions. It does not establish ground truth or independently confirm an incident.",evidence_contract_renderer,True,126,False,False,False,5,True,0,False,5,True,True,False,Recommended Action,True,True,True,5,True,True
UNSW-OFFICIAL-52960,A4_verified_full,A3_constrained_full,2.0,verified,Exploits,False,"### Evidence-Grounded SOC Report

#### Prediction Summary
The predicted label is **DoS** with a confidence of **0.2778** and an uncertainty score of **0.7222**. The recommended action is to **Log the event and continue monitoring**.

#### Evidence
1. **Protocol is not UDP** (Supports predicted class)
2. **sbytes = 200** (Supports predicted class)
3. **ct_dst_sport_ltm = 4** (Supports predicted class)
4. **smean = 100** (Supports predicted class)
5. **sload = 8e+07** (Supports predicted class)

#### Risk and Policy
- **Stage:** Impact / Availability
- **Risk Score:** 1.9448
- **Policy Zone:** Monitor
- **Recommended Action:** Log the event and continue monitoring

#### Human Review
- **Required:** Yes
- **Confidence Threshold:** 0.7
- **Reason:** Detector confidence below the fixed 0.70 threshold.

#### Limitations
This report is limited to the detector and supplied SHAP evidence.","Prediction Summary
The detector predicted DoS with confidence 0.2778 and uncertainty 0.7222.

Evidence
1. proto_udp: observed value=0; SHAP value=0.020565; direction=supports predicted class.
2. sbytes: observed value=200; SHAP value=0.018362; direction=supports predicted class.
3. ct_dst_sport_ltm: observed value=4; SHAP value=0.014153; direction=supports predicted class.
4. smean: observed value=100; SHAP value=0.010810; direction=supports predicted class.
5. sload: observed value=80000000; SHAP value=0.006808; direction=supports predicted class.

Risk and Policy
The predicted operational stage is Impact / Availability. The confidence-weighted risk score is 1.9448, corresponding to the Monitor policy zone.

Recommended Action
Log the event and continue monitoring.

Human Review
Detector confidence below the fixed 0.70 threshold.

Limitations
This report is limited to the detector prediction, policy mapping, and five supplied local SHAP contributions. It does not establish ground truth or independently confirm an incident.",evidence_contract_renderer,True,126,False,False,False,5,True,0,False,5,True,True,False,Recommended Action,True,True,True,5,True,True
UNSW-OFFICIAL-52966,A4_verified_full,A3_constrained_full,2.0,verified,DoS,True,"### Evidence-Grounded SOC Report

#### Prediction Summary
The predicted label is ""DoS"" with a confidence of 0.2766 and an uncertainty score of 0.7234. The recommended action is to log the event and continue monitoring.

#### Evidence
1. **Protocol is not UDP** (Supports predicted class)
2. **sbytes = 200** (Supports predicted class)
3. **ct_dst_sport_ltm = 2** (Supports predicted class)
4. **smean = 100** (Supports predicted class)
5. **Protocol = UNAS** (Supports predicted class)

#### Risk and Policy
- **Stage**: Impact / Availability
- **Risk Score**: 1.9362
- **Policy Zone**: Monitor
- **Recommended Action**: Log the event and continue monitoring

#### Human Review
- **Required**: Yes
- **Confidence Threshold**: 0.7
- **Reason**: Detector confidence below the fixed 0.70 threshold.

#### Limitations
This report is limited to the detector and supplied SHAP evidence.","Prediction Summary
The detector predicted DoS with confidence 0.2766 and uncertainty 0.7234.

Evidence
1. proto_udp: observed value=0; SHAP value=0.019962; direction=supports predicted class.
2. sbytes: observed value=200; SHAP value=0.017173; direction=supports predicted class.
3. ct_dst_sport_ltm: observed value=2; SHAP value=0.010234; direction=supports predicted class.
4. smean: observed value=100; SHAP value=0.009013; direction=supports predicted class.
5. proto_unas: observed value=1; SHAP value=0.008120; direction=supports predicted class.

Risk and Policy
The predicted operational stage is Impact / Availability. The confidence-weighted risk score is 1.9362, corresponding to the Monitor policy zone.

Recommended Action
Log the event and continue monitoring.

Human Review
Detector confidence below the fixed 0.70 threshold.

Limitations
This report is limited to the detector prediction, policy mapping, and five supplied local SHAP contributions. It does not establish ground truth or independently confirm an incident.",evidence_contract_renderer,True,126,False,False,False,5,True,0,False,5,True,True,False,Recommended Action,True,True,True,5,True,True
UNSW-OFFICIAL-53166,A4_verified_full,A3_constrained_full,2.0,verified,DoS,True,"### Evidence-Grounded SOC Report

#### Prediction Summary
The predicted label is ""DoS"" with a confidence of 0.2566 and an uncertainty score of 0.7434. The recommended action is to log the event and continue monitoring.

#### Evidence
1. **Protocol is not UDP** (Supports predicted class)
2. **sbytes = 200** (Supports predicted class)
3. **ct_dst_sport_ltm = 2** (Supports predicted class)
4. **smean = 100** (Supports predicted class)
5. **sloss = 0** (Supports predicted class)

#### Risk and Policy
- **Risk Score:** 1.7962
- **Policy Zone:** Monitor
- **Recommended Action:** Log the event and continue monitoring

#### Human Review
- **Required:** Yes
- **Confidence Threshold:** 0.70
- **Reason:** Detector confidence below the fixed 0.70 threshold.

#### Limitations
This report is limited to the detector and supplied SHAP evidence.","Prediction Summary
The detector predicted DoS with confidence 0.2566 and uncertainty 0.7434.

Evidence
1. proto_udp: observed value=0; SHAP value=0.019393; direction=supports predicted class.
2. sbytes: observed value=200; SHAP value=0.016106; direction=supports predicted class.
3. ct_dst_sport_ltm: observed value=2; SHAP value=0.010203; direction=supports predicted class.
4. smean: observed value=100; SHAP value=0.008625; direction=supports predicted class.
5. sloss: observed value=0; SHAP value=0.006054; direction=supports predicted class.

Risk and Policy
The predicted operational stage is Impact / Availability. The confidence-weighted risk score is 1.7962, corresponding to the Monitor policy zone.

Recommended Action
Log the event and continue monitoring.

Human Review
Detector confidence below the fixed 0.70 threshold.

Limitations
This report is limited to the detector prediction, policy mapping, and five supplied local SHAP contributions. It does not establish ground truth or independently confirm an incident.",evidence_contract_renderer,True,126,False,False,False,5,True,0,False,5,True,True,False,Recommended Action,True,True,True,5,True,True
UNSW-OFFICIAL-53212,A4_verified_full,A3_constrained_full,2.0,verified,Analysis,True,"### Evidence-Grounded SOC Report

#### Prediction Summary
The predicted label is ""Analysis"" with a confidence of 0.2606 and an uncertainty score of 0.7394. The recommended action is to log the event and continue monitoring.

#### Evidence
1. **Protocol is not UDP** (Supports predicted class)
2. **sbytes = 200** (Supports predicted class)
3. **ct_srv_dst = 9** (Supports predicted class)
4. **Protocol = UNAS** (Supports predicted class)
5. **ct_dst_sport_ltm = 2** (Supports predicted class)

#### Risk and Policy
- **Stage**: Reconnaissance
- **Risk Score**: 0.7819
- **Policy Zone**: Monitor
- **Recommended Action**: Log the event and continue monitoring

#### Human Review
- **Required**: Yes
- **Confidence Threshold**: 0.7
- **Reason**: Detector confidence below the fixed 0.70 threshold.

#### Limitations
This report is limited to the detector and supplied SHAP evidence.","Prediction Summary
The detector predicted Analysis with confidence 0.2606 and uncertainty 0.7394.

Evidence
1. proto_udp: observed value=0; SHAP value=0.018957; direction=supports predicted class.
2. sbytes: observed value=200; SHAP value=0.013459; direction=supports predicted class.
3. ct_srv_dst: observed value=9; SHAP value=0.010617; direction=supports predicted class.
4. proto_unas: observed value=1; SHAP value=0.010460; direction=supports predicted class.
5. ct_dst_sport_ltm: observed value=2; SHAP value=0.010332; direction=supports predicted class.

Risk and Policy
The predicted operational stage is Reconnaissance. The confidence-weighted risk score is 0.7819, corresponding to the Monitor policy zone.

Recommended Action
Log the event and continue monitoring.

Human Review
Detector confidence below the fixed 0.70 threshold.

Limitations
This report is limited to the detector prediction, policy mapping, and five supplied local SHAP contributions. It does not establish ground truth or independently confirm an incident.",evidence_contract_renderer,True,124,False,False,False,5,True,0,False,5,True,True,False,Recommended Action,True,True,True,5,True,True
UNSW-OFFICIAL-53380,A4_verified_full,A3_constrained_full,2.0,verified,Worms,True,"### Evidence-Grounded SOC Report

#### Prediction Summary
The predicted label is **Worms** with a confidence of **0.5418545957677666** and an uncertainty score of **0.4581454042322334**. The recommended action is to **Raise a SOC alert and enrich the event context**.

#### Evidence
1. **sbytes**: **1302** (supports predicted class)
2. **service_http**: **1.0** (supports predicted class)
3. **service_-**: **0.0** (supports predicted class)
4. **smean**: **130.0** (supports predicted class)
5. **trans_depth**: **0.0** (opposes predicted class)

#### Risk and Policy
- **Stage**: Advanced Intrusion
- **Risk Score**: 4.6058
- **Policy Zone**: Alert

#### Recommended Action
- **Recommended Action**: Raise a SOC alert and enrich the event context.

#### Human Review
- **Human Review Required**: Yes
- **Confidence Threshold**: 0.7
- **Reason**: Detector confidence below the fixed 0.70 threshold.

#### Limitations
- **Report Limitations**: This report is limited to the detector and supplied SHAP evidence.","Prediction Summary
The detector predicted Worms with confidence 0.5419 and uncertainty 0.4581.

Evidence
1. sbytes: observed value=1302; SHAP value=0.080223; direction=supports predicted class.
2. service_http: observed value=1; SHAP value=0.066698; direction=supports predicted class.
3. service_-: observed value=0; SHAP value=0.065335; direction=supports predicted class.
4. smean: observed value=130; SHAP value=0.055211; direction=supports predicted class.
5. trans_depth: observed value=0; SHAP value=-0.036397; direction=opposes predicted class.

Risk and Policy
The predicted operational stage is Advanced Intrusion. The confidence-weighted risk score is 4.6058, corresponding to the Alert policy zone.

Recommended Action
Raise a SOC alert and enrich the event context.

Human Review
Detector confidence below the fixed 0.70 threshold.

Limitations
This report is limited to the detector prediction, policy mapping, and five supplied local SHAP contributions. It does not establish ground truth or independently confirm an incident.",evidence_contract_renderer,True,128,True,True,True,5,True,0,False,5,True,True,False,,True,True,True,5,True,True
UNSW-OFFICIAL-53416,A4_verified_full,A3_constrained_full,2.0,verified,Backdoor,True,"### Evidence-Grounded SOC Report

#### Prediction Summary
The predicted label is **Backdoor** with a confidence of **0.286** and an uncertainty score of **0.714**. The recommended action is to **Raise a SOC alert and enrich the event context**.

#### Evidence
1. **Protocol is not UDP** (Supports Predicted Class)
2. **sbytes = 200** (Supports Predicted Class)
3. **ct_dst_sport_ltm = 4** (Supports Predicted Class)
4. **ct_dst_src_ltm = 5** (Supports Predicted Class)
5. **dpkts = 0** (Supports Predicted Class)

#### Risk and Policy
- **Risk Score:** 2.2886
- **Policy Zone:** Alert
- **Recommended Action:** Raise a SOC alert and enrich the event context.

#### Human Review
- **Human Review Required:** Yes
- **Confidence Threshold:** 0.7
- **Reason:** Detector confidence below the fixed 0.70 threshold.

#### Limitations
This report is limited to the detector and supplied SHAP evidence.","Prediction Summary
The detector predicted Backdoor with confidence 0.2861 and uncertainty 0.7139.

Evidence
1. proto_udp: observed value=0; SHAP value=0.021023; direction=supports predicted class.
2. sbytes: observed value=200; SHAP value=0.015917; direction=supports predicted class.
3. ct_dst_sport_ltm: observed value=4; SHAP value=0.014329; direction=supports predicted class.
4. ct_dst_src_ltm: observed value=5; SHAP value=0.011655; direction=supports predicted class.
5. dpkts: observed value=0; SHAP value=0.007513; direction=supports predicted class.

Risk and Policy
The predicted operational stage is Command and Control. The confidence-weighted risk score is 2.2886, corresponding to the Alert policy zone.

Recommended Action
Raise a SOC alert and enrich the event context.

Human Review
Detector confidence below the fixed 0.70 threshold.

Limitations
This report is limited to the detector prediction, policy mapping, and five supplied local SHAP contributions. It does not establish ground truth or independently confirm an incident.",evidence_contract_renderer,True,129,False,False,False,5,True,0,False,5,True,True,False,Recommended Action,True,True,True,5,True,True
UNSW-OFFICIAL-53434,A4_verified_full,A3_constrained_full,2.0,verified,Generic,False,"### Evidence-Grounded SOC Report

#### Prediction Summary
The predicted label is ""Exploits"" with a confidence of 0.518954 and an uncertainty score of 0.481046. The recommended action is to raise a SOC alert and enrich the event context.

#### Evidence
1. **dmean**: 381 (supports predicted class)
2. **dbytes**: 3814 (supports predicted class)
3. **dloss**: 3 (supports predicted class)
4. **dload**: 40963.3 (supports predicted class)
5. **ct_srv_dst**: 4 (opposes predicted class)

#### Risk and Policy
- **Risk Score**: 3.3732
- **Policy Zone**: Alert
- **Recommended Action**: Raise a SOC alert and enrich the event context.

#### Human Review
- **Human Review Required**: Yes
- **Confidence Threshold**: 0.7
- **Reason**: Detector confidence below the fixed 0.70 threshold.

#### Limitations
- The report is limited to the detector and supplied SHAP evidence.","Prediction Summary
The detector predicted Exploits with confidence 0.5190 and uncertainty 0.4810.

Evidence
1. dmean: observed value=381; SHAP value=0.050000; direction=supports predicted class.
2. dbytes: observed value=3814; SHAP value=0.048859; direction=supports predicted class.
3. dloss: observed value=3; SHAP value=0.034912; direction=supports predicted class.
4. dload: observed value=40963.28516; SHAP value=0.032977; direction=supports predicted class.
5. ct_srv_dst: observed value=4; SHAP value=-0.024979; direction=opposes predicted class.

Risk and Policy
The predicted operational stage is Exploitation. The confidence-weighted risk score is 3.3732, corresponding to the Alert policy zone.

Recommended Action
Raise a SOC alert and enrich the event context.

Human Review
Detector confidence below the fixed 0.70 threshold.

Limitations
This report is limited to the detector prediction, policy mapping, and five supplied local SHAP contributions. It does not establish ground truth or independently confirm an incident.",evidence_contract_renderer,True,127,False,False,False,5,True,0,False,5,True,True,False,Recommended Action,True,True,True,5,True,True
UNSW-OFFICIAL-53474,A4_verified_full,A3_constrained_full,2.0,verified,Analysis,True,"### Evidence-Grounded SOC Report

#### Prediction Summary
The predicted label is ""Analysis"" with a confidence of 0.3083 and an uncertainty score of 0.6917. The recommended action is to log the event and continue monitoring.

#### Evidence
1. **ct_src_ltm**: ct_src_ltm = 12, SHAP value = 0.0267, direction = supports predicted class
2. **proto_udp**: Protocol is not udp, SHAP value = 0.0204, direction = supports predicted class
3. **ct_dst_sport_ltm**: ct_dst_sport_ltm = 4, SHAP value = 0.0194, direction = supports predicted class
4. **proto_unas**: Protocol = unas, SHAP value = 0.0162, direction = supports predicted class
5. **ct_dst_src_ltm**: ct_dst_src_ltm = 5, SHAP value = 0.0159, direction = supports predicted class

#### Risk and Policy
- **Stage**: Reconnaissance
- **Risk Score**: 0.925
- **Policy Zone**: Monitor
- **Recommended Action**: Log the event and continue monitoring

#### Recommended Action
- **Human Review**: Required, with a confidence threshold of 0.7
- **Reason**: Detector confidence below the fixed 0.70 threshold.

#### Limitations
- The report is limited to the detector and supplied SHAP evidence.","Prediction Summary
The detector predicted Analysis with confidence 0.3083 and uncertainty 0.6917.

Evidence
1. ct_src_ltm: observed value=12; SHAP value=0.026736; direction=supports predicted class.
2. proto_udp: observed value=0; SHAP value=0.020442; direction=supports predicted class.
3. ct_dst_sport_ltm: observed value=4; SHAP value=0.019429; direction=supports predicted class.
4. proto_unas: observed value=1; SHAP value=0.016257; direction=supports predicted class.
5. ct_dst_src_ltm: observed value=5; SHAP value=0.015880; direction=supports predicted class.

Risk and Policy
The predicted operational stage is Reconnaissance. The confidence-weighted risk score is 0.9250, corresponding to the Monitor policy zone.

Recommended Action
Log the event and continue monitoring.

Human Review
Detector confidence below the fixed 0.70 threshold.

Limitations
This report is limited to the detector prediction, policy mapping, and five supplied local SHAP contributions. It does not establish ground truth or independently confirm an incident.",evidence_contract_renderer,True,124,False,False,False,5,True,5,True,5,True,True,False,Human Review,True,True,True,5,True,True
UNSW-OFFICIAL-53482,A4_verified_full,A3_constrained_full,2.0,verified,Backdoor,False,"### Evidence-Grounded SOC Report

#### Prediction Summary
The predicted label is ""Analysis"" with a confidence of 0.3083 and an uncertainty score of 0.6917. The recommended action is to log the event and continue monitoring.

#### Evidence
1. **ct_src_ltm**: ct_src_ltm = 12, SHAP value = 0.0267, direction = supports predicted class
2. **proto_udp**: Protocol is not udp, SHAP value = 0.0204, direction = supports predicted class
3. **ct_dst_sport_ltm**: ct_dst_sport_ltm = 4, SHAP value = 0.0194, direction = supports predicted class
4. **proto_unas**: Protocol = unas, SHAP value = 0.0162, direction = supports predicted class
5. **ct_dst_src_ltm**: ct_dst_src_ltm = 5, SHAP value = 0.0159, direction = supports predicted class

#### Risk and Policy
- **Stage**: Reconnaissance
- **Risk Score**: 0.925
- **Policy Zone**: Monitor
- **Recommended Action**: Log the event and continue monitoring

#### Recommended Action
- **Human Review**: Required, with a confidence threshold of 0.7
- **Reason**: Detector confidence below the fixed 0.70 threshold.

#### Limitations
- The report is limited to the detector and supplied SHAP evidence.","Prediction Summary
The detector predicted Analysis with confidence 0.3083 and uncertainty 0.6917.

Evidence
1. ct_src_ltm: observed value=12; SHAP value=0.026736; direction=supports predicted class.
2. proto_udp: observed value=0; SHAP value=0.020442; direction=supports predicted class.
3. ct_dst_sport_ltm: observed value=4; SHAP value=0.019429; direction=supports predicted class.
4. proto_unas: observed value=1; SHAP value=0.016257; direction=supports predicted class.
5. ct_dst_src_ltm: observed value=5; SHAP value=0.015880; direction=supports predicted class.

Risk and Policy
The predicted operational stage is Reconnaissance. The confidence-weighted risk score is 0.9250, corresponding to the Monitor policy zone.

Recommended Action
Log the event and continue monitoring.

Human Review
Detector confidence below the fixed 0.70 threshold.

Limitations
This report is limited to the detector prediction, policy mapping, and five supplied local SHAP contributions. It does not establish ground truth or independently confirm an incident.",evidence_contract_renderer,True,124,False,False,False,5,True,5,True,5,True,True,False,Human Review,True,True,True,5,True,True
UNSW-OFFICIAL-53516,A4_verified_full,A3_constrained_full,2.0,verified,Fuzzers,True,"### Evidence-Grounded SOC Report

#### Prediction Summary
The predicted label is ""Fuzzers"" with a confidence of 0.332 and an uncertainty score of 0.668. The recommended action is to raise a SOC alert and enrich the event context.

#### Evidence
1. **ct_dst_src_ltm**: ct_dst_src_ltm = 1, SHAP value = -0.0577, direction = opposes predicted class
2. **smean**: smean = 53, SHAP value = 0.0486, direction = supports predicted class
3. **sbytes**: sbytes = 534, SHAP value = 0.0357, direction = supports predicted class
4. **ct_srv_dst**: ct_srv_dst = 3, SHAP value = 0.0294, direction = supports predicted class
5. **ackdat**: ackdat = 0.06253, SHAP value = 0.0132, direction = supports predicted class

#### Risk and Policy
- **Stage**: Exploitation
- **Risk Score**: 2.1595
- **Policy Zone**: Alert

#### Recommended Action
- **Recommended Action**: Raise a SOC alert and enrich the event context.

#### Human Review
- **Human Review Required**: Yes
- **Confidence Threshold**: 0.7
- **Reason**: Detector confidence below the fixed 0.70 threshold.

#### Limitations
- **Report Limitations**: This report is limited to the detector and supplied SHAP evidence.","Prediction Summary
The detector predicted Fuzzers with confidence 0.3322 and uncertainty 0.6678.

Evidence
1. ct_dst_src_ltm: observed value=1; SHAP value=-0.057678; direction=opposes predicted class.
2. smean: observed value=53; SHAP value=0.048615; direction=supports predicted class.
3. sbytes: observed value=534; SHAP value=0.035702; direction=supports predicted class.
4. ct_srv_dst: observed value=3; SHAP value=0.029411; direction=supports predicted class.
5. ackdat: observed value=0.06253000349; SHAP value=0.013222; direction=supports predicted class.

Risk and Policy
The predicted operational stage is Exploitation. The confidence-weighted risk score is 2.1595, corresponding to the Alert policy zone.

Recommended Action
Raise a SOC alert and enrich the event context.

Human Review
Detector confidence below the fixed 0.70 threshold.

Limitations
This report is limited to the detector prediction, policy mapping, and five supplied local SHAP contributions. It does not establish ground truth or independently confirm an incident.",evidence_contract_renderer,False,127,True,True,True,5,True,5,True,5,True,True,False,,True,True,True,5,True,True
UNSW-OFFICIAL-53541,A4_verified_full,A3_constrained_full,2.0,verified,Exploits,False,"### Evidence-Grounded SOC Report

#### Prediction Summary
The predicted label is **Backdoor** with a confidence of **0.2678722701783774** and an uncertainty score of **0.7321277298216227**. The recommended action is to **Raise a SOC alert and enrich the event context**.

#### Evidence
1. **Protocol is not UDP** (SHAP value: 0.0243168976157903, direction: supports predicted class)
2. **sbytes = 200** (SHAP value: 0.0153629090636968, direction: supports predicted class)
3. **ct_dst_sport_ltm = 2** (SHAP value: 0.0129357147961854, direction: supports predicted class)
4. **dpkts = 0** (SHAP value: 0.0072949309833347, direction: supports predicted class)
5. **sloss = 0** (SHAP value: 0.0068265842273831, direction: supports predicted class)

#### Risk and Policy
- **Risk Score:** 2.143
- **Policy Zone:** Alert
- **Recommended Action:** Raise a SOC alert and enrich the event context

#### Human Review
- **Human Review Required:** Yes
- **Confidence Threshold:** 0.7
- **Reason:** Detector confidence below the fixed 0.70 threshold.

#### Limitations
This report is limited to the detector and supplied SHAP evidence.","Prediction Summary
The detector predicted Backdoor with confidence 0.2679 and uncertainty 0.7321.

Evidence
1. proto_udp: observed value=0; SHAP value=0.024317; direction=supports predicted class.
2. sbytes: observed value=200; SHAP value=0.015363; direction=supports predicted class.
3. ct_dst_sport_ltm: observed value=2; SHAP value=0.012936; direction=supports predicted class.
4. dpkts: observed value=0; SHAP value=0.007295; direction=supports predicted class.
5. sloss: observed value=0; SHAP value=0.006827; direction=supports predicted class.

Risk and Policy
The predicted operational stage is Command and Control. The confidence-weighted risk score is 2.1430, corresponding to the Alert policy zone.

Recommended Action
Raise a SOC alert and enrich the event context.

Human Review
Detector confidence below the fixed 0.70 threshold.

Limitations
This report is limited to the detector prediction, policy mapping, and five supplied local SHAP contributions. It does not establish ground truth or independently confirm an incident.",evidence_contract_renderer,True,129,False,False,False,5,True,5,True,5,True,True,False,Recommended Action,True,True,True,5,True,True
UNSW-OFFICIAL-53550,A4_verified_full,A3_constrained_full,2.0,verified,Fuzzers,False,"### Evidence-Grounded SOC Report

#### Prediction Summary
The predicted label is **Backdoor** with a confidence of **0.286** and an uncertainty score of **0.714**. The recommended action is to **Raise a SOC alert and enrich the event context**.

#### Evidence
1. **Protocol is not UDP** (Supports Predicted Class)
2. **sbytes = 200** (Supports Predicted Class)
3. **ct_dst_sport_ltm = 4** (Supports Predicted Class)
4. **ct_dst_src_ltm = 5** (Supports Predicted Class)
5. **dpkts = 0** (Supports Predicted Class)

#### Risk and Policy
- **Risk Score:** 2.2886
- **Policy Zone:** Alert
- **Recommended Action:** Raise a SOC alert and enrich the event context.

#### Human Review
- **Human Review Required:** Yes
- **Confidence Threshold:** 0.7
- **Reason:** Detector confidence below the fixed 0.70 threshold.

#### Limitations
This report is limited to the detector and supplied SHAP evidence.","Prediction Summary
The detector predicted Backdoor with confidence 0.2861 and uncertainty 0.7139.

Evidence
1. proto_udp: observed value=0; SHAP value=0.021023; direction=supports predicted class.
2. sbytes: observed value=200; SHAP value=0.015917; direction=supports predicted class.
3. ct_dst_sport_ltm: observed value=4; SHAP value=0.014329; direction=supports predicted class.
4. ct_dst_src_ltm: observed value=5; SHAP value=0.011655; direction=supports predicted class.
5. dpkts: observed value=0; SHAP value=0.007513; direction=supports predicted class.

Risk and Policy
The predicted operational stage is Command and Control. The confidence-weighted risk score is 2.2886, corresponding to the Alert policy zone.

Recommended Action
Raise a SOC alert and enrich the event context.

Human Review
Detector confidence below the fixed 0.70 threshold.

Limitations
This report is limited to the detector prediction, policy mapping, and five supplied local SHAP contributions. It does not establish ground truth or independently confirm an incident.",evidence_contract_renderer,True,129,False,False,False,5,True,0,False,5,True,True,False,Recommended Action,True,True,True,5,True,True
UNSW-OFFICIAL-53900,A4_verified_full,A3_constrained_full,2.0,verified,Analysis,True,"### Evidence-Grounded SOC Report

#### Prediction Summary
The predicted label is ""Analysis"" with a confidence of 0.173 and an uncertainty score of 0.827. The recommended action is to log the event and continue monitoring.

#### Evidence
1. **ct_srv_src**: ct_srv_src = 16, Observed Value: 16.0, SHAP Value: -0.024430327117443, Direction: Opposes Predicted Class
2. **ct_srv_dst**: ct_srv_dst = 16, Observed Value: 16.0, SHAP Value: -0.0200196728110313, Direction: Opposes Predicted Class
3. **proto_udp**: Protocol is not udp, Observed Value: 0.0, SHAP Value: 0.0169718954712152, Direction: Supports Predicted Class
4. **proto_unas**: Protocol = unas, Observed Value: 1.0, SHAP Value: 0.0112533485516905, Direction: Supports Predicted Class
5. **sbytes**: sbytes = 200, Observed Value: 200.0, SHAP Value: 0.0107436990365386, Direction: Supports Predicted Class

#### Risk and Policy
- **Stage**: Reconnaissance
- **Risk Score**: 0.5193
- **Policy Zone**: Monitor
- **Recommended Action**: Log the event and continue monitoring

#### Human Review
- **Required**: Yes
- **Confidence Threshold**: 0.7
- **Reason**: Detector confidence below the fixed 0.70 threshold.

#### Limitations
This report is limited to the detector and supplied","Prediction Summary
The detector predicted Analysis with confidence 0.1731 and uncertainty 0.8269.

Evidence
1. ct_srv_src: observed value=16; SHAP value=-0.024430; direction=opposes predicted class.
2. ct_srv_dst: observed value=16; SHAP value=-0.020020; direction=opposes predicted class.
3. proto_udp: observed value=0; SHAP value=0.016972; direction=supports predicted class.
4. proto_unas: observed value=1; SHAP value=0.011253; direction=supports predicted class.
5. sbytes: observed value=200; SHAP value=0.010744; direction=supports predicted class.

Risk and Policy
The predicted operational stage is Reconnaissance. The confidence-weighted risk score is 0.5193, corresponding to the Monitor policy zone.

Recommended Action
Log the event and continue monitoring.

Human Review
Detector confidence below the fixed 0.70 threshold.

Limitations
This report is limited to the detector prediction, policy mapping, and five supplied local SHAP contributions. It does not establish ground truth or independently confirm an incident.",evidence_contract_renderer,True,124,False,False,False,5,True,5,True,5,True,True,True,Recommended Action,True,True,True,5,True,True
UNSW-OFFICIAL-53984,A4_verified_full,A3_constrained_full,2.0,verified,Analysis,True,"### Evidence-Grounded SOC Report

#### Prediction Summary
The predicted label is ""Analysis"" with a confidence of 0.3057 and an uncertainty score of 0.6943. The recommended action is to log the event and continue monitoring.

#### Evidence
1. **Protocol is not UDP** (Feature: proto_udp) - Observed Value: 0.0, SHAP Value: 0.0202, Direction: Supports Predicted Class
2. **ct_dst_src_ltm = 5** (Feature: ct_dst_src_ltm) - Observed Value: 5.0, SHAP Value: 0.0152, Direction: Supports Predicted Class
3. **ct_dst_sport_ltm = 4** (Feature: ct_dst_sport_ltm) - Observed Value: 4.0, SHAP Value: 0.0151, Direction: Supports Predicted Class
4. **Protocol = UNAS** (Feature: proto_unas) - Observed Value: 1.0, SHAP Value: 0.0139, Direction: Supports Predicted Class
5. **sbytes = 200** (Feature: sbytes) - Observed Value: 200.0, SHAP Value: 0.0137, Direction: Supports Predicted Class

#### Risk and Policy
- **Stage**: Reconnaissance
- **Risk Score**: 0.9171
- **Policy Zone**: Monitor
- **Recommended Action**: Log the event and continue monitoring

#### Human Review
- **Required**: Yes
- **Confidence Threshold**: 0.7
- **Reason**: Detector confidence below the fixed 0.70 threshold.

#### Limitations
This report is limited to the detector and supplied SHAP evidence.","Prediction Summary
The detector predicted Analysis with confidence 0.3057 and uncertainty 0.6943.

Evidence
1. proto_udp: observed value=0; SHAP value=0.020197; direction=supports predicted class.
2. ct_dst_src_ltm: observed value=5; SHAP value=0.015214; direction=supports predicted class.
3. ct_dst_sport_ltm: observed value=4; SHAP value=0.015082; direction=supports predicted class.
4. proto_unas: observed value=1; SHAP value=0.013926; direction=supports predicted class.
5. sbytes: observed value=200; SHAP value=0.013663; direction=supports predicted class.

Risk and Policy
The predicted operational stage is Reconnaissance. The confidence-weighted risk score is 0.9171, corresponding to the Monitor policy zone.

Recommended Action
Log the event and continue monitoring.

Human Review
Detector confidence below the fixed 0.70 threshold.

Limitations
This report is limited to the detector prediction, policy mapping, and five supplied local SHAP contributions. It does not establish ground truth or independently confirm an incident.",evidence_contract_renderer,True,124,False,False,False,5,True,5,True,5,True,True,False,Recommended Action,True,True,True,5,True,True
UNSW-OFFICIAL-54004,A4_verified_full,A3_constrained_full,2.0,verified,Analysis,True,"### Evidence-Grounded SOC Report

#### Prediction Summary
The predicted label is ""Analysis"" with a confidence of 0.1748816684705147 and an uncertainty score of 0.8251183315294853. The recommended action is to log the event and continue monitoring.

#### Evidence
1. **ct_srv_src**: ct_srv_src = 16, Observed Value: 16.0, SHAP Value: -0.0266454759985208, Direction: Opposes Predicted Class
2. **ct_srv_dst**: ct_srv_dst = 16, Observed Value: 16.0, SHAP Value: -0.0222163405269384, Direction: Opposes Predicted Class
3. **proto_udp**: Protocol is not udp, Observed Value: 0.0, SHAP Value: 0.0165191050618886, Direction: Supports Predicted Class
4. **proto_unas**: Protocol = unas, Observed Value: 1.0, SHAP Value: 0.0120067633688449, Direction: Supports Predicted Class
5. **sbytes**: sbytes = 200, Observed Value: 200.0, SHAP Value: 0.010697559453547, Direction: Supports Predicted Class

#### Risk and Policy
- **Stage**: Reconnaissance
- **Risk Score**: 0.5246
- **Policy Zone**: Monitor
- **Recommended Action**: Log the event and continue monitoring

#### Human Review
- **Required**: Yes
- **Confidence Threshold**: 0.7
- **Reason","Prediction Summary
The detector predicted Analysis with confidence 0.1749 and uncertainty 0.8251.

Evidence
1. ct_srv_src: observed value=16; SHAP value=-0.026645; direction=opposes predicted class.
2. ct_srv_dst: observed value=16; SHAP value=-0.022216; direction=opposes predicted class.
3. proto_udp: observed value=0; SHAP value=0.016519; direction=supports predicted class.
4. proto_unas: observed value=1; SHAP value=0.012007; direction=supports predicted class.
5. sbytes: observed value=200; SHAP value=0.010698; direction=supports predicted class.

Risk and Policy
The predicted operational stage is Reconnaissance. The confidence-weighted risk score is 0.5246, corresponding to the Monitor policy zone.

Recommended Action
Log the event and continue monitoring.

Human Review
Detector confidence below the fixed 0.70 threshold.

Limitations
This report is limited to the detector prediction, policy mapping, and five supplied local SHAP contributions. It does not establish ground truth or independently confirm an incident.",evidence_contract_renderer,True,124,False,False,False,5,True,5,True,5,True,True,True,Recommended Action|Limitations,True,True,True,5,True,True
UNSW-OFFICIAL-54105,A4_verified_full,A3_constrained_full,2.0,verified,Analysis,True,"### Evidence-Grounded SOC Report

#### Prediction Summary
The predicted label is ""Analysis"" with a confidence of 0.1903 and an uncertainty score of 0.8097. The recommended action is to log the event and continue monitoring.

#### Evidence
1. **ct_srv_src**: ct_srv_src = 16, Observed Value: 16.0, SHAP Value: -0.02477696, Direction: Opposes Predicted Class
2. **ct_srv_dst**: ct_srv_dst = 16, Observed Value: 16.0, SHAP Value: -0.02216134, Direction: Opposes Predicted Class
3. **proto_unas**: Protocol = unas, Observed Value: 1.0, SHAP Value: 0.01786248, Direction: Supports Predicted Class
4. **proto_udp**: Protocol is not udp, Observed Value: 0.0, SHAP Value: 0.01663311, Direction: Supports Predicted Class
5. **ct_dst_sport_ltm**: ct_dst_sport_ltm = 4, Observed Value: 4.0, SHAP Value: 0.01260775, Direction: Supports Predicted Class

#### Risk and Policy
- **Stage**: Reconnaissance
- **Risk Score**: 0.5709
- **Policy Zone**: Monitor
- **Recommended Action**: Log the event and continue monitoring

#### Human Review
- **Required**: Yes
- **Confidence Threshold**: 0.7
- **Reason**: Detector confidence below the fixed 0.70 threshold.

#### Limitations
This report is limited to the detector and supplied SHAP evidence.","Prediction Summary
The detector predicted Analysis with confidence 0.1903 and uncertainty 0.8097.

Evidence
1. ct_srv_src: observed value=16; SHAP value=-0.024777; direction=opposes predicted class.
2. ct_srv_dst: observed value=16; SHAP value=-0.022161; direction=opposes predicted class.
3. proto_unas: observed value=1; SHAP value=0.017862; direction=supports predicted class.
4. proto_udp: observed value=0; SHAP value=0.016633; direction=supports predicted class.
5. ct_dst_sport_ltm: observed value=4; SHAP value=0.012608; direction=supports predicted class.

Risk and Policy
The predicted operational stage is Reconnaissance. The confidence-weighted risk score is 0.5709, corresponding to the Monitor policy zone.

Recommended Action
Log the event and continue monitoring.

Human Review
Detector confidence below the fixed 0.70 threshold.

Limitations
This report is limited to the detector prediction, policy mapping, and five supplied local SHAP contributions. It does not establish ground truth or independently confirm an incident.",evidence_contract_renderer,True,124,False,False,False,5,True,5,True,5,True,True,False,Recommended Action,True,True,True,5,True,True
UNSW-OFFICIAL-54114,A4_verified_full,A3_constrained_full,2.0,verified,Generic,False,"### Evidence-Grounded SOC Report

#### Prediction Summary
The predicted label is ""Fuzzers"" with a confidence of 0.6872 and an uncertainty score of 0.3128. The recommended action is to raise a SOC alert and enrich the event context.

#### Evidence
1. **spkts**: spkts = 14, observed value = 14.0, SHAP value = 0.0556, direction = supports predicted class
2. **dbytes**: dbytes = 786, observed value = 786.0, SHAP value = 0.0532, direction = supports predicted class
3. **sloss**: sloss = 4, observed value = 4.0, SHAP value = 0.0478, direction = supports predicted class
4. **sbytes**: sbytes = 1490, observed value = 1490.0, SHAP value = 0.0458, direction = supports predicted class
5. **dpkts**: dpkts = 14, observed value = 14.0, SHAP value = 0.0325, direction = supports predicted class

#### Risk and Policy
- **Stage**: Exploitation
- **Risk Score**: 4.4669
- **Policy Zone**: Alert

#### Recommended Action
- **Recommended Action**: Raise a SOC alert and enrich the event context.

#### Human Review
- **Human Review Required**: Yes
- **Confidence Threshold**: 0.7
- **Reason**: Detector confidence below the fixed 0.70 threshold.

#### Limitations
- **Report Limitations**: This report is limited to the detector and supplied SHAP evidence. It does not include additional details such as attack behavior, causes, impacts, IP addresses, hostnames, CVEs, malware, tools, or any remediation steps.","Prediction Summary
The detector predicted Fuzzers with confidence 0.6872 and uncertainty 0.3128.

Evidence
1. spkts: observed value=14; SHAP value=0.055643; direction=supports predicted class.
2. dbytes: observed value=786; SHAP value=0.053245; direction=supports predicted class.
3. sloss: observed value=4; SHAP value=0.047809; direction=supports predicted class.
4. sbytes: observed value=1490; SHAP value=0.045814; direction=supports predicted class.
5. dpkts: observed value=14; SHAP value=0.032541; direction=supports predicted class.

Risk and Policy
The predicted operational stage is Exploitation. The confidence-weighted risk score is 4.4669, corresponding to the Alert policy zone.

Recommended Action
Raise a SOC alert and enrich the event context.

Human Review
Detector confidence below the fixed 0.70 threshold.

Limitations
This report is limited to the detector prediction, policy mapping, and five supplied local SHAP contributions. It does not establish ground truth or independently confirm an incident.",evidence_contract_renderer,False,127,True,True,True,5,True,5,True,5,True,True,False,,True,True,True,5,True,True
UNSW-OFFICIAL-54426,A4_verified_full,A3_constrained_full,2.0,verified,Backdoor,True,"### Evidence-Grounded SOC Report

#### Prediction Summary
The predicted label is **Backdoor** with a confidence of **0.2717** and an uncertainty score of **0.7283**. The recommended action is to **Raise a SOC alert and enrich the event context**.

#### Evidence
1. **ct_src_ltm**: **11** (supports predicted class)
2. **proto_udp**: **0.0** (supports predicted class)
3. **sbytes**: **200** (supports predicted class)
4. **ct_dst_sport_ltm**: **4** (supports predicted class)
5. **sload**: **4.21053e+07** (opposes predicted class)

#### Risk and Policy
- **Stage**: Command and Control
- **Risk Score**: 2.174
- **Policy Zone**: Alert

#### Recommended Action
- **Recommended Action**: Raise a SOC alert and enrich the event context.

#### Human Review
- **Human Review Required**: Yes
- **Confidence Threshold**: 0.7
- **Reason**: Detector confidence below the fixed 0.70 threshold.

#### Limitations
- **Report Limitations**: This report is limited to the detector and supplied SHAP evidence. It does not include additional attack behavior, causes, impacts, IP addresses, hostnames, CVEs, malware, tools, or any remediation steps.","Prediction Summary
The detector predicted Backdoor with confidence 0.2717 and uncertainty 0.7283.

Evidence
1. ct_src_ltm: observed value=11; SHAP value=0.031727; direction=supports predicted class.
2. proto_udp: observed value=0; SHAP value=0.021703; direction=supports predicted class.
3. sbytes: observed value=200; SHAP value=0.018560; direction=supports predicted class.
4. ct_dst_sport_ltm: observed value=4; SHAP value=0.017290; direction=supports predicted class.
5. sload: observed value=42105264; SHAP value=-0.015805; direction=opposes predicted class.

Risk and Policy
The predicted operational stage is Command and Control. The confidence-weighted risk score is 2.1740, corresponding to the Alert policy zone.

Recommended Action
Raise a SOC alert and enrich the event context.

Human Review
Detector confidence below the fixed 0.70 threshold.

Limitations
This report is limited to the detector prediction, policy mapping, and five supplied local SHAP contributions. It does not establish ground truth or independently confirm an incident.",evidence_contract_renderer,True,129,True,True,True,5,True,0,False,5,True,True,False,,True,True,True,5,True,True
UNSW-OFFICIAL-54570,A4_verified_full,A3_constrained_full,2.0,verified,Generic,False,"### Evidence-Grounded SOC Report

#### Prediction Summary
The predicted label is ""Exploits"" with a confidence of 0.3603541608103965 and an uncertainty score of 0.6396458391896035. The recommended action is to raise a SOC alert and enrich the event context.

#### Evidence
1. **sbytes**: sbytes = 1136, SHAP value = 0.0344762057065963, Direction: supports predicted class
2. **ct_dst_src_ltm**: ct_dst_src_ltm = 1, SHAP value = 0.0326541326940059, Direction: supports predicted class
3. **service_-**: An application service is identified, SHAP value = 0.0276558343321084, Direction: supports predicted class
4. **smean**: smean = 114, SHAP value = 0.0253926701843738, Direction: supports predicted class
5. **dmean**: dmean = 122, SHAP value = 0.0222208742052316, Direction: supports predicted class

#### Risk and Policy
- **Risk Score**: 2.3423
- **Policy Zone**: Alert
- **Recommended Action**: Raise a SOC alert and enrich the event context

#### Human Review
- **Human Review Required**: Yes
- **Confidence Threshold**: 0.7
- **Reason**: Detector confidence below the fixed 0.70 threshold.

#### Limitations
- The report is limited to the detector and supplied SHAP evidence.","Prediction Summary
The detector predicted Exploits with confidence 0.3604 and uncertainty 0.6396.

Evidence
1. sbytes: observed value=1136; SHAP value=0.034476; direction=supports predicted class.
2. ct_dst_src_ltm: observed value=1; SHAP value=0.032654; direction=supports predicted class.
3. service_-: observed value=0; SHAP value=0.027656; direction=supports predicted class.
4. smean: observed value=114; SHAP value=0.025393; direction=supports predicted class.
5. dmean: observed value=122; SHAP value=0.022221; direction=supports predicted class.

Risk and Policy
The predicted operational stage is Exploitation. The confidence-weighted risk score is 2.3423, corresponding to the Alert policy zone.

Recommended Action
Raise a SOC alert and enrich the event context.

Human Review
Detector confidence below the fixed 0.70 threshold.

Limitations
This report is limited to the detector prediction, policy mapping, and five supplied local SHAP contributions. It does not establish ground truth or independently confirm an incident.",evidence_contract_renderer,True,127,False,False,False,5,True,5,True,5,True,True,False,Recommended Action,True,True,True,5,True,True
UNSW-OFFICIAL-54748,A4_verified_full,A3_constrained_full,2.0,verified,Generic,True,"### Evidence-Grounded SOC Report

#### Prediction Summary
The predicted label is ""Generic"" with a confidence of 98.35% and an uncertainty score of 1.65%. The predicted stage is ""Exploitation"" with a risk score of 6.39. The recommended action is to ""Block the suspected source and initiate investigation.""

#### Evidence
1. **service_dns**: Service = dns, Observed Value = 1.0, SHAP Value = 0.1896515041589737, Direction = supports predicted class
2. **sbytes**: sbytes = 114, Observed Value = 114.0, SHAP Value = 0.1349845975637436, Direction = supports predicted class
3. **service_-**: An application service is identified, Observed Value = 0.0, SHAP Value = 0.1301928460597992, Direction = supports predicted class
4. **proto_udp**: Protocol = udp, Observed Value = 1.0, SHAP Value = 0.0747535899281501, Direction = supports predicted class
5. **smean**: smean = 57, Observed Value = 57.0, SHAP Value = 0.0684145241975784, Direction = supports predicted class

#### Risk and Policy
- **Stage**: Exploitation
- **Risk Score**: 6.39
- **Policy Zone**: Block

#### Recommended Action
- **Recommended Action**: Block the suspected source and initiate investigation.

#### Human Review
- **Human Review Required**: No
- **Confidence Threshold**: 0.7
- **Reason**: No mandatory confidence-based referral.

#### Limitations
-","Prediction Summary
The detector predicted Generic with confidence 0.9835 and uncertainty 0.0165.

Evidence
1. service_dns: observed value=1; SHAP value=0.189652; direction=supports predicted class.
2. sbytes: observed value=114; SHAP value=0.134985; direction=supports predicted class.
3. service_-: observed value=0; SHAP value=0.130193; direction=supports predicted class.
4. proto_udp: observed value=1; SHAP value=0.074754; direction=supports predicted class.
5. smean: observed value=57; SHAP value=0.068415; direction=supports predicted class.

Risk and Policy
The predicted operational stage is Exploitation. The confidence-weighted risk score is 6.3926, corresponding to the Block policy zone.

Recommended Action
Block the suspected source and initiate investigation.

Human Review
No mandatory confidence-based referral.

Limitations
This report is limited to the detector prediction, policy mapping, and five supplied local SHAP contributions. It does not establish ground truth or independently confirm an incident.",evidence_contract_renderer,True,122,True,True,True,5,True,5,True,5,True,True,True,,True,True,True,5,True,True
UNSW-OFFICIAL-54790,A4_verified_full,A3_constrained_full,2.0,verified,Analysis,False,"### Evidence-Grounded SOC Report

**Prediction Summary:**
The predicted label is ""DoS"" with a confidence of 0.2719 and an uncertainty score of 0.7280. The recommended action is to log the event and continue monitoring.

**Evidence:**
1. **Protocol is not UDP** (Supports predicted class, SHAP value: 0.0199581254273653)
2. **sbytes = 200** (Supports predicted class, SHAP value: 0.0163357909768819)
3. **smean = 100** (Supports predicted class, SHAP value: 0.0094789480790495)
4. **ct_dst_sport_ltm = 2** (Supports predicted class, SHAP value: 0.0087022595107555)
5. **sload = 8e+07** (Supports predicted class, SHAP value: 0.0080938357859849)

**Risk and Policy:**
The risk score is 1.9033, and the policy zone is ""Monitor."" The recommended action is to log the event and continue monitoring.

**Recommended Action:**
Log the event and continue monitoring.

**Human Review:**
Human review is required with a confidence threshold of 0.7. The reason is that the detector confidence is below the fixed 0.70 threshold.

**Limitations:**
This report is limited to the detector and the supplied SHAP evidence.","Prediction Summary
The detector predicted DoS with confidence 0.2719 and uncertainty 0.7281.

Evidence
1. proto_udp: observed value=0; SHAP value=0.019958; direction=supports predicted class.
2. sbytes: observed value=200; SHAP value=0.016336; direction=supports predicted class.
3. smean: observed value=100; SHAP value=0.009479; direction=supports predicted class.
4. ct_dst_sport_ltm: observed value=2; SHAP value=0.008702; direction=supports predicted class.
5. sload: observed value=80000000; SHAP value=0.008094; direction=supports predicted class.

Risk and Policy
The predicted operational stage is Impact / Availability. The confidence-weighted risk score is 1.9033, corresponding to the Monitor policy zone.

Recommended Action
Log the event and continue monitoring.

Human Review
Detector confidence below the fixed 0.70 threshold.

Limitations
This report is limited to the detector prediction, policy mapping, and five supplied local SHAP contributions. It does not establish ground truth or independently confirm an incident.",evidence_contract_renderer,False,126,True,True,True,5,True,5,True,5,True,True,False,,True,True,True,5,True,True
UNSW-OFFICIAL-54966,A4_verified_full,A3_constrained_full,2.0,verified,Worms,False,"### SOC Report

#### Prediction Summary
The predicted label is ""Exploits"" with a confidence of 0.6156 and an uncertainty score of 0.3844. The recommended action is to raise a SOC alert and enrich the event context.

#### Evidence
1. **dmean**: 1297 (supports predicted class)
2. **dloss**: 184 (supports predicted class)
3. **dbytes**: 482406 (supports predicted class)
4. **dload**: 1124570.625 (supports predicted class)
5. **sbytes**: 3006 (supports predicted class)

#### Risk and Policy
- **Stage**: Exploitation
- **Risk Score**: 4.0016
- **Policy Zone**: Alert

#### Recommended Action
- **Recommended Action**: Raise a SOC alert and enrich the event context.

#### Human Review
- **Human Review Required**: Yes
- **Confidence Threshold**: 0.7
- **Reason**: Detector confidence below the fixed 0.70 threshold.

#### Limitations
- **Report Limitations**: This report is limited to the detector and supplied SHAP evidence.","Prediction Summary
The detector predicted Exploits with confidence 0.6156 and uncertainty 0.3844.

Evidence
1. dmean: observed value=1297; SHAP value=0.038700; direction=supports predicted class.
2. dloss: observed value=184; SHAP value=0.036755; direction=supports predicted class.
3. dbytes: observed value=482406; SHAP value=0.036046; direction=supports predicted class.
4. dload: observed value=1124570.625; SHAP value=0.033772; direction=supports predicted class.
5. sbytes: observed value=3006; SHAP value=0.030918; direction=supports predicted class.

Risk and Policy
The predicted operational stage is Exploitation. The confidence-weighted risk score is 4.0016, corresponding to the Alert policy zone.

Recommended Action
Raise a SOC alert and enrich the event context.

Human Review
Detector confidence below the fixed 0.70 threshold.

Limitations
This report is limited to the detector prediction, policy mapping, and five supplied local SHAP contributions. It does not establish ground truth or independently confirm an incident.",evidence_contract_renderer,True,127,True,True,True,5,True,0,False,5,True,True,False,,True,True,True,5,True,True
UNSW-OFFICIAL-55189,A4_verified_full,A3_constrained_full,2.0,verified,Fuzzers,True,"### Evidence-Grounded SOC Report

#### Prediction Summary
The predicted label is ""Fuzzers"" with a confidence of 0.205 and an uncertainty score of 0.795. The recommended action is to log the event and continue monitoring.

#### Evidence
1. **ct_srv_src**: 23 (supports predicted class)
2. **ct_srv_dst**: 18 (supports predicted class)
3. **proto_udp**: 0.0 (opposes predicted class)
4. **service_-**: 1.0 (supports predicted class)
5. **ct_dst_src_ltm**: 4 (supports predicted class)

#### Risk and Policy
- **Stage**: Exploitation
- **Risk Score**: 1.3328
- **Policy Zone**: Monitor

#### Recommended Action
- **Recommended Action**: Log the event and continue monitoring.

#### Human Review
- **Human Review Required**: Yes
- **Confidence Threshold**: 0.7
- **Reason**: Detector confidence below the fixed 0.70 threshold.

#### Limitations
- **Report Limitations**: This report is limited to the detector and supplied SHAP evidence. It does not include additional attack behavior, causes, impacts, IP addresses, hostnames, CVEs, malware, tools, or any other remediation details.","Prediction Summary
The detector predicted Fuzzers with confidence 0.2051 and uncertainty 0.7949.

Evidence
1. ct_srv_src: observed value=23; SHAP value=0.045335; direction=supports predicted class.
2. ct_srv_dst: observed value=18; SHAP value=0.040564; direction=supports predicted class.
3. proto_udp: observed value=0; SHAP value=-0.029632; direction=opposes predicted class.
4. service_-: observed value=1; SHAP value=0.024279; direction=supports predicted class.
5. ct_dst_src_ltm: observed value=4; SHAP value=0.021648; direction=supports predicted class.

Risk and Policy
The predicted operational stage is Exploitation. The confidence-weighted risk score is 1.3328, corresponding to the Monitor policy zone.

Recommended Action
Log the event and continue monitoring.

Human Review
Detector confidence below the fixed 0.70 threshold.

Limitations
This report is limited to the detector prediction, policy mapping, and five supplied local SHAP contributions. It does not establish ground truth or independently confirm an incident.",evidence_contract_renderer,True,124,True,True,True,5,True,0,False,5,True,True,False,,True,True,True,5,True,True
UNSW-OFFICIAL-55191,A4_verified_full,A3_constrained_full,2.0,verified,Backdoor,True,"### Evidence-Grounded SOC Report

#### Prediction Summary
The predicted label is **Backdoor** with a confidence of **0.29996** and an uncertainty score of **0.70004**. The recommended action is to **Raise a SOC alert and enrich the event context**.

#### Evidence
1. **ct_src_ltm**: ct_src_ltm = 10, SHAP value = 0.03381, direction = supports predicted class
2. **proto_udp**: Protocol is not udp, SHAP value = 0.02518, direction = supports predicted class
3. **sbytes**: sbytes = 200, SHAP value = 0.01916, direction = supports predicted class
4. **ct_dst_src_ltm**: ct_dst_src_ltm = 7, SHAP value = 0.01441, direction = supports predicted class
5. **smean**: smean = 100, SHAP value = 0.00946, direction = supports predicted class

#### Risk and Policy
- **Stage**: Command and Control
- **Risk Score**: 2.3997
- **Policy Zone**: Alert
- **Recommended Action**: Raise a SOC alert and enrich the event context

#### Human Review
- **Required**: Yes
- **Confidence Threshold**: 0.7
- **Reason**: Detector confidence below the fixed 0.70 threshold.

#### Limitations
This report is limited to the detector and supplied SHAP evidence.","Prediction Summary
The detector predicted Backdoor with confidence 0.3000 and uncertainty 0.7000.

Evidence
1. ct_src_ltm: observed value=10; SHAP value=0.033807; direction=supports predicted class.
2. proto_udp: observed value=0; SHAP value=0.025178; direction=supports predicted class.
3. sbytes: observed value=200; SHAP value=0.019156; direction=supports predicted class.
4. ct_dst_src_ltm: observed value=7; SHAP value=0.014406; direction=supports predicted class.
5. smean: observed value=100; SHAP value=0.009464; direction=supports predicted class.

Risk and Policy
The predicted operational stage is Command and Control. The confidence-weighted risk score is 2.3997, corresponding to the Alert policy zone.

Recommended Action
Raise a SOC alert and enrich the event context.

Human Review
Detector confidence below the fixed 0.70 threshold.

Limitations
This report is limited to the detector prediction, policy mapping, and five supplied local SHAP contributions. It does not establish ground truth or independently confirm an incident.",evidence_contract_renderer,True,129,False,False,False,5,True,5,True,5,True,True,False,Recommended Action,True,True,True,5,True,True
UNSW-OFFICIAL-55269,A4_verified_full,A3_constrained_full,2.0,verified,Fuzzers,True,"### Evidence-Grounded SOC Report

#### Prediction Summary
The predicted label is ""Fuzzers"" with a confidence of 0.4413 and an uncertainty score of 0.5587. The recommended action is to raise a SOC alert and enrich the event context.

#### Evidence
1. **ct_dst_src_ltm**: ct_dst_src_ltm = 1, Observed Value: 1.0, SHAP Value: -0.0636, Direction: Opposes Predicted Class
2. **sbytes**: sbytes = 534, Observed Value: 534.0, SHAP Value: 0.0324, Direction: Supports Predicted Class
3. **ct_srv_dst**: ct_srv_dst = 3, Observed Value: 3.0, SHAP Value: 0.0293, Direction: Supports Predicted Class
4. **smean**: smean = 53, Observed Value: 53.0, SHAP Value: 0.0232, Direction: Supports Predicted Class
5. **dpkts**: dpkts = 6, Observed Value: 6.0, SHAP Value: 0.0221, Direction: Supports Predicted Class

#### Risk and Policy
- **Stage**: Exploitation
- **Risk Score**: 2.8685
- **Policy Zone**: Alert
- **Recommended Action**: Raise a SOC alert and enrich the event context.

#### Human Review
- **Required**: Yes
- **Confidence Threshold**: 0.7
- **Reason**: Detector confidence below the fixed 0.70 threshold.

#### Limitations
- The report is limited to the detector and supplied SHAP evidence.","Prediction Summary
The detector predicted Fuzzers with confidence 0.4413 and uncertainty 0.5587.

Evidence
1. ct_dst_src_ltm: observed value=1; SHAP value=-0.063633; direction=opposes predicted class.
2. sbytes: observed value=534; SHAP value=0.032417; direction=supports predicted class.
3. ct_srv_dst: observed value=3; SHAP value=0.029271; direction=supports predicted class.
4. smean: observed value=53; SHAP value=0.023167; direction=supports predicted class.
5. dpkts: observed value=6; SHAP value=0.022099; direction=supports predicted class.

Risk and Policy
The predicted operational stage is Exploitation. The confidence-weighted risk score is 2.8685, corresponding to the Alert policy zone.

Recommended Action
Raise a SOC alert and enrich the event context.

Human Review
Detector confidence below the fixed 0.70 threshold.

Limitations
This report is limited to the detector prediction, policy mapping, and five supplied local SHAP contributions. It does not establish ground truth or independently confirm an incident.",evidence_contract_renderer,True,127,False,False,False,5,True,5,True,5,True,True,False,Recommended Action,True,True,True,5,True,True
UNSW-OFFICIAL-55337,A4_verified_full,A3_constrained_full,2.0,verified,Worms,False,"### Evidence-Grounded SOC Report

#### Prediction Summary
The predicted label is ""Fuzzers"" with a confidence of 0.291 and an uncertainty score of 0.709. The recommended action is to log the event and continue monitoring.

#### Evidence
1. **Protocol (proto_udp)**: Protocol = udp (supports predicted class)
2. **sbytes**: sbytes = 92 (supports predicted class)
3. **smean**: smean = 46 (supports predicted class)
4. **ct_dst_src_ltm**: ct_dst_src_ltm = 1 (opposes predicted class)
5. **ct_srv_dst**: ct_srv_dst = 15 (supports predicted class)

#### Risk and Policy
- **Stage**: Exploitation
- **Risk Score**: 1.8919
- **Policy Zone**: Monitor
- **Recommended Action**: Log the event and continue monitoring

#### Human Review
- **Required**: Yes
- **Confidence Threshold**: 0.7
- **Reason**: Detector confidence below the fixed 0.70 threshold.

#### Limitations
This report is limited to the detector and supplied SHAP evidence.","Prediction Summary
The detector predicted Fuzzers with confidence 0.2911 and uncertainty 0.7089.

Evidence
1. proto_udp: observed value=1; SHAP value=0.056264; direction=supports predicted class.
2. sbytes: observed value=92; SHAP value=0.054834; direction=supports predicted class.
3. smean: observed value=46; SHAP value=0.052176; direction=supports predicted class.
4. ct_dst_src_ltm: observed value=1; SHAP value=-0.036611; direction=opposes predicted class.
5. ct_srv_dst: observed value=15; SHAP value=0.036248; direction=supports predicted class.

Risk and Policy
The predicted operational stage is Exploitation. The confidence-weighted risk score is 1.8919, corresponding to the Monitor policy zone.

Recommended Action
Log the event and continue monitoring.

Human Review
Detector confidence below the fixed 0.70 threshold.

Limitations
This report is limited to the detector prediction, policy mapping, and five supplied local SHAP contributions. It does not establish ground truth or independently confirm an incident.",evidence_contract_renderer,True,124,False,False,False,5,True,0,False,5,True,True,False,Recommended Action,True,True,True,5,True,True
UNSW-OFFICIAL-55418,A4_verified_full,A3_constrained_full,2.0,verified,Reconnaissance,False,"### Evidence-Grounded SOC Report

#### Prediction Summary
The predicted label is ""Exploits"" with a confidence of 0.5646 and an uncertainty score of 0.4354. The recommended action is to raise a SOC alert and enrich the event context.

#### Evidence
1. **smean**: 106 (supports predicted class)
2. **sbytes**: 1272 (supports predicted class)
3. **sloss**: 6 (supports predicted class)
4. **dinpkt**: 0.01 (supports predicted class)
5. **service_-**: An application service is identified (supports predicted class)

#### Risk and Policy
- **Risk Score**: 3.6701
- **Policy Zone**: Alert
- **Recommended Action**: Raise a SOC alert and enrich the event context

#### Human Review
- **Human Review Required**: Yes
- **Confidence Threshold**: 0.70
- **Reason**: Detector confidence below the fixed 0.70 threshold.

#### Limitations
- The report is limited to the detector and supplied SHAP evidence.","Prediction Summary
The detector predicted Exploits with confidence 0.5646 and uncertainty 0.4354.

Evidence
1. smean: observed value=106; SHAP value=0.037645; direction=supports predicted class.
2. sbytes: observed value=1272; SHAP value=0.034284; direction=supports predicted class.
3. sloss: observed value=6; SHAP value=0.031508; direction=supports predicted class.
4. dinpkt: observed value=0.009999999776; SHAP value=0.030086; direction=supports predicted class.
5. service_-: observed value=0; SHAP value=0.024195; direction=supports predicted class.

Risk and Policy
The predicted operational stage is Exploitation. The confidence-weighted risk score is 3.6701, corresponding to the Alert policy zone.

Recommended Action
Raise a SOC alert and enrich the event context.

Human Review
Detector confidence below the fixed 0.70 threshold.

Limitations
This report is limited to the detector prediction, policy mapping, and five supplied local SHAP contributions. It does not establish ground truth or independently confirm an incident.",evidence_contract_renderer,True,127,False,False,False,5,True,0,False,5,True,True,False,Recommended Action,True,True,True,5,True,True
UNSW-OFFICIAL-55526,A4_verified_full,A3_constrained_full,2.0,verified,Fuzzers,False,"### Evidence-Grounded SOC Report

#### Prediction Summary
The predicted label is ""Shellcode"" with a confidence of 0.628 and an uncertainty score of 0.372. The predicted stage is ""Advanced Intrusion"" with a risk score of 5.339.

#### Evidence
1. **Protocol = udp** - Observed Value: 1.0, SHAP Value: 0.090, Direction: supports predicted class
2. **sbytes = 528** - Observed Value: 528.0, SHAP Value: 0.081, Direction: supports predicted class
3. **ct_dst_src_ltm = 1** - Observed Value: 1.0, SHAP Value: 0.079, Direction: supports predicted class
4. **smean = 264** - Observed Value: 264.0, SHAP Value: 0.073, Direction: supports predicted class
5. **ct_srv_dst = 2** - Observed Value: 2.0, SHAP Value: -0.043, Direction: opposes predicted class

#### Risk and Policy
**Recommended Action:** Block the suspected source and initiate investigation.
**Human Review:** Required, with a confidence threshold of 0.7. The detector confidence is below this threshold.

#### Limitations
This report is limited to the detector and supplied SHAP evidence. The report does not include any additional attack behavior, causes, impacts, IP addresses, hostnames, CVEs, malware, tools, or remediation steps.","Prediction Summary
The detector predicted Shellcode with confidence 0.6281 and uncertainty 0.3719.

Evidence
1. proto_udp: observed value=1; SHAP value=0.090018; direction=supports predicted class.
2. sbytes: observed value=528; SHAP value=0.080507; direction=supports predicted class.
3. ct_dst_src_ltm: observed value=1; SHAP value=0.079353; direction=supports predicted class.
4. smean: observed value=264; SHAP value=0.072627; direction=supports predicted class.
5. ct_srv_dst: observed value=2; SHAP value=-0.043425; direction=opposes predicted class.

Risk and Policy
The predicted operational stage is Advanced Intrusion. The confidence-weighted risk score is 5.3386, corresponding to the Block policy zone.

Recommended Action
Block the suspected source and initiate investigation.

Human Review
Detector confidence below the fixed 0.70 threshold.

Limitations
This report is limited to the detector prediction, policy mapping, and five supplied local SHAP contributions. It does not establish ground truth or independently confirm an incident.",evidence_contract_renderer,True,126,False,False,False,5,True,5,True,5,True,True,False,Recommended Action|Human Review,True,True,True,5,True,True
UNSW-OFFICIAL-55890,A4_verified_full,A3_constrained_full,2.0,verified,Backdoor,False,"### Evidence-Grounded SOC Report

#### Prediction Summary
The predicted label is ""DoS"" with a confidence of 0.2613 and an uncertainty score of 0.7387. The recommended action is to log the event and continue monitoring.

#### Evidence
1. **Protocol is not UDP** (Supports predicted class)
2. **sbytes = 200** (Supports predicted class)
3. **ct_dst_sport_ltm = 2** (Supports predicted class)
4. **smean = 100** (Supports predicted class)
5. **ct_src_ltm = 4** (Supports predicted class)

#### Risk and Policy
- **Risk Score:** 1.8292
- **Policy Zone:** Monitor
- **Recommended Action:** Log the event and continue monitoring

#### Human Review
- **Required:** Yes
- **Confidence Threshold:** 0.70
- **Reason:** Detector confidence below the fixed 0.70 threshold.

#### Limitations
This report is limited to the detector and supplied SHAP evidence.","Prediction Summary
The detector predicted DoS with confidence 0.2613 and uncertainty 0.7387.

Evidence
1. proto_udp: observed value=0; SHAP value=0.019339; direction=supports predicted class.
2. sbytes: observed value=200; SHAP value=0.016034; direction=supports predicted class.
3. ct_dst_sport_ltm: observed value=2; SHAP value=0.010153; direction=supports predicted class.
4. smean: observed value=100; SHAP value=0.008463; direction=supports predicted class.
5. ct_src_ltm: observed value=4; SHAP value=0.006266; direction=supports predicted class.

Risk and Policy
The predicted operational stage is Impact / Availability. The confidence-weighted risk score is 1.8292, corresponding to the Monitor policy zone.

Recommended Action
Log the event and continue monitoring.

Human Review
Detector confidence below the fixed 0.70 threshold.

Limitations
This report is limited to the detector prediction, policy mapping, and five supplied local SHAP contributions. It does not establish ground truth or independently confirm an incident.",evidence_contract_renderer,True,126,False,False,False,5,True,0,False,5,True,True,False,Recommended Action,True,True,True,5,True,True
UNSW-OFFICIAL-55989,A4_verified_full,A3_constrained_full,2.0,verified,Backdoor,False,"### Evidence-Grounded SOC Report

#### Prediction Summary
The predicted label is ""Fuzzers"" with a confidence of 0.2184884315299539 and an uncertainty score of 0.7815115684700461. The recommended action is to log the event and continue monitoring.

#### Evidence
1. **ct_srv_src**: 23 (supports predicted class)
2. **ct_srv_dst**: 18 (supports predicted class)
3. **proto_udp**: 0.0 (opposes predicted class)
4. **service_-**: 1.0 (supports predicted class)
5. **ct_src_dport_ltm**: 8 (supports predicted class)

#### Risk and Policy
- **Stage**: Exploitation
- **Risk Score**: 1.4202
- **Policy Zone**: Monitor
- **Recommended Action**: Log the event and continue monitoring

#### Human Review
- **Required**: Yes
- **Confidence Threshold**: 0.7
- **Reason**: Detector confidence below the fixed 0.70 threshold.

#### Limitations
This report is limited to the detector and supplied SHAP evidence.","Prediction Summary
The detector predicted Fuzzers with confidence 0.2185 and uncertainty 0.7815.

Evidence
1. ct_srv_src: observed value=23; SHAP value=0.052624; direction=supports predicted class.
2. ct_srv_dst: observed value=18; SHAP value=0.052314; direction=supports predicted class.
3. proto_udp: observed value=0; SHAP value=-0.033412; direction=opposes predicted class.
4. service_-: observed value=1; SHAP value=0.029695; direction=supports predicted class.
5. ct_src_dport_ltm: observed value=8; SHAP value=0.025561; direction=supports predicted class.

Risk and Policy
The predicted operational stage is Exploitation. The confidence-weighted risk score is 1.4202, corresponding to the Monitor policy zone.

Recommended Action
Log the event and continue monitoring.

Human Review
Detector confidence below the fixed 0.70 threshold.

Limitations
This report is limited to the detector prediction, policy mapping, and five supplied local SHAP contributions. It does not establish ground truth or independently confirm an incident.",evidence_contract_renderer,True,124,False,False,False,5,True,0,False,5,True,True,False,Recommended Action,True,True,True,5,True,True
UNSW-OFFICIAL-56041,A4_verified_full,A3_constrained_full,2.0,verified,Generic,False,"### Evidence-Grounded SOC Report

**Prediction Summary:**
The predicted label is ""Exploits"" with a confidence of 0.7756578192149923 and an uncertainty score of 0.22434218078500767. The recommended action is to ""Block the suspected source and initiate investigation.""

**Evidence:**
1. **sttl (Time to Live):** sttl = 62, SHAP value = 0.0617265179753303, direction = supports predicted class
2. **dbytes (Data Bytes):** dbytes = 27492, SHAP value = 0.0524513907730579, direction = supports predicted class
3. **dmean (Data Mean):** dmean = 1057, SHAP value = 0.0478911064565181, direction = supports predicted class
4. **dload (Data Load):** dload = 356558, SHAP value = 0.0408412627875804, direction = supports predicted class
5. **dloss (Data Loss):** dloss = 11, SHAP value = 0.0355849377810955, direction = supports predicted class

**Risk and Policy:**
The risk score is 5.0418, and the policy zone is ""Block."" The recommended action is to ""Block the suspected source and initiate investigation.""

**Recommended Action:**
The recommended action is to ""Block the suspected source and initiate investigation.""

**Human Review:**
The human review decision is ""No mandatory confidence-based referral.""

**Limitations:**
This report is limited to the","Prediction Summary
The detector predicted Exploits with confidence 0.7757 and uncertainty 0.2243.

Evidence
1. sttl: observed value=62; SHAP value=0.061727; direction=supports predicted class.
2. dbytes: observed value=27492; SHAP value=0.052451; direction=supports predicted class.
3. dmean: observed value=1057; SHAP value=0.047891; direction=supports predicted class.
4. dload: observed value=356557.5938; SHAP value=0.040841; direction=supports predicted class.
5. dloss: observed value=11; SHAP value=0.035585; direction=supports predicted class.

Risk and Policy
The predicted operational stage is Exploitation. The confidence-weighted risk score is 5.0418, corresponding to the Block policy zone.

Recommended Action
Block the suspected source and initiate investigation.

Human Review
No mandatory confidence-based referral.

Limitations
This report is limited to the detector prediction, policy mapping, and five supplied local SHAP contributions. It does not establish ground truth or independently confirm an incident.",evidence_contract_renderer,True,122,True,True,True,5,True,5,True,5,True,True,True,,True,True,True,5,True,True
UNSW-OFFICIAL-56043,A4_verified_full,A3_constrained_full,2.0,verified,DoS,False,"### Evidence-Grounded SOC Report

#### Prediction Summary
The predicted label is ""Fuzzers"" with a confidence of 0.2183 and an uncertainty score of 0.7817. The recommended action is to log the event and continue monitoring.

#### Evidence
1. **ct_srv_src**: 23 (supports predicted class)
2. **ct_srv_dst**: 18 (supports predicted class)
3. **proto_udp**: 0.0 (opposes predicted class)
4. **service_-**: 1.0 (supports predicted class)
5. **ct_src_dport_ltm**: 8 (supports predicted class)

#### Risk and Policy
- **Stage**: Exploitation
- **Risk Score**: 1.4192
- **Policy Zone**: Monitor

#### Recommended Action
- **Recommended Action**: Log the event and continue monitoring.

#### Human Review
- **Human Review Required**: Yes
- **Confidence Threshold**: 0.7
- **Reason**: Detector confidence below the fixed 0.70 threshold.

#### Limitations
- **Report Limitations**: This report is limited to the detector and supplied SHAP evidence. It does not include additional attack behavior, causes, impacts, IP addresses, hostnames, CVEs, malware, tools, or any other remediation details.","Prediction Summary
The detector predicted Fuzzers with confidence 0.2183 and uncertainty 0.7817.

Evidence
1. ct_srv_src: observed value=23; SHAP value=0.052476; direction=supports predicted class.
2. ct_srv_dst: observed value=18; SHAP value=0.052378; direction=supports predicted class.
3. proto_udp: observed value=0; SHAP value=-0.033456; direction=opposes predicted class.
4. service_-: observed value=1; SHAP value=0.029681; direction=supports predicted class.
5. ct_src_dport_ltm: observed value=8; SHAP value=0.025703; direction=supports predicted class.

Risk and Policy
The predicted operational stage is Exploitation. The confidence-weighted risk score is 1.4192, corresponding to the Monitor policy zone.

Recommended Action
Log the event and continue monitoring.

Human Review
Detector confidence below the fixed 0.70 threshold.

Limitations
This report is limited to the detector prediction, policy mapping, and five supplied local SHAP contributions. It does not establish ground truth or independently confirm an incident.",evidence_contract_renderer,True,124,True,True,True,5,True,0,False,5,True,True,False,,True,True,True,5,True,True
UNSW-OFFICIAL-56217,A4_verified_full,A3_constrained_full,2.0,verified,Analysis,False,"### Evidence-Grounded SOC Report

#### Prediction Summary
The predicted label is **DoS** with a confidence of **0.2388979010905834** and an uncertainty score of **0.7611020989094166**. The recommended action is to **Log the event and continue monitoring**.

#### Evidence
1. **Protocol is not UDP** (SHAP value: 0.0212956257164478, direction: supports predicted class)
2. **sbytes = 200** (SHAP value: 0.0164242144674062, direction: supports predicted class)
3. **smean = 100** (SHAP value: 0.0100237317383289, direction: supports predicted class)
4. **ct_dst_sport_ltm = 6** (SHAP value: 0.0079699903726577, direction: supports predicted class)
5. **ct_src_ltm = 6** (SHAP value: 0.0074545005336403, direction: supports predicted class)

#### Risk and Policy
- **Stage**: Impact / Availability
- **Risk Score**: 1.6723
- **Policy Zone**: Monitor
- **Recommended Action**: Log the event and continue monitoring

#### Human Review
- **Required**: Yes
- **Confidence Threshold**: 0.7
- **Reason**: Detector confidence below the fixed 0.70 threshold.

#### Limitations
This report is limited to the detector and supplied SHAP evidence.","Prediction Summary
The detector predicted DoS with confidence 0.2389 and uncertainty 0.7611.

Evidence
1. proto_udp: observed value=0; SHAP value=0.021296; direction=supports predicted class.
2. sbytes: observed value=200; SHAP value=0.016424; direction=supports predicted class.
3. smean: observed value=100; SHAP value=0.010024; direction=supports predicted class.
4. ct_dst_sport_ltm: observed value=6; SHAP value=0.007970; direction=supports predicted class.
5. ct_src_ltm: observed value=6; SHAP value=0.007455; direction=supports predicted class.

Risk and Policy
The predicted operational stage is Impact / Availability. The confidence-weighted risk score is 1.6723, corresponding to the Monitor policy zone.

Recommended Action
Log the event and continue monitoring.

Human Review
Detector confidence below the fixed 0.70 threshold.

Limitations
This report is limited to the detector prediction, policy mapping, and five supplied local SHAP contributions. It does not establish ground truth or independently confirm an incident.",evidence_contract_renderer,True,126,False,False,False,5,True,5,True,5,True,True,False,Recommended Action,True,True,True,5,True,True
UNSW-OFFICIAL-56979,A4_verified_full,A3_constrained_full,2.0,verified,Backdoor,False,"### Evidence-Grounded SOC Report

#### Prediction Summary
The predicted label is **DoS** with a confidence of **0.2448806917930855** and an uncertainty score of **0.7551193082069145**. The recommended action is to **Log the event and continue monitoring**.

#### Evidence
1. **Protocol is not UDP** (Supports predicted class)
2. **sbytes = 200** (Supports predicted class)
3. **ct_dst_sport_ltm = 4** (Supports predicted class)
4. **smean = 100** (Supports predicted class)
5. **ct_src_dport_ltm = 4** (Supports predicted class)

#### Risk and Policy
- **Risk Score:** 1.7142
- **Policy Zone:** Monitor
- **Recommended Action:** Log the event and continue monitoring

#### Human Review
- **Required:** Yes
- **Confidence Threshold:** 0.7
- **Reason:** Detector confidence below the fixed 0.70 threshold.

#### Limitations
This report is limited to the detector and supplied SHAP evidence.","Prediction Summary
The detector predicted DoS with confidence 0.2449 and uncertainty 0.7551.

Evidence
1. proto_udp: observed value=0; SHAP value=0.020575; direction=supports predicted class.
2. sbytes: observed value=200; SHAP value=0.017966; direction=supports predicted class.
3. ct_dst_sport_ltm: observed value=4; SHAP value=0.014613; direction=supports predicted class.
4. smean: observed value=100; SHAP value=0.009136; direction=supports predicted class.
5. ct_src_dport_ltm: observed value=4; SHAP value=0.007447; direction=supports predicted class.

Risk and Policy
The predicted operational stage is Impact / Availability. The confidence-weighted risk score is 1.7142, corresponding to the Monitor policy zone.

Recommended Action
Log the event and continue monitoring.

Human Review
Detector confidence below the fixed 0.70 threshold.

Limitations
This report is limited to the detector prediction, policy mapping, and five supplied local SHAP contributions. It does not establish ground truth or independently confirm an incident.",evidence_contract_renderer,True,126,False,False,False,5,True,0,False,5,True,True,False,Recommended Action,True,True,True,5,True,True
UNSW-OFFICIAL-57049,A4_verified_full,A3_constrained_full,2.0,verified,Analysis,False,"### Evidence-Grounded SOC Report

#### Prediction Summary
The predicted label is **Backdoor** with a confidence of **0.2618** and an uncertainty score of **0.7382**. The recommended action is to **Raise a SOC alert and enrich the event context**.

#### Evidence
1. **Protocol is not UDP** (Supports Predicted Class): The protocol is not UDP, which is a characteristic of backdoor attacks.
2. **sbytes = 200** (Supports Predicted Class): The size of the data transferred is 200 bytes, which is a typical size for backdoor traffic.
3. **ct_dst_src_ltm = 6** (Supports Predicted Class): The traffic is directed to a specific destination, which is a common characteristic of backdoor traffic.
4. **dpkts = 0** (Supports Predicted Class): The number of packets is zero, which is unusual for backdoor traffic.
5. **smean = 100** (Supports Predicted Class): The size of the data transferred is 100 bytes, which is a typical size for backdoor traffic.

#### Risk and Policy
- **Stage**: Command and Control
- **Risk Score**: 2.0948
- **Policy Zone**: Alert

#### Recommended Action
- **Recommended Action**: Raise a SOC alert and enrich the event context.

#### Human Review
- **Human Review Required**: Yes
- **Confidence Threshold**: 0.7
- **Reason**: Detector confidence below the fixed 0.70 threshold.

#### Limitations
- **Report Limitations**: This report is limited to the detector and supplied SHAP evidence. It does not include additional attack behavior, causes, impacts, IP addresses, hostnames, CVEs, malware, tools, or any other remediation details.","Prediction Summary
The detector predicted Backdoor with confidence 0.2618 and uncertainty 0.7382.

Evidence
1. proto_udp: observed value=0; SHAP value=0.024174; direction=supports predicted class.
2. sbytes: observed value=200; SHAP value=0.016542; direction=supports predicted class.
3. ct_dst_src_ltm: observed value=6; SHAP value=0.007362; direction=supports predicted class.
4. dpkts: observed value=0; SHAP value=0.007206; direction=supports predicted class.
5. smean: observed value=100; SHAP value=0.007199; direction=supports predicted class.

Risk and Policy
The predicted operational stage is Command and Control. The confidence-weighted risk score is 2.0948, corresponding to the Alert policy zone.

Recommended Action
Raise a SOC alert and enrich the event context.

Human Review
Detector confidence below the fixed 0.70 threshold.

Limitations
This report is limited to the detector prediction, policy mapping, and five supplied local SHAP contributions. It does not establish ground truth or independently confirm an incident.",evidence_contract_renderer,True,129,True,True,True,5,True,0,False,5,True,True,False,,True,True,True,5,True,True
UNSW-OFFICIAL-57299,A4_verified_full,A3_constrained_full,2.0,verified,Analysis,True,"### Evidence-Grounded SOC Report

#### Prediction Summary
The predicted label is ""Analysis"" with a confidence of 0.2347969271269524 and an uncertainty score of 0.7652030728730476. The recommended action is to log the event and continue monitoring.

#### Evidence
1. **ct_srv_src**: ct_srv_src = 15, SHAP value = -0.0226219482719898, Direction = Opposes predicted class
2. **proto_udp**: Protocol is not udp, SHAP value = 0.0177477672696113, Direction = Supports predicted class
3. **proto_unas**: Protocol = unas, SHAP value = 0.0152203664183616, Direction = Supports predicted class
4. **sbytes**: sbytes = 200, SHAP value = 0.0117307417094707, Direction = Supports predicted class
5. **ct_dst_src_ltm**: ct_dst_src_ltm = 4, SHAP value = 0.011545923538506, Direction = Supports predicted class

#### Risk and Policy
- **Stage**: Reconnaissance
- **Risk Score**: 0.7044
- **Policy Zone**: Monitor
- **Recommended Action**: Log the event and continue monitoring

#### Human Review
- **Required**: Yes
- **Confidence Threshold**: 0.7
- **Reason**: Detector confidence below the fixed 0.70 threshold.

#### Limitations
This report is limited to the detector and supplied SHAP evidence.","Prediction Summary
The detector predicted Analysis with confidence 0.2348 and uncertainty 0.7652.

Evidence
1. ct_srv_src: observed value=15; SHAP value=-0.022622; direction=opposes predicted class.
2. proto_udp: observed value=0; SHAP value=0.017748; direction=supports predicted class.
3. proto_unas: observed value=1; SHAP value=0.015220; direction=supports predicted class.
4. sbytes: observed value=200; SHAP value=0.011731; direction=supports predicted class.
5. ct_dst_src_ltm: observed value=4; SHAP value=0.011546; direction=supports predicted class.

Risk and Policy
The predicted operational stage is Reconnaissance. The confidence-weighted risk score is 0.7044, corresponding to the Monitor policy zone.

Recommended Action
Log the event and continue monitoring.

Human Review
Detector confidence below the fixed 0.70 threshold.

Limitations
This report is limited to the detector prediction, policy mapping, and five supplied local SHAP contributions. It does not establish ground truth or independently confirm an incident.",evidence_contract_renderer,True,124,False,False,False,5,True,5,True,5,True,True,False,Recommended Action,True,True,True,5,True,True
UNSW-OFFICIAL-57328,A4_verified_full,A3_constrained_full,2.0,verified,Backdoor,True,"### Evidence-Grounded SOC Report

**Prediction Summary:**
The predicted label is **Backdoor** with a confidence of **0.240** and an uncertainty score of **0.759**. The recommended action is to **Log the event and continue monitoring**.

**Evidence:**
1. **ct_srv_src**: 15 (supports predicted class)
2. **ct_src_ltm**: 9 (supports predicted class)
3. **proto_udp**: 0.0 (supports predicted class)
4. **ct_dst_sport_ltm**: 4 (supports predicted class)
5. **sbytes**: 200 (supports predicted class)

**Risk and Policy:**
- **Stage**: Command and Control
- **Risk Score**: 1.9216
- **Policy Zone**: Monitor

**Recommended Action:**
- **Log the event and continue monitoring**

**Human Review:**
- **Required**: Yes
- **Confidence Threshold**: 0.7
- **Reason**: Detector confidence below the fixed 0.70 threshold.

**Limitations:**
- The report is limited to the detector and supplied SHAP evidence.","Prediction Summary
The detector predicted Backdoor with confidence 0.2402 and uncertainty 0.7598.

Evidence
1. ct_srv_src: observed value=15; SHAP value=-0.031147; direction=opposes predicted class.
2. ct_src_ltm: observed value=9; SHAP value=0.024977; direction=supports predicted class.
3. proto_udp: observed value=0; SHAP value=0.021186; direction=supports predicted class.
4. ct_dst_sport_ltm: observed value=4; SHAP value=0.014741; direction=supports predicted class.
5. sbytes: observed value=200; SHAP value=0.014725; direction=supports predicted class.

Risk and Policy
The predicted operational stage is Command and Control. The confidence-weighted risk score is 1.9216, corresponding to the Monitor policy zone.

Recommended Action
Log the event and continue monitoring.

Human Review
Detector confidence below the fixed 0.70 threshold.

Limitations
This report is limited to the detector prediction, policy mapping, and five supplied local SHAP contributions. It does not establish ground truth or independently confirm an incident.",evidence_contract_renderer,True,126,True,True,True,5,True,0,False,5,True,True,False,,True,True,True,5,True,True
UNSW-OFFICIAL-57391,A4_verified_full,A3_constrained_full,2.0,verified,Analysis,True,"### Evidence-Grounded SOC Report

#### Prediction Summary
The predicted label is ""Analysis"" with a confidence of 0.2347969271269524 and an uncertainty score of 0.7652030728730476. The recommended action is to log the event and continue monitoring.

#### Evidence
1. **ct_srv_src**: ct_srv_src = 15, SHAP value = -0.0226219482719898, Direction = Opposes predicted class
2. **proto_udp**: Protocol is not udp, SHAP value = 0.0177477672696113, Direction = Supports predicted class
3. **proto_unas**: Protocol = unas, SHAP value = 0.0152203664183616, Direction = Supports predicted class
4. **sbytes**: sbytes = 200, SHAP value = 0.0117307417094707, Direction = Supports predicted class
5. **ct_dst_src_ltm**: ct_dst_src_ltm = 4, SHAP value = 0.011545923538506, Direction = Supports predicted class

#### Risk and Policy
- **Stage**: Reconnaissance
- **Risk Score**: 0.7044
- **Policy Zone**: Monitor
- **Recommended Action**: Log the event and continue monitoring

#### Human Review
- **Required**: Yes
- **Confidence Threshold**: 0.7
- **Reason**: Detector confidence below the fixed 0.70 threshold.

#### Limitations
This report is limited to the detector and supplied SHAP evidence.","Prediction Summary
The detector predicted Analysis with confidence 0.2348 and uncertainty 0.7652.

Evidence
1. ct_srv_src: observed value=15; SHAP value=-0.022622; direction=opposes predicted class.
2. proto_udp: observed value=0; SHAP value=0.017748; direction=supports predicted class.
3. proto_unas: observed value=1; SHAP value=0.015220; direction=supports predicted class.
4. sbytes: observed value=200; SHAP value=0.011731; direction=supports predicted class.
5. ct_dst_src_ltm: observed value=4; SHAP value=0.011546; direction=supports predicted class.

Risk and Policy
The predicted operational stage is Reconnaissance. The confidence-weighted risk score is 0.7044, corresponding to the Monitor policy zone.

Recommended Action
Log the event and continue monitoring.

Human Review
Detector confidence below the fixed 0.70 threshold.

Limitations
This report is limited to the detector prediction, policy mapping, and five supplied local SHAP contributions. It does not establish ground truth or independently confirm an incident.",evidence_contract_renderer,True,124,False,False,False,5,True,5,True,5,True,True,False,Recommended Action,True,True,True,5,True,True
UNSW-OFFICIAL-57852,A4_verified_full,A3_constrained_full,2.0,verified,Generic,False,"### Evidence-Grounded SOC Report

#### Prediction Summary
The predicted label is **DoS** with a confidence of **0.524595** and an uncertainty score of **0.475405**. The recommended action is to **Raise a SOC alert and enrich the event context**.

#### Evidence
1. **sttl**: sttl = 254, SHAP value = 0.072643, direction = supports predicted class
2. **dbytes**: dbytes = 1774, SHAP value = 0.030962, direction = supports predicted class
3. **dloss**: dloss = 8, SHAP value = 0.028219, direction = supports predicted class
4. **dmean**: dmean = 89, SHAP value = 0.022400, direction = supports predicted class
5. **service_smtp**: Service = smtp, SHAP value = 0.022142, direction = supports predicted class

#### Risk and Policy
- **Stage**: Impact / Availability
- **Risk Score**: 3.6722
- **Policy Zone**: Alert
- **Recommended Action**: Raise a SOC alert and enrich the event context

#### Human Review
- **Required**: Yes
- **Confidence Threshold**: 0.7
- **Reason**: Detector confidence below the fixed 0.70 threshold.

#### Limitations
This report is limited to the detector and supplied SHAP evidence.","Prediction Summary
The detector predicted DoS with confidence 0.5246 and uncertainty 0.4754.

Evidence
1. sttl: observed value=254; SHAP value=0.072643; direction=supports predicted class.
2. dbytes: observed value=1774; SHAP value=0.030962; direction=supports predicted class.
3. dloss: observed value=8; SHAP value=0.028219; direction=supports predicted class.
4. dmean: observed value=89; SHAP value=0.022400; direction=supports predicted class.
5. service_smtp: observed value=1; SHAP value=0.022142; direction=supports predicted class.

Risk and Policy
The predicted operational stage is Impact / Availability. The confidence-weighted risk score is 3.6722, corresponding to the Alert policy zone.

Recommended Action
Raise a SOC alert and enrich the event context.

Human Review
Detector confidence below the fixed 0.70 threshold.

Limitations
This report is limited to the detector prediction, policy mapping, and five supplied local SHAP contributions. It does not establish ground truth or independently confirm an incident.",evidence_contract_renderer,True,129,False,False,False,5,True,5,True,5,True,True,False,Recommended Action,True,True,True,5,True,True
UNSW-OFFICIAL-57874,A4_verified_full,A3_constrained_full,2.0,verified,Backdoor,True,"### Evidence-Grounded SOC Report

#### Prediction Summary
The predicted label is **Backdoor** with a confidence of **0.2648** and an uncertainty score of **0.7352**. The recommended action is to **Raise a SOC alert and enrich the event context**.

#### Evidence
1. **Protocol is not UDP** (Supports Predicted Class): The protocol is not UDP, which is a characteristic of backdoor attacks.
2. **sbytes = 200** (Supports Predicted Class): The size of the data transferred is 200 bytes, which is a typical size for backdoor traffic.
3. **ct_dst_src_ltm = 6** (Supports Predicted Class): The connection type is likely a TCP connection, which is common in backdoor traffic.
4. **smean = 100** (Supports Predicted Class): The size of the data transferred is 100 bytes, which is a typical size for backdoor traffic.
5. **Service = unspecified** (Supports Predicted Class): The service type is unspecified, which is a common characteristic of backdoor traffic.

#### Risk and Policy
- **Stage**: Command and Control
- **Risk Score**: 2.1186
- **Policy Zone**: Alert

#### Recommended Action
- **Recommended Action**: Raise a SOC alert and enrich the event context.

#### Human Review
- **Human Review Required**: Yes
- **Confidence Threshold**: 0.7
- **Reason**: Detector confidence below the fixed 0.70 threshold.

#### Limitations
- **Report Limitations**: This report is limited to the detector and supplied SHAP evidence. It does not include additional attack behavior, causes, impacts, IP addresses, hostnames, CVEs, malware, tools, or any other remediation details.","Prediction Summary
The detector predicted Backdoor with confidence 0.2648 and uncertainty 0.7352.

Evidence
1. proto_udp: observed value=0; SHAP value=0.024048; direction=supports predicted class.
2. sbytes: observed value=200; SHAP value=0.016812; direction=supports predicted class.
3. ct_dst_src_ltm: observed value=6; SHAP value=0.009053; direction=supports predicted class.
4. smean: observed value=100; SHAP value=0.007333; direction=supports predicted class.
5. service_-: observed value=1; SHAP value=0.007082; direction=supports predicted class.

Risk and Policy
The predicted operational stage is Command and Control. The confidence-weighted risk score is 2.1186, corresponding to the Alert policy zone.

Recommended Action
Raise a SOC alert and enrich the event context.

Human Review
Detector confidence below the fixed 0.70 threshold.

Limitations
This report is limited to the detector prediction, policy mapping, and five supplied local SHAP contributions. It does not establish ground truth or independently confirm an incident.",evidence_contract_renderer,True,129,True,True,True,5,True,0,False,5,True,True,False,,True,True,True,5,True,True
UNSW-OFFICIAL-57935,A4_verified_full,A3_constrained_full,2.0,verified,Analysis,False,"### Evidence-Grounded SOC Report

#### Prediction Summary
The predicted label is **DoS** with a confidence of **0.2377** and an uncertainty score of **0.7622**. The recommended action is to **Log the event and continue monitoring**.

#### Evidence
1. **Protocol is not UDP** (Supports predicted class)
2. **sbytes = 200** (Supports predicted class)
3. **smean = 100** (Supports predicted class)
4. **ct_dst_sport_ltm = 6** (Supports predicted class)
5. **ct_src_ltm = 6** (Supports predicted class)

#### Risk and Policy
- **Risk Score:** 1.6642
- **Policy Zone:** Monitor
- **Recommended Action:** Log the event and continue monitoring

#### Human Review
- **Required:** Yes
- **Confidence Threshold:** 0.7
- **Reason:** Detector confidence below the fixed 0.70 threshold.

#### Limitations
This report is limited to the detector and supplied SHAP evidence.","Prediction Summary
The detector predicted DoS with confidence 0.2377 and uncertainty 0.7623.

Evidence
1. proto_udp: observed value=0; SHAP value=0.021953; direction=supports predicted class.
2. sbytes: observed value=200; SHAP value=0.016399; direction=supports predicted class.
3. smean: observed value=100; SHAP value=0.010010; direction=supports predicted class.
4. ct_dst_sport_ltm: observed value=6; SHAP value=0.008550; direction=supports predicted class.
5. ct_src_ltm: observed value=6; SHAP value=0.007866; direction=supports predicted class.

Risk and Policy
The predicted operational stage is Impact / Availability. The confidence-weighted risk score is 1.6642, corresponding to the Monitor policy zone.

Recommended Action
Log the event and continue monitoring.

Human Review
Detector confidence below the fixed 0.70 threshold.

Limitations
This report is limited to the detector prediction, policy mapping, and five supplied local SHAP contributions. It does not establish ground truth or independently confirm an incident.",evidence_contract_renderer,True,126,False,False,False,5,True,0,False,5,True,True,False,Recommended Action,True,True,True,5,True,True
UNSW-OFFICIAL-58114,A4_verified_full,A3_constrained_full,2.0,verified,Exploits,True,"### Evidence-Grounded SOC Report

#### Prediction Summary
The predicted label is ""Exploits"" with a confidence of 0.9722 and an uncertainty score of 0.0278. The recommended action is to block the suspected source and initiate investigation.

#### Evidence
1. **sttl**: sttl = 62, SHAP value = 0.0865, direction = supports predicted class
2. **dmean**: dmean = 986, SHAP value = 0.0657, direction = supports predicted class
3. **dloss**: dloss = 28, SHAP value = 0.0586, direction = supports predicted class
4. **dbytes**: dbytes = 59188, SHAP value = 0.0579, direction = supports predicted class
5. **dpkts**: dpkts = 60, SHAP value = 0.0509, direction = supports predicted class

#### Risk and Policy
- **Stage**: Exploitation
- **Risk Score**: 6.32
- **Policy Zone**: Block

#### Recommended Action
- **Recommended Action**: Block the suspected source and initiate investigation.

#### Human Review
- **Human Review Required**: No
- **Confidence Threshold**: 0.7
- **Reason**: No mandatory confidence-based referral.

#### Limitations
- **Report Limitations**: This report is limited to the detector and supplied SHAP evidence.","Prediction Summary
The detector predicted Exploits with confidence 0.9722 and uncertainty 0.0278.

Evidence
1. sttl: observed value=62; SHAP value=0.086540; direction=supports predicted class.
2. dmean: observed value=986; SHAP value=0.065681; direction=supports predicted class.
3. dloss: observed value=28; SHAP value=0.058583; direction=supports predicted class.
4. dbytes: observed value=59188; SHAP value=0.057914; direction=supports predicted class.
5. dpkts: observed value=60; SHAP value=0.050859; direction=supports predicted class.

Risk and Policy
The predicted operational stage is Exploitation. The confidence-weighted risk score is 6.3196, corresponding to the Block policy zone.

Recommended Action
Block the suspected source and initiate investigation.

Human Review
No mandatory confidence-based referral.

Limitations
This report is limited to the detector prediction, policy mapping, and five supplied local SHAP contributions. It does not establish ground truth or independently confirm an incident.",evidence_contract_renderer,False,122,True,True,True,5,True,5,True,5,True,True,False,,True,True,True,5,True,True
UNSW-OFFICIAL-58156,A4_verified_full,A3_constrained_full,2.0,verified,Analysis,False,"### Evidence-Grounded SOC Report

#### Prediction Summary
The predicted label is ""Exploits"" with a confidence of 0.5731 and an uncertainty score of 0.4269. The recommended action is to raise a SOC alert and enrich the event context.

#### Evidence
1. **dmean**: 153 (supports predicted class)
2. **sttl**: 62 (supports predicted class)
3. **ct_dst_src_ltm**: 1 (supports predicted class)
4. **dloss**: 2 (supports predicted class)
5. **dbytes**: 1224 (supports predicted class)

#### Risk and Policy
- **Risk Score**: 3.7253
- **Policy Zone**: Alert
- **Recommended Action**: Raise a SOC alert and enrich the event context.

#### Human Review
- **Human Review Required**: Yes
- **Confidence Threshold**: 0.70
- **Reason**: Detector confidence below the fixed 0.70 threshold.

#### Limitations
- **Report Limitations**: This report is limited to the detector and supplied SHAP evidence. It does not include additional details such as attack behavior, causes, impacts, IP addresses, hostnames, CVEs, malware, tools, or remediation steps.","Prediction Summary
The detector predicted Exploits with confidence 0.5731 and uncertainty 0.4269.

Evidence
1. dmean: observed value=153; SHAP value=0.058630; direction=supports predicted class.
2. sttl: observed value=62; SHAP value=0.058038; direction=supports predicted class.
3. ct_dst_src_ltm: observed value=1; SHAP value=0.035554; direction=supports predicted class.
4. dloss: observed value=2; SHAP value=0.034858; direction=supports predicted class.
5. dbytes: observed value=1224; SHAP value=0.032058; direction=supports predicted class.

Risk and Policy
The predicted operational stage is Exploitation. The confidence-weighted risk score is 3.7253, corresponding to the Alert policy zone.

Recommended Action
Raise a SOC alert and enrich the event context.

Human Review
Detector confidence below the fixed 0.70 threshold.

Limitations
This report is limited to the detector prediction, policy mapping, and five supplied local SHAP contributions. It does not establish ground truth or independently confirm an incident.",evidence_contract_renderer,True,127,False,False,False,5,True,0,False,5,True,True,False,Recommended Action,True,True,True,5,True,True
UNSW-OFFICIAL-58200,A4_verified_full,A3_constrained_full,2.0,verified,Generic,False,"### Evidence-Grounded SOC Report

**Prediction Summary:**
The predicted label is ""Exploits"" with a confidence of 0.7202 and an uncertainty score of 0.2798. The recommended action is to raise a SOC alert and enrich the event context.

**Evidence:**
1. **dbytes**: 32602 (supports predicted class)
2. **dloss**: 12 (supports predicted class)
3. **dmean**: 1164 (supports predicted class)
4. **dpkts**: 28 (supports predicted class)
5. **dload**: 366068.40625 (supports predicted class)

**Risk and Policy:**
The risk score is 4.681, indicating a high risk. The policy zone is ""Alert,"" and the recommended action is to raise a SOC alert and enrich the event context.

**Recommended Action:**
Raise a SOC alert and enrich the event context.

**Human Review:**
No mandatory confidence-based referral is required.

**Limitations:**
This report is limited to the detector and supplied SHAP evidence.","Prediction Summary
The detector predicted Exploits with confidence 0.7202 and uncertainty 0.2798.

Evidence
1. dbytes: observed value=32602; SHAP value=0.061873; direction=supports predicted class.
2. dloss: observed value=12; SHAP value=0.058765; direction=supports predicted class.
3. dmean: observed value=1164; SHAP value=0.055799; direction=supports predicted class.
4. dpkts: observed value=28; SHAP value=0.044518; direction=supports predicted class.
5. dload: observed value=366068.4062; SHAP value=0.042760; direction=supports predicted class.

Risk and Policy
The predicted operational stage is Exploitation. The confidence-weighted risk score is 4.6810, corresponding to the Alert policy zone.

Recommended Action
Raise a SOC alert and enrich the event context.

Human Review
No mandatory confidence-based referral.

Limitations
This report is limited to the detector prediction, policy mapping, and five supplied local SHAP contributions. It does not establish ground truth or independently confirm an incident.",evidence_contract_renderer,True,124,True,True,True,5,True,0,False,5,True,True,False,,True,True,True,5,True,True
UNSW-OFFICIAL-58369,A4_verified_full,A3_constrained_full,2.0,verified,Reconnaissance,True,"### Evidence-Grounded SOC Report

#### Prediction Summary
The predicted label is **Reconnaissance** with a confidence of **0.961** and an uncertainty score of **0.039**. The recommended action is to **Raise a SOC alert and enrich the event context**.

#### Evidence
1. **sbytes**: The observed value is **564**. The SHAP value is **0.105** and the direction is **supports predicted class**.
2. **smean**: The observed value is **56.0**. The SHAP value is **0.077** and the direction is **supports predicted class**.
3. **sjit**: The observed value is **8671.16**. The SHAP value is **0.056** and the direction is **supports predicted class**.
4. **dmean**: The observed value is **44.0**. The SHAP value is **0.045** and the direction is **supports predicted class**.
5. **dbytes**: The observed value is **354.0**. The SHAP value is **0.042** and the direction is **supports predicted class**.

#### Risk and Policy
- **Stage**: Reconnaissance
- **Risk Score**: 2.884
- **Policy Zone**: Alert

#### Recommended Action
- **Recommended Action**: Raise a SOC alert and enrich the event context.

#### Human Review
- **Human Review Required**: No
- **Confidence Threshold**: 0.7
- **Reason**: No mandatory confidence-based referral.

#### Limitations
- The report is limited to the detector and supplied SHAP evidence.","Prediction Summary
The detector predicted Reconnaissance with confidence 0.9613 and uncertainty 0.0387.

Evidence
1. sbytes: observed value=564; SHAP value=0.105138; direction=supports predicted class.
2. smean: observed value=56; SHAP value=0.077196; direction=supports predicted class.
3. sjit: observed value=8671.155273; SHAP value=0.056012; direction=supports predicted class.
4. dmean: observed value=44; SHAP value=0.045453; direction=supports predicted class.
5. dbytes: observed value=354; SHAP value=0.041714; direction=supports predicted class.

Risk and Policy
The predicted operational stage is Reconnaissance. The confidence-weighted risk score is 2.8840, corresponding to the Alert policy zone.

Recommended Action
Raise a SOC alert and enrich the event context.

Human Review
No mandatory confidence-based referral.

Limitations
This report is limited to the detector prediction, policy mapping, and five supplied local SHAP contributions. It does not establish ground truth or independently confirm an incident.",evidence_contract_renderer,False,124,True,True,True,5,True,5,True,5,True,True,False,,True,True,True,5,True,True
UNSW-OFFICIAL-58657,A4_verified_full,A3_constrained_full,2.0,verified,Backdoor,False,"### Evidence-Grounded SOC Report

#### Prediction Summary
The predicted label is ""DoS"" with a confidence of 0.2774 and an uncertainty score of 0.7226. The recommended action is to log the event and continue monitoring.

#### Evidence
1. **Protocol is not UDP** (Supports predicted class)
2. **sbytes = 200** (Supports predicted class)
3. **smean = 100** (Supports predicted class)
4. **ct_dst_sport_ltm = 6** (Supports predicted class)
5. **dinpkt = 0** (Supports predicted class)

#### Risk and Policy
- **Stage**: Impact / Availability
- **Risk Score**: 1.9417
- **Policy Zone**: Monitor
- **Recommended Action**: Log the event and continue monitoring

#### Human Review
- **Required**: Yes
- **Confidence Threshold**: 0.7
- **Reason**: Detector confidence below the fixed 0.70 threshold.

#### Limitations
This report is limited to the detector and supplied SHAP evidence.","Prediction Summary
The detector predicted DoS with confidence 0.2774 and uncertainty 0.7226.

Evidence
1. proto_udp: observed value=0; SHAP value=0.023538; direction=supports predicted class.
2. sbytes: observed value=200; SHAP value=0.017045; direction=supports predicted class.
3. smean: observed value=100; SHAP value=0.010407; direction=supports predicted class.
4. ct_dst_sport_ltm: observed value=6; SHAP value=0.008279; direction=supports predicted class.
5. dinpkt: observed value=0; SHAP value=0.006382; direction=supports predicted class.

Risk and Policy
The predicted operational stage is Impact / Availability. The confidence-weighted risk score is 1.9417, corresponding to the Monitor policy zone.

Recommended Action
Log the event and continue monitoring.

Human Review
Detector confidence below the fixed 0.70 threshold.

Limitations
This report is limited to the detector prediction, policy mapping, and five supplied local SHAP contributions. It does not establish ground truth or independently confirm an incident.",evidence_contract_renderer,True,126,False,False,False,5,True,0,False,5,True,True,False,Recommended Action,True,True,True,5,True,True
UNSW-OFFICIAL-58779,A4_verified_full,A3_constrained_full,2.0,verified,Generic,True,"### Evidence-Grounded SOC Report

#### Prediction Summary
The predicted label is ""Generic"" with a confidence of 0.9264 and an uncertainty score of 0.0736. The recommended action is to block the suspected source and initiate investigation.

#### Evidence
1. **Service DNS**: The service is identified as ""dns"" (supports predicted class).
2. **sbytes**: The observed value is 114 (supports predicted class).
3. **Service -**: An application service is identified (supports predicted class).
4. **smean**: The mean is 57 (supports predicted class).
5. **Protocol UDP**: The protocol is identified as ""udp"" (supports predicted class).

#### Risk and Policy
- **Stage**: Exploitation
- **Risk Score**: 6.0216
- **Policy Zone**: Block

#### Recommended Action
- **Recommended Action**: Block the suspected source and initiate investigation.

#### Human Review
- **Human Review Required**: No
- **Confidence Threshold**: 0.7
- **Reason**: No mandatory confidence-based referral.

#### Limitations
This report is limited to the detector and supplied SHAP evidence.","Prediction Summary
The detector predicted Generic with confidence 0.9264 and uncertainty 0.0736.

Evidence
1. service_dns: observed value=1; SHAP value=0.181018; direction=supports predicted class.
2. sbytes: observed value=114; SHAP value=0.136241; direction=supports predicted class.
3. service_-: observed value=0; SHAP value=0.124835; direction=supports predicted class.
4. smean: observed value=57; SHAP value=0.066230; direction=supports predicted class.
5. proto_udp: observed value=1; SHAP value=0.064707; direction=supports predicted class.

Risk and Policy
The predicted operational stage is Exploitation. The confidence-weighted risk score is 6.0216, corresponding to the Block policy zone.

Recommended Action
Block the suspected source and initiate investigation.

Human Review
No mandatory confidence-based referral.

Limitations
This report is limited to the detector prediction, policy mapping, and five supplied local SHAP contributions. It does not establish ground truth or independently confirm an incident.",evidence_contract_renderer,True,122,True,True,True,5,True,0,False,5,True,True,False,,True,True,True,5,True,True
UNSW-OFFICIAL-59012,A4_verified_full,A3_constrained_full,2.0,verified,DoS,False,"### SOC Report

#### Prediction Summary
The predicted label is ""Exploits"" with a confidence of 0.383 and an uncertainty score of 0.617. The recommended action is to raise a SOC alert and enrich the event context.

#### Evidence
1. **sbytes**: 2632 (supports predicted class)
2. **smean**: 1316 (supports predicted class)
3. **sload**: 658,000,000 (supports predicted class)
4. **dur**: 1.5999999959603883e-05 (supports predicted class)
5. **sinpkt**: 0.016 (supports predicted class)

#### Risk and Policy
- **Stage**: Exploitation
- **Risk Score**: 2.4896
- **Policy Zone**: Alert

#### Recommended Action
- **Recommended Action**: Raise a SOC alert and enrich the event context.

#### Human Review
- **Human Review Required**: Yes
- **Confidence Threshold**: 0.7
- **Reason**: Detector confidence below the fixed 0.70 threshold.

#### Limitations
- **Report Limitations**: This report is limited to the detector and supplied SHAP evidence. It does not include additional details such as attack behavior, causes, impacts, IP addresses, hostnames, CVEs, malware, tools, or extra remediation.","Prediction Summary
The detector predicted Exploits with confidence 0.3830 and uncertainty 0.6170.

Evidence
1. sbytes: observed value=2632; SHAP value=0.075330; direction=supports predicted class.
2. smean: observed value=1316; SHAP value=0.064002; direction=supports predicted class.
3. sload: observed value=658000000; SHAP value=0.031254; direction=supports predicted class.
4. dur: observed value=1.599999996e-05; SHAP value=0.030272; direction=supports predicted class.
5. sinpkt: observed value=0.01600000076; SHAP value=0.025259; direction=supports predicted class.

Risk and Policy
The predicted operational stage is Exploitation. The confidence-weighted risk score is 2.4896, corresponding to the Alert policy zone.

Recommended Action
Raise a SOC alert and enrich the event context.

Human Review
Detector confidence below the fixed 0.70 threshold.

Limitations
This report is limited to the detector prediction, policy mapping, and five supplied local SHAP contributions. It does not establish ground truth or independently confirm an incident.",evidence_contract_renderer,True,127,True,True,True,5,True,0,False,5,True,True,False,,True,True,True,5,True,True
UNSW-OFFICIAL-59026,A4_verified_full,A3_constrained_full,2.0,verified,Backdoor,True,"### Evidence-Grounded SOC Report

#### Prediction Summary
The predicted label is **Backdoor** with a confidence of **0.291** and an uncertainty score of **0.709**. The recommended action is to **Raise a SOC alert and enrich the event context**.

#### Evidence
1. **Protocol is not UDP** (Supports Predicted Class)
2. **sbytes = 200** (Supports Predicted Class)
3. **ct_dst_sport_ltm = 4** (Supports Predicted Class)
4. **ct_srv_src = 10** (Supports Predicted Class)
5. **ct_src_dport_ltm = 4** (Supports Predicted Class)

#### Risk and Policy
- **Stage**: Command and Control
- **Risk Score**: 2.3303
- **Policy Zone**: Alert

#### Recommended Action
- **Recommended Action**: Raise a SOC alert and enrich the event context.

#### Human Review
- **Human Review Required**: Yes
- **Confidence Threshold**: 0.7
- **Reason**: Detector confidence below the fixed 0.70 threshold.

#### Limitations
- **Report Limitations**: This report is limited to the detector and supplied SHAP evidence.","Prediction Summary
The detector predicted Backdoor with confidence 0.2913 and uncertainty 0.7087.

Evidence
1. proto_udp: observed value=0; SHAP value=0.021326; direction=supports predicted class.
2. sbytes: observed value=200; SHAP value=0.016004; direction=supports predicted class.
3. ct_dst_sport_ltm: observed value=4; SHAP value=0.014163; direction=supports predicted class.
4. ct_srv_src: observed value=10; SHAP value=0.007976; direction=supports predicted class.
5. ct_src_dport_ltm: observed value=4; SHAP value=0.007775; direction=supports predicted class.

Risk and Policy
The predicted operational stage is Command and Control. The confidence-weighted risk score is 2.3303, corresponding to the Alert policy zone.

Recommended Action
Raise a SOC alert and enrich the event context.

Human Review
Detector confidence below the fixed 0.70 threshold.

Limitations
This report is limited to the detector prediction, policy mapping, and five supplied local SHAP contributions. It does not establish ground truth or independently confirm an incident.",evidence_contract_renderer,True,129,True,True,True,5,True,0,False,5,True,True,False,,True,True,True,5,True,True
UNSW-OFFICIAL-59066,A4_verified_full,A3_constrained_full,2.0,verified,Generic,True,"### Evidence-Grounded SOC Report

#### Prediction Summary
The predicted label is ""Generic"" with a confidence of 96.86% and an uncertainty score of 3.14%. The predicted stage is ""Exploitation"" with a risk score of 6.2961. The recommended action is to ""Block the suspected source and initiate investigation.""

#### Evidence
1. **Service DNS**: Service = dns (Supports predicted class)
2. **Service -**: An application service is identified (Supports predicted class)
3. **sbytes**: sbytes = 114 (Supports predicted class)
4. **Proto UDP**: Protocol = udp (Supports predicted class)
5. **smean**: smean = 57 (Supports predicted class)

#### Risk and Policy
- **Stage**: Exploitation
- **Risk Score**: 6.2961
- **Policy Zone**: Block

#### Recommended Action
- **Recommended Action**: Block the suspected source and initiate investigation.

#### Human Review
- **Human Review Required**: No
- **Confidence Threshold**: 0.7
- **Reason**: No mandatory confidence-based referral.

#### Limitations
This report is limited to the detector and supplied SHAP evidence.","Prediction Summary
The detector predicted Generic with confidence 0.9686 and uncertainty 0.0314.

Evidence
1. service_dns: observed value=1; SHAP value=0.187129; direction=supports predicted class.
2. service_-: observed value=0; SHAP value=0.137725; direction=supports predicted class.
3. sbytes: observed value=114; SHAP value=0.135934; direction=supports predicted class.
4. proto_udp: observed value=1; SHAP value=0.075274; direction=supports predicted class.
5. smean: observed value=57; SHAP value=0.068376; direction=supports predicted class.

Risk and Policy
The predicted operational stage is Exploitation. The confidence-weighted risk score is 6.2961, corresponding to the Block policy zone.

Recommended Action
Block the suspected source and initiate investigation.

Human Review
No mandatory confidence-based referral.

Limitations
This report is limited to the detector prediction, policy mapping, and five supplied local SHAP contributions. It does not establish ground truth or independently confirm an incident.",evidence_contract_renderer,True,122,True,True,True,5,True,0,False,5,True,True,False,,True,True,True,5,True,True
UNSW-OFFICIAL-59144,A4_verified_full,A3_constrained_full,2.0,verified,Analysis,True,"### Evidence-Grounded SOC Report

#### Prediction Summary
The predicted label is ""Analysis"" with a confidence of 0.2601 and an uncertainty score of 0.7399. The recommended action is to log the event and continue monitoring.

#### Evidence
1. **Protocol is not UDP** (Supports predicted class, SHAP value: 0.0189)
2. **Protocol = UNAS** (Supports predicted class, SHAP value: 0.0186)
3. **ct_src_ltm = 11** (Supports predicted class, SHAP value: 0.0153)
4. **sbytes = 200** (Supports predicted class, SHAP value: 0.0149)
5. **ct_dst_sport_ltm = 4** (Supports predicted class, SHAP value: 0.0147)

#### Risk and Policy
- **Stage**: Reconnaissance
- **Risk Score**: 0.7803
- **Policy Zone**: Monitor

#### Recommended Action
- **Recommended Action**: Log the event and continue monitoring.

#### Human Review
- **Human Review Required**: Yes
- **Confidence Threshold**: 0.7
- **Reason**: Detector confidence below the fixed 0.70 threshold.

#### Limitations
- **Report Limitations**: This report is limited to the detector and supplied SHAP evidence. It does not include additional attack behavior, causes, impacts, IP addresses, hostnames, CVEs, malware, tools, or any remediation steps.","Prediction Summary
The detector predicted Analysis with confidence 0.2601 and uncertainty 0.7399.

Evidence
1. proto_udp: observed value=0; SHAP value=0.018906; direction=supports predicted class.
2. proto_unas: observed value=1; SHAP value=0.018582; direction=supports predicted class.
3. ct_src_ltm: observed value=11; SHAP value=0.015271; direction=supports predicted class.
4. sbytes: observed value=200; SHAP value=0.014874; direction=supports predicted class.
5. ct_dst_sport_ltm: observed value=4; SHAP value=0.014679; direction=supports predicted class.

Risk and Policy
The predicted operational stage is Reconnaissance. The confidence-weighted risk score is 0.7803, corresponding to the Monitor policy zone.

Recommended Action
Log the event and continue monitoring.

Human Review
Detector confidence below the fixed 0.70 threshold.

Limitations
This report is limited to the detector prediction, policy mapping, and five supplied local SHAP contributions. It does not establish ground truth or independently confirm an incident.",evidence_contract_renderer,False,124,True,True,True,5,True,5,True,5,True,True,False,,True,True,True,5,True,True
UNSW-OFFICIAL-59165,A4_verified_full,A3_constrained_full,2.0,verified,Analysis,True,"### Evidence-Grounded SOC Report

#### Prediction Summary
The predicted label is ""Analysis"" with a confidence of 0.3083 and an uncertainty score of 0.6917. The recommended action is to log the event and continue monitoring.

#### Evidence
1. **ct_src_ltm**: ct_src_ltm = 12, SHAP value = 0.0267, direction = supports predicted class
2. **proto_udp**: Protocol is not udp, SHAP value = 0.0204, direction = supports predicted class
3. **ct_dst_sport_ltm**: ct_dst_sport_ltm = 4, SHAP value = 0.0194, direction = supports predicted class
4. **proto_unas**: Protocol = unas, SHAP value = 0.0162, direction = supports predicted class
5. **ct_dst_src_ltm**: ct_dst_src_ltm = 5, SHAP value = 0.0159, direction = supports predicted class

#### Risk and Policy
- **Stage**: Reconnaissance
- **Risk Score**: 0.925
- **Policy Zone**: Monitor
- **Recommended Action**: Log the event and continue monitoring

#### Recommended Action
- **Human Review**: Required, with a confidence threshold of 0.7
- **Reason**: Detector confidence below the fixed 0.70 threshold.

#### Limitations
- The report is limited to the detector and supplied SHAP evidence.","Prediction Summary
The detector predicted Analysis with confidence 0.3083 and uncertainty 0.6917.

Evidence
1. ct_src_ltm: observed value=12; SHAP value=0.026736; direction=supports predicted class.
2. proto_udp: observed value=0; SHAP value=0.020442; direction=supports predicted class.
3. ct_dst_sport_ltm: observed value=4; SHAP value=0.019429; direction=supports predicted class.
4. proto_unas: observed value=1; SHAP value=0.016257; direction=supports predicted class.
5. ct_dst_src_ltm: observed value=5; SHAP value=0.015880; direction=supports predicted class.

Risk and Policy
The predicted operational stage is Reconnaissance. The confidence-weighted risk score is 0.9250, corresponding to the Monitor policy zone.

Recommended Action
Log the event and continue monitoring.

Human Review
Detector confidence below the fixed 0.70 threshold.

Limitations
This report is limited to the detector prediction, policy mapping, and five supplied local SHAP contributions. It does not establish ground truth or independently confirm an incident.",evidence_contract_renderer,True,124,False,False,False,5,True,5,True,5,True,True,False,Human Review,True,True,True,5,True,True
UNSW-OFFICIAL-59292,A4_verified_full,A3_constrained_full,2.0,verified,Generic,False,"### Evidence-Grounded SOC Report

#### Prediction Summary
The predicted label is ""Exploits"" with a confidence of 80.4% and an uncertainty score of 19.6%. The recommended action is to block the suspected source and initiate investigation.

#### Evidence
1. **sttl (Seconds to Live)**: sttl = 62, SHAP value = 0.05665, direction = supports predicted class
2. **dmean (Average Packet Size)**: dmean = 1160, SHAP value = 0.05224, direction = supports predicted class
3. **dbytes (Total Bytes Sent)**: dbytes = 30158, SHAP value = 0.04619, direction = supports predicted class
4. **dpkts (Total Packets Sent)**: dpkts = 26, SHAP value = 0.04046, direction = supports predicted class
5. **dloss (Total Losses)**: dloss = 11, SHAP value = 0.03612, direction = supports predicted class

#### Risk and Policy
- **Stage**: Exploitation
- **Risk Score**: 5.226
- **Policy Zone**: Block

#### Recommended Action
- **Recommended Action**: Block the suspected source and initiate investigation.

#### Human Review
- **Human Review Decision**: No mandatory confidence-based referral.

#### Limitations
- The report is limited to the detector and supplied SHAP evidence.","Prediction Summary
The detector predicted Exploits with confidence 0.8040 and uncertainty 0.1960.

Evidence
1. sttl: observed value=62; SHAP value=0.056651; direction=supports predicted class.
2. dmean: observed value=1160; SHAP value=0.052242; direction=supports predicted class.
3. dbytes: observed value=30158; SHAP value=0.046192; direction=supports predicted class.
4. dpkts: observed value=26; SHAP value=0.040457; direction=supports predicted class.
5. dloss: observed value=11; SHAP value=0.036118; direction=supports predicted class.

Risk and Policy
The predicted operational stage is Exploitation. The confidence-weighted risk score is 5.2257, corresponding to the Block policy zone.

Recommended Action
Block the suspected source and initiate investigation.

Human Review
No mandatory confidence-based referral.

Limitations
This report is limited to the detector prediction, policy mapping, and five supplied local SHAP contributions. It does not establish ground truth or independently confirm an incident.",evidence_contract_renderer,False,122,True,True,True,5,True,5,True,5,True,True,False,,True,True,True,5,True,True
UNSW-OFFICIAL-59529,A4_verified_full,A3_constrained_full,2.0,verified,Exploits,False,"### Evidence-Grounded SOC Report

#### Prediction Summary
The predicted label is ""Shellcode"" with a confidence of 0.5705 and an uncertainty score of 0.4295. The recommended action is to raise a SOC alert and enrich the event context.

#### Evidence
1. **ct_dst_src_ltm**: ct_dst_src_ltm = 1 (supports predicted class)
2. **service_-**: Service = unspecified (supports predicted class)
3. **ct_srv_dst**: ct_srv_dst = 1 (supports predicted class)
4. **service_http**: Service is not http (supports predicted class)
5. **dpkts**: dpkts = 6 (supports predicted class)

#### Risk and Policy
- **Stage**: Advanced Intrusion
- **Risk Score**: 4.8494
- **Policy Zone**: Alert

#### Recommended Action
- **Recommended Action**: Raise a SOC alert and enrich the event context.

#### Human Review
- **Human Review Required**: Yes
- **Confidence Threshold**: 0.70
- **Reason**: Detector confidence below the fixed 0.70 threshold.

#### Limitations
- **Report Limitations**: This report is limited to the detector and supplied SHAP evidence. It does not include additional details such as attack behavior, causes, impacts, IP addresses, hostnames, CVEs, malware, tools, or extra remediation.","Prediction Summary
The detector predicted Shellcode with confidence 0.5705 and uncertainty 0.4295.

Evidence
1. ct_dst_src_ltm: observed value=1; SHAP value=0.061273; direction=supports predicted class.
2. service_-: observed value=1; SHAP value=0.047091; direction=supports predicted class.
3. ct_srv_dst: observed value=1; SHAP value=0.035696; direction=supports predicted class.
4. service_http: observed value=0; SHAP value=0.031851; direction=supports predicted class.
5. dpkts: observed value=6; SHAP value=0.025062; direction=supports predicted class.

Risk and Policy
The predicted operational stage is Advanced Intrusion. The confidence-weighted risk score is 4.8494, corresponding to the Alert policy zone.

Recommended Action
Raise a SOC alert and enrich the event context.

Human Review
Detector confidence below the fixed 0.70 threshold.

Limitations
This report is limited to the detector prediction, policy mapping, and five supplied local SHAP contributions. It does not establish ground truth or independently confirm an incident.",evidence_contract_renderer,True,128,True,True,True,5,True,0,False,5,True,True,False,,True,True,True,5,True,True
UNSW-OFFICIAL-59623,A4_verified_full,A3_constrained_full,2.0,verified,Fuzzers,False,"### Evidence-Grounded SOC Report

#### Prediction Summary
The predicted label is **Reconnaissance** with a confidence of **0.3100580860516569** and an uncertainty score of **0.6899419139483431**. The recommended action is to **Log the event and continue monitoring**.

#### Evidence
1. **smean**: **53** (Supports predicted class)
2. **sjit**: **11803.4** (Supports predicted class)
3. **dmean**: **44** (Supports predicted class)
4. **sbytes**: **534** (Opposes predicted class)
5. **sload**: **2063.76** (Supports predicted class)

#### Risk and Policy
- **Stage**: Reconnaissance
- **Risk Score**: 0.9302
- **Policy Zone**: Monitor

#### Recommended Action
- **Recommended Action**: Log the event and continue monitoring.

#### Human Review
- **Human Review Required**: Yes
- **Confidence Threshold**: 0.7
- **Reason**: Detector confidence below the fixed 0.70 threshold.

#### Limitations
- **Report Limitations**: This report is limited to the detector and supplied SHAP evidence. It does not include additional details such as attack behavior, causes, impacts, or specific remediation steps.","Prediction Summary
The detector predicted Reconnaissance with confidence 0.3101 and uncertainty 0.6899.

Evidence
1. smean: observed value=53; SHAP value=-0.025782; direction=opposes predicted class.
2. sjit: observed value=11803.41406; SHAP value=0.024226; direction=supports predicted class.
3. dmean: observed value=44; SHAP value=0.023795; direction=supports predicted class.
4. sbytes: observed value=534; SHAP value=-0.023206; direction=opposes predicted class.
5. sload: observed value=2063.763184; SHAP value=0.022012; direction=supports predicted class.

Risk and Policy
The predicted operational stage is Reconnaissance. The confidence-weighted risk score is 0.9302, corresponding to the Monitor policy zone.

Recommended Action
Log the event and continue monitoring.

Human Review
Detector confidence below the fixed 0.70 threshold.

Limitations
This report is limited to the detector prediction, policy mapping, and five supplied local SHAP contributions. It does not establish ground truth or independently confirm an incident.",evidence_contract_renderer,True,124,True,True,True,5,True,0,False,5,True,True,False,,True,True,True,5,True,True
UNSW-OFFICIAL-59684,A4_verified_full,A3_constrained_full,2.0,verified,Reconnaissance,False,"### Evidence-Grounded SOC Report

#### Prediction Summary
The predicted label is ""Shellcode"" with a confidence of 0.579 and an uncertainty score of 0.421. The recommended action is to raise a SOC alert and enrich the event context.

#### Evidence
1. **ct_dst_src_ltm**: ct_dst_src_ltm = 1 (supports predicted class)
2. **service_-**: Service = unspecified (supports predicted class)
3. **service_http**: Service is not http (supports predicted class)
4. **ct_srv_dst**: ct_srv_dst = 1 (supports predicted class)
5. **dbytes**: dbytes = 268 (supports predicted class)

#### Risk and Policy
- **Stage**: Advanced Intrusion
- **Risk Score**: 4.9225
- **Policy Zone**: Alert

#### Recommended Action
- **Recommended Action**: Raise a SOC alert and enrich the event context.

#### Human Review
- **Human Review Required**: Yes
- **Confidence Threshold**: 0.70
- **Reason**: Detector confidence below the fixed 0.70 threshold.

#### Limitations
- **Report Limitations**: This report is limited to the detector and supplied SHAP evidence. It does not include additional attack behavior, causes, impacts, IP addresses, hostnames, CVEs, malware, tools, or any other remediation details.","Prediction Summary
The detector predicted Shellcode with confidence 0.5791 and uncertainty 0.4209.

Evidence
1. ct_dst_src_ltm: observed value=1; SHAP value=0.051865; direction=supports predicted class.
2. service_-: observed value=1; SHAP value=0.045706; direction=supports predicted class.
3. service_http: observed value=0; SHAP value=0.028477; direction=supports predicted class.
4. ct_srv_dst: observed value=1; SHAP value=0.025997; direction=supports predicted class.
5. dbytes: observed value=268; SHAP value=0.025955; direction=supports predicted class.

Risk and Policy
The predicted operational stage is Advanced Intrusion. The confidence-weighted risk score is 4.9225, corresponding to the Alert policy zone.

Recommended Action
Raise a SOC alert and enrich the event context.

Human Review
Detector confidence below the fixed 0.70 threshold.

Limitations
This report is limited to the detector prediction, policy mapping, and five supplied local SHAP contributions. It does not establish ground truth or independently confirm an incident.",evidence_contract_renderer,True,128,True,True,True,5,True,0,False,5,True,True,False,,True,True,True,5,True,True
UNSW-OFFICIAL-60081,A4_verified_full,A3_constrained_full,2.0,verified,Fuzzers,True,"### Evidence-Grounded SOC Report

#### Prediction Summary
The predicted label is ""Fuzzers"" with a confidence of 0.7536 and an uncertainty score of 0.2464. The recommended action is to raise a SOC alert and enrich the event context.

#### Evidence
1. **ct_dst_src_ltm**: ct_dst_src_ltm = 2, Observed Value: 2.0, SHAP Value: 0.0693, Direction: supports predicted class
2. **ct_srv_dst**: ct_srv_dst = 5, Observed Value: 5.0, SHAP Value: 0.0547, Direction: supports predicted class
3. **ct_src_dport_ltm**: ct_src_dport_ltm = 2, Observed Value: 2.0, SHAP Value: 0.0413, Direction: supports predicted class
4. **ct_srv_src**: ct_srv_src = 6, Observed Value: 6.0, SHAP Value: 0.0366, Direction: supports predicted class
5. **sbytes**: sbytes = 592, Observed Value: 592.0, SHAP Value: 0.0234, Direction: supports predicted class

#### Risk and Policy
- **Stage**: Exploitation
- **Risk Score**: 4.8985
- **Policy Zone**: Alert

#### Recommended Action
- **Recommended Action**: Raise a SOC alert and enrich the event context.

#### Human Review
- **Human Review Decision**: No mandatory confidence-based referral.

#### Limitations
- The report is limited to the detector and supplied SHAP evidence.","Prediction Summary
The detector predicted Fuzzers with confidence 0.7536 and uncertainty 0.2464.

Evidence
1. ct_dst_src_ltm: observed value=2; SHAP value=0.069310; direction=supports predicted class.
2. ct_srv_dst: observed value=5; SHAP value=0.054685; direction=supports predicted class.
3. ct_src_dport_ltm: observed value=2; SHAP value=0.041341; direction=supports predicted class.
4. ct_srv_src: observed value=6; SHAP value=0.036553; direction=supports predicted class.
5. sbytes: observed value=592; SHAP value=0.023438; direction=supports predicted class.

Risk and Policy
The predicted operational stage is Exploitation. The confidence-weighted risk score is 4.8985, corresponding to the Alert policy zone.

Recommended Action
Raise a SOC alert and enrich the event context.

Human Review
No mandatory confidence-based referral.

Limitations
This report is limited to the detector prediction, policy mapping, and five supplied local SHAP contributions. It does not establish ground truth or independently confirm an incident.",evidence_contract_renderer,False,124,True,True,True,5,True,5,True,5,True,True,False,,True,True,True,5,True,True
UNSW-OFFICIAL-60156,A4_verified_full,A3_constrained_full,2.0,verified,Exploits,False,"### Evidence-Grounded SOC Report

#### Prediction Summary
The predicted label is ""Fuzzers"" with a confidence of 0.2905 and an uncertainty score of 0.7095. The recommended action is to log the event and continue monitoring.

#### Evidence
1. **sbytes**: sbytes = 86, SHAP value = 0.07809, direction = supports predicted class
2. **proto_udp**: Protocol is not udp, SHAP value = -0.06542, direction = opposes predicted class
3. **smean**: smean = 43, SHAP value = 0.05847, direction = supports predicted class
4. **service_-**: Service = unspecified, SHAP value = 0.01795, direction = supports predicted class
5. **ct_dst_src_ltm**: ct_dst_src_ltm = 2, SHAP value = 0.01767, direction = supports predicted class

#### Risk and Policy
- **Stage**: Exploitation
- **Risk Score**: 1.8884
- **Policy Zone**: Monitor
- **Recommended Action**: Log the event and continue monitoring

#### Human Review
- **Required**: Yes
- **Confidence Threshold**: 0.7
- **Reason**: Detector confidence below the fixed 0.70 threshold.

#### Limitations
This report is limited to the detector and supplied SHAP evidence.","Prediction Summary
The detector predicted Fuzzers with confidence 0.2905 and uncertainty 0.7095.

Evidence
1. sbytes: observed value=86; SHAP value=0.078089; direction=supports predicted class.
2. proto_udp: observed value=0; SHAP value=-0.065419; direction=opposes predicted class.
3. smean: observed value=43; SHAP value=0.058466; direction=supports predicted class.
4. service_-: observed value=1; SHAP value=0.017946; direction=supports predicted class.
5. ct_dst_src_ltm: observed value=2; SHAP value=0.017670; direction=supports predicted class.

Risk and Policy
The predicted operational stage is Exploitation. The confidence-weighted risk score is 1.8884, corresponding to the Monitor policy zone.

Recommended Action
Log the event and continue monitoring.

Human Review
Detector confidence below the fixed 0.70 threshold.

Limitations
This report is limited to the detector prediction, policy mapping, and five supplied local SHAP contributions. It does not establish ground truth or independently confirm an incident.",evidence_contract_renderer,True,124,False,False,False,5,True,5,True,5,True,True,False,Recommended Action,True,True,True,5,True,True
UNSW-OFFICIAL-60355,A4_verified_full,A3_constrained_full,2.0,verified,Reconnaissance,True,"### SOC Report

#### Prediction Summary
The predicted label is **Reconnaissance** with a confidence of **0.897** and an uncertainty score of **0.103**. The recommended action is to **Raise a SOC alert and enrich the event context**.

#### Evidence
1. **sbytes**: sbytes = 564, SHAP value = 0.093, direction = supports predicted class
2. **smean**: smean = 56, SHAP value = 0.070, direction = supports predicted class
3. **sjit**: sjit = 6552.7, SHAP value = 0.049, direction = supports predicted class
4. **dbytes**: dbytes = 354, SHAP value = 0.043, direction = supports predicted class
5. **dmean**: dmean = 44, SHAP value = 0.042, direction = supports predicted class

#### Risk and Policy
- **Stage**: Reconnaissance
- **Risk Score**: 2.6923
- **Policy Zone**: Alert

#### Recommended Action
- **Recommended Action**: Raise a SOC alert and enrich the event context.

#### Human Review
- **Human Review Required**: No
- **Confidence Threshold**: 0.7
- **Reason**: No mandatory confidence-based referral.

#### Limitations
- The report is limited to the detector and supplied SHAP evidence.","Prediction Summary
The detector predicted Reconnaissance with confidence 0.8974 and uncertainty 0.1026.

Evidence
1. sbytes: observed value=564; SHAP value=0.093368; direction=supports predicted class.
2. smean: observed value=56; SHAP value=0.070265; direction=supports predicted class.
3. sjit: observed value=6552.699219; SHAP value=0.048990; direction=supports predicted class.
4. dbytes: observed value=354; SHAP value=0.043208; direction=supports predicted class.
5. dmean: observed value=44; SHAP value=0.041884; direction=supports predicted class.

Risk and Policy
The predicted operational stage is Reconnaissance. The confidence-weighted risk score is 2.6923, corresponding to the Alert policy zone.

Recommended Action
Raise a SOC alert and enrich the event context.

Human Review
No mandatory confidence-based referral.

Limitations
This report is limited to the detector prediction, policy mapping, and five supplied local SHAP contributions. It does not establish ground truth or independently confirm an incident.",evidence_contract_renderer,False,124,True,True,True,5,True,5,True,5,True,True,False,,True,True,True,5,True,True
UNSW-OFFICIAL-61330,A4_verified_full,A3_constrained_full,2.0,verified,Backdoor,False,"### Evidence-Grounded SOC Report

#### Prediction Summary
The predicted label is **DoS** with a confidence of **0.2767** and an uncertainty score of **0.7232**. The recommended action is to **Log the event and continue monitoring**.

#### Evidence
1. **Protocol is not UDP** (Supports predicted class)
2. **sbytes = 200** (Supports predicted class)
3. **ct_dst_sport_ltm = 2** (Supports predicted class)
4. **smean = 100** (Supports predicted class)
5. **sload = 1.33333e+08** (Supports predicted class)

#### Risk and Policy
- **Risk Score:** 1.9372
- **Policy Zone:** Monitor
- **Recommended Action:** Log the event and continue monitoring

#### Human Review
- **Required:** Yes
- **Confidence Threshold:** 0.7
- **Reason:** Detector confidence below the fixed 0.70 threshold.

#### Limitations
This report is limited to the detector and supplied SHAP evidence.","Prediction Summary
The detector predicted DoS with confidence 0.2767 and uncertainty 0.7233.

Evidence
1. proto_udp: observed value=0; SHAP value=0.021826; direction=supports predicted class.
2. sbytes: observed value=200; SHAP value=0.017401; direction=supports predicted class.
3. ct_dst_sport_ltm: observed value=2; SHAP value=0.011259; direction=supports predicted class.
4. smean: observed value=100; SHAP value=0.009920; direction=supports predicted class.
5. sload: observed value=133333328; SHAP value=0.006367; direction=supports predicted class.

Risk and Policy
The predicted operational stage is Impact / Availability. The confidence-weighted risk score is 1.9372, corresponding to the Monitor policy zone.

Recommended Action
Log the event and continue monitoring.

Human Review
Detector confidence below the fixed 0.70 threshold.

Limitations
This report is limited to the detector prediction, policy mapping, and five supplied local SHAP contributions. It does not establish ground truth or independently confirm an incident.",evidence_contract_renderer,True,126,False,False,False,5,True,0,False,5,True,True,False,Recommended Action,True,True,True,5,True,True
UNSW-OFFICIAL-61487,A4_verified_full,A3_constrained_full,2.0,verified,Shellcode,False,"### Evidence-Grounded SOC Report

#### Prediction Summary
The predicted label is ""Fuzzers"" with a confidence of 0.396795 and an uncertainty score of 0.603205. The recommended action is to raise a SOC alert and enrich the event context.

#### Evidence
1. **sbytes**: sbytes = 554, SHAP value = 0.044909, direction = supports predicted class
2. **smean**: smean = 55, SHAP value = 0.040257, direction = supports predicted class
3. **ct_dst_src_ltm**: ct_dst_src_ltm = 1, SHAP value = -0.035552, direction = opposes predicted class
4. **djit**: djit = 322.247, SHAP value = 0.020715, direction = supports predicted class
5. **ct_srv_dst**: ct_srv_dst = 2, SHAP value = 0.019221, direction = supports predicted class

#### Risk and Policy
- **Stage**: Exploitation
- **Risk Score**: 2.5792
- **Policy Zone**: Alert
- **Recommended Action**: Raise a SOC alert and enrich the event context.

#### Human Review
- **Required**: Yes
- **Confidence Threshold**: 0.7
- **Reason**: Detector confidence below the fixed 0.70 threshold.

#### Limitations
- The report is limited to the detector and supplied SHAP evidence.","Prediction Summary
The detector predicted Fuzzers with confidence 0.3968 and uncertainty 0.6032.

Evidence
1. sbytes: observed value=554; SHAP value=0.044909; direction=supports predicted class.
2. smean: observed value=55; SHAP value=0.040257; direction=supports predicted class.
3. ct_dst_src_ltm: observed value=1; SHAP value=-0.035552; direction=opposes predicted class.
4. djit: observed value=322.2473755; SHAP value=0.020715; direction=supports predicted class.
5. ct_srv_dst: observed value=2; SHAP value=0.019221; direction=supports predicted class.

Risk and Policy
The predicted operational stage is Exploitation. The confidence-weighted risk score is 2.5792, corresponding to the Alert policy zone.

Recommended Action
Raise a SOC alert and enrich the event context.

Human Review
Detector confidence below the fixed 0.70 threshold.

Limitations
This report is limited to the detector prediction, policy mapping, and five supplied local SHAP contributions. It does not establish ground truth or independently confirm an incident.",evidence_contract_renderer,True,127,False,False,False,5,True,5,True,5,True,True,False,Recommended Action,True,True,True,5,True,True
UNSW-OFFICIAL-61712,A4_verified_full,A3_constrained_full,2.0,verified,Exploits,False,"### Evidence-Grounded SOC Report

#### Prediction Summary
The predicted label is **DoS** with a confidence of **0.2184** and an uncertainty score of **0.7816**. The recommended action is to **Log the event and continue monitoring**.

#### Evidence
1. **Protocol is not UDP** (Observed Value: 0.0, SHAP Value: 0.0274, Direction: Supports Predicted Class)
2. **Protocol = SCTP** (Observed Value: 1.0, SHAP Value: 0.0196, Direction: Supports Predicted Class)
3. **smean = 52** (Observed Value: 52.0, SHAP Value: -0.0172, Direction: Opposes Predicted Class)
4. **sbytes = 104** (Observed Value: 104.0, SHAP Value: -0.0165, Direction: Opposes Predicted Class)
5. **ct_dst_sport_ltm = 2** (Observed Value: 2.0, SHAP Value: 0.0141, Direction: Supports Predicted Class)

#### Risk and Policy
- **Risk Score:** 1.5288
- **Policy Zone:** Monitor
- **Recommended Action:** Log the event and continue monitoring

#### Human Review
- **Human Review Decision:** Required
- **Confidence Threshold:** 0.7
- **Reason:** Detector confidence below the fixed 0.70 threshold.

#### Limitations
This report is limited to the detector and supplied SHAP evidence.","Prediction Summary
The detector predicted DoS with confidence 0.2184 and uncertainty 0.7816.

Evidence
1. proto_udp: observed value=0; SHAP value=0.027415; direction=supports predicted class.
2. proto_sctp: observed value=1; SHAP value=0.019600; direction=supports predicted class.
3. smean: observed value=52; SHAP value=-0.017220; direction=opposes predicted class.
4. sbytes: observed value=104; SHAP value=-0.016508; direction=opposes predicted class.
5. ct_dst_sport_ltm: observed value=2; SHAP value=0.014124; direction=supports predicted class.

Risk and Policy
The predicted operational stage is Impact / Availability. The confidence-weighted risk score is 1.5288, corresponding to the Monitor policy zone.

Recommended Action
Log the event and continue monitoring.

Human Review
Detector confidence below the fixed 0.70 threshold.

Limitations
This report is limited to the detector prediction, policy mapping, and five supplied local SHAP contributions. It does not establish ground truth or independently confirm an incident.",evidence_contract_renderer,True,126,False,False,False,5,True,5,True,5,True,True,False,Recommended Action,True,True,True,5,True,True
UNSW-OFFICIAL-61925,A4_verified_full,A3_constrained_full,2.0,verified,Shellcode,False,"### Evidence-Grounded SOC Report

#### Prediction Summary
The predicted label is **Reconnaissance** with a confidence of **0.9003823180367377** and an uncertainty score of **0.09961768196326226**. The recommended action is to **Raise a SOC alert and enrich the event context**.

#### Evidence
1. **sbytes**: **564** (supports predicted class)
2. **smean**: **56** (supports predicted class)
3. **sjit**: **14004.5** (supports predicted class)
4. **dmean**: **44** (supports predicted class)
5. **dbytes**: **354** (supports predicted class)

#### Risk and Policy
- **Stage**: Reconnaissance
- **Risk Score**: 2.7011
- **Policy Zone**: Alert

#### Recommended Action
- **Recommended Action**: Raise a SOC alert and enrich the event context.

#### Human Review
- **Human Review Required**: No
- **Confidence Threshold**: 0.7
- **Reason**: No mandatory confidence-based referral.

#### Limitations
- **Report Limitations**: This report is limited to the detector and supplied SHAP evidence.","Prediction Summary
The detector predicted Reconnaissance with confidence 0.9004 and uncertainty 0.0996.

Evidence
1. sbytes: observed value=564; SHAP value=0.107205; direction=supports predicted class.
2. smean: observed value=56; SHAP value=0.081268; direction=supports predicted class.
3. sjit: observed value=14004.53516; SHAP value=0.050892; direction=supports predicted class.
4. dmean: observed value=44; SHAP value=0.042343; direction=supports predicted class.
5. dbytes: observed value=354; SHAP value=0.040174; direction=supports predicted class.

Risk and Policy
The predicted operational stage is Reconnaissance. The confidence-weighted risk score is 2.7011, corresponding to the Alert policy zone.

Recommended Action
Raise a SOC alert and enrich the event context.

Human Review
No mandatory confidence-based referral.

Limitations
This report is limited to the detector prediction, policy mapping, and five supplied local SHAP contributions. It does not establish ground truth or independently confirm an incident.",evidence_contract_renderer,True,124,True,True,True,5,True,0,False,5,True,True,False,,True,True,True,5,True,True
UNSW-OFFICIAL-62098,A4_verified_full,A3_constrained_full,2.0,verified,Fuzzers,True,"### Evidence-Grounded SOC Report

**Prediction Summary:**
The predicted label is ""Fuzzers"" with a confidence of 0.7505 and an uncertainty score of 0.2495. The recommended action is to raise a SOC alert and enrich the event context.

**Evidence:**
1. **sbytes**: sbytes = 1064, SHAP value = 0.1181, direction = supports predicted class
2. **smean**: smean = 532, SHAP value = 0.1162, direction = supports predicted class
3. **proto_udp**: Protocol = udp, SHAP value = 0.1055, direction = supports predicted class
4. **ct_srv_dst**: ct_srv_dst = 4, SHAP value = 0.0825, direction = supports predicted class
5. **sload**: sload = 4.72889e+08, SHAP value = 0.0612, direction = supports predicted class

**Risk and Policy:**
- **Stage**: Exploitation
- **Risk Score**: 4.8785
- **Policy Zone**: Alert

**Recommended Action:**
- Raise a SOC alert and enrich the event context.

**Human Review:**
- **Required**: No
- **Confidence Threshold**: 0.7
- **Reason**: No mandatory confidence-based referral.

**Limitations:**
- The report is limited to the detector and supplied SHAP evidence.","Prediction Summary
The detector predicted Fuzzers with confidence 0.7505 and uncertainty 0.2495.

Evidence
1. sbytes: observed value=1064; SHAP value=0.118135; direction=supports predicted class.
2. smean: observed value=532; SHAP value=0.116229; direction=supports predicted class.
3. proto_udp: observed value=1; SHAP value=0.105532; direction=supports predicted class.
4. ct_srv_dst: observed value=4; SHAP value=0.082536; direction=supports predicted class.
5. sload: observed value=472888864; SHAP value=0.061200; direction=supports predicted class.

Risk and Policy
The predicted operational stage is Exploitation. The confidence-weighted risk score is 4.8785, corresponding to the Alert policy zone.

Recommended Action
Raise a SOC alert and enrich the event context.

Human Review
No mandatory confidence-based referral.

Limitations
This report is limited to the detector prediction, policy mapping, and five supplied local SHAP contributions. It does not establish ground truth or independently confirm an incident.",evidence_contract_renderer,False,124,True,True,True,5,True,5,True,5,True,True,False,,True,True,True,5,True,True
UNSW-OFFICIAL-62255,A4_verified_full,A3_constrained_full,2.0,verified,Backdoor,False,"### Evidence-Grounded SOC Report

#### Prediction Summary
The predicted label is ""DoS"" with a confidence of 0.2603 and an uncertainty score of 0.7397. The recommended action is to log the event and continue monitoring.

#### Evidence
1. **Protocol is not UDP** (Supports predicted class)
2. **sbytes = 200** (Supports predicted class)
3. **ct_dst_sport_ltm = 2** (Supports predicted class)
4. **ct_src_ltm = 2** (Supports predicted class)
5. **smean = 100** (Supports predicted class)

#### Risk and Policy
- **Stage**: Impact / Availability
- **Risk Score**: 1.8222
- **Policy Zone**: Monitor
- **Recommended Action**: Log the event and continue monitoring

#### Human Review
- **Required**: Yes
- **Confidence Threshold**: 0.7
- **Reason**: Detector confidence below the fixed 0.70 threshold.

#### Limitations
This report is limited to the detector and supplied SHAP evidence.","Prediction Summary
The detector predicted DoS with confidence 0.2603 and uncertainty 0.7397.

Evidence
1. proto_udp: observed value=0; SHAP value=0.019215; direction=supports predicted class.
2. sbytes: observed value=200; SHAP value=0.015658; direction=supports predicted class.
3. ct_dst_sport_ltm: observed value=2; SHAP value=0.009732; direction=supports predicted class.
4. ct_src_ltm: observed value=2; SHAP value=0.008328; direction=supports predicted class.
5. smean: observed value=100; SHAP value=0.008325; direction=supports predicted class.

Risk and Policy
The predicted operational stage is Impact / Availability. The confidence-weighted risk score is 1.8222, corresponding to the Monitor policy zone.

Recommended Action
Log the event and continue monitoring.

Human Review
Detector confidence below the fixed 0.70 threshold.

Limitations
This report is limited to the detector prediction, policy mapping, and five supplied local SHAP contributions. It does not establish ground truth or independently confirm an incident.",evidence_contract_renderer,True,126,False,False,False,5,True,0,False,5,True,True,False,Recommended Action,True,True,True,5,True,True
UNSW-OFFICIAL-62429,A4_verified_full,A3_constrained_full,2.0,verified,Fuzzers,True,"### Evidence-Grounded SOC Report

#### Prediction Summary
The predicted label is ""Fuzzers"" with a confidence of 0.3159 and an uncertainty score of 0.6841. The recommended action is to raise a SOC alert and enrich the event context.

#### Evidence
1. **ct_dst_src_ltm**: ct_dst_src_ltm = 1, SHAP value = -0.0883, direction = opposes predicted class
2. **sbytes**: sbytes = 2516, SHAP value = 0.0480, direction = supports predicted class
3. **ct_srv_dst**: ct_srv_dst = 3, SHAP value = 0.0335, direction = supports predicted class
4. **smean**: smean = 252, SHAP value = 0.0314, direction = supports predicted class
5. **ct_srv_src**: ct_srv_src = 12, SHAP value = 0.0261, direction = supports predicted class

#### Risk and Policy
- **Stage**: Exploitation
- **Risk Score**: 2.0535
- **Policy Zone**: Alert

#### Recommended Action
- **Recommended Action**: Raise a SOC alert and enrich the event context.

#### Human Review
- **Human Review Decision**: Required
- **Confidence Threshold**: 0.7
- **Reason**: Detector confidence below the fixed 0.70 threshold.

#### Limitations
- **Report Limitations**: The report is limited to the detector and supplied SHAP evidence.","Prediction Summary
The detector predicted Fuzzers with confidence 0.3159 and uncertainty 0.6841.

Evidence
1. ct_dst_src_ltm: observed value=1; SHAP value=-0.088354; direction=opposes predicted class.
2. sbytes: observed value=2516; SHAP value=0.048004; direction=supports predicted class.
3. ct_srv_dst: observed value=3; SHAP value=0.033466; direction=supports predicted class.
4. smean: observed value=252; SHAP value=0.031394; direction=supports predicted class.
5. ct_srv_src: observed value=12; SHAP value=0.026103; direction=supports predicted class.

Risk and Policy
The predicted operational stage is Exploitation. The confidence-weighted risk score is 2.0535, corresponding to the Alert policy zone.

Recommended Action
Raise a SOC alert and enrich the event context.

Human Review
Detector confidence below the fixed 0.70 threshold.

Limitations
This report is limited to the detector prediction, policy mapping, and five supplied local SHAP contributions. It does not establish ground truth or independently confirm an incident.",evidence_contract_renderer,False,127,True,True,True,5,True,5,True,5,True,True,False,,True,True,True,5,True,True
UNSW-OFFICIAL-62501,A4_verified_full,A3_constrained_full,2.0,verified,DoS,False,"### Evidence-Grounded SOC Report

#### Prediction Summary
The predicted label is ""Analysis"" with a confidence of 0.284 and an uncertainty score of 0.716. The recommended action is to log the event and continue monitoring.

#### Evidence
1. **Protocol is not UDP** (Supports predicted class)
2. **ct_src_ltm = 10** (Supports predicted class)
3. **Protocol = UNAS** (Supports predicted class)
4. **ct_dst_src_ltm = 6** (Supports predicted class)
5. **sbytes = 200** (Supports predicted class)

#### Risk and Policy
- **Stage**: Reconnaissance
- **Risk Score**: 0.8519
- **Policy Zone**: Monitor

#### Recommended Action
- **Recommended Action**: Log the event and continue monitoring.

#### Human Review
- **Human Review Required**: Yes
- **Confidence Threshold**: 0.7
- **Reason**: Detector confidence below the fixed 0.70 threshold.

#### Limitations
- **Report Limitations**: This report is limited to the detector and supplied SHAP evidence. It does not include additional attack behavior, causes, impacts, IP addresses, hostnames, CVEs, malware, tools, or any remediation steps.","Prediction Summary
The detector predicted Analysis with confidence 0.2840 and uncertainty 0.7160.

Evidence
1. proto_udp: observed value=0; SHAP value=0.020162; direction=supports predicted class.
2. ct_src_ltm: observed value=10; SHAP value=0.016914; direction=supports predicted class.
3. proto_unas: observed value=1; SHAP value=0.015003; direction=supports predicted class.
4. ct_dst_src_ltm: observed value=6; SHAP value=0.014454; direction=supports predicted class.
5. sbytes: observed value=200; SHAP value=0.012997; direction=supports predicted class.

Risk and Policy
The predicted operational stage is Reconnaissance. The confidence-weighted risk score is 0.8519, corresponding to the Monitor policy zone.

Recommended Action
Log the event and continue monitoring.

Human Review
Detector confidence below the fixed 0.70 threshold.

Limitations
This report is limited to the detector prediction, policy mapping, and five supplied local SHAP contributions. It does not establish ground truth or independently confirm an incident.",evidence_contract_renderer,True,124,True,True,True,5,True,0,False,5,True,True,False,,True,True,True,5,True,True
UNSW-OFFICIAL-62807,A4_verified_full,A3_constrained_full,2.0,verified,Analysis,False,"### Evidence-Grounded SOC Report

#### Prediction Summary
The predicted label is ""Exploits"" with a confidence of 0.4566 and an uncertainty score of 0.5434. The recommended action is to raise a SOC alert and enrich the event context.

#### Evidence
1. **dmean**: 171 (supports predicted class)
2. **sttl**: 62 (supports predicted class)
3. **dbytes**: 1368 (supports predicted class)
4. **dloss**: 2 (supports predicted class)
5. **dload**: 14403.2 (supports predicted class)

#### Risk and Policy
- **Risk Score**: 2.968
- **Policy Zone**: Alert
- **Recommended Action**: Raise a SOC alert and enrich the event context.

#### Human Review
- **Human Review Required**: Yes
- **Confidence Threshold**: 0.7
- **Reason**: Detector confidence below the fixed 0.70 threshold.

#### Limitations
- The report is limited to the detector and supplied SHAP evidence.","Prediction Summary
The detector predicted Exploits with confidence 0.4566 and uncertainty 0.5434.

Evidence
1. dmean: observed value=171; SHAP value=0.067526; direction=supports predicted class.
2. sttl: observed value=62; SHAP value=0.060351; direction=supports predicted class.
3. dbytes: observed value=1368; SHAP value=0.035649; direction=supports predicted class.
4. dloss: observed value=2; SHAP value=0.029753; direction=supports predicted class.
5. dload: observed value=14403.16211; SHAP value=0.022342; direction=supports predicted class.

Risk and Policy
The predicted operational stage is Exploitation. The confidence-weighted risk score is 2.9680, corresponding to the Alert policy zone.

Recommended Action
Raise a SOC alert and enrich the event context.

Human Review
Detector confidence below the fixed 0.70 threshold.

Limitations
This report is limited to the detector prediction, policy mapping, and five supplied local SHAP contributions. It does not establish ground truth or independently confirm an incident.",evidence_contract_renderer,True,127,False,False,False,5,True,0,False,5,True,True,False,Recommended Action,True,True,True,5,True,True
UNSW-OFFICIAL-63399,A4_verified_full,A3_constrained_full,2.0,verified,Exploits,True,"### Evidence-Grounded SOC Report

#### Prediction Summary
The predicted label is ""Exploits"" with a confidence of 95.35% and an uncertainty score of 4.65%. The recommended action is to block the suspected source and initiate investigation.

#### Evidence
1. **sttl (Session Duration)**: sttl = 62, SHAP value = 0.085485, direction = supports predicted class
2. **dbytes (Data Bytes)**: dbytes = 30768, SHAP value = 0.066376, direction = supports predicted class
3. **dmean (Data Mean)**: dmean = 810, SHAP value = 0.062509, direction = supports predicted class
4. **dloss (Data Loss)**: dloss = 17, SHAP value = 0.056069, direction = supports predicted class
5. **dpkts (Data Packets)**: dpkts = 38, SHAP value = 0.054550, direction = supports predicted class

#### Risk and Policy
- **Stage**: Exploitation
- **Risk Score**: 6.1978
- **Policy Zone**: Block

#### Recommended Action
- **Recommended Action**: Block the suspected source and initiate investigation.

#### Human Review
- **Human Review Required**: No
- **Confidence Threshold**: 0.7
- **Reason**: No mandatory confidence-based referral.

#### Limitations
- **Report Limitations**: This report is based solely on the provided detector and SHAP evidence. It does not include any additional attack behavior, causes, impacts, or remediation steps.","Prediction Summary
The detector predicted Exploits with confidence 0.9535 and uncertainty 0.0465.

Evidence
1. sttl: observed value=62; SHAP value=0.085485; direction=supports predicted class.
2. dbytes: observed value=30768; SHAP value=0.066376; direction=supports predicted class.
3. dmean: observed value=810; SHAP value=0.062509; direction=supports predicted class.
4. dloss: observed value=17; SHAP value=0.056069; direction=supports predicted class.
5. dpkts: observed value=38; SHAP value=0.054550; direction=supports predicted class.

Risk and Policy
The predicted operational stage is Exploitation. The confidence-weighted risk score is 6.1978, corresponding to the Block policy zone.

Recommended Action
Block the suspected source and initiate investigation.

Human Review
No mandatory confidence-based referral.

Limitations
This report is limited to the detector prediction, policy mapping, and five supplied local SHAP contributions. It does not establish ground truth or independently confirm an incident.",evidence_contract_renderer,False,122,True,True,True,5,True,5,True,5,True,True,False,,True,True,True,5,True,True
UNSW-OFFICIAL-63430,A4_verified_full,A3_constrained_full,2.0,verified,Worms,False,"### Evidence-Grounded SOC Report

#### Prediction Summary
The predicted label is ""Exploits"" with a confidence of 0.411 and an uncertainty score of 0.589. The recommended action is to raise a SOC alert and enrich the event context.

#### Evidence
1. **sbytes**: sbytes = 1296, SHAP value = 0.051, direction = supports predicted class
2. **smean**: smean = 130, SHAP value = 0.042, direction = supports predicted class
3. **ct_dst_src_ltm**: ct_dst_src_ltm = 1, SHAP value = 0.037, direction = supports predicted class
4. **sload**: sload = 16786.7, SHAP value = 0.035, direction = supports predicted class
5. **ct_srv_dst**: ct_srv_dst = 1, SHAP value = 0.032, direction = supports predicted class

#### Risk and Policy
- **Stage**: Exploitation
- **Risk Score**: 2.673
- **Policy Zone**: Alert

#### Recommended Action
- **Recommended Action**: Raise a SOC alert and enrich the event context.

#### Human Review
- **Human Review Required**: Yes
- **Confidence Threshold**: 0.7
- **Reason**: Detector confidence below the fixed 0.70 threshold.

#### Limitations
- **Report Limitations**: This report is limited to the detector and supplied SHAP evidence. It does not include additional details such as attack behavior, causes, impacts, IP addresses, hostnames, CVEs, malware, tools, or remediation steps.","Prediction Summary
The detector predicted Exploits with confidence 0.4112 and uncertainty 0.5888.

Evidence
1. sbytes: observed value=1296; SHAP value=0.051223; direction=supports predicted class.
2. smean: observed value=130; SHAP value=0.042563; direction=supports predicted class.
3. ct_dst_src_ltm: observed value=1; SHAP value=0.036740; direction=supports predicted class.
4. sload: observed value=16786.7168; SHAP value=0.035371; direction=supports predicted class.
5. ct_srv_dst: observed value=1; SHAP value=0.032491; direction=supports predicted class.

Risk and Policy
The predicted operational stage is Exploitation. The confidence-weighted risk score is 2.6730, corresponding to the Alert policy zone.

Recommended Action
Raise a SOC alert and enrich the event context.

Human Review
Detector confidence below the fixed 0.70 threshold.

Limitations
This report is limited to the detector prediction, policy mapping, and five supplied local SHAP contributions. It does not establish ground truth or independently confirm an incident.",evidence_contract_renderer,False,127,True,True,True,5,True,5,True,5,True,True,False,,True,True,True,5,True,True
UNSW-OFFICIAL-63708,A4_verified_full,A3_constrained_full,2.0,verified,Analysis,True,"### Evidence-Grounded SOC Report

#### Prediction Summary
The predicted label is ""Analysis"" with a confidence of 0.2769683927639081 and an uncertainty score of 0.7230316072360918. The recommended action is to log the event and continue monitoring.

#### Evidence
1. **Protocol is not UDP** (Feature: proto_udp, Observed Value: 0.0, SHAP Value: 0.0198329780250787, Direction: supports predicted class)
2. **ct_src_ltm = 10** (Feature: ct_src_ltm, Observed Value: 10.0, SHAP Value: 0.0172004234045743, Direction: supports predicted class)
3. **Protocol = UNAS** (Feature: proto_unas, Observed Value: 1.0, SHAP Value: 0.0150000844150781, Direction: supports predicted class)
4. **ct_dst_src_ltm = 6** (Feature: ct_dst_src_ltm, Observed Value: 6.0, SHAP Value: 0.0142018534243106, Direction: supports predicted class)
5. **sbytes = 200** (Feature: sbytes, Observed Value: 200.0, SHAP Value: 0.0130524393171072, Direction: supports predicted class)

#### Risk and Policy
- **Stage**: Reconnaissance
- **Risk Score**: 0.8309
- **Policy Zone**: Monitor
- **Recommended Action**: Log the event and continue monitoring

#### Human Review
- **Required**: Yes","Prediction Summary
The detector predicted Analysis with confidence 0.2770 and uncertainty 0.7230.

Evidence
1. proto_udp: observed value=0; SHAP value=0.019833; direction=supports predicted class.
2. ct_src_ltm: observed value=10; SHAP value=0.017200; direction=supports predicted class.
3. proto_unas: observed value=1; SHAP value=0.015000; direction=supports predicted class.
4. ct_dst_src_ltm: observed value=6; SHAP value=0.014202; direction=supports predicted class.
5. sbytes: observed value=200; SHAP value=0.013052; direction=supports predicted class.

Risk and Policy
The predicted operational stage is Reconnaissance. The confidence-weighted risk score is 0.8309, corresponding to the Monitor policy zone.

Recommended Action
Log the event and continue monitoring.

Human Review
Detector confidence below the fixed 0.70 threshold.

Limitations
This report is limited to the detector prediction, policy mapping, and five supplied local SHAP contributions. It does not establish ground truth or independently confirm an incident.",evidence_contract_renderer,True,124,False,False,False,5,True,5,True,5,True,True,True,Recommended Action|Limitations,True,True,True,5,True,True
UNSW-OFFICIAL-63730,A4_verified_full,A3_constrained_full,2.0,verified,Fuzzers,False,"### Evidence-Grounded SOC Report

#### Prediction Summary
The predicted label is ""Analysis"" with a confidence of 0.2769683927639081 and an uncertainty score of 0.7230316072360918. The recommended action is to log the event and continue monitoring.

#### Evidence
1. **Protocol is not UDP** (Feature: proto_udp, Observed Value: 0.0, SHAP Value: 0.0198329780250787, Direction: supports predicted class)
2. **ct_src_ltm = 10** (Feature: ct_src_ltm, Observed Value: 10.0, SHAP Value: 0.0172004234045743, Direction: supports predicted class)
3. **Protocol = UNAS** (Feature: proto_unas, Observed Value: 1.0, SHAP Value: 0.0150000844150781, Direction: supports predicted class)
4. **ct_dst_src_ltm = 6** (Feature: ct_dst_src_ltm, Observed Value: 6.0, SHAP Value: 0.0142018534243106, Direction: supports predicted class)
5. **sbytes = 200** (Feature: sbytes, Observed Value: 200.0, SHAP Value: 0.0130524393171072, Direction: supports predicted class)

#### Risk and Policy
- **Stage**: Reconnaissance
- **Risk Score**: 0.8309
- **Policy Zone**: Monitor
- **Recommended Action**: Log the event and continue monitoring

#### Human Review
- **Required**: Yes","Prediction Summary
The detector predicted Analysis with confidence 0.2770 and uncertainty 0.7230.

Evidence
1. proto_udp: observed value=0; SHAP value=0.019833; direction=supports predicted class.
2. ct_src_ltm: observed value=10; SHAP value=0.017200; direction=supports predicted class.
3. proto_unas: observed value=1; SHAP value=0.015000; direction=supports predicted class.
4. ct_dst_src_ltm: observed value=6; SHAP value=0.014202; direction=supports predicted class.
5. sbytes: observed value=200; SHAP value=0.013052; direction=supports predicted class.

Risk and Policy
The predicted operational stage is Reconnaissance. The confidence-weighted risk score is 0.8309, corresponding to the Monitor policy zone.

Recommended Action
Log the event and continue monitoring.

Human Review
Detector confidence below the fixed 0.70 threshold.

Limitations
This report is limited to the detector prediction, policy mapping, and five supplied local SHAP contributions. It does not establish ground truth or independently confirm an incident.",evidence_contract_renderer,True,124,False,False,False,5,True,5,True,5,True,True,True,Recommended Action|Limitations,True,True,True,5,True,True
UNSW-OFFICIAL-63779,A4_verified_full,A3_constrained_full,2.0,verified,Analysis,True,"### Evidence-Grounded SOC Report

#### Prediction Summary
The predicted label is ""Analysis"" with a confidence of 0.284 and an uncertainty score of 0.716. The recommended action is to log the event and continue monitoring.

#### Evidence
1. **Protocol is not UDP** (Supports predicted class)
2. **ct_src_ltm = 10** (Supports predicted class)
3. **Protocol = UNAS** (Supports predicted class)
4. **ct_dst_src_ltm = 6** (Supports predicted class)
5. **sbytes = 200** (Supports predicted class)

#### Risk and Policy
- **Stage**: Reconnaissance
- **Risk Score**: 0.8519
- **Policy Zone**: Monitor

#### Recommended Action
- **Recommended Action**: Log the event and continue monitoring.

#### Human Review
- **Human Review Required**: Yes
- **Confidence Threshold**: 0.7
- **Reason**: Detector confidence below the fixed 0.70 threshold.

#### Limitations
- **Report Limitations**: This report is limited to the detector and supplied SHAP evidence. It does not include additional attack behavior, causes, impacts, IP addresses, hostnames, CVEs, malware, tools, or any remediation steps.","Prediction Summary
The detector predicted Analysis with confidence 0.2840 and uncertainty 0.7160.

Evidence
1. proto_udp: observed value=0; SHAP value=0.020162; direction=supports predicted class.
2. ct_src_ltm: observed value=10; SHAP value=0.016914; direction=supports predicted class.
3. proto_unas: observed value=1; SHAP value=0.015003; direction=supports predicted class.
4. ct_dst_src_ltm: observed value=6; SHAP value=0.014454; direction=supports predicted class.
5. sbytes: observed value=200; SHAP value=0.012997; direction=supports predicted class.

Risk and Policy
The predicted operational stage is Reconnaissance. The confidence-weighted risk score is 0.8519, corresponding to the Monitor policy zone.

Recommended Action
Log the event and continue monitoring.

Human Review
Detector confidence below the fixed 0.70 threshold.

Limitations
This report is limited to the detector prediction, policy mapping, and five supplied local SHAP contributions. It does not establish ground truth or independently confirm an incident.",evidence_contract_renderer,True,124,True,True,True,5,True,0,False,5,True,True,False,,True,True,True,5,True,True
UNSW-OFFICIAL-63792,A4_verified_full,A3_constrained_full,2.0,verified,Reconnaissance,True,"### Evidence-Grounded SOC Report

#### Prediction Summary
The predicted label is **Reconnaissance** with a confidence of **0.926** and an uncertainty score of **0.074**. The recommended action is to **Raise a SOC alert and enrich the event context**.

#### Evidence
1. **sbytes**: sbytes = 168, SHAP value = 0.184, direction = supports predicted class
2. **smean**: smean = 84, SHAP value = 0.165, direction = supports predicted class
3. **proto_udp**: Protocol = udp, SHAP value = 0.082, direction = supports predicted class
4. **ct_dst_src_ltm**: ct_dst_src_ltm = 1, SHAP value = 0.0299, direction = supports predicted class
5. **ct_srv_dst**: ct_srv_dst = 1, SHAP value = 0.0298, direction = supports predicted class

#### Risk and Policy
- **Stage**: Reconnaissance
- **Risk Score**: 2.779
- **Policy Zone**: Alert

#### Recommended Action
- **Recommended Action**: Raise a SOC alert and enrich the event context.

#### Human Review
- **Human Review Required**: No
- **Confidence Threshold**: 0.7
- **Reason**: No mandatory confidence-based referral.

#### Limitations
- **Report Limitations**: This report is limited to the detector and supplied SHAP evidence.","Prediction Summary
The detector predicted Reconnaissance with confidence 0.9263 and uncertainty 0.0737.

Evidence
1. sbytes: observed value=168; SHAP value=0.183985; direction=supports predicted class.
2. smean: observed value=84; SHAP value=0.164822; direction=supports predicted class.
3. proto_udp: observed value=1; SHAP value=0.082501; direction=supports predicted class.
4. ct_dst_src_ltm: observed value=1; SHAP value=0.029902; direction=supports predicted class.
5. ct_srv_dst: observed value=1; SHAP value=0.029797; direction=supports predicted class.

Risk and Policy
The predicted operational stage is Reconnaissance. The confidence-weighted risk score is 2.7789, corresponding to the Alert policy zone.

Recommended Action
Raise a SOC alert and enrich the event context.

Human Review
No mandatory confidence-based referral.

Limitations
This report is limited to the detector prediction, policy mapping, and five supplied local SHAP contributions. It does not establish ground truth or independently confirm an incident.",evidence_contract_renderer,False,124,True,True,True,5,True,5,True,5,True,True,False,,True,True,True,5,True,True
UNSW-OFFICIAL-63892,A4_verified_full,A3_constrained_full,2.0,verified,Worms,False,"### Evidence-Grounded SOC Report

#### Prediction Summary
The predicted label is ""Fuzzers"" with a confidence of 0.4384 and an uncertainty score of 0.5616. The recommended action is to raise a SOC alert and enrich the event context.

#### Evidence
1. **ct_dst_src_ltm**: ct_dst_src_ltm = 1 (Supports predicted class)
2. **ct_src_dport_ltm**: ct_src_dport_ltm = 2 (Supports predicted class)
3. **ct_srv_dst**: ct_srv_dst = 3 (Supports predicted class)
4. **service_-**: Service = unspecified (Supports predicted class)
5. **sbytes**: sbytes = 1308 (Supports predicted class)

#### Risk and Policy
- **Stage**: Exploitation
- **Risk Score**: 2.8497
- **Policy Zone**: Alert

#### Recommended Action
- **Recommended Action**: Raise a SOC alert and enrich the event context.

#### Human Review
- **Human Review Required**: Yes
- **Confidence Threshold**: 0.7
- **Reason**: Detector confidence below the fixed 0.70 threshold.

#### Limitations
- **Report Limitations**: This report is limited to the detector and supplied SHAP evidence. It does not include additional attack behavior, causes, impacts, IP addresses, hostnames, CVEs, malware, tools, or extra remediation.","Prediction Summary
The detector predicted Fuzzers with confidence 0.4384 and uncertainty 0.5616.

Evidence
1. ct_dst_src_ltm: observed value=1; SHAP value=-0.085809; direction=opposes predicted class.
2. ct_src_dport_ltm: observed value=2; SHAP value=0.054295; direction=supports predicted class.
3. ct_srv_dst: observed value=3; SHAP value=0.041356; direction=supports predicted class.
4. service_-: observed value=1; SHAP value=0.035533; direction=supports predicted class.
5. sbytes: observed value=1308; SHAP value=0.031081; direction=supports predicted class.

Risk and Policy
The predicted operational stage is Exploitation. The confidence-weighted risk score is 2.8497, corresponding to the Alert policy zone.

Recommended Action
Raise a SOC alert and enrich the event context.

Human Review
Detector confidence below the fixed 0.70 threshold.

Limitations
This report is limited to the detector prediction, policy mapping, and five supplied local SHAP contributions. It does not establish ground truth or independently confirm an incident.",evidence_contract_renderer,True,127,True,True,True,5,True,0,False,5,True,True,False,,True,True,True,5,True,True
UNSW-OFFICIAL-64295,A4_verified_full,A3_constrained_full,2.0,verified,Fuzzers,False,"### Evidence-Grounded SOC Report

#### Prediction Summary
The predicted label is ""Exploits"" with a confidence of 0.3158820662080009 and an uncertainty score of 0.6841179337919991. The recommended action is to raise a SOC alert and enrich the event context.

#### Evidence
1. **ct_dst_src_ltm**: ct_dst_src_ltm = 1, SHAP value = 0.0556677728891372, Direction = supports predicted class
2. **ct_srv_dst**: ct_srv_dst = 4, SHAP value = -0.042405366897583, Direction = opposes predicted class
3. **sbytes**: sbytes = 17310, SHAP value = 0.0401132069528102, Direction = supports predicted class
4. **smean**: smean = 866, SHAP value = 0.0250993203371763, Direction = supports predicted class
5. **rate**: rate = 81.3559, SHAP value = 0.0221266839653253, Direction = supports predicted class

#### Risk and Policy
- **Stage**: Exploitation
- **Risk Score**: 2.0532
- **Policy Zone**: Alert
- **Recommended Action**: Raise a SOC alert and enrich the event context.

#### Human Review
- **Required**: Yes
- **Confidence Threshold**: 0.7
- **Reason**: Detector confidence below the fixed 0.70 threshold.

#### Limitations
- The report is limited to the detector and supplied SHAP evidence.","Prediction Summary
The detector predicted Exploits with confidence 0.3159 and uncertainty 0.6841.

Evidence
1. ct_dst_src_ltm: observed value=1; SHAP value=0.055668; direction=supports predicted class.
2. ct_srv_dst: observed value=4; SHAP value=-0.042405; direction=opposes predicted class.
3. sbytes: observed value=17310; SHAP value=0.040113; direction=supports predicted class.
4. smean: observed value=866; SHAP value=0.025099; direction=supports predicted class.
5. rate: observed value=81.35593414; SHAP value=0.022127; direction=supports predicted class.

Risk and Policy
The predicted operational stage is Exploitation. The confidence-weighted risk score is 2.0532, corresponding to the Alert policy zone.

Recommended Action
Raise a SOC alert and enrich the event context.

Human Review
Detector confidence below the fixed 0.70 threshold.

Limitations
This report is limited to the detector prediction, policy mapping, and five supplied local SHAP contributions. It does not establish ground truth or independently confirm an incident.",evidence_contract_renderer,True,127,False,False,False,5,True,5,True,5,True,True,False,Recommended Action,True,True,True,5,True,True
UNSW-OFFICIAL-64607,A4_verified_full,A3_constrained_full,2.0,verified,Shellcode,False,"### Evidence-Grounded SOC Report

#### Prediction Summary
The predicted label is ""Fuzzers"" with a confidence of 0.6942 and an uncertainty score of 0.3058. The recommended action is to raise a SOC alert and enrich the event context.

#### Evidence
1. **ct_dst_src_ltm**: ct_dst_src_ltm = 2, Observed Value: 2.0, SHAP Value: 0.0891, Direction: supports predicted class
2. **ct_srv_dst**: ct_srv_dst = 5, Observed Value: 5.0, SHAP Value: 0.0641, Direction: supports predicted class
3. **ct_srv_src**: ct_srv_src = 5, Observed Value: 5.0, SHAP Value: 0.0428, Direction: supports predicted class
4. **sbytes**: sbytes = 638, Observed Value: 638.0, SHAP Value: 0.0217, Direction: supports predicted class
5. **sload**: sload = 11415.2, Observed Value: 11415.2421875, SHAP Value: 0.0203, Direction: supports predicted class

#### Risk and Policy
- **Stage**: Exploitation
- **Risk Score**: 4.5124
- **Policy Zone**: Alert
- **Recommended Action**: Raise a SOC alert and enrich the event context.

#### Human Review
- **Required**: Yes
- **Confidence Threshold**: 0.7
- **Reason**: Detector confidence below the fixed 0.70 threshold.

#### Limitations
- The report is limited to the detector and supplied SHAP evidence.","Prediction Summary
The detector predicted Fuzzers with confidence 0.6942 and uncertainty 0.3058.

Evidence
1. ct_dst_src_ltm: observed value=2; SHAP value=0.089124; direction=supports predicted class.
2. ct_srv_dst: observed value=5; SHAP value=0.064131; direction=supports predicted class.
3. ct_srv_src: observed value=5; SHAP value=0.042798; direction=supports predicted class.
4. sbytes: observed value=638; SHAP value=0.021703; direction=supports predicted class.
5. sload: observed value=11415.24219; SHAP value=0.020330; direction=supports predicted class.

Risk and Policy
The predicted operational stage is Exploitation. The confidence-weighted risk score is 4.5124, corresponding to the Alert policy zone.

Recommended Action
Raise a SOC alert and enrich the event context.

Human Review
Detector confidence below the fixed 0.70 threshold.

Limitations
This report is limited to the detector prediction, policy mapping, and five supplied local SHAP contributions. It does not establish ground truth or independently confirm an incident.",evidence_contract_renderer,True,127,False,False,False,5,True,5,True,5,True,True,False,Recommended Action,True,True,True,5,True,True
UNSW-OFFICIAL-64660,A4_verified_full,A3_constrained_full,2.0,verified,Generic,False,"### Evidence-Grounded SOC Report

#### Prediction Summary
The predicted label is **DoS** with a confidence of **0.3366** and an uncertainty score of **0.6634**. The recommended action is to **Raise a SOC alert and enrich the event context**.

#### Evidence
1. **sbytes**: **1394** (supports predicted class)
2. **smean**: **697** (supports predicted class)
3. **sload**: **5,069,090,880** (supports predicted class)
4. **proto_udp**: **1.0** (opposes predicted class)
5. **dur**: **1.1e-05** (supports predicted class)

#### Risk and Policy
- **Stage**: Impact / Availability
- **Risk Score**: 2.3564
- **Policy Zone**: Alert
- **Recommended Action**: Raise a SOC alert and enrich the event context

#### Human Review
- **Required**: Yes
- **Confidence Threshold**: 0.7
- **Reason**: Detector confidence below the fixed 0.70 threshold.

#### Limitations
This report is limited to the detector and supplied SHAP evidence.","Prediction Summary
The detector predicted DoS with confidence 0.3366 and uncertainty 0.6634.

Evidence
1. sbytes: observed value=1394; SHAP value=0.045450; direction=supports predicted class.
2. smean: observed value=697; SHAP value=0.040141; direction=supports predicted class.
3. sload: observed value=506909088; SHAP value=0.032912; direction=supports predicted class.
4. proto_udp: observed value=1; SHAP value=-0.025822; direction=opposes predicted class.
5. dur: observed value=1.100000009e-05; SHAP value=0.025689; direction=supports predicted class.

Risk and Policy
The predicted operational stage is Impact / Availability. The confidence-weighted risk score is 2.3564, corresponding to the Alert policy zone.

Recommended Action
Raise a SOC alert and enrich the event context.

Human Review
Detector confidence below the fixed 0.70 threshold.

Limitations
This report is limited to the detector prediction, policy mapping, and five supplied local SHAP contributions. It does not establish ground truth or independently confirm an incident.",evidence_contract_renderer,True,129,False,False,False,5,True,0,False,5,True,True,False,Recommended Action,True,True,True,5,True,True
UNSW-OFFICIAL-64690,A4_verified_full,A3_constrained_full,2.0,verified,Reconnaissance,False,"### Evidence-Grounded SOC Report

**Prediction Summary:**
The predicted label is ""Shellcode,"" with a confidence of 83.13% and an uncertainty score of 16.87%. The predicted stage is ""Advanced Intrusion,"" and the risk score is 7.07.

**Evidence:**
1. **ct_dst_src_ltm**: ct_dst_src_ltm = 1 (supports predicted class)
2. **service_-**: Service = unspecified (supports predicted class)
3. **service_http**: Service is not http (supports predicted class)
4. **dmean**: dmean = 45 (supports predicted class)
5. **dpkts**: dpkts = 6 (supports predicted class)

**Risk and Policy:**
The recommended action is to ""Isolate the affected asset and escalate to incident response."" The policy zone is ""Isolation,"" and the risk score is 7.07.

**Recommended Action:**
Isolate the affected asset and escalate to incident response.

**Human Review:**
No mandatory confidence-based referral is required.

**Limitations:**
This report is limited to the detector and supplied SHAP evidence.","Prediction Summary
The detector predicted Shellcode with confidence 0.8313 and uncertainty 0.1687.

Evidence
1. ct_dst_src_ltm: observed value=1; SHAP value=0.052396; direction=supports predicted class.
2. service_-: observed value=1; SHAP value=0.049402; direction=supports predicted class.
3. service_http: observed value=0; SHAP value=0.037074; direction=supports predicted class.
4. dmean: observed value=45; SHAP value=0.036997; direction=supports predicted class.
5. dpkts: observed value=6; SHAP value=0.033980; direction=supports predicted class.

Risk and Policy
The predicted operational stage is Advanced Intrusion. The confidence-weighted risk score is 7.0660, corresponding to the Isolation policy zone.

Recommended Action
Isolate the affected asset and escalate to incident response.

Human Review
No mandatory confidence-based referral.

Limitations
This report is limited to the detector prediction, policy mapping, and five supplied local SHAP contributions. It does not establish ground truth or independently confirm an incident.",evidence_contract_renderer,True,125,True,True,True,5,True,0,False,5,True,True,False,,True,True,True,5,True,True
UNSW-OFFICIAL-64873,A4_verified_full,A3_constrained_full,2.0,verified,Shellcode,True,"### Evidence-Grounded SOC Report

**Prediction Summary:**
The predicted label is ""Shellcode,"" with a confidence of 0.616 and an uncertainty score of 0.384. The recommended action is to block the suspected source and initiate investigation.

**Evidence:**
1. **ct_dst_src_ltm**: ct_dst_src_ltm = 1 (supports predicted class)
2. **service_-**: Service = unspecified (supports predicted class)
3. **service_http**: Service is not http (supports predicted class)
4. **ct_srv_dst**: ct_srv_dst = 1 (supports predicted class)
5. **trans_depth**: trans_depth = 0 (supports predicted class)

**Risk and Policy:**
The risk score is 5.236, and the policy zone is ""Block."" The recommended action is to block the suspected source and initiate investigation.

**Recommended Action:**
Block the suspected source and initiate investigation.

**Human Review:**
Human review is required with a confidence threshold of 0.7. The reason is that the detector confidence is below the fixed 0.70 threshold.

**Limitations:**
This report is limited to the detector and supplied SHAP evidence.","Prediction Summary
The detector predicted Shellcode with confidence 0.6160 and uncertainty 0.3840.

Evidence
1. ct_dst_src_ltm: observed value=1; SHAP value=0.054576; direction=supports predicted class.
2. service_-: observed value=1; SHAP value=0.053861; direction=supports predicted class.
3. service_http: observed value=0; SHAP value=0.029737; direction=supports predicted class.
4. ct_srv_dst: observed value=1; SHAP value=0.027379; direction=supports predicted class.
5. trans_depth: observed value=0; SHAP value=0.025122; direction=supports predicted class.

Risk and Policy
The predicted operational stage is Advanced Intrusion. The confidence-weighted risk score is 5.2357, corresponding to the Block policy zone.

Recommended Action
Block the suspected source and initiate investigation.

Human Review
Detector confidence below the fixed 0.70 threshold.

Limitations
This report is limited to the detector prediction, policy mapping, and five supplied local SHAP contributions. It does not establish ground truth or independently confirm an incident.",evidence_contract_renderer,True,126,True,True,True,5,True,0,False,5,True,True,False,,True,True,True,5,True,True
UNSW-OFFICIAL-65224,A4_verified_full,A3_constrained_full,2.0,verified,Fuzzers,False,"### Evidence-Grounded SOC Report

#### Prediction Summary
The predicted label is **Shellcode**, with a confidence of **0.453** and an uncertainty score of **0.547**. The predicted stage is **Advanced Intrusion** and the risk score is **3.8507**.

#### Evidence
1. **ct_dst_src_ltm**: **1.0** (supports predicted class)
2. **ct_srv_dst**: **6.0** (opposes predicted class)
3. **ct_srv_src**: **7.0** (opposes predicted class)
4. **service_-**: **1.0** (supports predicted class)
5. **dmean**: **45.0** (supports predicted class)

#### Risk and Policy
- **Stage**: Advanced Intrusion
- **Risk Score**: 3.8507
- **Policy Zone**: Alert
- **Recommended Action**: Raise a SOC alert and enrich the event context.

#### Recommended Action
- **Human Review**: Required
- **Confidence Threshold**: 0.7
- **Reason**: Detector confidence below the fixed 0.70 threshold.

#### Limitations
- **Report Limitations**: The report is limited to the detector and supplied SHAP evidence.","Prediction Summary
The detector predicted Shellcode with confidence 0.4530 and uncertainty 0.5470.

Evidence
1. ct_dst_src_ltm: observed value=1; SHAP value=0.089033; direction=supports predicted class.
2. ct_srv_dst: observed value=6; SHAP value=-0.058714; direction=opposes predicted class.
3. ct_srv_src: observed value=7; SHAP value=-0.043585; direction=opposes predicted class.
4. service_-: observed value=1; SHAP value=0.032571; direction=supports predicted class.
5. dmean: observed value=45; SHAP value=0.024699; direction=supports predicted class.

Risk and Policy
The predicted operational stage is Advanced Intrusion. The confidence-weighted risk score is 3.8507, corresponding to the Alert policy zone.

Recommended Action
Raise a SOC alert and enrich the event context.

Human Review
Detector confidence below the fixed 0.70 threshold.

Limitations
This report is limited to the detector prediction, policy mapping, and five supplied local SHAP contributions. It does not establish ground truth or independently confirm an incident.",evidence_contract_renderer,True,128,False,False,False,5,True,0,False,5,True,True,False,Human Review,True,True,True,5,True,True
UNSW-OFFICIAL-65889,A4_verified_full,A3_constrained_full,2.0,verified,Normal,True,"### Evidence-Grounded SOC Report

#### Prediction Summary
The prediction is **Normal** with a confidence of **1.0** and an uncertainty score of **0.0**.

#### Evidence
1. **sloss = 9** - Supports predicted class.
2. **smean = 45** - Supports predicted class.
3. **proto_tcp = tcp** - Supports predicted class.
4. **swin = 255** - Supports predicted class.
5. **ct_srv_src = 29** - Supports predicted class.

#### Risk and Policy
- **Stage:** Normal
- **Risk Score:** 0.0
- **Policy Zone:** Monitor
- **Recommended Action:** Log the event and continue monitoring.

#### Human Review
- **Required:** No
- **Confidence Threshold:** 0.7
- **Reason:** No mandatory confidence-based referral.

#### Limitations
This report is limited to the detector and supplied SHAP evidence.","Prediction Summary
The detector predicted Normal with confidence 1.0000 and uncertainty 0.0000.

Evidence
1. sloss: observed value=9; SHAP value=0.070544; direction=supports predicted class.
2. smean: observed value=45; SHAP value=0.060157; direction=supports predicted class.
3. proto_tcp: observed value=1; SHAP value=0.057004; direction=supports predicted class.
4. swin: observed value=255; SHAP value=0.056409; direction=supports predicted class.
5. ct_srv_src: observed value=29; SHAP value=0.053524; direction=supports predicted class.

Risk and Policy
The predicted operational stage is Normal. The confidence-weighted risk score is 0.0000, corresponding to the Monitor policy zone.

Recommended Action
Log the event and continue monitoring.

Human Review
No mandatory confidence-based referral.

Limitations
This report is limited to the detector prediction, policy mapping, and five supplied local SHAP contributions. It does not establish ground truth or independently confirm an incident.",evidence_contract_renderer,True,121,False,False,False,5,True,0,False,5,True,True,False,Recommended Action,True,True,True,5,True,True
UNSW-OFFICIAL-66360,A4_verified_full,A3_constrained_full,2.0,verified,Normal,False,"### Evidence-Grounded SOC Report

#### Prediction Summary
The predicted label is ""Fuzzers"" with a confidence of 0.7298 and an uncertainty score of 0.2702. The recommended action is to raise a SOC alert and enrich the event context.

#### Evidence
1. **ct_dst_src_ltm**: ct_dst_src_ltm = 4, Observed Value: 4.0, SHAP Value: 0.0870, Direction: supports predicted class
2. **ct_srv_dst**: ct_srv_dst = 4, Observed Value: 4.0, SHAP Value: 0.0658, Direction: supports predicted class
3. **sbytes**: sbytes = 2516, Observed Value: 2516.0, SHAP Value: 0.0481, Direction: supports predicted class
4. **ct_srv_src**: ct_srv_src = 7, Observed Value: 7.0, SHAP Value: 0.0440, Direction: supports predicted class
5. **smean**: smean = 252, Observed Value: 252.0, SHAP Value: 0.0285, Direction: supports predicted class

#### Risk and Policy
- **Stage**: Exploitation
- **Risk Score**: 4.7436
- **Policy Zone**: Alert

#### Recommended Action
- **Recommended Action**: Raise a SOC alert and enrich the event context.

#### Human Review
- **Human Review Decision**: No mandatory confidence-based referral.

#### Limitations
- The report is limited to the detector and supplied SHAP evidence.","Prediction Summary
The detector predicted Fuzzers with confidence 0.7298 and uncertainty 0.2702.

Evidence
1. ct_dst_src_ltm: observed value=4; SHAP value=0.087039; direction=supports predicted class.
2. ct_srv_dst: observed value=4; SHAP value=0.065782; direction=supports predicted class.
3. sbytes: observed value=2516; SHAP value=0.048116; direction=supports predicted class.
4. ct_srv_src: observed value=7; SHAP value=0.044019; direction=supports predicted class.
5. smean: observed value=252; SHAP value=0.028499; direction=supports predicted class.

Risk and Policy
The predicted operational stage is Exploitation. The confidence-weighted risk score is 4.7436, corresponding to the Alert policy zone.

Recommended Action
Raise a SOC alert and enrich the event context.

Human Review
No mandatory confidence-based referral.

Limitations
This report is limited to the detector prediction, policy mapping, and five supplied local SHAP contributions. It does not establish ground truth or independently confirm an incident.",evidence_contract_renderer,False,124,True,True,True,5,True,5,True,5,True,True,False,,True,True,True,5,True,True
UNSW-OFFICIAL-68026,A4_verified_full,A3_constrained_full,2.0,verified,Normal,False,"### Evidence-Grounded SOC Report

#### Prediction Summary
The predicted label is ""Fuzzers"" with a confidence of 0.6828762900851041 and an uncertainty score of 0.3171237099148959. The recommended action is to raise a SOC alert and enrich the event context.

#### Evidence
1. **ct_dst_src_ltm**: ct_dst_src_ltm = 6, SHAP value = 0.0839085951447486, direction = supports predicted class
2. **ct_srv_dst**: ct_srv_dst = 6, SHAP value = 0.0614493489265441, direction = supports predicted class
3. **ct_srv_src**: ct_srv_src = 7, SHAP value = 0.0396091416478157, direction = supports predicted class
4. **ct_src_dport_ltm**: ct_src_dport_ltm = 2, SHAP value = 0.0395448878407478, direction = supports predicted class
5. **dpkts**: dpkts = 6, SHAP value = 0.0200665965676307, direction = supports predicted class

#### Risk and Policy
- **Stage**: Exploitation
- **Risk Score**: 4.4387
- **Policy Zone**: Alert
- **Recommended Action**: Raise a SOC alert and enrich the event context.

#### Human Review
- **Required**: Yes
- **Confidence Threshold**: 0.7
- **Reason**: Detector confidence below the fixed 0.70 threshold.

#### Limitations
- The report is limited to the detector and supplied SHAP evidence.","Prediction Summary
The detector predicted Fuzzers with confidence 0.6829 and uncertainty 0.3171.

Evidence
1. ct_dst_src_ltm: observed value=6; SHAP value=0.083909; direction=supports predicted class.
2. ct_srv_dst: observed value=6; SHAP value=0.061449; direction=supports predicted class.
3. ct_srv_src: observed value=7; SHAP value=0.039609; direction=supports predicted class.
4. ct_src_dport_ltm: observed value=2; SHAP value=0.039545; direction=supports predicted class.
5. dpkts: observed value=6; SHAP value=0.020067; direction=supports predicted class.

Risk and Policy
The predicted operational stage is Exploitation. The confidence-weighted risk score is 4.4387, corresponding to the Alert policy zone.

Recommended Action
Raise a SOC alert and enrich the event context.

Human Review
Detector confidence below the fixed 0.70 threshold.

Limitations
This report is limited to the detector prediction, policy mapping, and five supplied local SHAP contributions. It does not establish ground truth or independently confirm an incident.",evidence_contract_renderer,True,127,False,False,False,5,True,5,True,5,True,True,True,Recommended Action,True,True,True,5,True,True
UNSW-OFFICIAL-70047,A4_verified_full,A3_constrained_full,2.0,verified,Normal,True,"### Evidence-Grounded SOC Report

**Prediction Summary:**
The system is predicted to be in the ""Normal"" state with a confidence of 97.17% and an uncertainty score of 2.82%. The recommended action is to log the event and continue monitoring.

**Evidence:**
1. **sttl (State Time):** sttl = 62 (supports predicted class)
2. **dinpkt (Data In Packets):** dinpkt = 0.006 (supports predicted class)
3. **sbytes (Data Sent Bytes):** sbytes = 1012 (supports predicted class)
4. **dpkts (Data Packets):** dpkts = 2 (supports predicted class)
5. **smean (Data Sent Mean):** smean = 169 (supports predicted class)

**Risk and Policy:**
The risk score is 0.0, indicating no immediate security risk. The policy zone is ""Monitor,"" suggesting ongoing monitoring is recommended.

**Recommended Action:**
Log the event and continue monitoring. This action is based on the confidence score and the evidence provided.

**Human Review:**
No mandatory confidence-based referral is required.

**Limitations:**
This report is limited to the detector and supplied SHAP evidence. It does not include any additional attack behavior, causes, impacts, IP addresses, hostnames, CVEs, malware, tools, or remediation steps.","Prediction Summary
The detector predicted Normal with confidence 0.9717 and uncertainty 0.0283.

Evidence
1. sttl: observed value=62; SHAP value=0.045603; direction=supports predicted class.
2. dinpkt: observed value=0.006000000052; SHAP value=0.045413; direction=supports predicted class.
3. sbytes: observed value=1012; SHAP value=0.041273; direction=supports predicted class.
4. dpkts: observed value=2; SHAP value=0.039686; direction=supports predicted class.
5. smean: observed value=169; SHAP value=0.039340; direction=supports predicted class.

Risk and Policy
The predicted operational stage is Normal. The confidence-weighted risk score is 0.0000, corresponding to the Monitor policy zone.

Recommended Action
Log the event and continue monitoring.

Human Review
No mandatory confidence-based referral.

Limitations
This report is limited to the detector prediction, policy mapping, and five supplied local SHAP contributions. It does not establish ground truth or independently confirm an incident.",evidence_contract_renderer,True,121,True,True,True,5,True,0,False,5,True,True,False,,True,True,True,5,True,True
UNSW-OFFICIAL-72656,A4_verified_full,A3_constrained_full,2.0,verified,Normal,False,"### Evidence-Grounded SOC Report

#### Prediction Summary
The predicted label is ""Fuzzers"" with a confidence of 0.6567551538901766 and an uncertainty score of 0.3432448461098234. The recommended action is to raise a SOC alert and enrich the event context.

#### Evidence
1. **Protocol = udp** - Observed Value: 1.0, SHAP Value: 0.1064482405781745, Direction: supports predicted class
2. **sbytes = 78** - Observed Value: 78.0, SHAP Value: 0.0808667093515396, Direction: supports predicted class
3. **smean = 39** - Observed Value: 39.0, SHAP Value: 0.0585228689014911, Direction: supports predicted class
4. **ct_dst_src_ltm = 2** - Observed Value: 2.0, SHAP Value: 0.053507212549448, Direction: supports predicted class
5. **ct_srv_src = 9** - Observed Value: 9.0, SHAP Value: 0.0326432883739471, Direction: supports predicted class

#### Risk and Policy
- **Stage**: Exploitation
- **Risk Score**: 4.2689
- **Policy Zone**: Alert
- **Recommended Action**: Raise a SOC alert and enrich the event context.

#### Human Review
- **Required**: Yes
- **Confidence Threshold**: 0.7
- **Reason**: Detector confidence below the fixed 0.70 threshold","Prediction Summary
The detector predicted Fuzzers with confidence 0.6568 and uncertainty 0.3432.

Evidence
1. proto_udp: observed value=1; SHAP value=0.106448; direction=supports predicted class.
2. sbytes: observed value=78; SHAP value=0.080867; direction=supports predicted class.
3. smean: observed value=39; SHAP value=0.058523; direction=supports predicted class.
4. ct_dst_src_ltm: observed value=2; SHAP value=0.053507; direction=supports predicted class.
5. ct_srv_src: observed value=9; SHAP value=0.032643; direction=supports predicted class.

Risk and Policy
The predicted operational stage is Exploitation. The confidence-weighted risk score is 4.2689, corresponding to the Alert policy zone.

Recommended Action
Raise a SOC alert and enrich the event context.

Human Review
Detector confidence below the fixed 0.70 threshold.

Limitations
This report is limited to the detector prediction, policy mapping, and five supplied local SHAP contributions. It does not establish ground truth or independently confirm an incident.",evidence_contract_renderer,True,127,False,False,False,5,True,5,True,5,True,True,True,Recommended Action|Limitations,True,True,True,5,True,True
UNSW-OFFICIAL-74299,A4_verified_full,A3_constrained_full,2.0,verified,Normal,False,"### Evidence-Grounded SOC Report

#### Prediction Summary
The predicted label is ""Analysis"" with a confidence of 0.386551079766836 and an uncertainty score of 0.613448920233164. The recommended action is to log the event and continue monitoring.

#### Evidence
1. **dbytes**: 1204 (supports predicted class)
2. **response_body_len**: 156 (supports predicted class)
3. **sttl**: 62 (supports predicted class)
4. **dmean**: 120 (supports predicted class)
5. **dloss**: 2 (supports predicted class)

#### Risk and Policy
- **Stage**: Reconnaissance
- **Risk Score**: 1.1597
- **Policy Zone**: Monitor
- **Recommended Action**: Log the event and continue monitoring

#### Recommended Action
- **Action**: Log the event and continue monitoring

#### Human Review
- **Required**: Yes
- **Confidence Threshold**: 0.7
- **Reason**: Detector confidence below the fixed 0.70 threshold.

#### Limitations
- The report is limited to the detector and supplied SHAP evidence.","Prediction Summary
The detector predicted Analysis with confidence 0.3866 and uncertainty 0.6134.

Evidence
1. dbytes: observed value=1204; SHAP value=0.038853; direction=supports predicted class.
2. response_body_len: observed value=156; SHAP value=0.032303; direction=supports predicted class.
3. sttl: observed value=62; SHAP value=0.032202; direction=supports predicted class.
4. dmean: observed value=120; SHAP value=0.031216; direction=supports predicted class.
5. dloss: observed value=2; SHAP value=0.029331; direction=supports predicted class.

Risk and Policy
The predicted operational stage is Reconnaissance. The confidence-weighted risk score is 1.1597, corresponding to the Monitor policy zone.

Recommended Action
Log the event and continue monitoring.

Human Review
Detector confidence below the fixed 0.70 threshold.

Limitations
This report is limited to the detector prediction, policy mapping, and five supplied local SHAP contributions. It does not establish ground truth or independently confirm an incident.",evidence_contract_renderer,True,124,True,True,True,5,True,0,False,5,True,True,False,,True,True,True,5,True,True
UNSW-OFFICIAL-74463,A4_verified_full,A3_constrained_full,2.0,verified,Normal,False,"### Evidence-Grounded SOC Report

#### Prediction Summary
The predicted label is ""Analysis"" with a confidence of 0.2667 and an uncertainty score of 0.7333. The recommended action is to log the event and continue monitoring.

#### Evidence
1. **ct_srv_dst**: ct_srv_dst = 1 (opposes predicted class)
2. **dmean**: dmean = 122 (supports predicted class)
3. **ct_dst_src_ltm**: ct_dst_src_ltm = 1 (opposes predicted class)
4. **response_body_len**: response_body_len = 163 (supports predicted class)
5. **dbytes**: dbytes = 1216 (supports predicted class)

#### Risk and Policy
- **Stage**: Reconnaissance
- **Risk Score**: 0.8
- **Policy Zone**: Monitor
- **Recommended Action**: Log the event and continue monitoring

#### Recommended Action
- **Human Review**: Required
- **Confidence Threshold**: 0.7
- **Reason**: Detector confidence below the fixed 0.70 threshold.

#### Limitations
- The report is limited to the detector and supplied SHAP evidence.","Prediction Summary
The detector predicted Analysis with confidence 0.2667 and uncertainty 0.7333.

Evidence
1. ct_srv_dst: observed value=1; SHAP value=-0.030799; direction=opposes predicted class.
2. dmean: observed value=122; SHAP value=0.029953; direction=supports predicted class.
3. ct_dst_src_ltm: observed value=1; SHAP value=-0.029885; direction=opposes predicted class.
4. response_body_len: observed value=163; SHAP value=0.028692; direction=supports predicted class.
5. dbytes: observed value=1216; SHAP value=0.028410; direction=supports predicted class.

Risk and Policy
The predicted operational stage is Reconnaissance. The confidence-weighted risk score is 0.8000, corresponding to the Monitor policy zone.

Recommended Action
Log the event and continue monitoring.

Human Review
Detector confidence below the fixed 0.70 threshold.

Limitations
This report is limited to the detector prediction, policy mapping, and five supplied local SHAP contributions. It does not establish ground truth or independently confirm an incident.",evidence_contract_renderer,True,124,False,False,False,5,True,0,False,5,True,True,False,Human Review,True,True,True,5,True,True
UNSW-OFFICIAL-76452,A4_verified_full,A3_constrained_full,2.0,verified,Normal,False,"### Evidence-Grounded SOC Report

#### Prediction Summary
The predicted label is ""Fuzzers"" with a confidence of 0.7875 and an uncertainty score of 0.2125. The recommended action is to block the suspected source and initiate investigation.

#### Evidence
1. **ct_dst_src_ltm**: ct_dst_src_ltm = 5, Observed Value: 5.0, SHAP Value: 0.08245, Direction: supports predicted class
2. **ct_srv_dst**: ct_srv_dst = 5, Observed Value: 5.0, SHAP Value: 0.06227, Direction: supports predicted class
3. **ct_src_dport_ltm**: ct_src_dport_ltm = 2, Observed Value: 2.0, SHAP Value: 0.04126, Direction: supports predicted class
4. **ct_srv_src**: ct_srv_src = 5, Observed Value: 5.0, SHAP Value: 0.04014, Direction: supports predicted class
5. **dpkts**: dpkts = 6, Observed Value: 6.0, SHAP Value: 0.02261, Direction: supports predicted class

#### Risk and Policy
- **Stage**: Exploitation
- **Risk Score**: 5.119
- **Policy Zone**: Block

#### Recommended Action
- **Recommended Action**: Block the suspected source and initiate investigation.

#### Human Review
- **Human Review Required**: No
- **Confidence Threshold**: 0.7
- **Reason**: No mandatory confidence-based referral.

#### Limitations
- **Report Limitations**: This report is based solely on the provided detector and SHAP evidence. It does not include additional attack behavior, causes, impacts, IP addresses, hostnames, CVEs, malware, tools, or any remediation steps.","Prediction Summary
The detector predicted Fuzzers with confidence 0.7875 and uncertainty 0.2125.

Evidence
1. ct_dst_src_ltm: observed value=5; SHAP value=0.082453; direction=supports predicted class.
2. ct_srv_dst: observed value=5; SHAP value=0.062272; direction=supports predicted class.
3. ct_src_dport_ltm: observed value=2; SHAP value=0.041258; direction=supports predicted class.
4. ct_srv_src: observed value=5; SHAP value=0.040136; direction=supports predicted class.
5. dpkts: observed value=6; SHAP value=0.022611; direction=supports predicted class.

Risk and Policy
The predicted operational stage is Exploitation. The confidence-weighted risk score is 5.1190, corresponding to the Block policy zone.

Recommended Action
Block the suspected source and initiate investigation.

Human Review
No mandatory confidence-based referral.

Limitations
This report is limited to the detector prediction, policy mapping, and five supplied local SHAP contributions. It does not establish ground truth or independently confirm an incident.",evidence_contract_renderer,False,122,True,True,True,5,True,5,True,5,True,True,False,,True,True,True,5,True,True
UNSW-OFFICIAL-76644,A4_verified_full,A3_constrained_full,2.0,verified,Normal,False,"### Evidence-Grounded SOC Report

#### Prediction Summary
The predicted label is ""Exploits"" with a confidence of 0.585 and an uncertainty score of 0.415. The recommended action is to raise a SOC alert and enrich the event context.

#### Evidence
1. **dmean**: 65 (supports predicted class)
2. **dloss**: 3 (supports predicted class)
3. **dbytes**: 646 (supports predicted class)
4. **sbytes**: 608 (supports predicted class)
5. **dpkts**: 10 (supports predicted class)

#### Risk and Policy
- **Risk Score**: 3.8028
- **Policy Zone**: Alert
- **Recommended Action**: Raise a SOC alert and enrich the event context.

#### Human Review
- **Human Review Required**: Yes
- **Confidence Threshold**: 0.70
- **Reason**: Detector confidence below the fixed 0.70 threshold.

#### Limitations
- The report is limited to the detector and supplied SHAP evidence.","Prediction Summary
The detector predicted Exploits with confidence 0.5851 and uncertainty 0.4149.

Evidence
1. dmean: observed value=65; SHAP value=0.065831; direction=supports predicted class.
2. dloss: observed value=3; SHAP value=0.057367; direction=supports predicted class.
3. dbytes: observed value=646; SHAP value=0.043743; direction=supports predicted class.
4. sbytes: observed value=608; SHAP value=0.038871; direction=supports predicted class.
5. dpkts: observed value=10; SHAP value=0.035222; direction=supports predicted class.

Risk and Policy
The predicted operational stage is Exploitation. The confidence-weighted risk score is 3.8028, corresponding to the Alert policy zone.

Recommended Action
Raise a SOC alert and enrich the event context.

Human Review
Detector confidence below the fixed 0.70 threshold.

Limitations
This report is limited to the detector prediction, policy mapping, and five supplied local SHAP contributions. It does not establish ground truth or independently confirm an incident.",evidence_contract_renderer,True,127,False,False,False,5,True,0,False,5,True,True,False,Recommended Action,True,True,True,5,True,True
UNSW-OFFICIAL-76646,A4_verified_full,A3_constrained_full,2.0,verified,Normal,False,"### Evidence-Grounded SOC Report

**Prediction Summary:**
The predicted label is ""Exploits"" with a confidence of 0.7071633199400178 and an uncertainty score of 0.2928366800599822. The recommended action is to raise a SOC alert and enrich the event context.

**Evidence:**
1. **dloss**: dloss = 3, SHAP value = 0.0728124678134918, direction = supports predicted class
2. **dmean**: dmean = 65, SHAP value = 0.0720353946089744, direction = supports predicted class
3. **dbytes**: dbytes = 646, SHAP value = 0.0488917268812656, direction = supports predicted class
4. **sbytes**: sbytes = 608, SHAP value = 0.0479035899043083, direction = supports predicted class
5. **dpkts**: dpkts = 10, SHAP value = 0.0416034683585166, direction = supports predicted class

**Risk and Policy:**
The risk score is 4.5966, and the policy zone is ""Alert"". The recommended action is to raise a SOC alert and enrich the event context.

**Recommended Action:**
Raise a SOC alert and enrich the event context.

**Human Review:**
No mandatory confidence-based referral is required.

**Limitations:**
This report is limited to the detector and supplied SHAP evidence.","Prediction Summary
The detector predicted Exploits with confidence 0.7072 and uncertainty 0.2928.

Evidence
1. dloss: observed value=3; SHAP value=0.072812; direction=supports predicted class.
2. dmean: observed value=65; SHAP value=0.072035; direction=supports predicted class.
3. dbytes: observed value=646; SHAP value=0.048892; direction=supports predicted class.
4. sbytes: observed value=608; SHAP value=0.047904; direction=supports predicted class.
5. dpkts: observed value=10; SHAP value=0.041603; direction=supports predicted class.

Risk and Policy
The predicted operational stage is Exploitation. The confidence-weighted risk score is 4.5966, corresponding to the Alert policy zone.

Recommended Action
Raise a SOC alert and enrich the event context.

Human Review
No mandatory confidence-based referral.

Limitations
This report is limited to the detector prediction, policy mapping, and five supplied local SHAP contributions. It does not establish ground truth or independently confirm an incident.",evidence_contract_renderer,False,124,True,True,True,5,True,5,True,5,True,True,False,,True,True,True,5,True,True
UNSW-OFFICIAL-77415,A4_verified_full,A3_constrained_full,2.0,verified,Normal,True,"### Evidence-Grounded SOC Report

**Prediction Summary:**
The predicted label is **Normal** with a confidence of **0.517** and an uncertainty score of **0.483**. The recommended action is to **Log the event and continue monitoring**.

**Evidence:**
1. **ct_srv_dst**: ct_srv_dst = 37, SHAP value = 0.057, direction = supports predicted class
2. **ct_srv_src**: ct_srv_src = 39, SHAP value = 0.055, direction = supports predicted class
3. **ct_dst_src_ltm**: ct_dst_src_ltm = 37, SHAP value = 0.047, direction = supports predicted class
4. **sbytes**: sbytes = 2128, SHAP value = 0.042, direction = supports predicted class
5. **smean**: smean = 532, SHAP value = 0.032, direction = supports predicted class

**Risk and Policy:**
The risk score is **0.0**, and the policy zone is **Monitor**. The recommended action is to **Log the event and continue monitoring**.

**Recommended Action:**
Log the event and continue monitoring.

**Human Review:**
The human review decision is **Required** with a confidence threshold of **0.7**. The reason is that the detector confidence is below the fixed 0.70 threshold.

**Limitations:**
This report is limited to the detector and the supplied SHAP evidence.","Prediction Summary
The detector predicted Normal with confidence 0.5172 and uncertainty 0.4828.

Evidence
1. ct_srv_dst: observed value=37; SHAP value=0.057349; direction=supports predicted class.
2. ct_srv_src: observed value=39; SHAP value=0.055001; direction=supports predicted class.
3. ct_dst_src_ltm: observed value=37; SHAP value=0.047275; direction=supports predicted class.
4. sbytes: observed value=2128; SHAP value=0.041811; direction=supports predicted class.
5. smean: observed value=532; SHAP value=0.031955; direction=supports predicted class.

Risk and Policy
The predicted operational stage is Normal. The confidence-weighted risk score is 0.0000, corresponding to the Monitor policy zone.

Recommended Action
Log the event and continue monitoring.

Human Review
Detector confidence below the fixed 0.70 threshold.

Limitations
This report is limited to the detector prediction, policy mapping, and five supplied local SHAP contributions. It does not establish ground truth or independently confirm an incident.",evidence_contract_renderer,False,124,True,True,True,5,True,5,True,5,True,True,False,,True,True,True,5,True,True
UNSW-OFFICIAL-80444,A4_verified_full,A3_constrained_full,2.0,verified,Normal,False,"### Evidence-Grounded SOC Report

#### Prediction Summary
The predicted label is ""Shellcode"" with a confidence of 0.4595 and an uncertainty score of 0.5405. The predicted stage is ""Advanced Intrusion"" with a risk score of 3.9061.

#### Evidence
1. **ct_dst_src_ltm**: ct_dst_src_ltm = 1, SHAP value = 0.0529, direction = supports predicted class
2. **dbytes**: dbytes = 268, SHAP value = 0.0347, direction = supports predicted class
3. **dpkts**: dpkts = 6, SHAP value = 0.0305, direction = supports predicted class
4. **ct_srv_dst**: ct_srv_dst = 1, SHAP value = 0.0292, direction = supports predicted class
5. **service_-**: Service = unspecified, SHAP value = 0.0288, direction = supports predicted class

#### Risk and Policy
**Recommended Action**: Raise a SOC alert and enrich the event context.

#### Human Review
**Human Review Decision**: Required, Confidence Threshold: 0.70

#### Limitations
This report is limited to the detector and supplied SHAP evidence. The confidence threshold for human review is set at 0.70, indicating that the model's confidence is below this threshold.","Prediction Summary
The detector predicted Shellcode with confidence 0.4595 and uncertainty 0.5405.

Evidence
1. ct_dst_src_ltm: observed value=1; SHAP value=0.052868; direction=supports predicted class.
2. dbytes: observed value=268; SHAP value=0.034712; direction=supports predicted class.
3. dpkts: observed value=6; SHAP value=0.030454; direction=supports predicted class.
4. ct_srv_dst: observed value=1; SHAP value=0.029190; direction=supports predicted class.
5. service_-: observed value=1; SHAP value=0.028787; direction=supports predicted class.

Risk and Policy
The predicted operational stage is Advanced Intrusion. The confidence-weighted risk score is 3.9061, corresponding to the Alert policy zone.

Recommended Action
Raise a SOC alert and enrich the event context.

Human Review
Detector confidence below the fixed 0.70 threshold.

Limitations
This report is limited to the detector prediction, policy mapping, and five supplied local SHAP contributions. It does not establish ground truth or independently confirm an incident.",evidence_contract_renderer,True,128,False,False,False,5,True,5,True,5,True,True,False,Recommended Action,True,True,True,5,True,True
UNSW-OFFICIAL-80463,A4_verified_full,A3_constrained_full,2.0,verified,Normal,False,"### Evidence-Grounded SOC Report

#### Prediction Summary
The predicted label is ""Analysis"" with a confidence of 0.433 and an uncertainty score of 0.567. The recommended action is to log the event and continue monitoring.

#### Evidence
1. **sttl**: sttl = 62, SHAP value = 0.0366, direction = supports predicted class
2. **dbytes**: dbytes = 1340, SHAP value = 0.0323, direction = supports predicted class
3. **response_body_len**: response_body_len = 263, SHAP value = 0.0291, direction = supports predicted class
4. **dmean**: dmean = 168, SHAP value = 0.0268, direction = supports predicted class
5. **dloss**: dloss = 2, SHAP value = 0.0254, direction = supports predicted class

#### Risk and Policy
- **Stage**: Reconnaissance
- **Risk Score**: 1.2991
- **Policy Zone**: Monitor
- **Recommended Action**: Log the event and continue monitoring

#### Recommended Action
- **Human Review**: Required, with a confidence threshold of 0.7
- **Reason**: Detector confidence below the fixed 0.70 threshold.

#### Limitations
- The report is limited to the detector and supplied SHAP evidence.","Prediction Summary
The detector predicted Analysis with confidence 0.4330 and uncertainty 0.5670.

Evidence
1. sttl: observed value=62; SHAP value=0.036626; direction=supports predicted class.
2. dbytes: observed value=1340; SHAP value=0.032287; direction=supports predicted class.
3. response_body_len: observed value=263; SHAP value=0.029142; direction=supports predicted class.
4. dmean: observed value=168; SHAP value=0.026816; direction=supports predicted class.
5. dloss: observed value=2; SHAP value=0.025445; direction=supports predicted class.

Risk and Policy
The predicted operational stage is Reconnaissance. The confidence-weighted risk score is 1.2991, corresponding to the Monitor policy zone.

Recommended Action
Log the event and continue monitoring.

Human Review
Detector confidence below the fixed 0.70 threshold.

Limitations
This report is limited to the detector prediction, policy mapping, and five supplied local SHAP contributions. It does not establish ground truth or independently confirm an incident.",evidence_contract_renderer,True,124,False,False,False,5,True,5,True,5,True,True,False,Human Review,True,True,True,5,True,True
UNSW-OFFICIAL-81279,A4_verified_full,A3_constrained_full,2.0,verified,Normal,False,"### Evidence-Grounded SOC Report

#### Prediction Summary
The predicted label is ""Fuzzers"" with a confidence of 0.7581 and an uncertainty score of 0.2419. The recommended action is to raise a SOC alert and enrich the event context.

#### Evidence
1. **ct_dst_src_ltm**: ct_dst_src_ltm = 2, Observed Value: 2.0, SHAP Value: 0.0939, Direction: supports predicted class
2. **ct_srv_dst**: ct_srv_dst = 2, Observed Value: 2.0, SHAP Value: 0.0453, Direction: supports predicted class
3. **sbytes**: sbytes = 756, Observed Value: 756.0, SHAP Value: 0.0444, Direction: supports predicted class
4. **service_-**: Service = unspecified, Observed Value: 1.0, SHAP Value: 0.0359, Direction: supports predicted class
5. **smean**: smean = 76, Observed Value: 76.0, SHAP Value: 0.0279, Direction: supports predicted class

#### Risk and Policy
- **Stage**: Exploitation
- **Risk Score**: 4.9277
- **Policy Zone**: Alert

#### Recommended Action
- **Recommended Action**: Raise a SOC alert and enrich the event context.

#### Human Review
- **Human Review Decision**: No mandatory confidence-based referral.

#### Limitations
- The report is limited to the detector and supplied SHAP evidence.","Prediction Summary
The detector predicted Fuzzers with confidence 0.7581 and uncertainty 0.2419.

Evidence
1. ct_dst_src_ltm: observed value=2; SHAP value=0.093856; direction=supports predicted class.
2. ct_srv_dst: observed value=2; SHAP value=0.045272; direction=supports predicted class.
3. sbytes: observed value=756; SHAP value=0.044449; direction=supports predicted class.
4. service_-: observed value=1; SHAP value=0.035853; direction=supports predicted class.
5. smean: observed value=76; SHAP value=0.027942; direction=supports predicted class.

Risk and Policy
The predicted operational stage is Exploitation. The confidence-weighted risk score is 4.9277, corresponding to the Alert policy zone.

Recommended Action
Raise a SOC alert and enrich the event context.

Human Review
No mandatory confidence-based referral.

Limitations
This report is limited to the detector prediction, policy mapping, and five supplied local SHAP contributions. It does not establish ground truth or independently confirm an incident.",evidence_contract_renderer,False,124,True,True,True,5,True,5,True,5,True,True,False,,True,True,True,5,True,True
